name,url,description,address,latitude,longitude,start_time,end_time,ticketed_events,fully_booked
'Povera' Shed Exhibition,https://programme.openhouse.org.uk/listings/13886,"'Povera' meaning 'poor art' in Italian, is an ongoing project made by mixed-media artist Michael Connell. 

In his back garden in Catford, Michael has built an unbelievable shed, fusing art and nature, that's made entirely of waste materials from skips and people's unwanted items.

Exploring themes of music, family, heritage and nature, step inside the ever-evolving magic of the Povera shed.","Bellingham Station, Randlesdown Road, SE6 3BT",51.43285,-0.0195,11:00:00,16:00:00,Yes,Yes
1 Pontypool Place,https://programme.openhouse.org.uk/listings/13620,Tour of home & garden designed in 2018 by Nagan Johnson Architects,"1 Pontypool Place London London, Greater London, SE1 8QF",51.50192,-0.10591,13:00:00,18:00:00,Yes,No
12 Church Grove,https://programme.openhouse.org.uk/listings/10389,"The first residents have moved into the capital’s biggest community-led self-build project, coordinated by the Rural Urban Synthesis Society (RUSS): 36 flats in two linked buildings, a new public riverside garden and shared community spaces. As a Community Land Trust, RUSS aims to create sustainable and permanently affordable homes in a community woven into the wider communities of Lewisham.","12 Church Grove, SE13 7UU",51.4573883,-0.0171736,11:00:00,16:00:00,Yes,No
"141 Coldershaw Road, W13",https://programme.openhouse.org.uk/listings/13626,"The home of Eric and Jessica Huntley , community activists and educators who founded the pioneering company Bogle-L'Ouverture Publications in 1968, lived and ran their bookshop from this semi detached property soon after.  The house is a Black British cultural archivists dream; filled with books, arts and craft and correspondence from the 1960s to the present day.","141 Coldershaw Road, Ealing, W13 9DU",51.50504,-0.32522,12:00:00,17:00:00,No,
18 Lauradale Road,https://programme.openhouse.org.uk/listings/13661,"Fantastic views across an archery field to Highgate Woods are the focus of two new contemporary extensions to a small family house in Muswell Hill.
Features include: Green roof, Zinc cladding, Stainless steel kitchen, Beautiful tiling, Big windows, Pebbledash crown, and a sculptural concrete bench.","18 Lauradale Road, Muswell Hill, N2 9LU",51.58844,-0.15351,13:00:00,17:00:00,No,
2 Belgrave Road: Victorian house with Luis Barragán inspired interior,https://programme.openhouse.org.uk/listings/13700,"A Luis Barragán inspired design for the interior of a typical late Victorian house in East London. 
The use of bold vivid colour banishes the sterility that can accompany modernism without the loss of its hallmark simplicity and elegant line. This approach can be accommodated within houses whose external architecture has a very different heritage. Its achievement does not require a big budget","2 Belgrave Road, E17 8QE",51.57916,-0.02119,11:00:00,17:00:00,No,
25 Brunswick Street,https://programme.openhouse.org.uk/listings/13563,"Full refurbishment and extension of a Victorian terraced house in Walthamstow Village. The project reconfigures a previously compromised layout to create a brighter, more coherent home, improving its relationship to the street and garden. A careful material palette and environmental upgrades enhance both spatial quality and long-term performance.","25 Brunswick Street, E17 9NB",51.58183,-0.00859,11:00:00,15:00:00,No,
44 Monsell Road,https://programme.openhouse.org.uk/listings/12728,"44 is a reconfiguration and extension of a charming and peculiar Victorian house. The original building was an opportunistic infill in the garden of an adjacent home, sitting alone behind two terraced streets. The architect and home owner saw the potential to expand the modest building, creating a pocket home which keeps their growing family in the community they have called home for 15 years.","44 Monsell Road, N4 2EJ",51.56033,-0.1039,10:00:00,17:00:00,No,
"6 Fitzroy Square, The Georgian Group",https://programme.openhouse.org.uk/listings/13668,"As part of Vanbrugh300, step inside the Georgian Group's historic headquarters at 6 Fitzroy Square for a day of talks, exhibitions and rare access celebrating the life and legacy of Sir John Vanbrugh.","The Georgian Group, 6 Fitzroy Square, W1T 5DX",51.52331,-0.13954,10:00:00,15:00:00,No,
6 Moretown (Gensler London Studio),https://programme.openhouse.org.uk/listings/10591,"A contemporary adaptation of a 1980s office building, and home of global design firm Gensler. Each level of the building is connected by a structural timber facade and set of stairs, and the new 5th floor cantilevers from the roof.","6 Moretown, Tower Hamlets, E1W 1YW",51.50782,-0.06809,10:00:00,16:00:00,Yes,Yes
A IS FOR ARCHITECTURE - 493 Hackney Road,https://programme.openhouse.org.uk/listings/13058,"While cafes, markets, and restaurants come and go, the high street once felt immutable until online shopping and same-day delivery eroded its vitality. Our office at 493 Hackney Rd, once London’s oldest ironmongers, then a plant shop, was renovated to preserve character and serve as our long term base. We look forward to continuing the journey of opening our shop to new visitors and collaborators.","493 Hackney Road, E2 9ED",51.53245,-0.05868,10:00:00,17:00:00,No,
A Ruskinian Walk Through Shared Heritage,https://programme.openhouse.org.uk/listings/4686,"Ruskinian walk from RIBA award-winning Chiswick Business Park, Gunnersbury Triangle Nature Reserve through South Acton Estate, birthplace of artist Patrick Caulfield; Woodlands Park Ice House; to home of William Willett, initiator of Daylight Saving Time.","Building 3, Chiswick Business Park, 566 Chiswick High Road, W4 5YA",51.49461,-0.27587,12:00:00,14:30:00,Yes,Yes
ACAVA Blechynden Street Studios,https://programme.openhouse.org.uk/listings/13895,"Blechynden Street Studios is a purpose-built artist studio complex in London, completed in 1999. It was the first of its kind in the city for decades and remains one of the few dedicated studio buildings in London. The distinctive deck-style architecture features walkways leading to 21 individual studios, each with floor-to-ceiling double-glazed windows that provide natural light.","54 Blechynden Street, W10 6RJ",51.51462,-0.2168,11:00:00,17:00:00,Yes,No
ACAVA Camden Undercraft Studios,https://programme.openhouse.org.uk/listings/13633,"ACAVA Undercraft Studios
A vital creative hub in Gospel Oak, home to 34 fully accessible artist studios and 10 community organisations.","Blue Double Door, 48-72 Ludham, Lismore Circus,, NW5 4SF",51.55286,-0.15496,10:00:00,16:00:00,No,
Aga Khan Centre,https://programme.openhouse.org.uk/listings/7273,"The Aga Khan Centre, designed by Pritzker prize winning architect Fumihiko Maki, houses the UK institutions of the Aga Khan Development Network. A unique feature is its six gardens inspired by different regions of the Muslim world.","Aga Khan Centre, 10 Handyside Street, N1C 4DN",51.53757,-0.1248,10:00:00,17:00:00,Yes,Yes
Alexandra Palace: Mindful walking and drawing tour,https://programme.openhouse.org.uk/listings/13729,"Join local artist Emily Wood Ahmed for a mindful walking and drawing tour around  the grounds of Alexandra Palace in Haringey, North London. Through gentle walking, mindful drawing and local stories, you will discover the artists of 'Ally Pally', past and present, create your own artwork, enjoy one of London’s most spectacular panoramic views, and finish at Birch Arts Gallery in Wood Green.","Alexandra Palace, Alexandra Palace Way, N22 7AY",51.59423,-0.13081,11:00:00,13:00:00,Yes,Yes
All's well in Camberwell: walking London's local government history,https://programme.openhouse.org.uk/listings/13154,This walking tour explores the evolution of local government through the story of Camberwell. It charts the development of institutions in response to intense social and economic change to shape the city we know today. We will celebrate the visible reminders of this history in the streets around us and ask: why does this matter to Londoners today?,"Camberwell Green, SE5 8RT",51.47486,-0.09235,10:00:00,12:30:00,Yes,Yes
Allies and Morrison Open Studio,https://programme.openhouse.org.uk/listings/2223,"Allies and Morrison opens its studios, offering a chance to see inside of one of the UK's largest architecture and urbanism practices. Two buildings - one concrete, one timber - have been designed and adapted by Allies and Morrison to create the compact, integrated campus of studio space that the practice calls home. Guided tours will include the workplaces, terraces and modelshop.","85 Southwark Street, SE1 0HX",51.50562,-0.09962,10:00:00,17:00:00,No,
Architectural Walk in Brockley,https://programme.openhouse.org.uk/listings/12711,"Brockley Conservation Area's High Victorian enclave holds many interesting houses in a variety of styles, including Edwardian domestic architecture, historic trees and original lanes and mews. These have survived into the 21st century almost intact. Houses built in the 1950s and 1960s indicate WWII bomb damage and add to the area's variety and history.","War Memorial, Lewisham Way, SE4 1SX",51.47099,-0.03007,11:00:00,12:15:00,Yes,Yes
Art and architecture in Thamesmead,https://programme.openhouse.org.uk/listings/12774,"On the surface Thamesmead might seem concrete and grey, but on this tour we will take a look at the colour and life local artists are breathing into the area. Examining the past and present, we'll explore the abbey ruins, exciting sculptures, concrete skywalks, and vivid murals that make this place the Town of Tomorrow.","Outside the upper concourse of Abbey Wood Station, 513 Abbey Wood Rd",51.49115,0.12163,09:00:00,15:00:00,Yes,Yes
Art in Perpetuity Trust,https://programme.openhouse.org.uk/listings/11049,"Open Studios, provides a unique glimpse to the architectural spaces and working studios of APT artists.  Over the weekend, there is also the opportunity to see our Group Show in the Gallery, curated by and featuring APT artists' work.","6 Creekdside, Harold Wharf, SE8 4SA",51.47686,-0.02099,13:00:00,18:00:00,No,
Arts Network,https://programme.openhouse.org.uk/listings/13894,"We are an arts and mental health charity with a 30 year legacy in Lewisham, reframing mental health through creativity and community. We will be opening our studios and community garden in Deptford to the public and offering a free creative workshop.","Arts Network, Art Hub Studios, Mornington Centre, Stanley St, SE8 4BL",51.47699,-0.03132,12:00:00,15:00:00,No,
BBC Broadcasting House,https://programme.openhouse.org.uk/listings/2292,"First ever purpose-built broadcast centre in UK, and a jewel of Art Deco design with original artworks by sculptor Eric Gill. 
Remodelled and extended in 2006/2013 by architects MacCormac Jamieson and Prichard/Sheppard Robson.","Portland Place, W1A 1AA",51.51825,-0.1437,09:30:00,17:00:00,Yes,Yes
BT Tower,https://programme.openhouse.org.uk/listings/2735,"An enduring, distinctive feature of the London skyline for the last 54 years, this is a rare opportunity for members of the public to visit the famous revolving floor, 158m above the capital. After the flight the guests can watch a history of the BT Tower film in our auditorium.","45 Maple Street, W1T 4BG",51.52139,-0.13901,09:30:00,19:15:00,Yes,Yes
Backstage at The Old Vic,https://programme.openhouse.org.uk/listings/13825,"Backstage at The Old Vic is a new build six-storey extension to the Grade II* listed Old Vic Theatre and marks a bold new chapter in the theatre’s remarkable 200-year story. Spaces include a triple-height Cafe/Bar, Script Library, Writers’ Room, Clore Learning Centre, flexible 90-seat Studio, Event Space with a roof terrace with views across the London skyline.","131 Waterloo Road, SE1 8UR",51.50172,-0.10905,10:00:00,11:50:00,Yes,Yes
Baitul Futuh Mosque,https://programme.openhouse.org.uk/listings/3600,"Guided tours of the largest purpose-built mosque in Western Europe accommodating 14,000 worshippers blending of Islamic and modern British architecture. Recent developments, involving reconstruction after a fire were completed and the magnificent new complex was opened on 4th March 2023.","Ahmadiyya Muslim Association, 181 London Road, Morden, SM4 5PT",51.3976407,-0.1995107,10:00:00,17:00:00,No,
Bank of England Museum,https://programme.openhouse.org.uk/listings/2027,The museum is part of the Bank of England rebuilding in the 1930's by Sir Herbert Baker. One room is a reconstruction of 1793 Bank of England Stock Office by Sir John Soane.,"Bartholomew Lane, EC2R 8AH",51.51402,-0.08763,11:00:00,16:00:00,No,
Beck Road Studios: Artist Open Studios & Exhibitions,https://programme.openhouse.org.uk/listings/11954,"Visit Beck Road Studios for an artist open studios event and a chance to explore 10 hidden studios in a railway arch. Meet the artists in person and discover their work, including painters, sculptors, photographer, fashion designer, furniture restorers, as well as an ethical vintage clothing label.","343-344 Arches, Beck Road, E8 4RE",51.53687,-0.05804,10:00:00,18:00:00,No,
Bermondsey to Borough: hidden arches food walk,https://programme.openhouse.org.uk/listings/13762,"A lively food-history walk from Bermondsey to Borough, tracing how railway arches, markets, hop trading, coaching inns and migration have shaped how London eats. We will explore Spa Terminus, Maltby Street, The Hop Exchange, The George Inn and Borough’s market edge through stories of trade, travel, street food, preservation, neighbourhood change and hidden corners, past and present along the route.","Bermondsey Underground Station, SE16 4RX",51.49811,-0.06446,11:00:00,13:00:00,Yes,Yes
Billingsgate Roman House & Baths,https://programme.openhouse.org.uk/listings/5296,"Some of London's best Roman remains, comprising late 2C house with a 3C bath house built within its courtyard. First discovered in 1848.","101 Lower Thames Street, EC3R 6DL",51.50928,-0.08305,11:00:00,14:45:00,Yes,Yes
Birds Portchmouth Russum Architects  - Open Office,https://programme.openhouse.org.uk/listings/13660,The office is an extraordinary gallery of sublime hand drawings and exquisite models of uniquely joyous architectural projects developed over 35 years that have been exhibited regularly at the Royal Academy Summer Show and in exhibitions around the world. Drop in and the founding directors will be on hand to explain and discuss the wonderful exhibits.,"Unit 11 , Union Wharf., 23 Wenlock Road, N1 7SB",51.53226,-0.09498,10:00:00,17:00:00,No,
Blackheath Quaker Meeting House,https://programme.openhouse.org.uk/listings/4022,"""A brutalist jewel"", the meeting house was designed by Trevor Dannatt, who worked on the Royal Festival Hall.  
A 1970s concrete building with a raised lantern, it was designed to fit in with older buildings in the conservation area and to make the most of its split-level site. 
Grade ll Listed for its original design, it is used for Quaker worship and by community groups.","Lawn Terrace, Blackheath, SE3 9LL",51.4650118,0.007056300000000001,10:00:00,16:00:00,No,
Blackhorse Workshop,https://programme.openhouse.org.uk/listings/6882,"A makerspace offering open access to a fully equipped wood and metal workshop with bench space, tools and machinery. Includes an education space, community café, and studios for creative businesses and artists.","Blackhorse Workshop, 1-2 Sutherland Road Path, E17 6BX",51.59183840000001,-0.03902129999999999,12:00:00,17:00:00,No,
Blythe Hill House,https://programme.openhouse.org.uk/listings/13794,"Discover Blythe Hill House, a bold retrofit of a 1970s end-of-terrace home by Whittaker Parsons and Price & Myers. A striking courtyard extension transforms the house into a light-filled, fully electric family home, showcasing how ambitious architecture, low-carbon design and affordability can come together in suburban southeast London.","6 Austin Close, SE23 1SP",51.44602,-0.03677,10:00:00,16:00:00,No,
Bodney Road Studios,https://programme.openhouse.org.uk/listings/13651,"Bodney Road Studio's is home to a range of practitioners working in the built environment including architectural photographer Lorenzo Zandri, graphic designers Polytechnic and place futurists The Place Bureau. Join us on 19–20 September when we will open the studios in conjunction with a programme of exhibitions and events by Lorenzo Zandri, Polytechnic, Sammi Gale and The Place Bureau.","1 Bodney Road, E8 1AY",51.55002,-0.06106,12:00:00,17:00:00,Yes,No
Boston Manor House,https://programme.openhouse.org.uk/listings/10142,"Boston Manor House is a Jacobean House built for Lady Mary Reade in 1623 and later owned by the Clitherow family from the 1670s until the 1920s. The House is now open to the public with free entry six days a week. Its beautifully restored historic interiors, including breath-taking ornate plasterwork, are joined by two community exhibition galleries, meeting rooms and an attractive modern café.","Boston Manor House, Boston Manor Road, Brentford, TW8 9JX",51.49191829999999,-0.3183739,11:30:00,16:00:00,Yes,No
Bower House,https://programme.openhouse.org.uk/listings/1249,"Grade I listed country house commanding the most extensive southerly views over Essex. Staircase mural by Sir James Thornhill, a painter notable for the 'Painted Hall' at the Royal Naval Hospital at Greenwich. Set in grounds with a pond.","Orange Tree Hill, Havering-atte-Bower, Romford, RM4 1PB",51.61287,0.18282,10:00:00,16:00:00,No,
Brentham Garden Suburb,https://programme.openhouse.org.uk/listings/2571,"Britain's first co-partnership garden suburb, first houses built in 1901. Parker and Unwin's plan introduced in 1907, mainly Arts and Crafts style; fascinating social history.","The Brentham Club, 38 Meadvale Road, W5 1NP",51.5287856,-0.309085,10:30:00,12:30:00,Yes,Yes
Brick Sixty Studio,https://programme.openhouse.org.uk/listings/12504,"A rare chance to see behind the scenes at the newly located Brick Sixty Studio on Roman Road, London.

This stock brick Victorian shop with accommodation above, was refurbished this year by Architectural Workshop. Now home to Brick Sixty, who design and make products in the form of the much-loved London brick and are looking to support local makers & craft in the UK with the new space.","Brick Sixty, 469 Roman Rd, E3 5LX, E3 5LX",51.53216,-0.03435,11:00:00,17:00:00,No,
Broadway Theatre,https://programme.openhouse.org.uk/listings/13387,"Built in 1932 by architects Bradshaw Gass & Hope .
This iconic Grade II listed venue is a unique blend of architectural elements including Art Deco, Tudor and Gothic Revival.  
The theatre was planned by Lewisham Metropolitan Council in the 1920s, to be an auditorium for “a variety of Civic, Social and Dramatic purposes”.  
It is a much loved community asset, join us for a full tour.","Broadway Theatre, Rushey Green, Catford, SE6 4RU",51.44531,-0.02038,11:00:00,14:30:00,Yes,Yes
Bromley and Sheppard's College,https://programme.openhouse.org.uk/listings/555,"Founded to house the widows of clergymen, the original building consisted of 20 houses built around a classically-styled quadrangle. Captain Richard Ryder – one of Sir Christopher Wren's surveyors – was in charge of design and construction.","London Road (entrance via Wren Gates, no vehicle entry), Bromley",51.408,0.01227,10:00:00,16:00:00,Yes,No
Bullers Wood School for Girls,https://programme.openhouse.org.uk/listings/2740,"Typical mid-Victorian stucco-fronted house built on a grassy hillside, extended in 1888 by Ernest Newton with William Morris redesigning the interiors. The library, formerly drawing room, has a unique William Morris hand-painted ceiling.
The school itself has a range of older and newer buildings, including Inglewood House. The grounds will be open during the Open House festival.","St Nicolas Lane, Chislehurst, BR7 5LJ",51.4082358,0.0449388,10:00:00,13:00:00,No,
Burlington House: Linnean Society of London,https://programme.openhouse.org.uk/listings/2074,"The world's oldest active biological society. Founded in 1788, the Society takes its name from the Swedish naturalist Carl Linnaeus whose botanical, zoological and library collections have been in its keeping since 1829.","Piccadilly, W1J 0BF",51.50853,-0.13911,10:00:00,17:00:00,No,
Burlington House: Royal Astronomical Society,https://programme.openhouse.org.uk/listings/4496,"The Royal Astronomical Society (RAS) moved into Burlington House in 1874. Part of the extension to Burlington House, to provide accommodation for learned societies, the building was refurbished in 2007. The RAS is the oldest astronomical society in the world and has been encouraging and promoting the study of astronomy and geophysics since 1820.","Piccadilly, W1J 0BQ",51.5082999,-0.139365,10:00:00,16:30:00,No,
Burlington House: Royal Society of Chemistry,https://programme.openhouse.org.uk/listings/3091,"Experience the history, architecture and science of the east wing of Burlington House that's been home to the Royal Society of Chemistry (formerly The Chemical Society) since 1967.

The east and west wings, along with the facade along Piccadilly were built in 1873 as an addition to the existing house that was originally built in 1664.","Piccadilly, W1J 0BA",51.50893,-0.1391903,10:00:00,16:40:00,No,
Burlington House: The Geological Society of London,https://programme.openhouse.org.uk/listings/4938,"Home to the oldest geological society in the world, founded in 1807. The Society has been based at Burlington House since 1874, and now has over 12,000 members worldwide.","Piccadilly, W1J 0BG",51.50869,-0.13875,10:00:00,17:00:00,No,
Carpenters' Hall,https://programme.openhouse.org.uk/listings/2808,"Livery Hall first built in 1429, much altered then demolished and rebuilt in 1880, destroyed in 1941 except for external walls (W W Pocock). Designed as a showpiece for the craft of carpentry, the third Hall on the site.","1 Throgmorton Avenue, EC2N 2JJ",51.51667,-0.086,10:00:00,15:30:00,No,
Castlands Road,https://programme.openhouse.org.uk/listings/13550,"Set on a quiet Victorian terraced street in Catford, Castlands Road is a personal work of architecture. A small site street infill designed and self-built by Will and Sogand Howard as a low-energy home for their young family, the project transforms a rear garden into a prototypical three-bedroom house, built with limited means and careful attention to how skills and resources are drawn upon.","21 Castlands Road, SE6 4LN",51.43557,-0.03279,09:30:00,14:30:00,No,
Cecil Sharp House,https://programme.openhouse.org.uk/listings/2822,"Purpose built to house the English Folk Dance and Song Society, this Grade II listed building was designed by members of the Art Workers Guild of the time. Bomb damaged in 1940, rebuilt and reopened in 1950. Iconic Ivon Hitchins mural.","2 Regent's Park Road, NW1 7AY",51.5381546,-0.1493065,10:30:00,13:15:00,Yes,Yes
Charing Cross Library,https://programme.openhouse.org.uk/listings/13932,"The building has had many incarnations since its construction in the 1890s as a woolen warehouse.   It became a home to the Italian Benevolent Society, then a fascist club, a serviceman's club, and now a library with the largest publicly accessible collection of Chinese language books in the UK.  View the temporary exhibition on the Matteotti Affair.","4-6 Charing Cross Road, WC2H 0HF",51.51024,-0.12805,11:00:00,14:00:00,Yes,No
Christ Church Southgate and the Minchenden Oak Garden,https://programme.openhouse.org.uk/listings/5128,Grade II* listed church with fine collection of Pre-Raphaelite stained glass windows by Morris & Co. including Burne Jones and Rossetti. Wall paintings. Mosaic reredos of the Last Supper by Antonio Salviati. Minchenden Oak  - ancient pollarded oak more than 800 years old.,"Waterfall Road , Southgate, N14 7EG",51.62466,-0.12838,10:00:00,16:00:00,No,
"Christ Lutheran Church, Petts Wood",https://programme.openhouse.org.uk/listings/13571,"A small but perfectly-formed expression of late modernist ecclesiastical architecture deep within the south-eastern suburbs of London, only rarely open to the public for purposes other than religious services.","227 Poverest Road, Orpington, BR5 1RD",51.39046,0.09517,10:00:00,15:00:00,Yes,No
Christ's Chapel of God's Gift at Dulwich,https://programme.openhouse.org.uk/listings/13505,"Christ’s Chapel in Dulwich, consecrated in 1616, is an active place of worship and Grade II-listed chapel in the heart of Dulwich Village. It was conceived as the focus for the College of God's Gift, founded by the Elizabethan actor-manager and entrepreneur Edward Alleyn (1566-1626), a complex which also comprised of a school and almshouses and which still provides homes to older residents.","14 Gallery Road, SE21 7AD",51.44632,-0.08643,10:00:00,16:00:00,No,
Church of St Andrew the Apostle,https://programme.openhouse.org.uk/listings/11908,"St Andrew's is a Grade II* listed building by Philip Appleby Robson (1871–1951). It boasts a magnificent Arts and Crafts interior with rich wood carvings in the chancel and magnificent stained-glass windows by the renowned Martin Travers (1886–1948) and Lawrence Stanley Lee (1909–2011), who also has work in Coventry Cathedral.","Sandhurst Road, Catford, SE6 1XD",51.44193,-0.00156,10:00:00,17:00:00,No,
City Information Centre,https://programme.openhouse.org.uk/listings/4009,London's main tourist information centre is clad in a specially manufactured system of 220 pre-finished stainless steel panels. The subtly reflective surface provides a striking counterpoint to St Paul's.,"St Paul's Churchyard, EC4M 8BX",51.5131,-0.09886,09:30:00,17:30:00,No,
Cody Dock - Lea Way Celebration,https://programme.openhouse.org.uk/listings/11858,"Our event will focus on celebrating the rich heritage of Cody Dock, one of the last remaining brick-lined docks in London.  Our one-day festival will provide exciting opportunities to explore the lesser-known history of the Lower Lea Valley","11c South Crescent, E16 4TL",51.51929,-0.00173,12:00:00,18:00:00,No,
Coopers' Hall,https://programme.openhouse.org.uk/listings/8446,"Coopers' Hall is a late 17th century, timber-framed merchant's house with a Georgian frontage. A Livery Hall since 1957, it features a fine Courtoom, dining room and an impressive staircase spiralling up the entire height of the building. The building displays artefacts of the coopers' trade (the making of wooden casks such as barrels) and is the home of the Worshipful Company of Coopers","13 Devonshire Square, EC2M 4TH",51.5168,-0.07922,10:00:00,16:00:00,No,
Corbett Community Library,https://programme.openhouse.org.uk/listings/13888,"Visit the Grade II listed Corbett Community Library building. This beautifully preserved Edwardian building is rich in architectural character and heritage, featuring , an impressive dome, ornate door handles, some stained glass and a historic brass plaque. Discover the history and craftsmanship of this remarkable community landmark during your visit.","Corbett Community Library, 103 Torridon Road, SE6 1RQ",51.44235,-0.00162,10:00:00,15:00:00,No,
County Hall Kingston,https://programme.openhouse.org.uk/listings/13682,"London Square presents a rare opportunity to step inside a sensitively restored former Surrey County Hall, which will be transformed into a collection of contemporary new-build homes to buy and commercial areas for hire.

Set in the heart of Kingston, this is a unique opportunity to experience County Hall from the inside out—before its next chapter begins.","Penrhyn Road, Kingston, KT1 2DN",51.40435,-0.30416,10:00:00,17:00:00,Yes,No
Crown Court Church of Scotland,https://programme.openhouse.org.uk/listings/3284,"A Church of Scotland in London, home to the longest-established Presbyterian congregation in London, worshipping in this location in Covent Garden since 1719. The current building is red brick with Portland stone dressings in a restrained, finely crafted Free Style. Three storeys, recessed slated attic, mullioned and transomed windows. Fine stained glass, most of which is by Farrar Bell.","Russell Street, WC2B 5EZ",51.51341,-0.12106,10:00:00,17:00:00,No,
Croydon Town Hall,https://programme.openhouse.org.uk/listings/12168,"Croydon Town Hall will be opened for a limited number of guided tours, providing rare access to this unique Victorian-style, Grade II listed building. Croydon Town Hall was designed by local architect Charles Henman and opened in 1896.","Katherine Street, Croydon, CR0 1NX",51.37207,-0.09866,10:00:00,13:45:00,No,
Croydon Urban Room,https://programme.openhouse.org.uk/listings/12687,"The Croydon Urban Room is a space to talk about the past, present and future of the Croydon town centre. Through conversa­tions, stories, exhibitions and events, the Urban Room brings together the views of those who live, work and visit the area to create a shared vision of the future and test new uses live in action. 

See our website for further details of specific events.","Units 161-162 & 1161-1162 Whitgift Centre, CR0 1UQ",51.37522,-0.10075,10:00:00,16:00:00,Yes,No
Crystal Palace Park Dinosaurs  – a tour with a London Blue Badge Tourist Guide,https://programme.openhouse.org.uk/listings/9374,"Explore the world's first dinosaur models hidden in a south London park. The 30 Grade I listed, life-size statues of dinosaurs and other extinct animals at Crystal Palace Park have thrilled
visitors for 166 years. Tour is kids friendly.","Crystal Palace Overground station, Crystal Palace Overground station",51.41811000000001,-0.07257999999999999,11:00:00,13:00:00,Yes,Yes
Cultivating Community - LightHouse Gardens & IQL North,https://programme.openhouse.org.uk/listings/13780,"Discover a magical garden hidden behind hoarding in Stratford! The LightHouse & Gardens is a meanwhile space run by locals, featuring Community Sauna CIC. Rooted in human connection, it acts as an incubator for the area. Join Hadley Property Group for a site tour, view a model and explore future plans for the site through Augmented Reality.","38, Celebration Avenue, E20 1DB",51.54589,-0.0077,13:00:00,17:30:00,Yes,No
Culture House,https://programme.openhouse.org.uk/listings/13159,Culture House is the first permanent exhibition space for Somali artefacts curated by the Somali community.,"5A, Uxbridge Road, W12 8LJ",51.50508,-0.22558,14:00:00,16:00:00,Yes,No
"Cumberland Road Studios, Wood Green",https://programme.openhouse.org.uk/listings/12771,"The Cumberland Road Studios Wood Green is host to about 50 artists and makers currently occupying studios in a 1980s former office building. You will have the opportunity to chat, and see their work and their workspaces as part of their Open Studios weekend.
The building will be active with events including workshops, demonstrations and talks.","40 Cumberland Road, N22 7BU",51.59726,-0.11274,12:00:00,18:00:00,Yes,No
Dalston Eastern Curve Garden,https://programme.openhouse.org.uk/listings/5006,A vital community garden offering a model for maximum good for communities and for the environment on a small urban plot. It is now recognised as a site of Local Importance for Nature Conservation. Winner of an Open City Stewardship Award 2021.,"13 Dalston Lane, E8 3DF",51.5469316,-0.0733723,12:00:00,15:30:00,Yes,Yes
David Lean Cinema Tour,https://programme.openhouse.org.uk/listings/13104,"Croydon Council's ambitious 1990s Croydon Clocktower project created a large new central library. Former Town Hall library and other spaces were then repurposed as arts venues which opened in 1995. These tours will outline how this was achieved, with particular emphasis on the David Lean Cinema, and will include a brief talk on the cinema's eventful history.","Croydon Clocktower, Katharine Street, Croydon, CR9 1ET",51.37226,-0.09939,10:30:00,16:00:00,Yes,Yes
Dr Johnson's House,https://programme.openhouse.org.uk/listings/275,"Fine example of an early 5-floor Queen Anne town house with original panelling, open staircase and unique 'swinging panels' on the open-plan first floor. Johnson compiled his famous 'Dictionary of the English Language' (1755)  here.","17 Gough Square, EC4A 3DE",51.5150637,-0.1081791,10:00:00,17:00:00,No,
Drawing Matter,https://programme.openhouse.org.uk/listings/13011,"Drawing Matter explores the role of drawing in architectural thought and practice. Central to our activities is the Drawing Matter Collection of many thousands of architectural and design drawings from across the world, dating from the Renaissance to the present day.","8 Smarts Place, WC2B 5LW",51.5163,-0.12269,11:00:00,18:00:00,No,
Easi-house,https://programme.openhouse.org.uk/listings/13767,"A reimagined Victorian terrace house full of light, joy and unexpected material flourishes. The project navigated challenging construction cost changes and changing personal circumstances for the whole team to make it happen. It is ultimately a reflection of a shared design vision but also the household’s own creativity and resourcefulness.","64 Waghorn Street, SE15 4JZ",51.46486,-0.06973,10:00:00,16:00:00,No,
East End Farm Cottage,https://programme.openhouse.org.uk/listings/299,Three-bay timber-framed yeoman house built c1420 with list of previous owners dating back to 1429. Part wall painting of hunting scene on dining room wall (16C). Tudor upstairs window and a smoke room still intact. Entrance porch dates from 16C.,"Moss Lane, Pinner, HA5 3AN",51.5957909,-0.376294,11:00:00,17:00:00,No,
Eastbury Manor House,https://programme.openhouse.org.uk/listings/304,"One of the finest surviving Elizabethan red brick Manor houses- Grade I listed. Contains 17th Century wall-paintings, charming walled garden and a fine Tudor tower with original stairs. Many original features have been restored and layout remains mostly unchanged in over 400 years.","Eastbury Manor House, Eastbury Square, Barking, IG11 9SN",51.5343105,0.0995563,10:30:00,16:00:00,Yes,No
Embassy of the Republic of Poland,https://programme.openhouse.org.uk/listings/7544,"Georgian townhouse designed by the Adam Brothers in 1777-1778 and a fine example of Neoclassical interior design. It houses a collection of European artworks and includes a unique Edwardian Anglo-Japanese drawing room.  

Individual pre-booking is essential, a photo ID will be required upon entry. Airport-style security checks will also be in place, so please do not bring any heavy luggage.","47 Portland Place, W1B 1JH",51.52081,-0.14556,11:00:00,15:00:00,Yes,Yes
English National Ballet,https://programme.openhouse.org.uk/listings/8261,"English National Ballet bring world-class dance to the widest possible audience, and invite you into their home, the Mulryan Centre for Dance. Book a free tour to go behind the scenes, attend a Rehearsal Insight Session, see professional dancers take class and get up close to some beautiful ballet costumes created by our wardrobe department.","English National Ballet, 41 Hopewell Square, E14 0SY",51.5129037,0.0061236,10:00:00,16:15:00,Yes,No
Fairfield Halls,https://programme.openhouse.org.uk/listings/3557,"Step inside Fairfield Halls for Open House Festival and explore one of Croydon’s most iconic buildings. Discover its history, uncover what happens behind the scenes, learn how productions and events are delivered across the venue, enjoy guided tours, and take part in activities throughout the day.","Park Lane, Croydon, CR9 1JD",51.3722,-0.09601,11:00:00,17:00:00,Yes,No
Farmers and Fletchers' Hall,https://programme.openhouse.org.uk/listings/12679,"Farmers and Fletchers' Hall is one of the 44 Livery Halls in the City of London.  The Hall is the home to both the Worshipful Company of Fletchers, an ancient Livery Company and the Farmers, a modern Livery Company.  The  Worshipful Company of Fletchers will open it's doors to show members of the public some of the modern work of the Fletchers Livery, it's traditions and heritage.","3 Cloth St, London, EC1A 7LD",51.51981,-0.09798,11:00:00,15:00:00,Yes,No
"Flavours of Royal Docks: Food, Architecture & Memory",https://programme.openhouse.org.uk/listings/13818,"Discover the Royal Docks through food, architecture and shared memory. This walking tour explores how docks, mills, warehouses and factories shaped East London’s food system and the communities around them. Through sensory prompts, oral history conversations and storytelling, participants are invited to experience the built environment as a living archive of trade, migration and everyday life.","London City Hall, Kamal Chunchie Way, E16 1ZE",51.50731,0.01625,11:00:00,13:00:00,Yes,No
Fleet Street Heritage Wall and Sundial,https://programme.openhouse.org.uk/listings/10644,"The Fleet Street Heritage Wall comprises 86 A3 information panels about the people, places, ideas and newspapers which made the name of Fleet Street famous throughout the world.  From 17th to 20th Sept frequent talks will be given on the sundial and the Heritage Wall, and its innovative design features which will  make it accessible to all comers through web pages, Easy Read pages, and audio files","61 Fleet Street, EC4Y 1JU",51.51412879999999,-0.1080343,10:00:00,16:00:00,No,
"Forgotten stories at Ally Pally: Empire, Commonwealth and hidden histories",https://programme.openhouse.org.uk/listings/13727,"Beyond Alexandra Palace's iconic skyline lies a collection of remarkable stories that are often overlooked.  Join Linda Gyamfi, a Heritage Champion for Bruce Castle Museum & Archive and a member of the Golden Key Academy, for a journey into the forgotten stories of Alexandra Palace. We will uncover Alexandra Palace's connections to Britain's imperial past.","Alexandra Palace, Alexandra Palace Way, Wood Green, N22 7AY",51.59423,-0.13081,13:30:00,15:00:00,Yes,Yes
"Former Carbonic Gas Works, 142 Lea Bridge Road",https://programme.openhouse.org.uk/listings/13772,"Paradise works artist studios in the Old Carbonic Works that is thought to be the birthplace of commercial fizzy drinks in the late 18th Century. It features in the Lea Valley and Hackney Conservation area report found online.


https://hackney.moderngov.co.uk/documents/s68747/240220%20Appendix%20A%20Lea%20Bridge%20Conservation%20Area%20Appraisal.pdf","Paradise works, 142 Lea Bridge Road, E5 9RB",51.56146,-0.04632,12:00:00,20:00:00,No,
Founders' Hall,https://programme.openhouse.org.uk/listings/8396,"Founders’ Hall is the home of the Worshipful Company of Founders (one of the City’s ancient livery companies). Built in the 1980s with a striking and eclectic design, the Hall preserves historic traits whilst embracing modern ideas. Drop in during Open House to explore its treasures, meet members, and enjoy activities for all ages!","Founders' Hall, 1 Cloth Fair, EC1A 7JQ",51.5192561,-0.0990206,10:15:00,16:00:00,No,
Four Corners,https://programme.openhouse.org.uk/listings/4215,"Refurbished extended building, a centre for film and photography. Central courtyard integrated 'hub' allows light and air to filter through. Loft conversion to create studio and work space. Sustainable features include sedum roof.","121 Roman Road, E2 0QN",51.52875179999999,-0.0488433,11:00:00,17:30:00,No,
Free Clothes Mending Make Mee Studio,https://programme.openhouse.org.uk/listings/13940,"Have the moths made a meal of your favourite jumper? Are your jeans coming undone at the seams?

Join Make Mee Studio and Lewisham Council to learn how to prolong the life of your clothes and homewares, whether it's darning a sock or patching a cushion cover we can show you how to mend and repair and bring it back to life.","Crofton Park Community Library, 375 Brockley Road, SE4 2AG",51.45546,-0.03642,10:30:00,13:30:00,No,
From Elephant to Peckham,https://programme.openhouse.org.uk/listings/13734,"This tour explores the architectural and social histories of Elephant & Castle, Walworth and Peckham through successive waves of regeneration. The tour draws on research into South London gentrification – examining Victorian and Brutalist housing, town planning, transport, heritage and community change, and tracing the area's evolution from rural Surrey settlements to contemporary redevelopment.","Entrance to Elephant & Castle station, Elephant Rd, SE17 1GD",51.49401,-0.0985,11:30:00,13:30:00,Yes,Yes
From Forest to Morris: A walk around Walthamstow,https://programme.openhouse.org.uk/listings/11296,"A walk around historic Walthamstow showing how this unique area grew from a village into a thriving suburb, its social history and the variety of buildings that can be found where Epping Forest meets William Morris.",Outside Costa Coffee at Walthamstow Central Station 5 Station Approac,51.5828202,-0.0194102,11:00:00,13:00:00,Yes,Yes
Fruit to Fashion: how a kitchen garden became a world famous piazza,https://programme.openhouse.org.uk/listings/11313,"This year marks the 52nd  anniversary of when the wholesale market ceased trading and moved to the Battersea/Vauxhall area . The tour charts the evolution of Covent Garden, incorporating the piazza, the wholesale produce market, social residential areas and supporting neighbourhoods, and highlighting the social and commercial highs, lows and challenges.
Contact tonyganio@gmail.com","20 Southampton Street, WC2E 7QH",51.51146319999999,-0.1224538,10:30:00,12:30:00,Yes,Yes
Garage Gallery E17,https://programme.openhouse.org.uk/listings/13170,"In 2022 we created an art gallery in the garage below our house in a residential street in Walthamstow village.   We aim to bring art into our community, acting as a resource to support artists on a not-for-profit basis.  By the time of Open House we will have hosted 26 exhibitions in a wide range of media, by both emerging and more experienced artists.","39 WINGFIELD ROAD, E17 9NN",51.58081,-0.01252,10:00:00,17:00:00,No,
Georgian Clerkenwell's speculative housing boom,https://programme.openhouse.org.uk/listings/12601,"The early 1800's saw the green fields of northern Clerkenwell spring up into grand squares and terraced houses. This walking tour will look at how the speculative housing developed, what remains today, and the unique stories and characters of the area.","Outside Sadler's Wells Theatre, Rosebery Avenue, EC1R 4TN",51.52956,-0.10605,13:00:00,15:00:00,Yes,Yes
Georgian Grafton Street: Sprüth Magers Gallery,https://programme.openhouse.org.uk/listings/12818,"Join SAVE Britain's Heritage and Klaud Studio for a tour of Sprüth Magers gallery in Mayfair, a sensitively restored Grade II-listed townhouse by Sir Robert Taylor. Discover how its layered history was honoured and past damage repaired to create a refined, modern space for art, clients, and work.","7A Grafton Street, W1S 4EJ",51.50994,-0.14383,15:30:00,17:00:00,Yes,Yes
Glenkerry House,https://programme.openhouse.org.uk/listings/9437,"Glenkerry House is a 14-storey tower block designed by Hungarian architect Ernő Goldfinger. The block is managed by its residents, who collectively form the Glenkerry Co-operative Housing Association.","Glenkerry House, Poplar, E14 0SL",51.5141859,-0.0108145,14:30:00,15:45:00,Yes,Yes
Gongoozlers of Regent's Canal & Victoria Park,https://programme.openhouse.org.uk/listings/13752,"Calling all canal enthusiasts - known as gongoozlers - to walk through the social and industrial history of Victoria Park, Haggerston, and Islington along Regent's Canal. Discover how a purpose-built canal shaped the lives of East Enders, Londoners, and the United Kingdom.","Bonner Gate, Sewardstone Road, Bethnal Green, E2 9JW",51.53334,-0.04929,09:15:00,12:00:00,Yes,Yes
Gothic Lodge Garden,https://programme.openhouse.org.uk/listings/13769,"We're opening our Garden for tours of our outdoor spaces.  These spaces are maintained by adults with learning disabilities who attend our day activities programme, We'll also share a little of the history and significance of Gothic Lodge, a building housed within our garden and one of London's earliest concrete Houses.  Note: we will only view the exterior of the building.","L'Arche Garden Workshop, 2 Barston Road, SE27 9HE",51.43606,-0.09692,11:30:00,14:30:00,Yes,No
"Grand Junction at St Mary Magdalene Church, Paddington",https://programme.openhouse.org.uk/listings/2527,"Grade I Victorian Gothic church by G E Street, architect of the Royal Courts of Justice. The recent conservation project reveals the majestic colours of Daniel Bell's painted ceiling, plus Dow Jones Architects' contemporary heritage wing.","Rowington Close, St Mary Magdalene's Church, W2 5TF",51.5224,-0.18939,13:00:00,16:00:00,No,
Green Lodge,https://programme.openhouse.org.uk/listings/13757,"Green Lodge is a low-energy family home by Stylus Architects, carefully embedded into the landscape of Putney Heath. Much of the accommodation is concealed below ground, allowing the building to maintain a modest presence whilst bringing natural light into every room through a series of lightwells and rooflights.","56 Roehampton High Street, SW15 4HJ",51.45098,-0.23711,10:00:00,16:00:00,No,
Greenwich Yacht Club,https://programme.openhouse.org.uk/listings/522,"Greenwich Yacht Club is an iconic riverside clubhouse with panoramic views of the Thames, the O2 and the Thames Barrier. Completed in 2000, it has served a club founded in 1908. Activities include dinghy sailing, cruising, rowing, racing and RYA classes. Facilities include a sail loft, machine shop, construction shed and a landside building for weddings and other events.","1 Peartree Way, SE10 0BW",51.494727,0.0177407,11:00:00,17:00:00,No,
"Guided Tours and Exhibition at Pioneer Centre, Peckham",https://programme.openhouse.org.uk/listings/1367,"Grade II* Listed Modernist building, famously described by Walter Gropius as ""an oasis of glass in a desert of brick"". Originally built to house 'The Peckham Experiment' an innovative health centre in the 1930s. It was converted to private dwellings in 2000, retaining the indoor pool. 

Join members of our new Community Interest Company set up to mark the centenary and share this unique story.","St Mary's Road, SE15 2EE",51.4722385,-0.0538132,10:00:00,17:30:00,Yes,Yes
Guildhall,https://programme.openhouse.org.uk/listings/535,"The City's seat of municipal government since 12C. Grade I listed, rare example of medieval civic architecture. Historic banqueting hall and a site of major moments in British history that is still used today.","71 Basinghall St, EC2V 7HH",51.51589,-0.0919,10:00:00,16:00:00,No,
Guildhall Art Gallery,https://programme.openhouse.org.uk/listings/1405,"Open daily 10am-5pm. 
Regular free guided tours 12.15pm & 1.15pm on Tuesday-Sunday, with extra tours on the final Open House weekend.
Home of the City of London's art collection, & remains of London's Roman Amphitheatre","Guildhall Yard, EC2V 5AE",51.51551,-0.09159,10:00:00,16:45:00,No,
Guildhall Library,https://programme.openhouse.org.uk/listings/6204,Purpose built over 5 floors to house printed books and manuscripts. Features include former pneumatic tube ticket delivery system and 56 listed translucent pyramid roof lights.,"Aldermanbury, EC2V 7HH",51.5161211,-0.09265029999999999,13:00:00,16:00:00,No,
Haberdashers' Hall,https://programme.openhouse.org.uk/listings/541,"Designed by Sir Michael Hopkins and Partners, Haberdashers' Hall reinterprets the traditional livery hall for the 21st century: a cloistered courtyard bordered by a brick loggia and lead-panelled roof. It is the Haberdashers' Company's fourth hall, and was opened by Her Majesty the Queen in 2002.",18 West Smithfield (opposite Barts Hospital by traffic barrier under,51.51806149999999,-0.1018903,10:00:00,15:45:00,No,
Hackney Empire,https://programme.openhouse.org.uk/listings/546,"Hackney Empire is a grade II* listed building. The theatre was built as a music hall in 1901, designed by the architect Frank Matcham. It is now a variety theatre for the 21st century, serving the local community and beyond.","291 Mare Street, E8 1EJ",51.54545,-0.0557,10:30:00,15:00:00,Yes,No
Hammersmith Quaker Meeting House,https://programme.openhouse.org.uk/listings/5929,"Recently designated as a Building of Cultural Interest by the Council, the Quaker Meeting House is designed to be a highly sustainable building to embody the Quaker values of simplicity and equality.  The award winning building promotes a sense of calm and tranquility.","30-32 Bradmore Park Rd, W6 0DT",51.49553,-0.23189,10:00:00,15:00:00,No,
Hampstead Heath Pergola,https://programme.openhouse.org.uk/listings/2106,"800ft long Grade II* listed pergola is designed in one of London's secret gardens at the rear of Inverforth House, Lord Leverhulme's London residence (1904-25).","Inverforth Close (off North End Way), NW3 7EX",51.5653652,-0.1827407,11:00:00,12:30:00,Yes,Yes
Hermitage Community Moorings,https://programme.openhouse.org.uk/listings/4642,"A development of residential and recreational moorings for historic vessels on the Thames. The unique Pier House, built to a high specification, provides a floating community centre just downstream from Tower Bridge.","16 Wapping High Street, E1W 1NG",51.5044166,-0.0665883,11:00:00,16:00:00,No,
Herne Hill Velodrome,https://programme.openhouse.org.uk/listings/13624,"Herne Hill Velodrome, opened in 1891, hosted track cycling events for the 1948 Olympics, is now home to a thriving grassroots cycling facility - hosting everything from Learn to Cycle to local and international racing events. 
HHV overcame the threat of closure in the early 2000s, and a new pavilion, designed by Mike Taylor of Hopkins Architects, opened in 2017.","104 Burbage Road, SE24 9HE",51.45121,-0.09099,17:30:00,20:00:00,Yes,No
"Highgate School Chapel, Library, Museum",https://programme.openhouse.org.uk/listings/604,"Founded by Sir Roger Cholmeley, Lord Chief Justice of England, in 1565, Highgate School is governed as a single charitable foundation. Highgate School combines Victorian buildings (our Chapel, Central Hall classrooms and Sir Martin Gilbert Library) with modern facilities.","Highgate School, North Road, N6 4AY",51.5721393,-0.1492358,10:30:00,14:00:00,No,
Highpoint,https://programme.openhouse.org.uk/listings/3069,Grade I listed Modernist apartment blocks retaining many original features.,"Highpoint, North Hill, N6 4BA",51.57494,-0.15057,10:00:00,18:00:00,Yes,Yes
Historic & Modern Buildings in the City,https://programme.openhouse.org.uk/listings/10240,"On this walk, we will see many historic & modern buildings in the City of London. We’ll look at different architecture styles having regard to the environment and sustainability, from heritage sites to pioneering green tech. Hear about famous architects, past and present, as we explore how the Square Mile preserves its legacy while evolving for a resilient, carbon-neutral tomorrow.","Guildhall Yard, EC2V 7HH",51.51543,-0.09204,10:45:00,15:45:00,Yes,Yes
Hogarth's House,https://programme.openhouse.org.uk/listings/628,"Early 18th century red brick country home of artist William Hogarth, extended significantly c. 1749-1764. The 2020 extension, funded by the National Lottery Heritage Fund, added the new Weston Studio for learning and activities, and a curved glass wall in the shape of Hogarth's Line of Beauty. Delightful re-landscaped and reinterpreted walled garden containing famous ancient mulberry tree.","Hogarth Lane, Great West Road, W4 2QN",51.48725,-0.25509,14:30:00,16:00:00,Yes,Yes
"Holy Cross Church, Cromer Street",https://programme.openhouse.org.uk/listings/9100,"Grade ll listed Oxford Movement Anglican church built 1887-88. Historic England describe the exterior as ‘quirky and aggressive’ but the  interior is ‘very spare and elegant'. The building is  interesting for its 2019 conversion of a crypt area, partly rented commercially to a drama school but also used for community groups. On Historic England's Heritage at Risk register with serious cracks.","Cromer Street, WC1H 8JU",51.5275753,-0.1235712,11:00:00,16:00:00,No,
"Holy Sepulchre, Holborn",https://programme.openhouse.org.uk/listings/13879,"Holy Sepulchre is the City of London’s largest parish Church, also known as the National Musicians’ Church and home to the Musicians’ Memorial Chapel and The Royal Fusiliers Memorial Chapel. St Sepulchre has a long and rich history, with a worshipping community here since at least 1137, a medieval shell and tower that survived the great fire of London and a classical interior.","Holborn Viaduct, EC1A 2DQ",51.51666,-0.10233,12:00:00,16:00:00,Yes,No
Hopkins Architects,https://programme.openhouse.org.uk/listings/1086,"The practice's main campus includes two office buildings constructed using its own Patera pre-fabricated system, and linked by a glass reception area and covered walkway.","27 Broadley Terrace, NW1 6LG",51.52433,-0.16598,10:00:00,16:00:00,No,
Howard Hodgkin Studio,https://programme.openhouse.org.uk/listings/12569,"Sir Howard Hodgkin (1932 – 2017) was one of England’s most celebrated contemporary artists. Abstracted yet allusive, apparently spontaneous but in fact highly controlled, his paintings convey feeling through gesture and colour.  His former studio, converted from a nineteenth-century dairy, sits in the heart of Bloomsbury.","The Howard Hodgkin Studio, Address tbc to ticket holders, WC1 1AB",51.59579,-0.21155,10:00:00,17:00:00,Yes,No
Ibraaz,https://programme.openhouse.org.uk/listings/13822,"Ibraaz is a London-based cultural institution for art,  culture and ideas from the Global Majority. Bringing together artists, thinkers, and communities through exhibitions, film, debate, publishing, and multidisciplinary programming, Ibraaz creates a brave space where culture fosters exchange, pluralism, and shared humanity.","93 Mortimer Street, W1W 7SS",51.51741,-0.14195,11:30:00,12:30:00,Yes,Yes
"Inner Space Meditation Centre, Covent Garden",https://programme.openhouse.org.uk/listings/12588,"Inner Space, London’s oasis of calm, welcomes visitors back for the Open House Festival. Join us over two weekends for free Guided Meditations, Personal Development talks and inspiring wellbeing workshops that support and nurture mindfulness, resilience and inner balance. Take a moment to pause in our Quiet Room, a space that will leave you feeling reconnected, refreshed, uplifted, and renewed.","36 Short's Gardens, Covent Garden, WC2H 9AB",51.51459,-0.12523,11:00:00,18:00:00,Yes,No
Islington New River walking tour,https://programme.openhouse.org.uk/listings/12746,"This walking tour will follow the course one of the earliest public infrastructure projects in London, the 400 year old New River aqueduct. Explore a history of innovative public housing developments in one of the most densely populated parts of London and end at New River Head, a striking example of public utility architecture now being repurposed for arts and culture.","Outside Canonbury Overground Station, Wallace Road, N1 2PG",51.54868,-0.09209,12:00:00,14:30:00,Yes,Yes
Isokon Building (Lawn Road Flats),https://programme.openhouse.org.uk/listings/768,"Grade I listed 1934 residential block of flats in Hampstead, designed by the Canadian modernist architect Wells Coates for clients Jack and Molly Pritchard. English Heritage blue plaque for Bauhaus masters Gropius, Breuer and Moholy-Nagy. Museum on site.","Lawn Road, NW3 2XD",51.55221,-0.16184,11:00:00,16:00:00,No,
Jacksons Lane Arts Centre,https://programme.openhouse.org.uk/listings/10874,"Jacksons Lane’s year-round programme of contemporary performance, arts participation and cultural education exists to empower, and ignite creativity within diverse communities & work tirelessly to overcome traditional barriers through art.","Jacksons Lane, 269a Archway Road, N6 5AA",51.5765813,-0.1454343,10:00:00,18:00:00,No,
Jubilee Hall Parsonage Lane,https://programme.openhouse.org.uk/listings/13790,"A rare example of a once ubiquitous structure - the military hut. This one probably dates from World War I; it was later sold off and moved to its present site, where it was in turn a Boys Brigade HQ, a book store and, from 1986, the home of the Enfield Society.","2 Parsonage Lane, Enfield, EN2 0AJ",51.65944,-0.08698,11:00:00,17:00:00,No,
Kaymet Factory,https://programme.openhouse.org.uk/listings/6826,"The operational factory of Kaymet, a maker of trays and trolleys since 1947. A hidden 1950s building with a small yard, originally a printing works. It is brick built, with clear-storey glazing and tubular truss north-light main shed roof.","52 Ossory Road, SE1 5AN",51.48474239999999,-0.0710449,10:00:00,16:00:00,No,
Kenwood,https://programme.openhouse.org.uk/listings/835,"A striking Neoclassical villa in tranquil gardens on Hampstead Heath, Kenwood boasts breath-taking interiors by Robert Adam and a world-class art collection.","English Heritage, Hampstead Lane, NW3 7JR",51.5713284,-0.1675998,11:00:00,15:00:00,Yes,No
King's College London: Museum of Life Sciences,https://programme.openhouse.org.uk/listings/7471,This rarely opened space began in 1902 as Guy's Hospital Medical School Library. In 2009 part of it  became the Museum of Life Sciences which houses some rare specimens and part of an historic dental teaching collection..  The building is red brick  with additional stonework and is partially covered in creeper. Internally are original carved oak cabinets and ornate columns.,"Hodgkin Building, Great Maze Pond, SE1 1UL",51.50305,-0.08944,11:00:00,16:00:00,No,
Kirkaldy's Testing Works,https://programme.openhouse.org.uk/listings/856,"Proudly carved over the door are the words ‘Facts not Opinions’. Inside, the authentic sight - and smell - of Kirkaldy’s Testing and Experimenting Works is a unique and direct link with an ingenious age of engineering.","99 Southwark Street, SE1 0JF",51.50606,-0.10146,10:30:00,14:30:00,No,
Lakeside Centre: Open Art Studios,https://programme.openhouse.org.uk/listings/4547,"Iconic brutalist building in the heart of Thamesmead, renovation led by Bow Arts Trust in partnership with Peabody, supported by the Mayor’s London Regeneration Fund (LEAP). The centre has opened as a cultural hub for Thamesmead.","Southmere Lake Complex, 2 Bazalgette Way (formerly Belvedere Road)",51.5009688,0.1242316,12:00:00,18:00:00,No,
Lansbury Lawrence Primary School,https://programme.openhouse.org.uk/listings/9135,Lansbury Lawrence (formally Susan Lawrence and Elizabeth Lansbury) opened in the 1951 Festival of Britain as a showpiece of the Live Architecture exhibition in the Lansbury Estate. An interesting mid-century design with original features.,"Cordelia Street, Poplar, E14 6DZ",51.51349,-0.01703,10:00:00,11:00:00,Yes,Yes
Leadenhall Market,https://programme.openhouse.org.uk/listings/3348,"Iconic Victorian covered market, with roots in Roman Londinium. Today, more than 40 renowned retail brands and outstanding food and drink venues are set within the stunning market place.","Gracechurch Street, EC3V 1LT",51.51207,-0.08505,14:00:00,15:00:00,Yes,Yes
Leathersellers' Hall,https://programme.openhouse.org.uk/listings/3489,"New Livery Hall behind a retained early 20th century façade. This is the seventh Hall in the Leathersellers' Company's history since its foundation in the Middle Ages, and is located on the site of its second Hall.","7 St Helen's Place, Bishopsgate, EC3A 6AB",51.51516,-0.08128,10:00:00,17:00:00,Yes,Yes
Lewisham Arthouse,https://programme.openhouse.org.uk/listings/12118,"Lewisham Arthouse (LAH) is a not-for-profit artist-led co-operative, based in the formerly Deptford Central Library, Grade II listed, 1910 -1914, Designed by A. Brumwell Thomas (1868 -1948)","Lewisham Arthouse, SE14 6PD",51.4715,-0.03076,10:00:00,18:00:00,No,
Life and debt in Southwark,https://programme.openhouse.org.uk/listings/13724,"Step inside Bankside with Golden Key Academy tour guide Carole Wright  — where prison grounds became peaceful parks and Victorian philanthropists reinvented social housing. Hear about local nurses who fearlessly fought fascism in Spain. Pay respects at a burial ground for women of the night, uncover centuries of queer history hidden in plain sight, and celebrate three hundred years of West African creativity woven into the soul of this remarkable riverside neighbourhood. A walk exploring the working class, global majority and queer history of London's Bankside and Southbank – recounting known and unknown histories next door to the City Wall.","John Harvard Library, St Dunstans House, 211 Borough High St, SE1 1JA",51.50179,-0.09244,11:00:00,13:00:00,Yes,Yes
Lillington Gardens Estate,https://programme.openhouse.org.uk/listings/921,"Lillington Gardens in Pimlico, Westminster, was built from 1961 to 1971 by Darbourne & Darke. It set a new standard in high-density public housing with medium-rise structures and private gardens. Blending well with nearby Victorian surroundings, the modernist design won multiple awards and was praised by Nikolaus Pevsner as 'the most interesting recent housing in inner London'.","Vauxhall Bridge Road, SW1V 2LF",51.49112,-0.13632,10:00:00,16:00:00,No,
Lloyd's of London,https://programme.openhouse.org.uk/listings/934,"Lloyd’s may be the global market for specialist insurance and reinsurance, but it is also a London icon. Over the last three centuries, Lloyd’s has called home to just eight buildings – the most recent of which can be found on Lime Street, in the heart of the City. Designed by renowned British architect Lord Richard Rogers and opened by Her Majesty The Queen in 1986, the Lloyd’s building is a radical addition to the skyline, and a pioneering example of high-tech architecture.","One Lime Street, EC3M 7HA",51.5131437,-0.08260959999999999,10:15:00,16:45:00,Yes,Yes
London Aquatics Centre,https://programme.openhouse.org.uk/listings/13189,"The London 2012 Olympic swimming and diving pool. Two  50m pools, 25m dive pool, Team GB dive squad training area.","London Aquatics Centre, Queen Elizabeth Olympic Park, Stratford",51.54018,-0.01055,10:00:00,16:00:00,Yes,Yes
London Open Form Pavilion of Air,https://programme.openhouse.org.uk/listings/11855,"A floating acoustic architecture, playfully reframing public space as an essential community engagement through sound & site mapping. Accessed by smartphone, headphones & echoes.xyz app, the Pavilion is located outside the Serpentine Gallery,. Drawing on Oskar & Zofia Hansen’s Open Form architectural concept it is one of 15 in a series including Venice, Berlin, Dublin, Bergen and Arctic Norway.","Kensington Gardens, W2 3XA",51.50481,-0.17548,06:00:00,19:30:00,No,
London's Roman Amphitheatre,https://programme.openhouse.org.uk/listings/10902,"The capital’s only Roman Amphitheatre. Regular combined guided tours of Amphitheatre and Guildhall Art Gallery at 12.15pm & 1.15pm on Tuesday-Sunday. Additional Open House tours on 19 and 20 September, please see Guildhall Art Gallery listing.","London’s Roman Amphitheatre at Guildhall Art Gallery, Guildhall Yard",51.5155471,-0.0914547,11:00:00,15:45:00,No,
Lost Aldwych,https://programme.openhouse.org.uk/listings/12833,"Join SAVE and Dr Tom Bolton on a walking tour of Aldwych. Behind the wide formal streets of Aldwych and Kingsway lies a very different neighbourhood. Clare Market and Drury Lane were a tangle of disreputable alleys until the new streets cut them in half. But traces remain, and this walk dives into the back streets to track the vanished lanes and recreate their past at the core of ancient London.","Temple Underground Station, Temple Place, Temple, WC2R 2PH",51.51094,-0.11365,11:00:00,12:30:00,Yes,Yes
MEplace Nursery Islington,https://programme.openhouse.org.uk/listings/13823,"A cosy North London nursery, drawing on proven specifications and a collaborative design process.","1 Britannia Row, N1 8QH",51.53805,-0.09909,10:00:00,16:30:00,Yes,No
Making public spaces and making spaces public,https://programme.openhouse.org.uk/listings/13721,"On the borderlands of the City of London, this walk explores how authority and ownership shape our public spaces. It traces the hidden boundaries between different types of public space, asking who gets to make the rules, who benefits, and what the answer tells us about power, property, and public life in the city we share.","London Troops War Memorial, Bank Junction, 1 Cornhill, EC3V 3LN",51.51351,-0.08802,10:30:00,13:00:00,Yes,Yes
Marx Memorial Library & Workers' School,https://programme.openhouse.org.uk/listings/1048,"Grade II listed, built as a Welsh Charity School in 1738. A library with a focus on Marxism and Socialism since 1933. Lenin worked here 1902-03 and his office is preserved. Fresco by Jack Hastings in 1st floor. Late 15C tunnels.","37a Clerkenwell Green, EC1R 0DU",51.52297,-0.10569,11:00:00,15:00:00,No,
Memorial Community Church,https://programme.openhouse.org.uk/listings/12965,"Formerly known as Memorial Baptist Church this Grade II listed building opened in 1922, it retains many original features. Open House will include access to the church, gallery and bell tower, and information on church history. 18th September at 7pm Lydia Thornley will lead a talk on the craft skills used in the building, and on the 19th 3.30-6pm there is a sketching workshop","387-395 Barking Road, Plaistow, E13 8AL",51.52302,0.02405,15:00:00,19:00:00,Yes,No
Migration tales: Local heroes in Hornsey and Crouch End,https://programme.openhouse.org.uk/listings/13659,"This walking tour tells the story of how migrants and local heroes played a vital part in creating the fabric of Hornsey and Crouch End. It will explore local communities, people, places, sounds, smells, tastes, textures, and of course buildings and spaces; while telling the story of how the area went from a small cluster of buildings to the multi-cultural neighbourhood it is today.","Cafe Merro - 85 Crouch End Hill, N8 8DD",51.57485,-0.12671,11:00:00,13:30:00,Yes,Yes
Morden Extension Centenary: Tours,https://programme.openhouse.org.uk/listings/13667,"This year, we are celebrating the centenary of the Morden Extension, designed by Charles Holden. The seven stations of this extension on the Northern line represent both an engineering and an architectural  achievement for London Underground.  This tour will take participants through the stations, describing their architectural details and what it takes to operate them today.","Clapham Common Station, The Pavement, SW4 7AJ",51.46178,-0.13835,10:00:00,16:30:00,Yes,Yes
Morris+Company | ‘The Circular City Starts With Community’,https://programme.openhouse.org.uk/listings/12130,"Morris+Company is an award-winning architecture practice based in Hackney, east London. We have applied circular economy principles to the retrofit of our own studio, gallery and café space on Mare Street, reducing waste, reusing materials, and designing for longevity.  Through our public exhibition and event programme we place the creative ‘act’ of architecture onto the high street.","215-217 Mare Street, E8 3QE",51.54152,-0.05552,12:00:00,16:00:00,Yes,No
Museum of Croydon,https://programme.openhouse.org.uk/listings/12045,"Explore the Museum of Croydon and Croydon Archives:

- Join the Curator of the Museum of Croydon and the Borough Archivist of the Croydon Archives on an intimate guided tour of our stored, rarely seen collections.
- Explore our current exhibitions with our expert staff, including Grayson Perry's Essex House Tapestries and a brand-new exhibition on Croydon's Architecture","Croydon Clocktower, Katharine St, CR9 1ET",51.37226,-0.09939,10:00:00,16:30:00,Yes,No
Museum of London Docklands,https://programme.openhouse.org.uk/listings/1148,"Grade I listed, late Georgian sugar warehouse now housing the Museum of London Docklands. Sensitively restored, the new multimedia displays coexist with the massive timber and brick structures of the original building.","No. 1 Warehouse, West India Quay (off Hertsmere Road), E14 4AL",51.50747,-0.02386,12:00:00,15:30:00,Yes,Yes
Museum of the Order of St John,https://programme.openhouse.org.uk/listings/5214,"St John's Gate and the Priory Church are the remaining buildings from the medieval priory of the Knights Hospitaller and are both Grade I listed. St John’s Gate dates from 1504 and features stunning Victorian and Edwardian interiors. The Priory Church was reconstructed by Seely & Paget after the Second World War, but its 11th-century crypt survives.","St John's Gate, St John's Lane, Clerkenwell, EC1M 4DA",51.5219889,-0.102746,13:00:00,18:00:00,No,
Muswell Hill Baptist Church,https://programme.openhouse.org.uk/listings/11196,A notable example of George Baines' work from the heyday of London free church buildings. It combines Baptist simplicity with Edwardian decor and spaciousness and is broadly unaltered.  It was built to complement the surrounding townscape.,"Muswell Hill Baptist Church, Dukes Avenue, N10 2PT",51.5916775,-0.1411344,11:00:00,15:00:00,No,
Mycenae House and Gardens,https://programme.openhouse.org.uk/listings/13570,"Mycenae House is a former convent run by the Little Sisters of Assumption but is now a community venue with a rich history and story. This tour, talk and exhibition will articulate the buildings life as a convent, as a place of worship and dedication and as a community venue","90 Mycenae Road, Blackheath Standard, SE3 7SE",51.47963,0.01631,13:00:00,14:30:00,Yes,No
Myddelton House Gardens,https://programme.openhouse.org.uk/listings/12651,"Visit the lifelong home of Edward Augustus Bowles, one of the 20th century's great gardeners, that was restored with a Heritage Lottery Fund grant in 2011 to tell the story of the famous botanist’s life and gardening style.","Myddelton House Gardens, Bulls Cross, Enfield, EN2 9HG",51.67527,-0.06078,10:00:00,16:00:00,No,
National Audit Office,https://programme.openhouse.org.uk/listings/119,"A Grade II listed building that is home to the NAO, the UK’s independent public spending watchdog. We support Parliament in holding government to account and help improve public services. First opened in 1939 by Imperial Airways, subsequently BOAC and then British Airways, as an airport terminal. The NAO acquired the building in 1984, with the official opening in November 1986 - 40 years ago!","157-197 Buckingham Palace Road, SW1W 9SP",51.49161,-0.14872,11:00:00,16:00:00,Yes,No
Old Admiralty Building (OAB),https://programme.openhouse.org.uk/listings/12525,Westminster’s grand Old Admiralty Building is the backdrop to many of the UK’s most important ceremonial events. Within its walls some of the most significant – and classified – events in the 20th-century history have happened including the idea behind Operation Mincemeat. Have a chance to look inside a part of this fantastic Grade II Listed Building including the Government Art Collection.,"Spring Gardens, Westminster, SW1A 2DY",51.50693,-0.1282,10:00:00,16:20:00,Yes,Yes
Olden Community Garden,https://programme.openhouse.org.uk/listings/10727,"Olden Community Garden - a hidden 2.5 acre green oasis along a railway embankment in Islington. Sit beside the lawn; listen to birdsong; follow trails through the woodland, meadow and orchard; discover vegetable patches and a wildlife pond.","Whistler Street (opposite no 22), N5 1NJ",51.5523926,-0.1044575,11:00:00,15:00:00,No,
One Paved Court,https://programme.openhouse.org.uk/listings/13277,"One Paved Court is an artist-run space on a lane of early Georgian shops and houses.  In 2017, Allies and Morrison transformed an old carpet shop into a distinctive home for resident artists and a gallery with an innovative and varied programme of exhibitions. ""New interventions are as few as possible, we were there to repair the fabric and to nudge it into its new role."" Allies and Morrison","1 Paved Court, Richmond, TW9 1LZ",51.46039,-0.30658,12:00:00,16:00:00,No,
Ongéan,https://programme.openhouse.org.uk/listings/13883,"Ongéan Ecosystem : 
Art Studios, Gallery, Performance Space, Edible Garden & Kitchen. All built and designed with 99% Reclaimed Materials by artist Adam Ge-Saelis.","Ongéan, Park Mews, Croxted Rd, SE24 9DB",51.45032,-0.10031,14:00:00,18:00:00,No,
Open House Festival Hub @ The London Centre,https://programme.openhouse.org.uk/listings/12022,"Home of NLA, London’s built environment community, and located in the West Wing of the Guildhall complex, the Centre highlights scale architectural models of London: the New London Model and the City Model, in addition to a rotating exhibition highlighting key NLA projects. For 2026, the London Centre will be home to the Open House Festival hub, with a programme of bite-size talks and printed material from the Open City back catalogue available to take home for free.","3 Aldermanbury, EC2V 7HH",51.51606,-0.09292,11:00:00,17:00:00,No,
Open Textile Studio and Weaving Exhibition,https://programme.openhouse.org.uk/listings/12206,"Feathers Place was originally East Lane, connecting Greenwich Park to the river. No 14 has housed the Roan School for Boys, founded in 1643 and more recently contained textile archives of the National Maritime Museum. Today it is Meantime Studios, named after the Prime Meridian of the World on which it sits.  Freeweaver Studio occupies the top floor, a bright vaulted spacious room with skylights.","14 Feathers Place, SE10 9NE",51.4822,-0.00163,14:00:00,18:00:00,Yes,No
Our Lady of the Assumption Church,https://programme.openhouse.org.uk/listings/5135,"Grade II* listed building designed by Edward Goldie, built in 1911 in the Gothic style with five buttressed bays. Church interior is simple consisting of large nave and high & deep chancel. Nave side walls show shallow-arched recesses into which are fitted finely carved oak confessional boxes and colourful altars and statues throughout. One of only two Assumptionist Parishes in the UK.","Victoria Park Square, Bethnal Green, E2 9PB",51.52869,-0.05393,10:00:00,17:00:00,No,
Our Yard at Clitterhouse Farm,https://programme.openhouse.org.uk/listings/8339,"Come and visit this grassroots community enterprise where old meets new in the form of the historic farm buildings alongside our crowdfunded cafe. Find out how some of these historic buildings have been saved and lovingly bought back into community use, and find out about our future plans.","Clitterhouse Playing Fields, Claremont Rd, NW2 1AP",51.56881,-0.21581,12:00:00,20:00:00,No,
Paekakariki Press,https://programme.openhouse.org.uk/listings/13558,Paekakariki Press Ltd is a letterpress workshop containing equipment that can support the letterpress printing processes from casting type to binding a finished book printed on our Heidelberg Cylinder,"4 Mitre Avenue, Walthamstow, E17 6QG",51.58806,-0.02127,11:00:00,18:00:00,No,
"Parish Church of St Andrew, Enfield",https://programme.openhouse.org.uk/listings/2479,"Grade ll Listed church, that has been much added to over the 800 years of its existence. We have  recently refurbished the organ which has a fine circa 1750s wooden organ case.  The Church has an eight-bell peal still in weekly use– the oldest bell dates from 1680.","The Market Place, Church Street, Enfield, EN2 6LL",51.65298,-0.08285,10:00:00,16:00:00,No,
Parish Church of St Mary The Virgin Lewisham,https://programme.openhouse.org.uk/listings/5160,"The church was rebuilt in late 15th century with some of that work still remaining to this day.							
During the Festival there will be opportunities to self-guide or to join a group tour which will include access to restricted areas such as the crypt and tower. These last about 30 min and will start on each hour with the last starting at 3 pm","346 Lewisham High Street, SE13 6LE",51.45567,-0.01599,11:00:00,16:00:00,No,
Paxton Locher House,https://programme.openhouse.org.uk/listings/1334,A unique modern courtyard house making brilliant use of an off-street site on Clerkenwell Green. A retractable glass roof gives wonderful natural light all year round and opens the house to the sky in dry weather.,"8-9 Clerkenwell Green, EC1R 0DE",51.52299,-0.10458,10:00:00,17:00:00,No,
Peace Gardens in London,https://programme.openhouse.org.uk/listings/13759,Cycle Tour of Peace Gardens and Open House Properties,"Battle Bridge Place, N1C 4TB",51.5321,-0.12496,09:30:00,16:00:00,Yes,Yes
Peckham in the Balance: Heritage and Activism,https://programme.openhouse.org.uk/listings/12597,"Come join local architects and activists from Peckham Heritage, Peckham Vision and Peckham Society on a walk exploring Peckham's tangible and intangible heritage. Despite a backdrop of insensitive development proposals, decades of tireless community work continue to shape the area. Come explore with us one of London's most critical questions: 'What does it take to build or to destroy a community?'","Peckham Arch, 89 Peckham High St, SE15 5RS",51.47385,-0.06938,13:00:00,18:00:00,Yes,Yes
People's Museum Somers Town,https://programme.openhouse.org.uk/listings/10952,"A great little museum set in the Grade 2 listed Ossulston Estate - a prime example of pre-war Social housing - based on Karl Marz Hof in Vienna.
Open Tuesday to Saturday 10am-5pm, plus Sunday 13th 12am-4pm.","52 Phoenix Road, NW1 1ES",51.53106,-0.13092,10:00:00,17:00:00,No,
Phoenix Gardens Community Building,https://programme.openhouse.org.uk/listings/6841,"The first purpose-built new-build community centre to be built in the heart of Soho for generations, located within the renowned Phoenix Gardens. Winner: RIBA London Award. Designed by RIBA London Architect of the Year Winner.","21 Stacey Street, WC2H 8DG",51.51464,-0.1286,12:00:00,17:00:00,No,
Piccadilly Rocks!,https://programme.openhouse.org.uk/listings/13575,"A guided walk looking at the building materials that built a city.  The 90 minute tour around Piccadilly looks at the various rocks that have been used to face the buildings.  The tour uncovers the history and geology behind the key building materials of London.  The tour is lead by Dr Stephen King, a qualified Westminster tour guide and geologist.","Outside Royal Astronomical Society, Burlington House, Lond, W1J 0BQ",51.50858,-0.13933,15:00:00,16:30:00,Yes,Yes
Pimlico Library,https://programme.openhouse.org.uk/listings/13934,"The story of Pimlico Library reflects the wider history of the neighbourhood, demonstrating how community buildings can adapt and evolve while remaining at the heart of local life.  It is unusual in that it shares the Pimlico Academy Campus with Westminster's Adult Education Service.","Lupus Street, SW1V 3AT",51.48791,-0.14007,10:00:00,16:00:00,Yes,No
Pimlico People,https://programme.openhouse.org.uk/listings/13939,"To celebrate the first ever Pimlico Open House Neighbourhood Festival, cave transforms its gallery space into a virtual map of Pimlico through it's exhibition, The Fabric of Pimlico. Celebrating the actors, authors and musicians who have made it their home over the year....no passport needed","Cave Gallery and Studios, 81 Tachbrook Street, SW1V 2QP",51.4902,-0.13597,12:00:00,17:00:00,No,
Pitzhanger Manor & Gallery,https://programme.openhouse.org.uk/listings/1369,"Designed by Sir John Soane as a family home and country residence. Following a three-year conservation project,  Pitzhanger has been returned to Soane’s innovative original design and re-opened to the public in March 2019.","Mattock Lane, Ealing, W5 5EQ",51.51129,-0.30835,10:00:00,16:45:00,Yes,No
Plaistow Hub,https://programme.openhouse.org.uk/listings/13781,"Centred on a new public square outside Plaistow Station, Plaistow Hub brings together homes, a library, community facilities and everyday amenities to create a vibrant new destination for local people. The project strengthens connections across the neighbourhood, transforming the station into a welcoming civic heart for Plaistow.","261 Plaistow Rd, E13 0FD",51.53117,0.01781,14:00:00,16:45:00,Yes,No
Quaker Meeting House - Brentford & Isleworth,https://programme.openhouse.org.uk/listings/2688,"Come explore a unique example of early Quaker and Georgian architecture. Built in 1785, our Grade II* listed Meeting House is surrounded by quiet and natural grounds, in unbroken use since its founding. Expanded since with new rooms & accessibility features, we invite visitors to enjoy our space, roam in our gardens and take part in a variety of activities and displays by local creatives.","Quakers Lane, Isleworth, TW7 5AZ",51.47912,-0.32588,10:00:00,17:00:00,Yes,No
Queer Britain,https://programme.openhouse.org.uk/listings/13050,"Queer Britain Museum is the UK’s national LGBTQ+ museum.    Housed in a converted Victorian building in the heart of the regenerated King’s Cross area, the galleries feature over 200 objects from over 100 years of queer history.   At Open House 2026, Queer Britain’s volunteer guides will give talks demonstrating the museum’s mission to reclaim, preserve and inspire LGBTQ+ history.","Queer Britain, 2 Granary Square, N1C 4BH",51.53568,-0.12392,13:00:00,17:30:00,Yes,No
Quentin Blake Centre for Illustration - New River Head,https://programme.openhouse.org.uk/listings/10280,"An industrial heritage site that was the hub of one of London’s first major pieces of urban infrastructure.
Its 18th and 19th century buildings have been restored by Tim Ronalds Architects to create the Quentin Blake Centre for Illustration which opened to the public on June 5th 2026.","Quentin Blake Centre for Illustration, Rear of 28 Amwell Street",51.52895,-0.10861,11:00:00,16:00:00,Yes,No
RC Church of St Mellitus,https://programme.openhouse.org.uk/listings/10105,"A grand neo-classical building of 1871 with impressive interior, built as New Court Congregational Chapel. Home to a Hunter pipe organ, installed as a WW1 memorial and recently restored with National Lottery Heritage Fund support.","St Mellitus RC Church, Tollington Park, N4 3AG",51.56738,-0.11313,13:00:00,16:30:00,No,
Rainham Parish Church of St Helen and St Giles,https://programme.openhouse.org.uk/listings/2507,"Grade I listed Norman church with notable chancel arch with chevron and nailhead ornament, built by Richard De Lucy.","The Broadway, Rainham, RM13 9YW",51.51843,0.19029,10:00:00,16:00:00,No,
Rampayne Street Community Hub,https://programme.openhouse.org.uk/listings/13935,"Formerly home to the Pimlico Library, the building was transformed into a vibrant, friendly and welcoming community hub.","Rampayne Street Community Hub, Rampayne Street, SW1V 2PU",51.48931,-0.13402,10:00:00,16:00:00,No,
Ravensbourne University London,https://programme.openhouse.org.uk/listings/1452,"Ravensbourne is a dynamic institution at the intersection of creativity, business, and technology. Based in the heart of North Greenwich, we are home to a diverse, global community.
We learn with industry; industry learns with us. Together we transform lives. With our facilities and strong industry connections, we empower students with the skills, experience and connections needed to thrive.","6 Penrose Way, Greenwich Peninsula, SE10 0EW",51.50162,0.0054,10:00:00,15:30:00,Yes,No
Regent Street Cinema (The University of Westminster),https://programme.openhouse.org.uk/listings/2244,"The University of Westminster was one of the first polytechnics in the UK – established in 1838, to educate the working people of London, regardless of background and financial status. Housed in the building is the Regent Street Cinema, widely regarded as the ‘birthplace of British cinema’, with the first public premiere of film in the UK by the Lumière Brothers using the Cinématographe in 1896.","307 Regent Street, W1B 2HW",51.5168,-0.14285,10:00:00,15:00:00,Yes,Yes
Regent's Park Estate Story Trail  Guided Tour,https://programme.openhouse.org.uk/listings/13100,"Launched on 24th April 2025, Regent’s Park Estate Story Trail is an exciting new resident-led socially engaged public art trail through Regent’s Park Estate, Euston. 

The trail encompasses 12 site-specific art installations created by 10 artists and collectives, bringing 31 new public artworks to Regent's Park Estate.","Old Diorama Arts Centre, 201 Drummond Street, NW1 3FE",51.52583,-0.14035,11:00:00,12:30:00,Yes,Yes
"Revolution, Reform and Regeneration: Somers Town Tours",https://programme.openhouse.org.uk/listings/13647,"Camden Tour Guides Association will celebrate the history and heritage of Somers Town with a day of dedicated tours exploring the rich social history and architecture of this community, now a regeneration area, sandwiched between the major transport hubs of Euston and St Pancras stations. Hear about its historical roots as a 19th Century slum and the housing reformers who transformed it.","Francis Crick Institute, 1 Midland Road, NW1 1AT",51.53159,-0.12874,10:00:00,17:00:00,Yes,Yes
Romanian Cultural Institute,https://programme.openhouse.org.uk/listings/5056,"Situated in one of the largest and grandest 19th century squares in London, 1 Belgrave Square was acquired by Romania in 1936 and is now home to the Romanian Cultural Institute.","1 Belgrave Square, SW1X 8PH",51.50024,-0.15398,11:00:00,18:00:00,Yes,No
Royal College of Nursing,https://programme.openhouse.org.uk/listings/6151,"A cleverly integrated mixture of architectural styles and periods, incorporating a late 1720s house (later home to Herbert Henry Asquith) and the purpose-built College of Nursing (1926). Access to main building via guided tour only.","20 Cavendish Square, W1G 0RN",51.51594,-0.14596,10:00:00,16:15:00,Yes,Yes
Royal College of Pharmacy Museum,https://programme.openhouse.org.uk/listings/7230,"Join us for a free guided tour of the RCPharm Museum and Library and find out what crocodiles have to do with pharmacy!
Over 180 years old, the RCPharm Museum and Library is a hidden gem in East London, full of the weird and wonderful world of pharmacy history.
Find out how best to use bear’s grease and explore a collection of poisons even Agatha Christie would swoon at!","66 East Smithfield, E1W 1AW",51.50898,-0.06841,10:00:00,16:00:00,Yes,No
Royal College of Physicians,https://programme.openhouse.org.uk/listings/1527,"Striking, provocative and one of London’s few Grade I listed post-war buildings – welcome to architect Denys Lasdun’s award-winning design. We invite you to drop in, take an expert tour, explore our archives and museum, get creative and more to discover the Royal College of Physicians' London home. 

See https://history.rcp.ac.uk/event/open-house-festival-2026 for more.","11 St Andrew's Place, Regent's Park, NW1 4LE",51.52577,-0.14488,10:00:00,16:00:00,Yes,No
Royal Courts of Justice,https://programme.openhouse.org.uk/listings/1531,Architect G.E Street's iconic masterpiece set in the heart of London and one of Victorian England's great public buildings. 13th Century Gothic style given a Victorian interpretation. Commissioned by Queen Victoria in 1870 's to build the home for Civil Justice for the United Kingdom. The cathedral-like Magnificent Great Hall leads off to Historic Oak Panelled Courtrooms.,"Strand, WC2A 2LL",51.513803,-0.1135807,10:00:00,16:00:00,No,
Royal Small Arms Factory,https://programme.openhouse.org.uk/listings/1553,Grade II listed arms factory closed to public for 170 years. Museum and clocktower open for tours.,"RSA Island Centre, 49 Island Centre Way",51.6687,-0.01669,10:00:00,17:00:00,No,
Sacred Grounds / St Anne's Church and Garden,https://programme.openhouse.org.uk/listings/12938,"Start your exploration of the Open House Soho Neighbourhood with a shot of coffee, a refreshing cold drink and a bite to eat.  Explore our timeline of Soho, and our existing display on the church's history.   Relax in our calm and welcoming gardens.","54 Dean Street, W1D 6AE",51.5124,-0.13186,10:00:00,18:00:00,No,
"Sacred Heart High School, 212 Hammersmith Road, W6 7DG",https://programme.openhouse.org.uk/listings/13694,"This historic Grade II* site is shielded from view by a long wall but once inside your eyes and mind will be opened to its extraordinary heritage features such as the cloister garden and 130m of wall paintings, and the hidden history of those who shaped this place from 1669.  Royalty, subterfuge, escape, resistance and an audacious plan.  National Lottery Heritage grant has just been awarded.","Sacred Heart High School, 212 Hammersmith Road, W6 7DG",51.49349,-0.22307,10:00:00,16:00:00,Yes,No
Sands End Arts & Community Centre,https://programme.openhouse.org.uk/listings/9662,"Amongst the RIBA Stirling Prize shortlist 2022 sits Mæ Architect's Sands End Arts & Community Centre in Fulham. The centre consists of a single-storey building comprising bright, airy and flexible event spaces and a community café.","Peterborough Road, Fulham, SW6 3EZ",51.46995,-0.19722,10:30:00,17:30:00,Yes,No
Shoreditch Town Hall,https://programme.openhouse.org.uk/listings/1642,"Join a Guided Tour and explore Shoreditch Town Hall. Opened in 1866 the Town Hall is a Grade II listed, landmark building, and was for over 100 years one of the grandest Vestry Halls in London. Today, we are a leading cultural, community and live events space made up of 70 individual rooms - from the Victorian grandeur of the Assembly Hall to the intimate warren of the untouched basement space","Shoreditch Town Hall, 380 Old Street, EC1V 9LT",51.52713550000001,-0.07925789999999999,11:00:00,16:30:00,No,
Shrewsbury House,https://programme.openhouse.org.uk/listings/7175,"Built in 1923, to replace its 18C namesake, Grade ll listed Shrewsbury House is the focus of the Shrewsbury Park Estate conservation area, built 1934-1936 by John Laing and Sons. Two 20th Century Civil Defence buildings are situated within the grounds as well as listed garden features including a recently restored summer house.","Shrewsbury House, Bushmoor Crescent, SE18 3EG",51.47345,0.07296,10:00:00,16:30:00,Yes,No
Sir John Soane's Museum,https://programme.openhouse.org.uk/listings/1660,"The extraordinary home of architect Sir John Soane (1753-1837). 

https://www.soane.org/whats-on","13 Lincoln's Inn Fields, WC2A 3BP",51.51703,-0.1174,10:00:00,16:00:00,No,
Sitopia Farm,https://programme.openhouse.org.uk/listings/12266,"Sitopia Farm is a 2-acre organic and regenerative farm in the London Borough of Greenwich. We are on a mission to improve our food system. We grow vegetables and flowers and sell direct to our local community, to chefs, and to florists. Through our farming and events, courses and community volunteering, we reconnect people to the soil, the joy of good food and flowers, and to each other.","331 Shooters Hill, DA16 3RP",51.4674,0.07924,10:00:00,14:00:00,No,
Slavery and the City,https://programme.openhouse.org.uk/listings/9344,"We will explore sites and institutions with direct links to the history of slavery and hear why the apologies were made in 2020, whilst wandering within the story packed streets and alleyways of the Square Mile.","1 Cheapside, EC2V 6AA",51.51488,-0.09755,11:00:00,13:00:00,Yes,Yes
Society for the Protection of Ancient Buildings (SPAB),https://programme.openhouse.org.uk/listings/1650,"A rare opportunity to explore the Georgian headquarters of the Society for the Protection of Ancient Buildings (SPAB), the UK’s oldest building conservation charity, not normally open to the public.","37 Spital Square, E1 6DY",51.52038,-0.07836,10:00:00,16:30:00,Yes,Yes
Soho Photography Quarter,https://programme.openhouse.org.uk/listings/10735,"Architecture studio Klaud leads a tour of the Soho Photography Quarter and The Photographers’ Gallery’s refurbished ground floor, redesigned to connect with this new public space, which features a 45m ‘Artfrieze’ at the heart of a curated public art programme. They are joined by Clare Grafik, Head of Exhibitions at The Photographers’ Gallery, who will present this year’s public space commission.","16-18 Ramillies Street, W1F 7LW",51.51496789999999,-0.1390767,11:00:00,12:00:00,Yes,Yes
Southbank Printmakers,https://programme.openhouse.org.uk/listings/13875,"We are a friendly artist run gallery in Wells Street offering affordable, handmade fine art prints with a broad range of subjects created using many different printmaking techniques.
We aim to encourage people who have never encountered art before to experience printmaking through our regular workshops.","73 Wells Street, W1T 3QG",51.51702,-0.13776,12:00:00,17:00:00,Yes,No
Southlands Arts Centre,https://programme.openhouse.org.uk/listings/13809,"Explore Southlands Arts Centre and discover the history and architecture of this Grade II listed Queen Anne-style building. Admire its distinctive red-brick façade, elegant decorative detailing and historic interiors, and learn how this former private residence has evolved into a thriving community arts centre, celebrating Hillingdon's rich architectural and cultural heritage.","Southlands Arts Centre, 75, The Green, West Drayton, UB7 7PW",51.50154,-0.47577,10:00:00,16:00:00,No,
"St Alban the Martyr, South Norwood",https://programme.openhouse.org.uk/listings/13012,"Since 1891, St Alban's has served South Norwood and Thornton Heath; areas that began to develop with the coming of the railways. The church  was  built by the community and is  still serving the community.  The building design altered considerably from start to finish and a small exhibition will give examples of the various suggestions.","Grange Road, Thornton Heath, CR7 8SA",51.39877,-0.09295,10:00:00,18:00:00,No,
"St Aldhelm's Church, Edmonton - an overlooked gem",https://programme.openhouse.org.uk/listings/13677,"St Aldhelm's is a Grade-2 listed church designed by the Arts and Crafts-influenced architect W. D. Caröe. Worth visiting for its architecture, it also holds a set of art and stained glass by Walter P. Starmer, famous for his murals at St. Jude-on-the-Hill, Hampstead Garden Suburb. Visitors will be able to see the beautiful cantilevered stone spiral staircase, not usually accessible to the public.","St Aldhelm's Church, Silver Street, N18 1PL",51.61685,-0.08045,10:00:00,17:00:00,Yes,No
"St Alphege Church, Edmonton",https://programme.openhouse.org.uk/listings/7618,"The Church of St Alphege is Grade II listed, combining modernist Scandinavian and traditional ecclesiastical forms with good-quality sculptural enrichment; graceful, lofty interiors, with subtle detailing applied consistently throughout.","Rossdale Drive/Hertford Road, Lower Edmonton, N9 7LG",51.63397,-0.05327,11:00:00,15:00:00,No,
St Andrew's Kingsbury (new church),https://programme.openhouse.org.uk/listings/2485,"Meticulous 1930s rebuilding (complete with original furnishings) of an 1840s Marylebone church. Grade I listed. Contains works by Pugin, Burges, Street, Pearson and Butterfield.","Junction of Church Lane/Tudor Gardens/ Old Church Lane, Kingsbury",51.5667,-0.26418,11:00:00,17:00:00,No,
"St Anne's Church, Kew Green",https://programme.openhouse.org.uk/listings/5163,"St Anne's Church, Kew Green was consecrated in 1714. Built with the support of Queen Anne it has been a place of worship for the Royal Families over the centuries. The original 'chapel' has been extended many times and the church is now a little known gem in South West London with a fascinating past.","Kew Green, TW9 3AA",51.48394,-0.28954,10:00:00,16:00:00,No,
"St Anne's Church, Limehouse",https://programme.openhouse.org.uk/listings/6270,"St Anne's Limehouse has been described as 'the finest parish church in England.' Designed by Nicholas Hawksmoor, it is Grade I listed and one of the Major Churches in the Church of England. It is home to a thriving Christian congregation.","Three Colt Street, NULL, E14 8HH",51.5107,-0.03039,10:00:00,16:00:00,Yes,No
St Augustine's Church,https://programme.openhouse.org.uk/listings/2490,"St. Augustine's, Kilburn affectionately known as 'The Cathedral of North London' was established in 1870. Fr. Kirkpatrick, the first Vicar, engaged John Loughborough Pearson as the architect with the result being what many consider one of his finest works. Externally in 1890 with the tower and spire it became the 2nd tallest building in London (now ecclesiastically 2nd to St. Paul's Cathedral).","Kilburn Park Road, NW6 5XB",51.53353509999999,-0.1916647,10:00:00,16:00:00,Yes,No
St Bonifatius RC German Church,https://programme.openhouse.org.uk/listings/6768,"Centre of German religious and cultural life for more than 200 years. Impressive 20th century church building with contributions from various German artists. Exhibition of German émigré artist Hans Feibusch ""Five Stories from the Old Testament"" (courtesy of Ben Uri Gallery). Demonstration of the organ by resident organist Paul Dichtl.","47 Adler Street, E1 1EE",51.51579,-0.06727,10:00:00,16:00:00,No,
"St Bride's Church, Fleet Street",https://programme.openhouse.org.uk/listings/10035,"Wren designed building of 1675, interior lost in blitz of 1940, reopened 1957 with 'Wren inspired' interior","St Bride's Church, St Bride's Avenue, EC4Y 8AU",51.51376,-0.10554,10:00:00,15:00:00,No,
St George's Cathedral,https://programme.openhouse.org.uk/listings/2502,"A stunning cathedral in the heart of London. Discover the story of a forgotten masterpiece. Designed by Augustus Pugin and opened in 1848, the original cathedral was hailed as England's foremost Catholic church before an incendiary bomb devastated the building in 1941. Explore the history, architecture and legacy that shaped the Cathedral you see today—and discover its remarkable story.","Lambeth Road SE1, SE1 7HY",51.4982463,-0.1088368,10:00:00,17:00:00,No,
"St Giles Parish Church, Camberwell",https://programme.openhouse.org.uk/listings/2505,"A large Grade II* listed parish church - built in 1844 it was one of the first churches designed by George Gilbert Scott (St Pancras Station), grandfather of Giles Gilbert Scott (Tate Modern). The church replaced an older medieval church which burned down. 

Key features include the magnificent east window by Ruskin and a Wesley designed organ that is most famous as the origin of ORGANOKE.","Camberwell Church Street, SE5 8RB",51.47387,-0.08982,10:00:00,15:00:00,No,
St James the Less Church,https://programme.openhouse.org.uk/listings/2508,"One of London's best Victorian churches and a key building in the history of the Gothic Revival. Polychromatic brickwork, with interior art work by G.F. Watts and Thomas Earp, and stained glass windows and painted ceiling by Clayton and Bell. The building is Grade I listed.","Thorndike Street,, off Moreton Street, SW1V 2PS",51.49082,-0.13496,10:00:00,15:00:00,No,
"St John the Evangelist, Upper Norwood",https://programme.openhouse.org.uk/listings/11789,"St John's is a Grade II* listed church, designed by John Loughborough Pearson","Sylvan Road, SE19 2RX",51.41148,-0.07931,12:30:00,16:15:00,Yes,No
St Lawrence Jewry,https://programme.openhouse.org.uk/listings/3866,"First built in c.1136, St. Lawrence Jewry was destroyed in the Great Fire of 1666. The present church was designed by Sir Christopher Wren in 1671. The interiors were destroyed in December 1940 during the World War Two and restored in 1957, faithful to Wren’s original design. Extensive conservation works were completed in 2023.
The official church to the City of London Corporation.","Guildhall Yard, EC2V 5AA",51.51554640000001,-0.0923729,10:00:00,17:00:00,No,
St Margaret Pattens Guild Church,https://programme.openhouse.org.uk/listings/12807,Take a guided tour of a beautiful example of a Wren church with unique features,"Rood Lane, Eastcheap, EC3M 1HS",51.51079,-0.08305,10:00:00,18:00:00,Yes,No
St Margaret's Parish  Church Barking,https://programme.openhouse.org.uk/listings/12674,"The parish church of St. Margaret of Antioch Virgin and Martyr is a Grade I listed building dating back to 1215. The church is the living continuation of Barking Abbey, sharing a joint history for centuries.","St Margaret's Parish Church, The Broadway, North St, Barking",51.53557,0.07587,10:00:00,15:00:00,No,
"St Mark's Church, Biggin Hill",https://programme.openhouse.org.uk/listings/12514,"The Moving Church.
On his appointment to Biggin Hill in 1951, Rev Vivian Symons had the vision to bring the materials for a new church building from the disused All Saints, North Peckham. But first, he had to deconstruct a huge Victorian church, and bring it by himself to its new site.
However, St Mark's is Grade 2 listed, not because of its origin, but due to its style.","St Mark's Church, 10 Church Road, Biggin Hill, TN16 3LB",51.31178,0.03515,10:00:00,16:00:00,No,
St Marks Schoolhouse,https://programme.openhouse.org.uk/listings/12900,"Dow Jones Architects has recently refurbished this 1866 listed schoolhouse as their architecture studio. The project has created a light-filled contemporary work space, and demonstrates a sensitive, low carbon approach to restoring a listed building. Artist Richard Castor Jeffery (www.rcjfineart.co.uk) will be showing some of his paintings of buildings and spaces.","St Marks Schoolhouse, Battersea Rise, SW11 1EJ",51.4605,-0.16983,11:00:00,16:00:00,No,
St Martin-in-the-Fields,https://programme.openhouse.org.uk/listings/3205,"One of Britain's finest churches, built in the Italian Baroque tradition and beautifully restored in 2008. Sustainable features include new heating and management systems and lightwell. RIBA Award Winner 2009. Civic Trust Award Winner 2010.","Trafalgar Square  , WC2N 4JH",51.50883,-0.12707,11:00:00,17:00:00,No,
"St Mary & St Joseph Roman Catholic Church, Poplar",https://programme.openhouse.org.uk/listings/13253,Grade II Listed.   Designed by Adrian Gilbert Scott.  Cruciform shape (120 feet by 120 feet) of steel girder and brick construction. Its Lantern tower – based on Ely Cathedral – is supported on parabolic arches 35 feet wide and 50 feet high.  The Stained Glass Windows were designed by John Wilson of Edinburgh and the Stations of the Cross  carved in Blue Horton Stone by Peter Watts.,"St Mary & St Joseph Church, Upper North Street, Poplar, London",51.51203,-0.02052,15:00:00,17:00:00,No,
St Mary Aldermary,https://programme.openhouse.org.uk/listings/1824,"The church was first mentioned c1080 and is the oldest of the City churches dedicated to St Mary. It became a Guild Church by virtue of the  City of London (Guild Churches) Act, 1952.  It is the only Wren church built in the Late Gothic style after the Great Fire of London, 1666, thanks to a bequest.","Watling Street, EC4M 9BW",51.51299,-0.09353,09:30:00,15:00:00,No,
St Mary Magdalene,https://programme.openhouse.org.uk/listings/5810,"An historic living parish church, progressively shaped from the Tudor to the Edwardian period. St Mary's has recently undergone a major refurbishment and the newly restored windows recapture the original airiness of the C18 nave.","Paradise Road, Richmond, TW9 1SN",51.46024,-0.30158,11:00:00,12:00:00,No,
St Mary Magdalene Church,https://programme.openhouse.org.uk/listings/945,Fine Victorian Gothic church with impressive windows and painted chancel. Paintings by Buckeridge and Westlake 1897. Restoration of chancel paintings was to celebrate the Diamond Jubilee of Queen Elizabeth II (2012).,"Windmill Hill, Enfield, EN2 7AJ",51.6538,-0.09681,10:00:00,17:00:00,No,
St Mary Magdalene Church & Nature Reserve,https://programme.openhouse.org.uk/listings/2526,"Grade I listed 12C church, with London's largest churchyard and one of the best-preserved Norman archways in the country, as well as other interesting features, including an anchorite's cell and 750-year-old wall paintings.","St Mary Magdalene Church, High Street South, E6 3PG",51.5222513,0.05883790000000001,10:00:00,15:00:00,No,
St Mary the Virgin Primrose Hill,https://programme.openhouse.org.uk/listings/13007,"St Mary's is a Victorian church famous for its second vicar Percy Dearmer who together with Ralph Vaughn Williams produced the English Hymnal in 1906.  We have a rich history of Church Music, beautiful worship and  vestments.  We also have a passion for  social justice within our community.  We were the first parish in Edmonton Diocese to have a woman vicar.","St Mary's Primrose Hill, Elsworthy Road, NW3 3DJ",51.54221,-0.16263,09:00:00,18:00:00,No,
St Mary's Church Harrow on the Hill,https://programme.openhouse.org.uk/listings/13341,"Guided walk (1 hour): On the theme of ""everyday histories"". We will uncover how ordinary people shaped the landmarks in our area. We look at how St Mary's Church, Harrow on the Hill, drew attention  for over 1200 years, how the core buildings of Harrow School evolved under different architects and how different workforces contributed to the railways and development of Metroland.","St Mary's Church Harrow on the Hill, Church Hill,, Harrow, HA1 3HL",51.57411,-0.33726,10:00:00,18:00:00,Yes,No
"St Mary's Church, Battersea",https://programme.openhouse.org.uk/listings/2533,"During Open House, the Friends of Battersea Parish Church present a Floral Festival, organ recitals, historical displays, alongside 3 talks exploring history, creativity, sanctuary & Battersea’s radical past. Sat 12 Sept Dr. Peter Rumley at 6pm, Tues 15 Guy Stagg at 6.30pm,  Thurs 17 at 6.30pm Rory Walsh & Mike Squires.  Plus Join us for Choral Evensong amidst the flowers at St Mary’s Battersea.","Battersea Church Road, SW11 3NA",51.47864,-0.17138,10:00:00,16:00:00,Yes,No
St Michael and All Angels Church,https://programme.openhouse.org.uk/listings/7801,"James Maltby Bignall (1827-1885) worked in the practice of Sir George Gilbert Scott, the architect of St Pancras Station. The style of St Michael's is late Gothic Revival, in its size and height reminiscent of Northern European churches.","Northcote Road, Walthamstow, E17 6PQ",51.58545,-0.02968,12:00:00,17:00:00,No,
St Olave Hart Street,https://programme.openhouse.org.uk/listings/13791,"A Great Fire Survivor, damaged in the blitz, the post war restoration of this fascinating building began 75 years ago this year.  Described by John Betjeman as a 'country church in the world of Seething Lane' the building uniquely blends medieval fabric with Festival of Britain era motifs. Explore the medieval crypt, 'Pepys' vestry, church tower and ringing room. Bellringing demonstrations.","8 Hart Street, EC3R 7NB",51.51094,-0.07946,12:30:00,17:30:00,Yes,No
St Pancras Church & Crypt,https://programme.openhouse.org.uk/listings/3678,"The church (1822 - Grade I listed) is an early and important example of Greek Revival architecture in London. Significant features include the caryatids and tower copied from models in Athens, and the atmospheric crypt.","Euston Road/Upper Woburn Place NW1, NW1 2BA",51.52727,-0.13075,10:00:00,15:15:00,No,
St Pancras Old Church,https://programme.openhouse.org.uk/listings/2552,"Dating from 11/12C and standing on the oldest site of Christian worship in London (3C). Inside is much 17C ornamentation and outstanding 6C Altar Stone, reputed to have belonged to St Augustine. Surrounding Churchyard, containing tombs of Sir John Soane, Mary Wollstonecraft and others, has been extensively restored and recently refurbished.","Pancras Road, NW1 1UL",51.53443,-0.13005,10:00:00,17:00:00,No,
St Patrick's Church,https://programme.openhouse.org.uk/listings/4597,"Built thanks to a generous gift from local benefactress, Mrs Lavinia Keene, St Patrick's was consecrated in July 1940 and is unusual in style. The concrete and brick interior contrasts with the dramatic, colourful reredos. Grade II listed.","Blake Avenue, Barking, IG11 9SQ",51.53441,0.09542,10:30:00,16:30:00,No,
St Paul's Bow Common,https://programme.openhouse.org.uk/listings/1365,"Described as 'the most significant church built after the WWII in Britain' - Brutalist, inclusive and influential signpost for future church design.","Corner of Burdett Road/ St Paul's Way, E3 4AR",51.51725,-0.02968,10:00:00,17:00:00,No,
"St Paul's Church, Winchmore Hill",https://programme.openhouse.org.uk/listings/13662,"Church of England parish church built in 1826-27 by John Davies. It is one of the early Commissioners' churches built after the Battle of Waterloo. It forms part of the Winchmore Hill Conservation Area. The chancel was added in 1888-89, and further extended for the church's centenary in 1928. The church is open daily, and there will be guided tours and a special exhibition 19-20 September.","St Paul's Church, Church Hill, N21 1JA",51.63546,-0.10593,09:00:00,17:00:00,Yes,No
"St Paul's, Newington",https://programme.openhouse.org.uk/listings/2556,"Modern architecture church with large copper and lead roof and concrete, brick and stained glass external structure. Marble, wood and plaster interior and artwork by Sculptor Freda Pinto and Gerald Holtom.","Walworth Road, Lorrimore Square, SE17 3QU",51.48463,-0.10166,10:30:00,14:00:00,No,
St Peter’s Church,https://programme.openhouse.org.uk/listings/13717,This Victorian flint faced church is a Commissioner's or Waterloo Church designed by Sir George Gilbert Scott and consecrated in 1851. Set in a closed churchyard with areas for wildlife there is a striking grave to a major benefactor. The east window was made by Whitefriars. There is a self guided tour and videos including a wedding peal on our ring of 12 bells. Refreshments are available.,"St Peter’s Church, St Peter’s Road, Croydon, CR0 1HG",51.36352,-0.09527,10:00:00,16:00:00,No,
St Vedast alias Foster,https://programme.openhouse.org.uk/listings/7369,"12C church. During the Great Fire of 1666 the church building escaped total destruction, and was restored. Christopher Wren was eventually called in to rebuild St Vedast, completing the work in October 1673.","4 Foster Lane, EC2V 6HH",51.51499,-0.09628,10:00:00,16:00:00,No,
St. George Villa,https://programme.openhouse.org.uk/listings/12688,"Tranquility in an urban environment, this project has transformed an unloved basement into a light filled, sustainable, calming home.

A deep retrofit using low-carbon materials, including a high level of insulation, a natural swimming pool, rainwater harvesting and a green roof, this home explores how we can transform high density urban areas into places of harmony between people and nature.","237 Shernhall Street, E17 9HX",51.58036,-0.00502,11:00:00,17:00:00,No,
Stalls and Shops: a walking tour of Lewisham Market,https://programme.openhouse.org.uk/listings/13929,"Join the Stall Tales local history team for a walking tour of Lewisham's market and high street. Discover the hidden history of the market, which began in the 1890s with a few unlicensed stalls, and spent decades fighting for legal recognition. We will look at the market as a temporary architecture, local retail landmarks, and reflect on the changing face of shopping in the high street.","Lewisham High Street (Shopping Centre Entrance Canopy), SE13 7HB",51.45795,-0.01312,11:00:00,15:00:00,Yes,Yes
Star Wars Tour of London,https://programme.openhouse.org.uk/listings/13933,"An unofficial walking tour of London film locations used in Star Wars. Learn about the crucial role the city played for three different empires, Roman, British, and Galactic! 

Discover how London's Barbican Estate was the perfect shooting location for a dystopian view of the science fiction city of Coruscant. 

Learn how London and the destiny of Star Wars are so deeply intertwined!","137 Aldersgate st, EC1M 6EB",51.52013,-0.09759,09:30:00,11:00:00,Yes,Yes
Station Lodge,https://programme.openhouse.org.uk/listings/12729,A unique new build residence with an impressive triple-height living space under a roof with a fully exposed steel and timber structure and an inbuilt design with a potential to be easily split into two separate houses in the future,"208 Seaforth Avenue, New Malden, KT3 6JW",51.39618,-0.2383,13:00:00,18:00:00,Yes,Yes
Straw-ctural Designers,https://programme.openhouse.org.uk/listings/13709,"Scale Rule brings young people together with architects and structural engineers to design and build their ideal school space, with a focus on interacting with our natural environment. Pick a prompt card - a library in a treehouse, a canteen on the canal, a rooftop forest playground  - then sketch it and build it in straws and paperclips alongside practicing professionals.","Canal Building, Regents Wharf, 10–18 All Saints Street, N1 9RL",51.53474,-0.11904,10:00:00,17:00:00,No,
String House - Camberwell,https://programme.openhouse.org.uk/listings/13718,"Contemporary timber frame home with unique string screen; a postwar house reassembled to follow passive house principles. The structure was built in 7 weeks to create a reimagined flexible home of two halves enabling an Airbnb rental that bypasses the first floor kitchen & living area, located to borrow views towards mature trees at the rear & city buses to the front expanding senses & spaces.","124 Grove Lane, SE5 8BP",51.46614,-0.08554,10:00:00,16:00:00,Yes,Yes
Strongroom,https://programme.openhouse.org.uk/listings/13582,"Established 1984, Strongroom has produced some of the biggest records in British music and remains the largest independent recording studio in East London. 

Featuring unique visual design by legendary artist Jamie Reid (Sex Pistols), these spaces are unlike any other. Reid's work draws from druidic culture and sacred geometry to convey vital messages of hope, environmentalism and anti-fascism.","120-124 Curtain Road, EC2A 3SQ",51.52596,-0.08011,13:00:00,17:00:00,Yes,Yes
Swakeleys Estate,https://programme.openhouse.org.uk/listings/1939,"A most important house in Ickenham, an outstanding example of Jacobean architecture built in the 1630s. Red brick construction laid in English bond on an H plan. Great Hall includes the 1655 Harrington Screen, 18C marble fireplace panelling.","Swakeleys Road, Ickenham (access from Milton Road), UB10 8LD",51.56499,-0.45595,10:00:00,16:00:00,No,
Swiss Cottage Library,https://programme.openhouse.org.uk/listings/2179,Grade II listed building by a renowned Modernist which has been refurbished and remodelled whilst protecting the building's landmark status.,"88 Avenue Road, NW3 3HA",51.54231,-0.17294,11:10:00,16:00:00,No,
Sydenham Garden,https://programme.openhouse.org.uk/listings/13931,"At Sydenham Garden, we promote health and wellbeing, support recovery and build connection with nature, gardening, creative expression, and with each other. We provide therapeutic group activities for people who are referred to us.
 
We're opening our Wynell Rd site on Sat 19th Sept; come & visit our buildings, green spaces, view exhibited artworks and have a slice of cake in the garden.","28a Wynell Road, SE23 2LW",51.43285,-0.04481,11:00:00,15:00:00,No,
TOMA House + Studio,https://programme.openhouse.org.uk/listings/13468,"A self-built project by the founder of east London architecture practice TOMA Studio, this mid-terraced Victorian house has been completely re-imagined over the course of three years. The house balances refined detailing with experimentation to create a spacious and comfortable family home, which also accommodates an architecture practice and pottery studio within a Shou Sugi Ban garden room.","61 Lorne Road, E7 0LL",51.5537,0.03201,10:00:00,16:00:00,No,
Temple Bar,https://programme.openhouse.org.uk/listings/1983,"Temple Bar is a 350 year old gateway to the City of London, designed by Sir Christopher Wren. It formerly stood in Fleet Street, and is the last surviving gateway to the City of London. This beautiful structure has a fascinating history, which will be revealed to visitors.","First Floor, Paternoster Lodge, 2 Paternoster Square, EC4M 7DX",51.51508,-0.09844,10:00:00,16:00:00,No,
The Albany,https://programme.openhouse.org.uk/listings/13919,"South East London's leading arts centre,.
The Albany is the engine room for people to reach their creative potential, tell their stories and define their own culture. Together we will inspire new possibilities for positive change.  
The Albany is an incubator for new ideas and initiatives. Our Creative Strategy places democratic, community-led approaches at the heart of everything we do,","Douglas Way, London SE8 4AG, SE8 4AG",51.4776,-0.02686,10:00:00,14:30:00,No,
The Annual Sedici Post Grad Group Exhibition,https://programme.openhouse.org.uk/listings/13882,"Now in its seventeenth year, Sedici consists of artists from many countries who are now based across England. Working across eclectic mediums and subject matter, this diverse body of artists shares an independent and contemporary purpose highlighting the ongoing strength of Art being made today. 

The gallery itself is a reimagined, mid-century school gymnasium with original details","Stanley Street, SE8 4BL",51.47699,-0.03132,11:00:00,17:00:00,Yes,No
The Annunciation Marble Arch,https://programme.openhouse.org.uk/listings/12393,The Annunciation is a dramatic Gothic Revival building tucked behind the Marble Arch end of Oxford Street. The Grade II* church was built by Sir Walter Tapper in 1912-1914.,"Bryanston Street, Marble Arch, W1H 7AH",51.5144,-0.15858,10:00:00,16:30:00,Yes,No
The Arches,https://programme.openhouse.org.uk/listings/12955,"The Arches invites you to explore its artists' work in a newly designed framework by A347, focused on fostering community-minded practices. With spaces centered around a communal core, the open layout encourages collaboration and interaction. Meet the artists, experience their work firsthand, and purchase directly from them, making artistic creation a tool for community building.","347 Arch, Beck Road, E8 4RE",51.53685,-0.05733,10:00:00,18:00:00,No,
The Barbican & The City Gardens,https://programme.openhouse.org.uk/listings/12009,"The Barbican is a residential complex of around 2,000 flats, maisonettes, and houses in the City of London. Built on the site destroyed by The Blitz during the World War II, The Barbican Estate is a fascinating development and an icon of Brutalist architecture. Architects were Chamberlain, Powell and Bon. You will find an oasis in the middle of buildings, with gardens and water features.","Guildhall Yard, EC2V 5AF",51.51543,-0.09204,10:15:00,15:15:00,Yes,Yes
The Battle of Britain Bunker - The Generator House,https://programme.openhouse.org.uk/listings/13377,"Explore the Generator House at RAF Uxbridge’s Battle of Britain Bunker. Normally off‑limits to the public, it houses the original 1930s standby generator that powered the underground Operations Room coordinating RAF Fighter Command in WWII. It offers a glimpse into wartime engineering, featuring preserved machinery, original fittings, and fascinating stories.  Free admission, no booking required.","Battle of Britain Bunker, UB10 0GG",51.54089,-0.46506,10:00:00,16:00:00,No,
The Brunel Museum,https://programme.openhouse.org.uk/listings/2731,London's story of an engineering family that changed the world. Dramatic new staircase below sculpture garden leads to underground chamber. Travel by train through first underwater shopping arcade & fairground to view Thames Tunnel portico.,"Railway Avenue, Rotherhithe, SE16 4LF",51.50121,-0.05212,10:45:00,14:45:00,No,
"The Butcher, The Baker and The Candlestick Maker",https://programme.openhouse.org.uk/listings/12603,"Trade and craft guilds have flourished for centuries. The City of London’s Livery Companies are unique in their survival, number, and diversity. While the original social and economic conditions that created these original guilds have long been overtaken by modern commerce, these fascinating institutions still flourish today. Join us to explore their enduring history and modern impact.","Guildhall Yard, EC2V 5AE",51.51543,-0.09204,10:30:00,15:30:00,Yes,Yes
The Caravan Gallery comes to Croydon: Surrey Street,https://programme.openhouse.org.uk/listings/13944,"The Caravan Gallery is a unique documentary photography project and exhibition focused on Croydon's built environment. The Caravan Gallery photograph the sur/reality of everyday life and work with communities to explore people's connection to place, exhibiting their photographs of the area in a small caravan.","North End, Croydon, CR0 1UD",51.37706,-0.10204,11:00:00,17:00:00,No,
The Catford House,https://programme.openhouse.org.uk/listings/13639,"The Catford House is a newly refurbished pub and community kitchen run by GCDA. The oldest surviving building in Catford was revitalised by Hayatsu Architects as part of Lewisham Council’s town centre regeneration. Led by architect Takeshi Hayatsu, the Open House tour explores the building’s repair, exposed structure and adaptation for community use.","The Catford House, Catford Broadway, SE6 4SP",51.44527,-0.02266,11:00:00,12:00:00,Yes,Yes
The Clockworks,https://programme.openhouse.org.uk/listings/5457,"The Clockworks is the only museum in the world dedicated to electrical horology. A major collection of clocks and timekeepers charts the development of networked and precision timekeeping, from 1840-1970, while an onsite workshop showcases modern and heritage clock conservation in action.","6 Nettlefold Place, SE27 0JW",51.43295,-0.10448,10:00:00,17:00:00,Yes,No
The Crafted Environment: Merton Abbey Mills,https://programme.openhouse.org.uk/listings/13160,"Studio AVC is an architecture and interior design practice based in the historic 1929 Shop at Merton Abbey Mills—Join us for a short talk on William Morris and how the Arts & Crafts movement continues to inspire our designs today. Afterwards, we’ll take you on a guided tour of Merton Abbey Mills, the historic heart of Arts & Crafts making.","Unit 11, The 1929 Shop, Merton Abbey Mills Mills    London SW19 2RD",51.41297,-0.18355,10:30:00,15:30:00,No,
The Evolution of Eye Care: Museum Tour,https://programme.openhouse.org.uk/listings/13748,"The museum houses hundreds of artefacts that provide a rich history of the instruments, innovations and patient care over the last 300 years. There are glass cabinets that display some of the artefacts.  Much of this collection and its display has been built up by Richard Keeler, who is a widely published expert on ophthalmic history. He has been the Honorary Museum Curator since 1999.","The Royal College of Ophthalmologists, 18 Stephenson Way, NW1 2HD",51.5264,-0.13553,10:00:00,15:45:00,Yes,Yes
The Great Fire of London,https://programme.openhouse.org.uk/listings/10238,"On Sunday, 2 September 1666, the Great Fire of London started at a bakery in Pudding Lane, destroying thousands of homes, 87 churches, and St. Paul's Cathedral.
On this walk, we will explore this dramatic story, discover the causes and outcomes of the fire and see how Christopher Wren helped rebuild the city from the ashes.","Guildhall Yard, Gresham Street, EC2V 7HH",51.5151,-0.09212,10:00:00,15:00:00,Yes,Yes
The Hospital Chapel of St Mary & St Thomas,https://programme.openhouse.org.uk/listings/2059,"Founded c1145 by the Abbess of Barking as a hospice for thirteen old and infirm men, the present building is 12C and 19C. Grade II* listed with many interesting monuments, including Burne-Jones windows.","48 Ilford Hill, Ilford, IG1 2AT",51.5579973,0.0692996,10:00:00,16:00:00,No,
The John Morden Centre and Morden College Almshouses,https://programme.openhouse.org.uk/listings/12908,"Morden College is a charity founded in 1695 by Sir John Morden. For over 330 years, it has provided safe, high quality homes that support independence, dignity and belonging later in life. Join a guided tour of its beautiful buildings, from the historic grade I listed Quadrangle to the award winning John Morden Centre, winner of the RIBA Stirling Prize.","Morden College, 19 St Germans Place, SE3 0PW",51.46952,0.01951,10:15:00,16:15:00,Yes,Yes
The King's Foundation - Charlotte Road,https://programme.openhouse.org.uk/listings/13043,"A refurbished factory warehouse, the repurposed space now hosts educational programmes and activities of the School of Traditional Arts and the architectural team of the King’s Foundation. Live demonstrations of traditional arts skills by students and alumni, scheduled talks on KF's architectural projects, and guided tours all await the visitor.","19 - 22 Charlotte Road, EC2A 3SG",51.5257,-0.08132,12:00:00,16:00:00,Yes,No
"The Lansbury Estate: Festival of Britain, Poplar 2026",https://programme.openhouse.org.uk/listings/13866,"Guided tours exploring The Lansbury Estate and it's role in the Festival of Britain, 1951. Discover why 86,000 people travelled on special busses to Poplar to marvel at this new neighbourhood, designed to be a blueprint for Britain's post-war recovery. 45-minute-long walking tours led by knowledgeable local guides.","The Hive, 167a East India Dock Road, E14 0EA",51.51131,-0.015,10:30:00,13:30:00,Yes,Yes
The Lloyd's Register Building,https://programme.openhouse.org.uk/listings/935,"The Lloyd’s Register Building at 71 Fenchurch Street, is the historic headquarters of Lloyd’s Register. Opened in 1901 and designed by Thomas Collcutt, it is a grand classical stone palazzo with rich decorative detailing that reflects the organisation’s status and global ambition. Its architecture combines ornate interiors and artistic craftsmanship with new contemporary workspaces and innovation.","71 Fenchurch Street, EC3M 4BS",51.51249,-0.0788,10:00:00,16:00:00,No,
"The Lock House, Richmond Lock & Weir",https://programme.openhouse.org.uk/listings/13151,"The Lock House is part of Richmond Lock & Weir, on the left bank of the Thames at Richmond. Originally home to the resident lock keeper, it is now the design studio and exhibition space of Astronaut Kawada, architects and designers. They have fully refurbished the interior of the Lock House to create a series of spaces to complement the remarkable and unique qualities of the main structure.","The Lock House, Ranelagh Drive, TW1 1QZ",51.46206,-0.31783,12:00:00,16:00:00,No,
The London Archives,https://programme.openhouse.org.uk/listings/4294,The London Archives' older building was built in the late 1930s for the Temple Press and has many original features. Purpose built extension in early 1990s for archival storage. Public rooms remodelled by Bisset Adams in 2000s.,"40 Northampton Road, Clerkenwell, EC1R 0HB",51.52497,-0.10789,10:05:00,15:05:00,Yes,Yes
The Old Fire Station,https://programme.openhouse.org.uk/listings/12661,"The Old Fire Station is now a thriving community centre run by the Holloway Neighbourhood Group. It has been redeveloped for this purpose, now housing a community room, garden room and hall. The building has many original features (notably on the outside) and even though the usage has changed dramatically it remains an important emergency service for many in the local area.","84 Mayton Street, N7 8HA",51.55854,-0.11725,12:00:00,15:00:00,No,
The Old Fire Station Community Centre N16,https://programme.openhouse.org.uk/listings/12508,"•⁠   Find out more about what goes on here 
•⁠   ⁠Informal building tours 
•.  Meet our Old FireStation community
•.  Explore images from our archive
•⁠   Seasonal food and drink ( pay what you can)
•⁠   Music, games, share stories
•⁠  All ages welcome

Discover more about the working history of our landmark community building; it's past present and future and get to see behind the scenes!","The Old Firestation, 61 Leswin Road, N16 7NX",51.56055,-0.07325,12:00:00,16:30:00,No,
"The Priory and Old Library, Orpington",https://programme.openhouse.org.uk/listings/6935,"Grade II listed building dating back to 1270. Following the dissolution of Christ Church Priory in Orpington in the 1530s, the house became a rectory. Additions were built in 1959 to put in a library.","Church Hill, Orpington, BR6 0HH",51.37865,0.10407,11:00:00,17:00:00,No,
The Purpose of Light: Exhibition by Misan Harriman,https://programme.openhouse.org.uk/listings/13445,"The Purpose of Light, Misan Harriman’s landmark photographic exhibition, bears witness to significant  moments, not with judgment or ideology, but with a deep and unflinching empathy for the human condition. Featuring 110 unique photographs, this exhibition is a call not for division, but for togetherness.","54 Eastcastle Street, W1W 8EF",51.51651,-0.13826,11:00:00,18:00:00,No,
The Ragged School SE1,https://programme.openhouse.org.uk/listings/13819,"Built in 1907, The Ragged School SE1 has been part of the community for nearly 120 years.  starting off as a poor school in the worst and first borough of London, the school aimed to transform lives of the ragged children that lined the streets.  The church then took over the school to form a club,  pass through developers into the hands of an artist.  The White room will open for creative delight.","The Ragged School, 47 Union Street, SE1 1SG",51.5037,-0.09399,12:00:00,17:00:00,No,
The Royal Society,https://programme.openhouse.org.uk/listings/2135,"A spectacular Grade I listed building designed by famed architect John Nash. Built in 1831, these former townhouses have undergone refurbishments throughout their history. The building is now home to the UK's national science academy.","The Royal Society, 6-9 Carlton House Terrace, SW1Y 5AG",51.50593,-0.13235,10:00:00,17:00:00,No,
The St Michael Steiner School,https://programme.openhouse.org.uk/listings/13619,"Our school resides in a Grade II listed building on the edge of Hanworth Air Park. Fortescue House was the rectory for St. George's church on the edge of Hanworth Air Park. Later, it became a school, and now it is the home to the St. Michael Steiner School. We are blessed by beautiful grounds & woodland where the children can play & relax.  We enjoy the unique history and biodiversity of the area.","The St Michael Steiner School, Park Road, Hanworth, TW13 6PN",51.43436,-0.39635,11:00:00,14:00:00,No,
The Story of Housing in Hackney: A Guided Walking Tour,https://programme.openhouse.org.uk/listings/13760,"The tour traces changing ideas about housing, community and urban life. Highlights include the Keeling House, Lennox House, Nisbet House and the Chowdhury Walk. Along the way, we will discuss the architects, planners and communities that shaped these buildings, and consider how their social ambitions continue to influence Hackney today.","Hoxton Station, E2 8HD",51.53023,-0.07606,14:00:00,15:45:00,Yes,Yes
The West End At War,https://programme.openhouse.org.uk/listings/13889,"A special exhibition exploring the people and places that shaped the area during the Second World War. Tracing famous figures who made Soho their home, and the ordinary everyday heroes who kept the area functioning and our spirits up!","75 Dean Street, W1D 3PU",51.51381,-0.13307,12:00:00,17:00:00,No,
Thornhill Square,https://programme.openhouse.org.uk/listings/10893,"A tour of one of the largest and best preserved early Victorian squares and gardens in London, also with a magnificent and original public library of 1906, which shows Byzantine and Art Nouveau influences, and a remarkable Gothic church. Refreshments available.","Main door of St Andrew’s Church, Bridgeman Road, N1 1BQ",51.54089,-0.11595,10:00:00,16:45:00,Yes,No
Tools for Urban Narratives,https://programme.openhouse.org.uk/listings/13652,"During the festival, Lorenzo Zandri’s studio transforms into an immersive environment that bridges the gap between architectural theory and photographic practice. Eschewing traditional construction to focus on the 'process of the image’, Zandri will present an analytical overview of his practice and research – where photography serves as a tool for urban narrative rather than mere documentation.","Bodney Road Studios, 1 Bodney Road, Unit 2, E8 1AY",51.55002,-0.06096,12:00:00,17:00:00,Yes,No
Tooting Bec House,https://programme.openhouse.org.uk/listings/13161,"A double storey rear extension and refurbishment to a Victorian terraced house in Tooting Bec, South West London","47 Chetwode Road, SW17 7RF",51.43738,-0.15937,11:00:00,15:00:00,No,
Trent Park: House of Secrets,https://programme.openhouse.org.uk/listings/8830,"Trent Park House of Secrets is a new museum in a historic country house in Enfield, North London, which recently opened to the public. From glittering 1930s social hub to WWII interrogation centre, the stately home witnessed some of the most closely guarded secrets of the 20th century. This extraordinary story of espionage, courage and creative deception has remained largely untold for over 70 yea","Trent Park House, Daffodil Crescent, Enfield, EN4 0PS",51.66005,-0.135,10:00:00,14:30:00,Yes,Yes
Triangle House,https://programme.openhouse.org.uk/listings/12670,"Winner of the 2025 Camden Design Award for small projects and the 2024 'Don't Move Improve' award for best project under £100k. A self build 39m2 triangular micro home converted from a former mechanic's garage,  creating a flexible and multifunctional home fit for living and working in.  Come and see sliding beds, triangular sofas and a pocket garden.","1a Glastonbury Street, NW6 1QJ",51.55031,-0.19943,10:00:00,16:00:00,No,
Trinity Buoy Wharf/Container City,https://programme.openhouse.org.uk/listings/2205,"Home to London's only lighthouse, fine stock buildings, examples of the innovative Container City buildings and SS Robin, the world’s only surviving complete
Victorian steamship. This former buoy manufacturing site is now a centre for the creative industries with various sculptures and installations.","64 Orchard Place, E14 0JW",51.50862,0.00894,11:00:00,17:00:00,Yes,No
Tuckey Design Studio,https://programme.openhouse.org.uk/listings/8213,This transformation of a derelict pub into an architecture studio doubles up as a gallery and lecture theatre. The new office is an example of the practice’s approach towards existing structures and intelligent architectural interventions.,"58 Milson Road, W14 0LB",51.49872,-0.21419,10:00:00,17:00:00,No,
Twickenham Museum,https://programme.openhouse.org.uk/listings/1741,"Grade II listed former waterman's cottage c1720. Restored and converted into a museum celebrating the rich history of Twickenham, Whitton, Teddington and the Hamptons.","25 The Embankment, Twickenham, TW1 3DU",51.44673,-0.32552,12:00:00,15:00:00,No,
UAL School of pre-degree studies at 40 Lime Grove,https://programme.openhouse.org.uk/listings/13656,"40 Lime Grove has provided creative education to young people for over a century. Opening in 1908 as the Hammersmith College of Art and Building, it is now UAL School of Pre-Degree Studies. A handsome building, influenced by the Arts and Crafts style with gables, mullioned windows, and steep pitched roofs, it is  listed Grade II by Historic England. There is also a listed Mulberry tree.","40 Lime Grove, W12 8EA",51.50367,-0.22823,10:00:00,16:00:00,Yes,Yes
UNIVERSITY OF WESTMINSTER: NCS and Tower Tavern,https://programme.openhouse.org.uk/listings/13826,"The University of Westminster's New Cavendish Street campus, designed by Lyons, Israel and Ellis  represents an important moment in the evolution of the architecture of the modern polytechnic. 
Visitors will explore the campus through guided walks. 
The programme concludes in the University's Tower Tavern, a former public house -  for an evening reception and talk, Pints and the Poly.","115 New Cavendish Street, W1W 6UW",51.52099,-0.13968,11:30:00,20:00:00,Yes,No
Union Chapel,https://programme.openhouse.org.uk/listings/2230,"A Grade I and II*  listed architectural gem that’s home to an inclusive non-conformist church, an award winning venue, a rare and historic pipe organ, Sunday School Hall community hub, and The Margins Project supporting those facing homelessness and pertinent social justice issues.","19b Compton Terrace, N1 2UN",51.54478,-0.10258,11:00:00,21:00:00,Yes,No
Unit 13,https://programme.openhouse.org.uk/listings/13663,"Unit 13 is a space of many parts -  office, workshop, venue, exhibition space, and screening room. It is concieved as a social space in which to collaborate. A place of exchange - both ideas, skills, knowledge, and energy. During the working week we have three architecture practices working from the space - AH A, LSD, and TJA - alongside a revolving exhibition. During the weekend, we have talks.","Unit 13, 39 Gransden Avenue, E8 3QA",51.54066,-0.05639,11:00:00,17:00:00,Yes,No
University of East London - Architecture and Visual Art,https://programme.openhouse.org.uk/listings/12607,"The University of East London’s Architecture and Visual Arts is a lively School that combines, Architecture, Physical Design and the Visual Arts. This perfect combination of creative programmes cross-pollinate, providing a fertile ground for creation, arts and design.
Our presence  will feature guided tours to the state-of-the-art facilities, creative studios, and ‘Way out East’ gallery.","Docklands Campus, University Way, E16 2RD",51.50736,0.06417,10:00:00,16:30:00,No,
Van Gogh House London,https://programme.openhouse.org.uk/listings/8317,The carefully renovated Van Gogh House seeks to share its story and inspire a new generation of artists through Van Gogh’s London story. The house curates a dynamic programme of events anchored in the artist’s practice and local heritage.,"87 Hackford Road, Stockwell, SW9 0RE",51.47452,-0.11514,10:00:00,17:00:00,No,
Vyner Studios,https://programme.openhouse.org.uk/listings/13740,"Visit Vyner Studios, the new home of Studio Bark and U-Build. This light-touch retrofit turns a stranded warehouse into a circular 'Material Bank.' 

Modular U-Build partitions can be endlessly unbolted, proving interiors are adaptable assets, not sunk costs. Finished with plywood, acoustic Hemspan, cork and clay paints, it offers a radical, healthy blueprint for future creative workspaces.","Vyner Works, 59-61 Vyner Street, E2 9DQ",51.53486,-0.05478,10:00:00,16:00:00,No,
Walking Stories: Haringey Golden Key Academy exhibition,https://programme.openhouse.org.uk/listings/13903,"Step inside and discover the eight community-led walking tours exploring Haringey’s people, places and histories. Walking Stories: Haringey brings together photographs, maps, archives, artwork and stories from across the borough. The exhibition at Birch Arts CIC gallery, in one of Blue House Yard’s distinctive colourful huts, is created by the Golden Key Academy tour guide course participants.","Birch Arts Gallery, Blue House Yard, Wood Green, N22 7TB",51.5972,-0.11166,12:00:00,18:00:00,No,
Walthamstow Pumphouse Museum,https://programme.openhouse.org.uk/listings/983,"Grade II listed Victorian engine house remodelled to take a pair of 1895 Marshall steam engines, still in working order. A museum celebrating the rich Industrial Heritage of the Borough and the Lea Valley Region.","10 South Access Road, E17 8AX",51.57672,-0.03476,10:30:00,15:30:00,No,
Wapping Hydraulic Power Station,https://programme.openhouse.org.uk/listings/13627,"A rare opportunity to see inside Wapping Hydraulic Power Station, built in 1890 and London's last hydraulic power station to be decommissioned. The site has been closed for the last ten years, but is now entering a new era under the custodianship of Glass Castle Foundation, which has begun restoration ahead of plans to breathe new life into the building as a  centre for experimental arts.","Wapping Hydraulic Power Station, Wapping Wall, E1W 3SF",51.50746,-0.05167,10:00:00,16:00:00,Yes,No
Warehouse Art Collective,https://programme.openhouse.org.uk/listings/12887,"In our community, creativity is a way of life. Warehouse residents forge friendships, make art and host events in our unique spaces. A few of us will open the doors of our alternative lifestyle and show what it is like to live and thrive in the warehouses. The public can engage with contemporary art in the live/work industrial units of the Haringey Warehouse District.","1 Overbury Rd, N15 6RH",51.57644,-0.08742,11:30:00,19:00:00,No,
Water Lane Building - Trigon Fire Safety,https://programme.openhouse.org.uk/listings/13551,"We are a fire safety consultancy working in the built environment. We provide fire safety advice to architects, designers, engineers, building owners, building managers etc.
We are based in Richmond and recently completed our own fit-out of the first floor.","Water Lane Building, 83-84 George Street, Richmond, TW9 1HE",51.4596,-0.30656,11:00:00,17:30:00,No,
Wennington Parish Church of St Mary and St Peter,https://programme.openhouse.org.uk/listings/10184,Grade II listed Norman church dating from as early as 1190 and as late as 1248.,"Wennington Road, Wennington, RM13 9DX",51.5067131,0.2172764,10:00:00,16:00:00,No,
West Wickham Library,https://programme.openhouse.org.uk/listings/12207,"Modern public library extended and reimagined 2023-2025, re-opened 2025 with improved library facilities, makerspace, business lounge, community space, Bromley Historic Collections displays, garden and café. London Borough of  Bromley Regeneration Team project, architects Brimelow McSweeney, library operators GLL.","Glebe Way, West Wickham, BR4 0SH",51.37585,-0.01397,09:30:00,16:30:00,Yes,No
Westminster Quaker Meeting House,https://programme.openhouse.org.uk/listings/3523,"Three centuries of Quakers in Westminster.  Opened in 1883, with front doors added in the 1920s. It was bomb-damaged in 1941 and rebuilt in 1956. Grade II listed registered place of worship, it contains a peaceful meeting room and 1950s wood panelling and fittings.","52 St Martin's Lane, WC2N 4EH",51.51077,-0.12677,09:00:00,17:00:00,No,
What makes a good school?,https://programme.openhouse.org.uk/listings/13649,"We attend primary school at an impressionable age and this is often our first experience of wider society.  The word 'school' is used to mean the social institution and the physical building but neither is fixed - both are subject to change.  This walking tour will explore the evolution of school building design, teaching practice and attitudes to education in Southwark between 1873 and 2022.","Jamaica Gate, next to Southwark Park Lodge, Southwark Park, SE16 2ET",51.49523,-0.05656,10:00:00,12:30:00,Yes,Yes
WilkinsonEyre,https://programme.openhouse.org.uk/listings/13892,"WilkinsonEyre has built some of the world’s most recognisable landmarks. Our global portfolio includes the spectacular restoration of London’s Battersea Power Station, Gardens by the Bay in Singapore and buildings for Apple, Facebook and Dyson. 

Explore our new studio in Shoreditch - designed by us - to see where we explore, innovate and create.","WilkinsonEyre, 28 Leonard Street, EC2A 4BY",51.52456,-0.08633,10:00:00,16:00:00,No,
William Mitchell's Mural at Brooklands Primary School,https://programme.openhouse.org.uk/listings/13814,"Join us at Brooklands Primary School to discover more about the story of William Mitchell’s mural (1958), designed as part of the London County Council’s pioneering Design Consultant Scheme","Brooklands Primary School, Medbourne Close, SE3 9AB",51.4639,0.01855,14:00:00,16:00:00,Yes,No
Wimbledon Windmill Museum,https://programme.openhouse.org.uk/listings/2396,"Rare example of a hollow post mill (1817). Grade II* listed, it now contains a museum depicting the history and development of windmills in Britain. Many working models, windmill machinery, equipment and tools.","Windmill Road, Wimbledon Common, SW19 5NR",51.43312,-0.23263,14:00:00,17:00:00,No,
Women of learning and law on the Strand,https://programme.openhouse.org.uk/listings/13710,"Join us for a walking tour along a short but remarkable stretch of the Strand and Aldwych, where centres of law and learning have flourished from Tudor times to the present day. Along the way, we will hear the stories of the women — and a few men — connected to this corner of London: royal residents, scholars, activists, lawyers, artists and athletes who lived, worked, studied here, and went on to change the world. We will look at the buildings and artworks that carry their traces and walk in the footsteps of some of history's most formidable women, who opened doors for those of us who came after them.","Outside ME London, 336-337 Strand, WC2B 4RD",51.51181,-0.11889,14:00:00,16:30:00,Yes,Yes
Wrotham Park,https://programme.openhouse.org.uk/listings/2418,"A privately-owned Grade II listed Palladian mansion with grand interiors restored in 1883, set in 300 acres of parkland in the midst of 2,500 acres. Built for Admiral The Hon. John Byng.","Wrotham Park, Barnet, EN5 4SB",51.67215,-0.1937,10:00:00,16:45:00,Yes,Yes
Zoroastrian Centre For Europe (formerly Grosvenor Cinema),https://programme.openhouse.org.uk/listings/3433,"Grade II* listed Art Deco building with well-preserved interior. Auditorium with deep coved ribs; proscenium arch flanked by fluted columns. Restoration fully funded by in house donations from Zoroastrian faith community, without government grants.","440-442 Alexandra Avenue, Harrow, Middlesex, HA2 9TL",51.57401,-0.37068,10:00:00,16:00:00,No,
outhouse gallery,https://programme.openhouse.org.uk/listings/12832,"outhouse gallery is a small, independent, artist-run creative space located in Brunswick Park, Camberwell. 
As a former public toilet, the gallery's mission is to be open, public and accessible to both facilitators and visitors - from free exhibitions, live performances, and workshops to publishing articles online and in outhouse magazine.","Unit 1, inside Brunswick Park, SE5 7RH",51.47498,-0.08501,12:00:00,17:00:00,No,
