{
    "features": [
        {
            "geometry": {
                "coordinates": [
                    -0.1081791,
                    51.5150637
                ],
                "type": "Point"
            },
            "properties": {
                "balloted": "No",
                "description": "Fine example of an early 5-floor Queen Anne town house with original panelling, open staircase and unique 'swinging panels' on the open-plan first floor. Johnson compiled his famous 'Dictionary of the English Language' (1755)  here.",
                "end": "17:00:00",
                "fully_booked": "",
                "images": [
                    {
                        "archive_url": "https://raw.githubusercontent.com/infrastructureclub/open-house-london-images/master/images/2026/275/building_275_djh-ext-4-jpg_6a7b451e39e8c0df2b352acda4ee5c41.jpg",
                        "title": "Dr Johnson's House Trust"
                    },
                    {
                        "archive_url": "https://raw.githubusercontent.com/infrastructureclub/open-house-london-images/master/images/2026/275/building_275_first-floor-1-jpg_8f80a08889803174cf6f43f23ce644e4.jpg",
                        "title": "Dr Johnson's House Trust"
                    },
                    {
                        "archive_url": "https://raw.githubusercontent.com/infrastructureclub/open-house-london-images/master/images/2026/275/building_275_garret-stairs_f5c6937034da57f7e206514108c99139.jpg",
                        "title": "Dr Johnson's House Trust"
                    },
                    {
                        "archive_url": "https://raw.githubusercontent.com/infrastructureclub/open-house-london-images/master/images/2026/275/building_275_2011-garret-10_e9852059b2f2c6ea91d73580012bdf50.jpg",
                        "title": "Dr Johnson's House Trust"
                    },
                    {
                        "archive_url": "https://raw.githubusercontent.com/infrastructureclub/open-house-london-images/master/images/2026/275/building_275_library-11_825d271197f1a7cce65020bc4395e9ce.jpg",
                        "title": "Dr Johnson's House Trust"
                    },
                    {
                        "archive_url": "https://raw.githubusercontent.com/infrastructureclub/open-house-london-images/master/images/2026/275/building_275_parlour-1-jpg_7fc5b1feebac83b753966fffe2976aa0.jpg",
                        "title": "Dr Johnson's House Trust"
                    }
                ],
                "name": "Dr Johnson's House",
                "new_venue_this_year": "No",
                "start": "10:00:00",
                "ticketed_events": "No",
                "url": "https://programme.openhouse.org.uk/listings/275"
            },
            "type": "Feature"
        },
        {
            "geometry": {
                "coordinates": [
                    0.0995563,
                    51.5343105
                ],
                "type": "Point"
            },
            "properties": {
                "balloted": "No",
                "description": "One of the finest surviving Elizabethan red brick Manor houses- Grade I listed. Contains 17th Century wall-paintings, charming walled garden and a fine Tudor tower with original stairs. Many original features have been restored and layout remains mostly unchanged in over 400 years.",
                "end": "16:00:00",
                "fully_booked": "No",
                "images": [
                    {
                        "archive_url": "https://raw.githubusercontent.com/infrastructureclub/open-house-london-images/master/images/2026/304/building_304_img_3283_f189370a504ce4b58888cd0f1d1aa31a.png",
                        "title": "Photo of Eastbury Manor House"
                    },
                    {
                        "archive_url": "https://raw.githubusercontent.com/infrastructureclub/open-house-london-images/master/images/2026/304/building_304_img_7397_5b91f4dcb8c80d5a87ad5c58d4b65075.jpg",
                        "title": "Photo of Eastbury Manor House"
                    },
                    {
                        "archive_url": "https://raw.githubusercontent.com/infrastructureclub/open-house-london-images/master/images/2026/304/building_304_eastbury-winter-sun_7fe7570b5bc78f1e988ab81b8f6aaa8f.jpg",
                        "title": "Photo of Eastbury Manor House"
                    },
                    {
                        "archive_url": "https://raw.githubusercontent.com/infrastructureclub/open-house-london-images/master/images/2026/304/building_304_dg_dsc3960-hdrlr_emh_central-attic_2021-1_845cd9eb8c13e5d6477088718272f6d0.jpg",
                        "title": "Photo of Eastbury Manor House"
                    }
                ],
                "name": "Eastbury Manor House",
                "new_venue_this_year": "No",
                "start": "10:30:00",
                "ticketed_events": "Yes",
                "url": "https://programme.openhouse.org.uk/listings/304"
            },
            "type": "Feature"
        },
        {
            "geometry": {
                "coordinates": [
                    -0.17475,
                    51.45728
                ],
                "type": "Point"
            },
            "properties": {
                "balloted": "No",
                "description": "Former Royal Patriotic orphanage, converted to school 1883, with 1896 additions and other developments. High Victorian style with stained glass by Moira Forsyth. Set in 12 acres.\r\n\r\nIn 2022 the building celebrated its 150th anniversary.",
                "end": "16:00:00",
                "fully_booked": "No",
                "images": [
                    {
                        "archive_url": "https://raw.githubusercontent.com/infrastructureclub/open-house-london-images/master/images/2026/332/building_332_emanuel-school-main-building_f367d0e846939a6544397f15b7c45823.jpg",
                        "title": "Tony Jones"
                    },
                    {
                        "archive_url": "https://raw.githubusercontent.com/infrastructureclub/open-house-london-images/master/images/2026/332/building_332_high-rev-arial_009_e8d5609e7ac65a1076e97ef6adf8e40f.jpg",
                        "title": "Unknown"
                    },
                    {
                        "archive_url": "https://raw.githubusercontent.com/infrastructureclub/open-house-london-images/master/images/2026/332/building_332_the-drive-1907-cropped_-001_3c3f369605be0afa5fbcd15bfdeab8b7.jpg",
                        "title": "Unknown"
                    },
                    {
                        "archive_url": "https://raw.githubusercontent.com/infrastructureclub/open-house-london-images/master/images/2026/332/building_332_room-22_390_b406e037b5e16bb737f2a9f11d006441.jpg",
                        "title": "Unknown"
                    },
                    {
                        "archive_url": "https://raw.githubusercontent.com/infrastructureclub/open-house-london-images/master/images/2026/332/building_332_emanuel-school-chapel_253f426e9ae9aea27869f422183ece56.jpg",
                        "title": "Tony Jones"
                    },
                    {
                        "archive_url": "https://raw.githubusercontent.com/infrastructureclub/open-house-london-images/master/images/2026/332/building_332_emanuel-school-courtyard_7fcd69b30cc4477bd0cfa0a38648cf23.jpg",
                        "title": "Tony Jones"
                    },
                    {
                        "archive_url": "https://raw.githubusercontent.com/infrastructureclub/open-house-london-images/master/images/2026/332/building_332_emanuel-school-dacre-block-connecting-window_af9f753e8ff88097d6ff3efc59fd5880.jpg",
                        "title": "Tony Jones"
                    },
                    {
                        "archive_url": "https://raw.githubusercontent.com/infrastructureclub/open-house-london-images/master/images/2026/332/building_332_emanuel-school-dacre-block-upper-corridor_688786b3cbe35be1c0486518724715fd.jpg",
                        "title": "Tony Jones"
                    },
                    {
                        "archive_url": "https://raw.githubusercontent.com/infrastructureclub/open-house-london-images/master/images/2026/332/building_332_emanuel-school-dacre-block_fc51fc3ce55e274be48bc768b44311f1.jpg",
                        "title": "Tony Jones"
                    },
                    {
                        "archive_url": "https://raw.githubusercontent.com/infrastructureclub/open-house-london-images/master/images/2026/332/building_332_emanuel-school-library_5b2f72ccbfe3093e68410d2ee9fce255.jpg",
                        "title": "Tony Jones"
                    },
                    {
                        "archive_url": "https://raw.githubusercontent.com/infrastructureclub/open-house-london-images/master/images/2026/332/building_332_emanuel-school-main-building-2_a8daf3b8787dcd2d926933e382772e3f.jpg",
                        "title": "Tony Jones"
                    },
                    {
                        "archive_url": "https://raw.githubusercontent.com/infrastructureclub/open-house-london-images/master/images/2026/332/building_332_emanuel-school-porch_76012b675ff03c9ad70cace2d7e0557a.jpg",
                        "title": "Tony Jones"
                    },
                    {
                        "archive_url": "https://raw.githubusercontent.com/infrastructureclub/open-house-london-images/master/images/2026/332/building_332_emanuel-school-sports-pitches_9b5756944ba3646e3c5f794c39169a41.jpg",
                        "title": "Tony Jones"
                    },
                    {
                        "archive_url": "https://raw.githubusercontent.com/infrastructureclub/open-house-london-images/master/images/2026/332/building_332_snip-1872_a8b1229574737260d5ff753806528838.jpg",
                        "title": "Emanuel School Archive"
                    },
                    {
                        "archive_url": "https://raw.githubusercontent.com/infrastructureclub/open-house-london-images/master/images/2026/332/building_332_frank-norris_025_65c2fd86dc3524725f9f5cf4a1195b18.jpg",
                        "title": "Frank Norris"
                    },
                    {
                        "archive_url": "https://raw.githubusercontent.com/infrastructureclub/open-house-london-images/master/images/2026/332/building_332_2011_4486ae343b6aa8c9147b8dc31767d008.jpg",
                        "title": "Emanuel School Archive"
                    }
                ],
                "name": "Emanuel School",
                "new_venue_this_year": "No",
                "start": "11:30:00",
                "ticketed_events": "Yes",
                "url": "https://programme.openhouse.org.uk/listings/332"
            },
            "type": "Feature"
        },
        {
            "geometry": {
                "coordinates": [
                    -0.19014,
                    51.58208
                ],
                "type": "Point"
            },
            "properties": {
                "balloted": "No",
                "description": "Delightful brick and tile building inspired by the famous 1688 Meeting House at Jordans in Buckinghamshire. A simple building in a tranquil setting, reflecting the Quakers' beliefs.",
                "end": "17:00:00",
                "fully_booked": "",
                "images": [
                    {
                        "archive_url": "https://raw.githubusercontent.com/infrastructureclub/open-house-london-images/master/images/2026/442/building_442_1000039787_6b7dc0c2efe21cff8128899dd312b5f3.jpg",
                        "title": "Photo of Golders Green Quaker Meeting House"
                    }
                ],
                "name": "Golders Green Quaker Meeting House",
                "new_venue_this_year": "No",
                "start": "14:00:00",
                "ticketed_events": "No",
                "url": "https://programme.openhouse.org.uk/listings/442"
            },
            "type": "Feature"
        },
        {
            "geometry": {
                "coordinates": [
                    -0.35449,
                    51.41117
                ],
                "type": "Point"
            },
            "properties": {
                "balloted": "No",
                "description": "Grade I listed Georgian garden building. Tribute to Shakespeare built in the Ionic style by actor David Garrick. Arcadian Thames-side setting in restored 18C gardens thought to be by Capability Brown.",
                "end": "17:00:00",
                "fully_booked": "",
                "images": [
                    {
                        "archive_url": "https://raw.githubusercontent.com/infrastructureclub/open-house-london-images/master/images/2026/460/building_460_1-garrick-s-temple-ready-for-visitors_1f8cf31ab4388aba9257114b5868b0bf.jpg",
                        "title": "Lewis Lloyd"
                    },
                    {
                        "archive_url": "https://raw.githubusercontent.com/infrastructureclub/open-house-london-images/master/images/2026/460/building_460_1-loki-1a-william-summers-elin-harries-kathryn-bennet_74e4bd410e937b31ce06fa42fc940abd.jpg",
                        "title": "Lewis Lloyd"
                    },
                    {
                        "archive_url": "https://raw.githubusercontent.com/infrastructureclub/open-house-london-images/master/images/2026/460/building_460_9-dancing-round-the-maypole_21c820871929e27cd0d58058577b4cf8.jpg",
                        "title": "Lewis Lloyd"
                    }
                ],
                "name": "Garrick's Temple to Shakespeare",
                "new_venue_this_year": "No",
                "start": "12:00:00",
                "ticketed_events": "No",
                "url": "https://programme.openhouse.org.uk/listings/460"
            },
            "type": "Feature"
        },
        {
            "geometry": {
                "coordinates": [
                    -0.1665,
                    51.42661
                ],
                "type": "Point"
            },
            "properties": {
                "balloted": "No",
                "description": "Exceptional example of the luxury cinema 'Picture Palace' of the 1930's with outstanding Gothic interior by Theodore Komisarjevsky and over 3,000-seats. The first and only Grade I listed cinema in the UK.",
                "end": "12:00:00",
                "fully_booked": "",
                "images": [
                    {
                        "archive_url": "https://raw.githubusercontent.com/infrastructureclub/open-house-london-images/master/images/2026/498/building_498_tooting-granada_eh09748_d967f8e0e3140a21b5c2c35cbdba0224.jpg",
                        "title": "Photo of Buzz Bingo Hall (former Granada Cinema)"
                    },
                    {
                        "archive_url": "https://raw.githubusercontent.com/infrastructureclub/open-house-london-images/master/images/2026/498/building_498_20220114_110319-1_954a84d338e4cebc287f4892fab1f772.jpg",
                        "title": "Sophie Hughes"
                    }
                ],
                "name": "Buzz Bingo Hall (former Granada Cinema)",
                "new_venue_this_year": "No",
                "start": "10:00:00",
                "ticketed_events": "No",
                "url": "https://programme.openhouse.org.uk/listings/498"
            },
            "type": "Feature"
        },
        {
            "geometry": {
                "coordinates": [
                    -0.0919,
                    51.51589
                ],
                "type": "Point"
            },
            "properties": {
                "balloted": "No",
                "description": "The City's seat of municipal government since 12C. Grade I listed, rare example of medieval civic architecture. Historic banqueting hall and a site of major moments in British history that is still used today.",
                "end": "16:00:00",
                "fully_booked": "",
                "images": [
                    {
                        "archive_url": "https://raw.githubusercontent.com/infrastructureclub/open-house-london-images/master/images/2026/535/building_535_oh-guildhall-colour-2_4104db47ade6c27302ed62b6e9131e4d.jpg",
                        "title": "City of London Corporation"
                    },
                    {
                        "archive_url": "https://raw.githubusercontent.com/infrastructureclub/open-house-london-images/master/images/2026/535/building_535_greathallsucceed3-from-andrew-buckingham-crop-2_0ced251f386a61b676083905b1d594fe.jpg",
                        "title": "City of London Corporation"
                    }
                ],
                "name": "Guildhall",
                "new_venue_this_year": "No",
                "start": "10:00:00",
                "ticketed_events": "No",
                "url": "https://programme.openhouse.org.uk/listings/535"
            },
            "type": "Feature"
        },
        {
            "geometry": {
                "coordinates": [
                    -0.0557,
                    51.54545
                ],
                "type": "Point"
            },
            "properties": {
                "balloted": "No",
                "description": "Hackney Empire is a grade II* listed building. The theatre was built as a music hall in 1901, designed by the architect Frank Matcham. It is now a variety theatre for the 21st century, serving the local community and beyond.",
                "end": "16:00:00",
                "fully_booked": "No",
                "images": [
                    {
                        "archive_url": "https://raw.githubusercontent.com/infrastructureclub/open-house-london-images/master/images/2026/546/building_546_hackney-empire-auditorium-photo-mark-senior-18_56f6f05e3cce733de2bb929bc7f5af85.jpg",
                        "title": "Mark Senior"
                    },
                    {
                        "archive_url": "https://raw.githubusercontent.com/infrastructureclub/open-house-london-images/master/images/2026/546/building_546__t5h5787_8512251e2a99f66bfa0340954e4300e4.jpg",
                        "title": "Photo of Hackney Empire"
                    },
                    {
                        "archive_url": "https://raw.githubusercontent.com/infrastructureclub/open-house-london-images/master/images/2026/546/building_546_hackney-empire-auditorium-photo-mark-senior-2_64e505acdc5413c64c2b509f5edaca18.jpg",
                        "title": "Mark Senior"
                    },
                    {
                        "archive_url": "https://raw.githubusercontent.com/infrastructureclub/open-house-london-images/master/images/2026/546/building_546_hackney-empire-auditorium-photo-mark-senior-19_aaa60b4cc49aaadb796f69d2b68743ac.jpg",
                        "title": "Mark Senior"
                    },
                    {
                        "archive_url": "https://raw.githubusercontent.com/infrastructureclub/open-house-london-images/master/images/2026/546/building_546_hackney-empire-auditorium-photo-mark-senior-30_a22b8efbc99baa9a58116611e45c8b10.jpg",
                        "title": "Mark Senior"
                    },
                    {
                        "archive_url": "https://raw.githubusercontent.com/infrastructureclub/open-house-london-images/master/images/2026/546/building_546_3b9a9289-2_ffc33edffe3c0b951103213ace8a8c35.jpg",
                        "title": "Photo of Hackney Empire"
                    }
                ],
                "name": "Hackney Empire",
                "new_venue_this_year": "No",
                "start": "10:30:00",
                "ticketed_events": "Yes",
                "url": "https://programme.openhouse.org.uk/listings/546"
            },
            "type": "Feature"
        },
        {
            "geometry": {
                "coordinates": [
                    -0.00773,
                    51.52741
                ],
                "type": "Point"
            },
            "properties": {
                "balloted": "No",
                "description": "The World’s largest tidal mill. 5-storey, timber-framed, brick-clad timber watermill with four waterwheels, originally built in 1776 to mill grain for distillery trade. Operational until 1940. On historic 3 Mills Site, Clock Mill adjacent (No access) .",
                "end": "16:00:00",
                "fully_booked": "",
                "images": [
                    {
                        "archive_url": "https://raw.githubusercontent.com/infrastructureclub/open-house-london-images/master/images/2026/697/building_697_mill-clockmill_f46e0942f8f4daa7f1e4216e725ee6ae.jpg",
                        "title": "Photo of House Mill"
                    },
                    {
                        "archive_url": "https://raw.githubusercontent.com/infrastructureclub/open-house-london-images/master/images/2026/697/building_697_mill-below_d9bda81d75213f919bacc5d8a028b5d0.jpg",
                        "title": "Photo of House Mill"
                    }
                ],
                "name": "House Mill",
                "new_venue_this_year": "No",
                "start": "11:00:00",
                "ticketed_events": "No",
                "url": "https://programme.openhouse.org.uk/listings/697"
            },
            "type": "Feature"
        },
        {
            "geometry": {
                "coordinates": [
                    -0.16184,
                    51.55221
                ],
                "type": "Point"
            },
            "properties": {
                "balloted": "No",
                "description": "Grade I listed 1934 residential block of flats in Hampstead, designed by the Canadian modernist architect Wells Coates for clients Jack and Molly Pritchard. English Heritage blue plaque for Bauhaus masters Gropius, Breuer and Moholy-Nagy. Museum on site.",
                "end": "16:00:00",
                "fully_booked": "",
                "images": [
                    {
                        "archive_url": "https://raw.githubusercontent.com/infrastructureclub/open-house-london-images/master/images/2026/768/building_768_isokon-at-night_f89dc6804333f9487b8a993b3c4092dd.jpg",
                        "title": "Photo of Isokon Building (Lawn Road Flats)"
                    },
                    {
                        "archive_url": "https://raw.githubusercontent.com/infrastructureclub/open-house-london-images/master/images/2026/768/building_768_isokon_8f3c8d650997c3ac5e1eef589572cabb.png",
                        "title": "Photo of Isokon Building (Lawn Road Flats)"
                    },
                    {
                        "archive_url": "https://raw.githubusercontent.com/infrastructureclub/open-house-london-images/master/images/2026/768/building_768_2_06c9923c42b8b72238a6ffaf602b4db7.jpg",
                        "title": "Photo of Isokon Building (Lawn Road Flats)"
                    },
                    {
                        "archive_url": "https://raw.githubusercontent.com/infrastructureclub/open-house-london-images/master/images/2026/768/building_768_3_e00cec989fc14b600bda3b9dfdaa9ef2.jpg",
                        "title": "Photo of Isokon Building (Lawn Road Flats)"
                    },
                    {
                        "archive_url": "https://raw.githubusercontent.com/infrastructureclub/open-house-london-images/master/images/2026/768/building_768_4_1205cf1145056bfa858711abf2608f94.jpg",
                        "title": "Photo of Isokon Building (Lawn Road Flats)"
                    },
                    {
                        "archive_url": "https://raw.githubusercontent.com/infrastructureclub/open-house-london-images/master/images/2026/768/building_768_5_d58263d4706c1e75f5d627c4d7664536.jpg",
                        "title": "Photo of Isokon Building (Lawn Road Flats)"
                    }
                ],
                "name": "Isokon Building (Lawn Road Flats)",
                "new_venue_this_year": "No",
                "start": "11:00:00",
                "ticketed_events": "No",
                "url": "https://programme.openhouse.org.uk/listings/768"
            },
            "type": "Feature"
        },
        {
            "geometry": {
                "coordinates": [
                    -0.1675998,
                    51.5713284
                ],
                "type": "Point"
            },
            "properties": {
                "balloted": "No",
                "description": "A striking Neoclassical villa in tranquil gardens on Hampstead Heath, Kenwood boasts breath-taking interiors by Robert Adam and a world-class art collection.",
                "end": "15:00:00",
                "fully_booked": "No",
                "images": [
                    {
                        "archive_url": "https://raw.githubusercontent.com/infrastructureclub/open-house-london-images/master/images/2026/835/building_835_n070265_fdcf18b39bb6449a5959904020dc8bd6.jpg",
                        "title": "© Historic England Photo Library"
                    },
                    {
                        "archive_url": "https://raw.githubusercontent.com/infrastructureclub/open-house-london-images/master/images/2026/835/building_835_eh23404_33108a011191a7c667b45ffbdde0631a.jpg",
                        "title": "English Heritage Trust"
                    },
                    {
                        "archive_url": "https://raw.githubusercontent.com/infrastructureclub/open-house-london-images/master/images/2026/835/building_835_eh11705_16bb529ec7e2e204c0df7203d49ac552.jpg",
                        "title": "English Heritage Trust"
                    },
                    {
                        "archive_url": "https://raw.githubusercontent.com/infrastructureclub/open-house-london-images/master/images/2026/835/building_835_eh6660_d8b7860b7599685340dfc08bf3229afc.jpg",
                        "title": "English Heritage Trust"
                    },
                    {
                        "archive_url": "https://raw.githubusercontent.com/infrastructureclub/open-house-london-images/master/images/2026/835/building_835_music-room_web_54956b64555d813ac691ee2036dcf676.jpg",
                        "title": "Photograph by Henry Boston-Crayfourd"
                    },
                    {
                        "archive_url": "https://raw.githubusercontent.com/infrastructureclub/open-house-london-images/master/images/2026/835/building_835_eh6672_27e74e3aee04bcad889dcaac18d2e4dd.jpg",
                        "title": "English Heritage Trust"
                    },
                    {
                        "archive_url": "https://raw.githubusercontent.com/infrastructureclub/open-house-london-images/master/images/2026/835/building_835_eh11700_06405bb31831923f5e5d792e7d8a3d5c.jpg",
                        "title": "English Heritage Trust"
                    },
                    {
                        "archive_url": "https://raw.githubusercontent.com/infrastructureclub/open-house-london-images/master/images/2026/835/building_835_j910551_a25a5032071691c4fefec68cc68257e1.jpg",
                        "title": "Photo of Kenwood"
                    },
                    {
                        "archive_url": "https://raw.githubusercontent.com/infrastructureclub/open-house-london-images/master/images/2026/835/building_835_eh23374_4335ed6e7de2ff8f56abbfa8d6cea76e.jpg",
                        "title": "Photo of Kenwood"
                    },
                    {
                        "archive_url": "https://raw.githubusercontent.com/infrastructureclub/open-house-london-images/master/images/2026/835/building_835_eh51469_3b00013e5ed291bf6fbea1cb59de935b.jpg",
                        "title": "Photo of Kenwood"
                    },
                    {
                        "archive_url": "https://raw.githubusercontent.com/infrastructureclub/open-house-london-images/master/images/2026/835/building_835_eh28567_f3c273fd60cc2d5426250b074517eb12.jpg",
                        "title": "Photo of Kenwood"
                    },
                    {
                        "archive_url": "https://raw.githubusercontent.com/infrastructureclub/open-house-london-images/master/images/2026/835/building_835_eh72559_29963ca15d51c8eb3782a483a6b3c183.jpg",
                        "title": "Photo of Kenwood"
                    },
                    {
                        "archive_url": "https://raw.githubusercontent.com/infrastructureclub/open-house-london-images/master/images/2026/835/building_835_eh23406_4143c9892dfd0a6c79d8755c01ba3c25.jpg",
                        "title": "Photo of Kenwood"
                    }
                ],
                "name": "Kenwood",
                "new_venue_this_year": "No",
                "start": "11:00:00",
                "ticketed_events": "Yes",
                "url": "https://programme.openhouse.org.uk/listings/835"
            },
            "type": "Feature"
        },
        {
            "geometry": {
                "coordinates": [
                    -0.08073,
                    51.43006
                ],
                "type": "Point"
            },
            "properties": {
                "balloted": "No",
                "description": "Grade II listed building owned by Southwark Council. Large, 19th century mansion built in the form of a stone-faced baronial castle for the inventor of Bovril. Interior includes substantial wood panelling and a great hall. The building is managed by HH KIngswood Ltd and is used as a cultural and community space.",
                "end": "14:00:00",
                "fully_booked": "",
                "images": [
                    {
                        "archive_url": "https://raw.githubusercontent.com/infrastructureclub/open-house-london-images/master/images/2026/854/building_854_khcpicture2apr06_12e7bb23e87c1921fcb59c9cbd88cc50.jpg",
                        "title": "Photo of Kingswood House"
                    },
                    {
                        "archive_url": "https://raw.githubusercontent.com/infrastructureclub/open-house-london-images/master/images/2026/854/building_854_kingswood-house-group_21395196a7e7729a36e05cb5272a2340.jpg",
                        "title": "Not known"
                    },
                    {
                        "archive_url": "https://raw.githubusercontent.com/infrastructureclub/open-house-london-images/master/images/2026/854/building_854_bovril-castle-aka-kingswood-house_dbcbd98827550e1e86a3743829c14fbc.jpg",
                        "title": "Photo of Kingswood House"
                    },
                    {
                        "archive_url": "https://raw.githubusercontent.com/infrastructureclub/open-house-london-images/master/images/2026/854/building_854_kingswood_house_from_above_d45a96f2c199dda33ed132abab7b82e2.jpg",
                        "title": "Photo of Kingswood House"
                    },
                    {
                        "archive_url": "https://raw.githubusercontent.com/infrastructureclub/open-house-london-images/master/images/2026/854/building_854_kingswood_house_jacobean_room_0108a974530a610fc74bc3cfe0aeb713.jpg",
                        "title": "Photo of Kingswood House"
                    }
                ],
                "name": "Kingswood House",
                "new_venue_this_year": "No",
                "start": "11:00:00",
                "ticketed_events": "No",
                "url": "https://programme.openhouse.org.uk/listings/854"
            },
            "type": "Feature"
        },
        {
            "geometry": {
                "coordinates": [
                    -0.02035,
                    51.47955
                ],
                "type": "Point"
            },
            "properties": {
                "balloted": "No",
                "description": "Part of Trinity Laban's multi-borough campus, the Laban Building is the largest purpose-built contemporary dance centre in the world. \r\n\r\nA gently curving facade with richly coloured plastic-cladding leads into spaces filled with vivid colour and dynamic form.",
                "end": "16:00:00",
                "fully_booked": "",
                "images": [
                    {
                        "archive_url": "https://raw.githubusercontent.com/infrastructureclub/open-house-london-images/master/images/2026/867/building_867_front_path_dd1a08c5d37d1c94937d07bb734b772a.jpg",
                        "title": "Kira Radley"
                    },
                    {
                        "archive_url": "https://raw.githubusercontent.com/infrastructureclub/open-house-london-images/master/images/2026/867/building_867_curve_sweep_3a0c7c2631025cf0b32328ef2aa697cd.jpg",
                        "title": "Martin Jordan"
                    },
                    {
                        "archive_url": "https://raw.githubusercontent.com/infrastructureclub/open-house-london-images/master/images/2026/867/building_867_laban-theatre_0eece7639de3e57869fa63431f4588e9.jpg",
                        "title": "Kira Radley"
                    }
                ],
                "name": "Trinity Laban Conservatoire of Music and Dance",
                "new_venue_this_year": "Yes",
                "start": "11:00:00",
                "ticketed_events": "No",
                "url": "https://programme.openhouse.org.uk/listings/867"
            },
            "type": "Feature"
        },
        {
            "geometry": {
                "coordinates": [
                    -0.143254,
                    51.569267
                ],
                "type": "Point"
            },
            "properties": {
                "balloted": "No",
                "description": "Grade II* listed building in Waterlow Park dating to 1582. Original Tudor wooden framework adapted by successive owners over the centuries. Today the House runs primarily as an arts, heritage and education centre.",
                "end": "15:00:00",
                "fully_booked": "No",
                "images": [
                    {
                        "archive_url": "https://raw.githubusercontent.com/infrastructureclub/open-house-london-images/master/images/2026/888/building_888_img_20220803_202344_ad6d4fa39fc85f7e1f5654f6b61daa54.png",
                        "title": "Katherine Ives"
                    },
                    {
                        "archive_url": "https://raw.githubusercontent.com/infrastructureclub/open-house-london-images/master/images/2026/888/building_888_quinn-london-2_81fc8d81124737c6d4f2ce15fca3cd92.jpg",
                        "title": "Photo of Lauderdale House"
                    },
                    {
                        "archive_url": "https://raw.githubusercontent.com/infrastructureclub/open-house-london-images/master/images/2026/888/building_888_old-front-door-photo-credit-kim-reddish-photography_f05388448daea6aa38d46e0488e38766.jpg",
                        "title": "Photo of Lauderdale House"
                    },
                    {
                        "archive_url": "https://raw.githubusercontent.com/infrastructureclub/open-house-london-images/master/images/2026/888/building_888_brick-arch-autumn-permissions-given-n-smith_b735a39b674c71618adaf72912d92246.jpg",
                        "title": "Photo of Lauderdale House"
                    },
                    {
                        "archive_url": "https://raw.githubusercontent.com/infrastructureclub/open-house-london-images/master/images/2026/888/building_888_img_20190725_142240_ea2a79e3e61b0c8ff3b6bd19d5956c28.jpg",
                        "title": "Photo of Lauderdale House"
                    },
                    {
                        "archive_url": "https://raw.githubusercontent.com/infrastructureclub/open-house-london-images/master/images/2026/888/building_888_image_50457601_8a70af48bf7bf78b213491d4d11a6ee3.jpg",
                        "title": "Photo of Lauderdale House"
                    },
                    {
                        "archive_url": "https://raw.githubusercontent.com/infrastructureclub/open-house-london-images/master/images/2026/888/building_888_lower-gallery-light_c86c63ae4511c874167f34dc4525d886.jpg",
                        "title": "Photo of Lauderdale House"
                    },
                    {
                        "archive_url": "https://raw.githubusercontent.com/infrastructureclub/open-house-london-images/master/images/2026/888/building_888_hpli_1890-cropped_892787b0600c15d3510b4727671c851e.jpg",
                        "title": "Photo of Lauderdale House"
                    },
                    {
                        "archive_url": "https://raw.githubusercontent.com/infrastructureclub/open-house-london-images/master/images/2026/888/building_888_long-gallery_ac47369a25915cb4ecea3e1dda5e10b9.jpg",
                        "title": "Photo of Lauderdale House"
                    }
                ],
                "name": "Lauderdale House",
                "new_venue_this_year": "No",
                "start": "11:00:00",
                "ticketed_events": "Yes",
                "url": "https://programme.openhouse.org.uk/listings/888"
            },
            "type": "Feature"
        },
        {
            "geometry": {
                "coordinates": [
                    -0.03476,
                    51.57672
                ],
                "type": "Point"
            },
            "properties": {
                "balloted": "No",
                "description": "Grade II listed Victorian engine house remodelled to take a pair of 1895 Marshall steam engines, still in working order. A museum celebrating the rich Industrial Heritage of the Borough and the Lea Valley Region.",
                "end": "15:30:00",
                "fully_booked": "",
                "images": [
                    {
                        "archive_url": "https://raw.githubusercontent.com/infrastructureclub/open-house-london-images/master/images/2026/983/building_983_dscf0203-large_95c6be3fe4c1cc327f7e04015aa45e34.jpg",
                        "title": "Photo of Walthamstow Pumphouse Museum"
                    },
                    {
                        "archive_url": "https://raw.githubusercontent.com/infrastructureclub/open-house-london-images/master/images/2026/983/building_983_pumphouse-2_e56a864f5d477bfeb799ae0290603ea9.jpg",
                        "title": "Pumphouse"
                    },
                    {
                        "archive_url": "https://raw.githubusercontent.com/infrastructureclub/open-house-london-images/master/images/2026/983/building_983_dscf0191-large_428c024b6cbbf1088e94375ce1af6b4a.jpg",
                        "title": "Photo of Walthamstow Pumphouse Museum"
                    },
                    {
                        "archive_url": "https://raw.githubusercontent.com/infrastructureclub/open-house-london-images/master/images/2026/983/building_983_fire-truck_04885ab3e6613ef2ca16986ed8666fa4.jpeg",
                        "title": "Photo of Walthamstow Pumphouse Museum"
                    },
                    {
                        "archive_url": "https://raw.githubusercontent.com/infrastructureclub/open-house-london-images/master/images/2026/983/building_983_walthamstow-1_f2af6cd4327dea83ef655f3888a98212.jpeg",
                        "title": "Photo of Walthamstow Pumphouse Museum"
                    }
                ],
                "name": "Walthamstow Pumphouse Museum",
                "new_venue_this_year": "No",
                "start": "10:30:00",
                "ticketed_events": "No",
                "url": "https://programme.openhouse.org.uk/listings/983"
            },
            "type": "Feature"
        },
        {
            "geometry": {
                "coordinates": [
                    -0.16598,
                    51.52433
                ],
                "type": "Point"
            },
            "properties": {
                "balloted": "No",
                "description": "The practice's main campus includes two office buildings constructed using its own Patera pre-fabricated system, and linked by a glass reception area and covered walkway.",
                "end": "16:00:00",
                "fully_booked": "",
                "images": [
                    {
                        "archive_url": "https://raw.githubusercontent.com/infrastructureclub/open-house-london-images/master/images/2026/1086/building_1086_bt_n103-1_1f2cea4f09117dc75dbc31375ec785e2.jpg",
                        "title": "Photo of Hopkins Architects"
                    }
                ],
                "name": "Hopkins Architects",
                "new_venue_this_year": "No",
                "start": "10:00:00",
                "ticketed_events": "No",
                "url": "https://programme.openhouse.org.uk/listings/1086"
            },
            "type": "Feature"
        },
        {
            "geometry": {
                "coordinates": [
                    -0.0115774,
                    51.5855139
                ],
                "type": "Point"
            },
            "properties": {
                "balloted": "No",
                "description": "A row of thirteen dwellings plus a hall used as a committee room and offices, constructed as one block on two floors. The building is divided by a jettied cross range. Grade II listed.",
                "end": "14:00:00",
                "fully_booked": "",
                "images": [
                    {
                        "archive_url": "https://raw.githubusercontent.com/infrastructureclub/open-house-london-images/master/images/2026/1119/building_1119_sir-george-monoux-almshouses-july-2016-2_a5f966061695d6ce15b6c081028b65ea.jpg",
                        "title": "Photo of Monoux Almshouses"
                    }
                ],
                "name": "Monoux Almshouses",
                "new_venue_this_year": "No",
                "start": "10:00:00",
                "ticketed_events": "No",
                "url": "https://programme.openhouse.org.uk/listings/1119"
            },
            "type": "Feature"
        },
        {
            "geometry": {
                "coordinates": [
                    -0.02386,
                    51.50747
                ],
                "type": "Point"
            },
            "properties": {
                "balloted": "No",
                "description": "Grade I listed, late Georgian sugar warehouse now housing the Museum of London Docklands. Sensitively restored, the new multimedia displays coexist with the massive timber and brick structures of the original building.",
                "end": "15:30:00",
                "fully_booked": "Yes",
                "images": [
                    {
                        "archive_url": "https://raw.githubusercontent.com/infrastructureclub/open-house-london-images/master/images/2026/1148/building_1148_museum-of-london-docklands-1-museum-of-london_4a671d76bdb330e3ad88b0c9c7dad6c5.jpg",
                        "title": "Museum of London"
                    },
                    {
                        "archive_url": "https://raw.githubusercontent.com/infrastructureclub/open-house-london-images/master/images/2026/1148/building_1148_museum-of-london-docklands-interior_0e6229f2234d254fd6b1426db296b2a4.jpg",
                        "title": "Museum of London"
                    },
                    {
                        "archive_url": "https://raw.githubusercontent.com/infrastructureclub/open-house-london-images/master/images/2026/1148/building_1148_museum-of-london-docklands-interior-2_e026d84583eaef04bb0b6653cb544bbe.jpg",
                        "title": "Museum of London"
                    }
                ],
                "name": "Museum of London Docklands",
                "new_venue_this_year": "No",
                "start": "12:00:00",
                "ticketed_events": "Yes",
                "url": "https://programme.openhouse.org.uk/listings/1148"
            },
            "type": "Feature"
        },
        {
            "geometry": {
                "coordinates": [
                    -0.10458,
                    51.52299
                ],
                "type": "Point"
            },
            "properties": {
                "balloted": "No",
                "description": "A unique modern courtyard house making brilliant use of an off-street site on Clerkenwell Green. A retractable glass roof gives wonderful natural light all year round and opens the house to the sky in dry weather.",
                "end": "17:00:00",
                "fully_booked": "",
                "images": [
                    {
                        "archive_url": "https://raw.githubusercontent.com/infrastructureclub/open-house-london-images/master/images/2026/1334/building_1334_dscf8946_c8d0aa4e8eca6cef3ff76cb0f5c49d08.jpg",
                        "title": "Peter Clark Images"
                    },
                    {
                        "archive_url": "https://raw.githubusercontent.com/infrastructureclub/open-house-london-images/master/images/2026/1334/building_1334_dscf8863_570fdc258d1d5dc794526ab2fd9a985e.jpg",
                        "title": "Peter Clark Images"
                    },
                    {
                        "archive_url": "https://raw.githubusercontent.com/infrastructureclub/open-house-london-images/master/images/2026/1334/building_1334_dscf8919_9826a947726bc393c50b93bf9c26e948.jpg",
                        "title": "Peter Clark Images"
                    },
                    {
                        "archive_url": "https://raw.githubusercontent.com/infrastructureclub/open-house-london-images/master/images/2026/1334/building_1334_dscf8938_485c603591c597e264e34484739cac5e.jpg",
                        "title": "Peter Clark Images"
                    },
                    {
                        "archive_url": "https://raw.githubusercontent.com/infrastructureclub/open-house-london-images/master/images/2026/1334/building_1334_dscf0899_e98d0db6b49385be3fa9dd61677e7ae9.jpg",
                        "title": "Peter Clark Images"
                    },
                    {
                        "archive_url": "https://raw.githubusercontent.com/infrastructureclub/open-house-london-images/master/images/2026/1334/building_1334_dscf0937_4cf718d855b53e17c9ff2c375b9be526.jpg",
                        "title": "Peter Clark Images"
                    },
                    {
                        "archive_url": "https://raw.githubusercontent.com/infrastructureclub/open-house-london-images/master/images/2026/1334/building_1334_dscf8870_f8cd4c0283edd293048cb2d6ffdaf1fb.jpg",
                        "title": "Peter Clark Images"
                    }
                ],
                "name": "Paxton Locher House",
                "new_venue_this_year": "No",
                "start": "10:00:00",
                "ticketed_events": "No",
                "url": "https://programme.openhouse.org.uk/listings/1334"
            },
            "type": "Feature"
        },
        {
            "geometry": {
                "coordinates": [
                    -0.16365,
                    51.58851
                ],
                "type": "Point"
            },
            "properties": {
                "balloted": "No",
                "description": "One of the oldest cinemas in the country with a barrel-vaulted ceiling and Art Deco wall reliefs by Mollo and Egan. Grade II listed.",
                "end": "13:15:00",
                "fully_booked": "Yes",
                "images": [
                    {
                        "archive_url": "https://raw.githubusercontent.com/infrastructureclub/open-house-london-images/master/images/2026/1355/building_1355_cinema1_a999fec280766a1ba31208392b352907.jpg",
                        "title": "Will Martin"
                    },
                    {
                        "archive_url": "https://raw.githubusercontent.com/infrastructureclub/open-house-london-images/master/images/2026/1355/building_1355_phoenix-exterior-jodi-warren_bd2f998f68146984ee7e4b98200ceddd.jpg",
                        "title": "Jodi Warren"
                    },
                    {
                        "archive_url": "https://raw.githubusercontent.com/infrastructureclub/open-house-london-images/master/images/2026/1355/building_1355_phoenixcinema-auditorium01-copyright-maurita-van-droogenbroeck2012_a3f05b7587d67695df9f4cba439fac3a.jpg",
                        "title": "Maurita van Droogenbroeck"
                    },
                    {
                        "archive_url": "https://raw.githubusercontent.com/infrastructureclub/open-house-london-images/master/images/2026/1355/building_1355_phoenix-cinema-east-finchley-external-jodi-warren_74301c8a01252667e616feb8e2eac135.jpg",
                        "title": "Photo of Phoenix Cinema"
                    },
                    {
                        "archive_url": "https://raw.githubusercontent.com/infrastructureclub/open-house-london-images/master/images/2026/1355/building_1355_16x9-seats_f6991b1aa3226cf697c4ebedc1d4ede4.jpeg",
                        "title": "Photo of Phoenix Cinema"
                    }
                ],
                "name": "Phoenix Cinema",
                "new_venue_this_year": "No",
                "start": "10:00:00",
                "ticketed_events": "Yes",
                "url": "https://programme.openhouse.org.uk/listings/1355"
            },
            "type": "Feature"
        },
        {
            "geometry": {
                "coordinates": [
                    -0.02968,
                    51.51725
                ],
                "type": "Point"
            },
            "properties": {
                "balloted": "No",
                "description": "Described as 'the most significant church built after the WWII in Britain' - Brutalist, inclusive and influential signpost for future church design.",
                "end": "17:00:00",
                "fully_booked": "",
                "images": [
                    {
                        "archive_url": "https://raw.githubusercontent.com/infrastructureclub/open-house-london-images/master/images/2026/1365/building_1365_20160806_155512_2abbdab123713faeb9998cb2b78a8656.jpg",
                        "title": "Bernadette Hegarty"
                    },
                    {
                        "archive_url": "https://raw.githubusercontent.com/infrastructureclub/open-house-london-images/master/images/2026/1365/building_1365_img_20170103_110123_64d278d9e9d3201a39df7947b04d12dd.jpg",
                        "title": "Bernadette Hegarty"
                    },
                    {
                        "archive_url": "https://raw.githubusercontent.com/infrastructureclub/open-house-london-images/master/images/2026/1365/building_1365_20170220_125426_bfd3ab333f5939b896debc03bc1fc825.jpg",
                        "title": "Bernadette Hegarty"
                    },
                    {
                        "archive_url": "https://raw.githubusercontent.com/infrastructureclub/open-house-london-images/master/images/2026/1365/building_1365_img-20190324-wa0000-22280_8380d8ab6db1d72e0a3ebe569fb0623a.jpg",
                        "title": "Julian Bream"
                    },
                    {
                        "archive_url": "https://raw.githubusercontent.com/infrastructureclub/open-house-london-images/master/images/2026/1365/building_1365_20190318_093638-22284_a6287be5107fd670406ab44c33239021.jpg",
                        "title": "Bernadette Hegarty"
                    }
                ],
                "name": "St Paul's Bow Common",
                "new_venue_this_year": "No",
                "start": "12:00:00",
                "ticketed_events": "No",
                "url": "https://programme.openhouse.org.uk/listings/1365"
            },
            "type": "Feature"
        },
        {
            "geometry": {
                "coordinates": [
                    -0.0538132,
                    51.4722385
                ],
                "type": "Point"
            },
            "properties": {
                "balloted": "No",
                "description": "Grade II* Listed Modernist building, famously described by Walter Gropius as \"an oasis of glass in a desert of brick\". Originally built to house 'The Peckham Experiment' an innovative health centre in the 1930s. It was converted to private dwellings in 2000, retaining the indoor pool. \r\n\r\nJoin members of our new Community Interest Company set up to mark the centenary and share this unique story.",
                "end": "17:30:00",
                "fully_booked": "Yes",
                "images": [
                    {
                        "archive_url": "https://raw.githubusercontent.com/infrastructureclub/open-house-london-images/master/images/2026/1367/building_1367_67a518606209bcfe01eac2c1_pe_hslider-01-3_d3ad3ecc329aeb0d99c4fb49d2257efa.jpg",
                        "title": "Photo of Guided Tours and Exhibition at Pioneer Centre, Peckham"
                    },
                    {
                        "archive_url": "https://raw.githubusercontent.com/infrastructureclub/open-house-london-images/master/images/2026/1367/building_1367_pioneer-centre-download_859ebcba06b9f3861795764e15fb2194.jpg",
                        "title": "Photo of Guided Tours and Exhibition at Pioneer Centre, Peckham"
                    }
                ],
                "name": "Guided Tours and Exhibition at Pioneer Centre, Peckham",
                "new_venue_this_year": "No",
                "start": "10:00:00",
                "ticketed_events": "Yes",
                "url": "https://programme.openhouse.org.uk/listings/1367"
            },
            "type": "Feature"
        },
        {
            "geometry": {
                "coordinates": [
                    -0.09159,
                    51.51551
                ],
                "type": "Point"
            },
            "properties": {
                "balloted": "No",
                "description": "Open daily 10am-5pm. \r\nRegular free guided tours 12.15pm & 1.15pm on Tuesday-Sunday, with extra tours on the final Open House weekend.\r\nHome of the City of London's art collection, & remains of London's Roman Amphitheatre",
                "end": "16:45:00",
                "fully_booked": "",
                "images": [
                    {
                        "archive_url": "https://raw.githubusercontent.com/infrastructureclub/open-house-london-images/master/images/2026/1405/building_1405_guildhall-small-size-2_1a6ef8cc181ab53ec1bdc507db670cac.jpg",
                        "title": "Sam Roberts"
                    },
                    {
                        "archive_url": "https://raw.githubusercontent.com/infrastructureclub/open-house-london-images/master/images/2026/1405/building_1405_amphitheatre1_3b5e4320da956ddfed22574fea2d3a30.jpg",
                        "title": "Clive Totman"
                    },
                    {
                        "archive_url": "https://raw.githubusercontent.com/infrastructureclub/open-house-london-images/master/images/2026/1405/building_1405_guildhall-small-size-50_1d7a771d1fc626393a8d07daeadfdb07.jpg",
                        "title": "Sam Roberts"
                    },
                    {
                        "archive_url": "https://raw.githubusercontent.com/infrastructureclub/open-house-london-images/master/images/2026/1405/building_1405_guildhall-art-gallery-nap-logo_e2a2fcb26ed1d39c3c1f4c089cdd923b.jpg",
                        "title": "Sam Roberts 2015"
                    }
                ],
                "name": "Guildhall Art Gallery",
                "new_venue_this_year": "No",
                "start": "10:00:00",
                "ticketed_events": "No",
                "url": "https://programme.openhouse.org.uk/listings/1405"
            },
            "type": "Feature"
        },
        {
            "geometry": {
                "coordinates": [
                    0.0170984,
                    51.63455459999999
                ],
                "type": "Point"
            },
            "properties": {
                "balloted": "No",
                "description": "Grade II* Tudor timber-framed hunt standing/grandstand (1543) with Henry VIII Tudor food display. Gateway to 6,000 acres of ancient Epping Forest, once a royal hunting ground, protected since 1878 by the City of London.",
                "end": "16:00:00",
                "fully_booked": "",
                "images": [
                    {
                        "archive_url": "https://raw.githubusercontent.com/infrastructureclub/open-house-london-images/master/images/2026/1430/building_1430_qehl-roof-1_72a3f9e54d5eb43d5254577b165a8100.jpg",
                        "title": "Photo of Queen Elizabeth's Hunting Lodge"
                    },
                    {
                        "archive_url": "https://raw.githubusercontent.com/infrastructureclub/open-house-london-images/master/images/2026/1430/building_1430_qehl_a7db4b37e15c7705788dfc102dab3a1a.jpg",
                        "title": "Sophie Lillington/City of London Corporation"
                    },
                    {
                        "archive_url": "https://raw.githubusercontent.com/infrastructureclub/open-house-london-images/master/images/2026/1430/building_1430_qehl-roof-timbers_d4dbb7681e4b4a4f223ad122055616da.jpg",
                        "title": "Sophie Lillington/City of London Corporation"
                    },
                    {
                        "archive_url": "https://raw.githubusercontent.com/infrastructureclub/open-house-london-images/master/images/2026/1430/building_1430_deer-wooden-stag_297e2c904499c9c9174b30001a4bae47.jpg",
                        "title": "Sophie Lillington/City of London Corporation"
                    }
                ],
                "name": "Queen Elizabeth's Hunting Lodge",
                "new_venue_this_year": "No",
                "start": "11:00:00",
                "ticketed_events": "No",
                "url": "https://programme.openhouse.org.uk/listings/1430"
            },
            "type": "Feature"
        },
        {
            "geometry": {
                "coordinates": [
                    -0.31677,
                    51.46263
                ],
                "type": "Point"
            },
            "properties": {
                "balloted": "No",
                "description": "A good example of quality late-Victorian functional design.\r\nRichmond Lock &Weir consists of three 32 ton weir gates that operate 2 hours either side of high water.",
                "end": "17:00:00",
                "fully_booked": "Yes",
                "images": [
                    {
                        "archive_url": "https://raw.githubusercontent.com/infrastructureclub/open-house-london-images/master/images/2026/1472/building_1472_161117-645-5_9e3f2e075bf0aa3010c0a6eb50b3286f.jpg",
                        "title": "Photo of Richmond Lock Building (Surrey Side)"
                    },
                    {
                        "archive_url": "https://raw.githubusercontent.com/infrastructureclub/open-house-london-images/master/images/2026/1472/building_1472_161117-2_4ba84a0621ed4eb6c08004f9a91ae595.jpg",
                        "title": "Photo of Richmond Lock Building (Surrey Side)"
                    }
                ],
                "name": "Richmond Lock Building (Surrey Side)",
                "new_venue_this_year": "No",
                "start": "10:00:00",
                "ticketed_events": "Yes",
                "url": "https://programme.openhouse.org.uk/listings/1472"
            },
            "type": "Feature"
        },
        {
            "geometry": {
                "coordinates": [
                    -0.26742,
                    51.59032
                ],
                "type": "Point"
            },
            "properties": {
                "balloted": "No",
                "description": "Built in 1918-19 as a 'Munitions Village' to provide housing for AirCo (the Aircraft Manufacturing Company based in Colindale), Roe Green was designed in the garden village idiom by Sir Frank Baines, who was one of HM Office of Works principal architects and a former pupil of C. R. Ashbee. Its picturesque Arts & Crafts character echoes that of Baines's earlier Well Hall Estate (1915) in Eltham.",
                "end": "15:30:00",
                "fully_booked": "",
                "images": [
                    {
                        "archive_url": "https://raw.githubusercontent.com/infrastructureclub/open-house-london-images/master/images/2026/1487/building_1487_img_8843_7f8491b21cf7eb09690b0d21b0b8d042.JPG",
                        "title": "Peter Cormack"
                    },
                    {
                        "archive_url": "https://raw.githubusercontent.com/infrastructureclub/open-house-london-images/master/images/2026/1487/building_1487_roegreenvillage2_aa154cf65d7457bb7de18bec706b08d8.jpg",
                        "title": "Peter Cormack"
                    },
                    {
                        "archive_url": "https://raw.githubusercontent.com/infrastructureclub/open-house-london-images/master/images/2026/1487/building_1487_img_9345_7b277f84a6a6926a9c1fec8eac7acbf8.jpg",
                        "title": "Peter Cormack"
                    },
                    {
                        "archive_url": "https://raw.githubusercontent.com/infrastructureclub/open-house-london-images/master/images/2026/1487/building_1487_roegreenvillage1_a64861fd043a17b2f2889dd1d007322a.jpg",
                        "title": "P. Cormack"
                    }
                ],
                "name": "Roe Green Village",
                "new_venue_this_year": "No",
                "start": "11:00:00",
                "ticketed_events": "No",
                "url": "https://programme.openhouse.org.uk/listings/1487"
            },
            "type": "Feature"
        },
        {
            "geometry": {
                "coordinates": [
                    -0.1029459,
                    51.4319384
                ],
                "type": "Point"
            },
            "properties": {
                "balloted": "No",
                "description": "Grade II listed 1881 former fire station with prominent watch tower and original fire doors.",
                "end": "19:30:00",
                "fully_booked": "No",
                "images": [
                    {
                        "archive_url": "https://raw.githubusercontent.com/infrastructureclub/open-house-london-images/master/images/2026/1692/building_1692_dsc_0672a_6659e1fcb9576d401409def780146640.jpg",
                        "title": "South London Theatre"
                    },
                    {
                        "archive_url": "https://raw.githubusercontent.com/infrastructureclub/open-house-london-images/master/images/2026/1692/building_1692_01_c4f4e5038f3c8cea0eda04ab529bfeed.jpg",
                        "title": "South London Theatre"
                    },
                    {
                        "archive_url": "https://raw.githubusercontent.com/infrastructureclub/open-house-london-images/master/images/2026/1692/building_1692_02_e2da891e80021d011b431fdc1001e2e5.jpg",
                        "title": "South London Theatre"
                    },
                    {
                        "archive_url": "https://raw.githubusercontent.com/infrastructureclub/open-house-london-images/master/images/2026/1692/building_1692_07_69463607f7a3a8f3868ec90d5f30ea80.jpg",
                        "title": "South London Theatre"
                    },
                    {
                        "archive_url": "https://raw.githubusercontent.com/infrastructureclub/open-house-london-images/master/images/2026/1692/building_1692_dsc_0692a_3aefe93832bac8840ae4ab0d3d2c9a68.jpg",
                        "title": "South London Theatre"
                    },
                    {
                        "archive_url": "https://raw.githubusercontent.com/infrastructureclub/open-house-london-images/master/images/2026/1692/building_1692_dsc_0668a_49614525b0510b761ad8ae11c253c0fa.jpg",
                        "title": "South London Theatre"
                    },
                    {
                        "archive_url": "https://raw.githubusercontent.com/infrastructureclub/open-house-london-images/master/images/2026/1692/building_1692_dsc_0700a_bd6bd3842b0cab6bd4ac7a64c5369be2.jpg",
                        "title": "South London Theatre"
                    }
                ],
                "name": "South London Theatre",
                "new_venue_this_year": "No",
                "start": "14:00:00",
                "ticketed_events": "Yes",
                "url": "https://programme.openhouse.org.uk/listings/1692"
            },
            "type": "Feature"
        },
        {
            "geometry": {
                "coordinates": [
                    -0.10154,
                    51.51436
                ],
                "type": "Point"
            },
            "properties": {
                "balloted": "No",
                "description": "17C livery hall with courtroom and garden. Oak panelling and stained glass windows. Undamaged in WWII. Recently refurbished new rooms and air-cooling within, including a new lift for step-free access into the Hall. Selected items from the archives on display. Book binding exhibition in the Hall.",
                "end": "16:30:00",
                "fully_booked": "",
                "images": [
                    {
                        "archive_url": "https://raw.githubusercontent.com/infrastructureclub/open-house-london-images/master/images/2026/1882/building_1882_hall-wedding-breakfast-resized_7a9f485070c91f6ccf9e4f5d2b97428e.jpg",
                        "title": "Lucie Frew"
                    },
                    {
                        "archive_url": "https://raw.githubusercontent.com/infrastructureclub/open-house-london-images/master/images/2026/1882/building_1882_stationers-hall-outside-jun15_2a5ad69e2b99cd2d306eb5bffbe4b156.jpg",
                        "title": "Lucie Frew"
                    },
                    {
                        "archive_url": "https://raw.githubusercontent.com/infrastructureclub/open-house-london-images/master/images/2026/1882/building_1882_stationers-hall-inside-hall-jun15_965a44fda3565c81432a2b3a9ce974c9.jpg",
                        "title": "Lucie Frew"
                    },
                    {
                        "archive_url": "https://raw.githubusercontent.com/infrastructureclub/open-house-london-images/master/images/2026/1882/building_1882_caxton_ed906e3aa223608e92b54dd013250451.jpg",
                        "title": "Lucie Frew"
                    },
                    {
                        "archive_url": "https://raw.githubusercontent.com/infrastructureclub/open-house-london-images/master/images/2026/1882/building_1882_court-rooma_394524d130eadc16684fa726cf96ade1.jpg",
                        "title": "Lucie Frew"
                    },
                    {
                        "archive_url": "https://raw.githubusercontent.com/infrastructureclub/open-house-london-images/master/images/2026/1882/building_1882_stationer-courtroom-300dpi_82988f9b28860eacfc494125eb62d299.jpg",
                        "title": "Lucie Frew"
                    },
                    {
                        "archive_url": "https://raw.githubusercontent.com/infrastructureclub/open-house-london-images/master/images/2026/1882/building_1882_garden-8_61eb9f3f05a1a52de0f9b1c541d22eee.jpg",
                        "title": "Lucie Frew"
                    }
                ],
                "name": "Stationers' Hall",
                "new_venue_this_year": "No",
                "start": "10:00:00",
                "ticketed_events": "No",
                "url": "https://programme.openhouse.org.uk/listings/1882"
            },
            "type": "Feature"
        },
        {
            "geometry": {
                "coordinates": [
                    -0.45595,
                    51.56499
                ],
                "type": "Point"
            },
            "properties": {
                "balloted": "No",
                "description": "A most important house in Ickenham, an outstanding example of Jacobean architecture built in the 1630s. Red brick construction laid in English bond on an H plan. Great Hall includes the 1655 Harrington Screen, 18C marble fireplace panelling.",
                "end": "16:00:00",
                "fully_booked": "",
                "images": [
                    {
                        "archive_url": "https://raw.githubusercontent.com/infrastructureclub/open-house-london-images/master/images/2026/1939/building_1939_swakeleys-house-open-house-2011-08_45bbb18d3b76fc224c8612bee4f0510a.jpg",
                        "title": "Photo of Swakeleys Estate"
                    },
                    {
                        "archive_url": "https://raw.githubusercontent.com/infrastructureclub/open-house-london-images/master/images/2026/1939/building_1939_swakeleys-house-open-house-2011-01_9fc70ce8ba54b07e0942520f396eb5ac.jpg",
                        "title": "Photo of Swakeleys Estate"
                    }
                ],
                "name": "Swakeleys Estate",
                "new_venue_this_year": "No",
                "start": "10:00:00",
                "ticketed_events": "No",
                "url": "https://programme.openhouse.org.uk/listings/1939"
            },
            "type": "Feature"
        },
        {
            "geometry": {
                "coordinates": [
                    -0.09844,
                    51.51508
                ],
                "type": "Point"
            },
            "properties": {
                "balloted": "No",
                "description": "Temple Bar is a 350 year old gateway to the City of London, designed by Sir Christopher Wren. It formerly stood in Fleet Street, and is the last surviving gateway to the City of London. This beautiful structure has a fascinating history, which will be revealed to visitors.",
                "end": "16:00:00",
                "fully_booked": "",
                "images": [
                    {
                        "archive_url": "https://raw.githubusercontent.com/infrastructureclub/open-house-london-images/master/images/2026/1983/building_1983_20220614_gcs_0163-copy_34926de7b4c3dcf603acf9ff3c90af46.jpg",
                        "title": "© Grant Smith"
                    },
                    {
                        "archive_url": "https://raw.githubusercontent.com/infrastructureclub/open-house-london-images/master/images/2026/1983/building_1983_20220607_gcs_0033-copy_c20cbb8f2e9e20dd4bf2b34aae6db486.jpg",
                        "title": "© Grant Smith"
                    },
                    {
                        "archive_url": "https://raw.githubusercontent.com/infrastructureclub/open-house-london-images/master/images/2026/1983/building_1983_20220614_gcs_0150-copy_af760b38381babfc7ba962a336199cfb.jpg",
                        "title": "© Grant Smith"
                    }
                ],
                "name": "Temple Bar",
                "new_venue_this_year": "No",
                "start": "10:00:00",
                "ticketed_events": "No",
                "url": "https://programme.openhouse.org.uk/listings/1983"
            },
            "type": "Feature"
        },
        {
            "geometry": {
                "coordinates": [
                    -0.08763,
                    51.51402
                ],
                "type": "Point"
            },
            "properties": {
                "balloted": "No",
                "description": "The museum is part of the Bank of England rebuilding in the 1930's by Sir Herbert Baker. One room is a reconstruction of 1793 Bank of England Stock Office by Sir John Soane.",
                "end": "16:00:00",
                "fully_booked": "",
                "images": [
                    {
                        "archive_url": "https://raw.githubusercontent.com/infrastructureclub/open-house-london-images/master/images/2026/2027/building_2027__dsc3468_0d5e6af8c08b852a9556a50351a1895b.jpg",
                        "title": "Monica Walker"
                    },
                    {
                        "archive_url": "https://raw.githubusercontent.com/infrastructureclub/open-house-london-images/master/images/2026/2027/building_2027_dsc_0274_727a53e72d0029544a71bd641c7192af.jpg",
                        "title": "Monica Walker"
                    },
                    {
                        "archive_url": "https://raw.githubusercontent.com/infrastructureclub/open-house-london-images/master/images/2026/2027/building_2027__dsc3261-enhanced-nr_e0fcd6595e66731702077b2fef797434.jpg",
                        "title": "Monica Walker"
                    },
                    {
                        "archive_url": "https://raw.githubusercontent.com/infrastructureclub/open-house-london-images/master/images/2026/2027/building_2027__dsc3454_eea5cec3a0ce6db7ccd25d7f1d266da0.jpg",
                        "title": "Monica Walker"
                    },
                    {
                        "archive_url": "https://raw.githubusercontent.com/infrastructureclub/open-house-london-images/master/images/2026/2027/building_2027__dsc3380-2_0a78d248ccac11f2307e30db1e480c80.jpg",
                        "title": "Monica Walker"
                    },
                    {
                        "archive_url": "https://raw.githubusercontent.com/infrastructureclub/open-house-london-images/master/images/2026/2027/building_2027_pxl_20250415_125224682-mp-2_a6fb0e221b8c698f0bcb9e889d459c05.jpg",
                        "title": "Monica Walker"
                    },
                    {
                        "archive_url": "https://raw.githubusercontent.com/infrastructureclub/open-house-london-images/master/images/2026/2027/building_2027_pxl_20250415_125401601-mp-3_566299f2d528a5799e948e84d7ef48d1.jpg",
                        "title": "Monica Walker"
                    },
                    {
                        "archive_url": "https://raw.githubusercontent.com/infrastructureclub/open-house-london-images/master/images/2026/2027/building_2027_pxl_20250415_125000350-mp-3_33a19fdcc68f63ff175bd457f1f6a7e4.jpg",
                        "title": "Monica Walker"
                    }
                ],
                "name": "Bank of England Museum",
                "new_venue_this_year": "No",
                "start": "11:00:00",
                "ticketed_events": "No",
                "url": "https://programme.openhouse.org.uk/listings/2027"
            },
            "type": "Feature"
        },
        {
            "geometry": {
                "coordinates": [
                    -0.47975,
                    51.48961
                ],
                "type": "Point"
            },
            "properties": {
                "balloted": "No",
                "description": "This year we’re celebrating the 600th anniversary of Harmondsworth’s magnificent Great Barn. It’s over 190 feet long, nearly 40 feet high, and over 95% of its structural timbers are original. Displays include details of its construction, the conservation/repairs carried out in 2014, and its place in the agricultural history of the village.",
                "end": "17:00:00",
                "fully_booked": "",
                "images": [
                    {
                        "archive_url": "https://raw.githubusercontent.com/infrastructureclub/open-house-london-images/master/images/2026/2050/building_2050_wp_20180923_15_30_00_pro_e6668c28c648c997e636b64d0113c3a8.jpg",
                        "title": "Photo of The Great Barn, Harmondsworth"
                    },
                    {
                        "archive_url": "https://raw.githubusercontent.com/infrastructureclub/open-house-london-images/master/images/2026/2050/building_2050_dp170255_d8506c61fe59198af30a6c96388049e0.jpg",
                        "title": "Photo of The Great Barn, Harmondsworth"
                    },
                    {
                        "archive_url": "https://raw.githubusercontent.com/infrastructureclub/open-house-london-images/master/images/2026/2050/building_2050_dp170257_7d08225e04b0effa88848f954dccb108.jpg",
                        "title": "Photo of The Great Barn, Harmondsworth"
                    },
                    {
                        "archive_url": "https://raw.githubusercontent.com/infrastructureclub/open-house-london-images/master/images/2026/2050/building_2050_img_0529_c0841e7af1022f965717b1382883a101.jpg",
                        "title": "Photo of The Great Barn, Harmondsworth"
                    },
                    {
                        "archive_url": "https://raw.githubusercontent.com/infrastructureclub/open-house-london-images/master/images/2026/2050/building_2050_img-20241010_bf17aa553803907173d6c0121ea31b32.jpg",
                        "title": "Photo of The Great Barn, Harmondsworth"
                    }
                ],
                "name": "The Great Barn, Harmondsworth",
                "new_venue_this_year": "No",
                "start": "11:00:00",
                "ticketed_events": "No",
                "url": "https://programme.openhouse.org.uk/listings/2050"
            },
            "type": "Feature"
        },
        {
            "geometry": {
                "coordinates": [
                    -0.13235,
                    51.50593
                ],
                "type": "Point"
            },
            "properties": {
                "balloted": "No",
                "description": "A spectacular Grade I listed building designed by famed architect John Nash. Built in 1831, these former townhouses have undergone refurbishments throughout their history. The building is now home to the UK's national science academy.",
                "end": "17:00:00",
                "fully_booked": "",
                "images": [
                    {
                        "archive_url": "https://raw.githubusercontent.com/infrastructureclub/open-house-london-images/master/images/2026/2135/building_2135_3345_004-small_916147cabe65f48ee960f7b957c4900c.jpg",
                        "title": "Photo of The Royal Society"
                    },
                    {
                        "archive_url": "https://raw.githubusercontent.com/infrastructureclub/open-house-london-images/master/images/2026/2135/building_2135_royal-society-high-res-7_cace5885c4c0b32055c89faf91ce4ad1.jpg",
                        "title": "Photo of The Royal Society"
                    },
                    {
                        "archive_url": "https://raw.githubusercontent.com/infrastructureclub/open-house-london-images/master/images/2026/2135/building_2135_city_of_london_224028a9f133330c70b15ad9e9884738.jpg",
                        "title": "The Royal Society"
                    },
                    {
                        "archive_url": "https://raw.githubusercontent.com/infrastructureclub/open-house-london-images/master/images/2026/2135/building_2135_wolfson_one_c0aeefb1b8c3e2db7c7409350f10d4fe.jpg",
                        "title": "The Royal Society"
                    },
                    {
                        "archive_url": "https://raw.githubusercontent.com/infrastructureclub/open-house-london-images/master/images/2026/2135/building_2135_marble_hall-big_52f19ac39f71f56c574f84afd0e41c6a.jpg",
                        "title": "The Royal Society"
                    }
                ],
                "name": "The Royal Society",
                "new_venue_this_year": "No",
                "start": "10:00:00",
                "ticketed_events": "No",
                "url": "https://programme.openhouse.org.uk/listings/2135"
            },
            "type": "Feature"
        },
        {
            "geometry": {
                "coordinates": [
                    -0.0907723,
                    51.5987078
                ],
                "type": "Point"
            },
            "properties": {
                "balloted": "No",
                "description": "One of the first garden suburbs in the world, 2-storey terraced cottages retaining decorative architectural features. LCC created 'housing of the working classes' role for architects' department under Riley, member of the Art Workers guild.",
                "end": "16:00:00",
                "fully_booked": "No",
                "images": [
                    {
                        "archive_url": "https://raw.githubusercontent.com/infrastructureclub/open-house-london-images/master/images/2026/2192/building_2192_tower-gardens-n17-waltheof-avenue_474cf471af80773eae99314e75156b5d.jpg",
                        "title": "Mathew Bradby "
                    },
                    {
                        "archive_url": "https://raw.githubusercontent.com/infrastructureclub/open-house-london-images/master/images/2026/2192/building_2192_p1020324_ae7969a6b95e426c57423d58337f91c7.jpg",
                        "title": "Ruth Crowley"
                    },
                    {
                        "archive_url": "https://raw.githubusercontent.com/infrastructureclub/open-house-london-images/master/images/2026/2192/building_2192_tower-gardens-n17-gospatrick-road-east_9e13b9d58fc1ba46e872d0942fa7c2f7.jpg",
                        "title": "Mat Bradby "
                    },
                    {
                        "archive_url": "https://raw.githubusercontent.com/infrastructureclub/open-house-london-images/master/images/2026/2192/building_2192_balliol-road-tower-gardens_0ae7a09f9234200485a12124d4ef5123.jpg",
                        "title": "Ruth Crowley"
                    },
                    {
                        "archive_url": "https://raw.githubusercontent.com/infrastructureclub/open-house-london-images/master/images/2026/2192/building_2192_tower-gardens-road-junction-bennington-road_1c70cc07f35ccd07b625f15114164dce.jpg",
                        "title": "Ruth Crowley"
                    },
                    {
                        "archive_url": "https://raw.githubusercontent.com/infrastructureclub/open-house-london-images/master/images/2026/2192/building_2192_tower-gardens-road-terraced-block-with-recessed-green-space_5586654d89ceb86da0cf51fff4464be3.jpg",
                        "title": "Ruth Crowley"
                    },
                    {
                        "archive_url": "https://raw.githubusercontent.com/infrastructureclub/open-house-london-images/master/images/2026/2192/building_2192_risley-avenue-end-of-terrace_0f7ff821904bbfbb10a95651962b6a57.jpg",
                        "title": "Ruth Crowley"
                    }
                ],
                "name": "Tower Gardens Garden Suburb",
                "new_venue_this_year": "No",
                "start": "10:00:00",
                "ticketed_events": "Yes",
                "url": "https://programme.openhouse.org.uk/listings/2192"
            },
            "type": "Feature"
        },
        {
            "geometry": {
                "coordinates": [
                    0.00894,
                    51.50862
                ],
                "type": "Point"
            },
            "properties": {
                "balloted": "No",
                "description": "Home to London's only lighthouse, fine stock buildings, examples of the innovative Container City buildings and SS Robin, the world’s only surviving complete\r\nVictorian steamship. This former buoy manufacturing site is now a centre for the creative industries with various sculptures and installations.",
                "end": "17:00:00",
                "fully_booked": "No",
                "images": [
                    {
                        "archive_url": "https://raw.githubusercontent.com/infrastructureclub/open-house-london-images/master/images/2026/2205/building_2205_web-size-aerial-drone-tbw-2024-1-copy_f14096fc7e696aad476a5fad31b60ab4.jpg",
                        "title": "Photo of Trinity Buoy Wharf/Container City"
                    },
                    {
                        "archive_url": "https://raw.githubusercontent.com/infrastructureclub/open-house-london-images/master/images/2026/2205/building_2205_credit-harry-dwyer-3_0748fbe3e348214949b50af301670c10.jpg",
                        "title": "Photo of Trinity Buoy Wharf/Container City"
                    },
                    {
                        "archive_url": "https://raw.githubusercontent.com/infrastructureclub/open-house-london-images/master/images/2026/2205/building_2205_edited-trinity-buoy-wharf-lighthouse_dae022228ce9ba089ce5d3627a161aa9.jpg",
                        "title": "Photo of Trinity Buoy Wharf/Container City"
                    },
                    {
                        "archive_url": "https://raw.githubusercontent.com/infrastructureclub/open-house-london-images/master/images/2026/2205/building_2205_trinity-buoy-wharf-11_e0d6b8d3b2581db49fd8e02c2ba6fa54.jpg",
                        "title": "Photo of Trinity Buoy Wharf/Container City"
                    },
                    {
                        "archive_url": "https://raw.githubusercontent.com/infrastructureclub/open-house-london-images/master/images/2026/2205/building_2205_trinity-buoy-wharf-3_ed68af16d09e30d669f2d5a68c920d5a.jpg",
                        "title": "Photo of Trinity Buoy Wharf/Container City"
                    },
                    {
                        "archive_url": "https://raw.githubusercontent.com/infrastructureclub/open-house-london-images/master/images/2026/2205/building_2205_the-orchard-cafe_657f58ada302190ee51c50c5383fdd58.jpg",
                        "title": "Photo of Trinity Buoy Wharf/Container City"
                    }
                ],
                "name": "Trinity Buoy Wharf/Container City",
                "new_venue_this_year": "No",
                "start": "11:00:00",
                "ticketed_events": "Yes",
                "url": "https://programme.openhouse.org.uk/listings/2205"
            },
            "type": "Feature"
        },
        {
            "geometry": {
                "coordinates": [
                    -0.14285,
                    51.5168
                ],
                "type": "Point"
            },
            "properties": {
                "balloted": "No",
                "description": "The University of Westminster was one of the first polytechnics in the UK – established in 1838, to educate the working people of London, regardless of background and financial status. Housed in the building is the Regent Street Cinema, widely regarded as the ‘birthplace of British cinema’, with the first public premiere of film in the UK by the Lumière Brothers using the Cinématographe in 1896.",
                "end": "15:00:00",
                "fully_booked": "Yes",
                "images": [
                    {
                        "archive_url": "https://raw.githubusercontent.com/infrastructureclub/open-house-london-images/master/images/2026/2244/building_2244_cinema_3dc1a78bb4a2227b5e83ac664904683e.jpg",
                        "title": "Photo of Regent Street Cinema (The University of Westminster)"
                    },
                    {
                        "archive_url": "https://raw.githubusercontent.com/infrastructureclub/open-house-london-images/master/images/2026/2244/building_2244_resize_regent_street-fw_03c573104c466e2bf32e6a27aafebdcd.png",
                        "title": "Photo of Regent Street Cinema (The University of Westminster)"
                    }
                ],
                "name": "Regent Street Cinema (The University of Westminster)",
                "new_venue_this_year": "No",
                "start": "10:00:00",
                "ticketed_events": "Yes",
                "url": "https://programme.openhouse.org.uk/listings/2244"
            },
            "type": "Feature"
        },
        {
            "geometry": {
                "coordinates": [
                    -0.129564,
                    51.5002425
                ],
                "type": "Point"
            },
            "properties": {
                "balloted": "No",
                "description": "A masterpiece of Edwardian neo-baroque architecture opposite Westminster Abbey.  Second largest self-supporting ferro-concrete dome in world. Its Great Hall was the venue for the Inaugural General Assembly of the United Nations in 1946.",
                "end": "17:00:00",
                "fully_booked": "",
                "images": [
                    {
                        "archive_url": "https://raw.githubusercontent.com/infrastructureclub/open-house-london-images/master/images/2026/2337/building_2337_central-hall-westminster_796e05b1a0c165bb4ff223dd760b7a58.jpg",
                        "title": "Central Hall Westminster"
                    },
                    {
                        "archive_url": "https://raw.githubusercontent.com/infrastructureclub/open-house-london-images/master/images/2026/2337/building_2337__t1c1945-rt_055c9ffec6a45da5bf12d488c3b59edc.jpg",
                        "title": "Central Hall Westminster"
                    }
                ],
                "name": "Methodist Central Hall Westminster",
                "new_venue_this_year": "Yes",
                "start": "13:30:00",
                "ticketed_events": "No",
                "url": "https://programme.openhouse.org.uk/listings/2337"
            },
            "type": "Feature"
        },
        {
            "geometry": {
                "coordinates": [
                    -0.23263,
                    51.43312
                ],
                "type": "Point"
            },
            "properties": {
                "balloted": "No",
                "description": "Rare example of a hollow post mill (1817). Grade II* listed, it now contains a museum depicting the history and development of windmills in Britain. Many working models, windmill machinery, equipment and tools.",
                "end": "17:00:00",
                "fully_booked": "",
                "images": [
                    {
                        "archive_url": "https://raw.githubusercontent.com/infrastructureclub/open-house-london-images/master/images/2026/2396/building_2396_wimbledon-windmill-a_60723a9db5cf094360076c9b2916de14.jpg",
                        "title": "Dudley Smith"
                    },
                    {
                        "archive_url": "https://raw.githubusercontent.com/infrastructureclub/open-house-london-images/master/images/2026/2396/building_2396_the-windmill-as-it-was-in-its-working-days_67333b71460ae417d3cec1cea2f1d9ef.jpg",
                        "title": "Dudley Smith"
                    },
                    {
                        "archive_url": "https://raw.githubusercontent.com/infrastructureclub/open-house-london-images/master/images/2026/2396/building_2396_part-of-the-tool-collection_05d3a59b7b0a0def0082eb588cc9589a.jpg",
                        "title": "Dudley Smith"
                    }
                ],
                "name": "Wimbledon Windmill Museum",
                "new_venue_this_year": "No",
                "start": "11:00:00",
                "ticketed_events": "No",
                "url": "https://programme.openhouse.org.uk/listings/2396"
            },
            "type": "Feature"
        },
        {
            "geometry": {
                "coordinates": [
                    -0.31196,
                    51.45488
                ],
                "type": "Point"
            },
            "properties": {
                "balloted": "No",
                "description": "Mid-17C house, a scheduled ancient monument, with fine staircase and 18C additions.",
                "end": "16:00:00",
                "fully_booked": "",
                "images": [
                    {
                        "archive_url": "https://raw.githubusercontent.com/infrastructureclub/open-house-london-images/master/images/2026/2423/building_2423_dsc_2134_de321be02a57a118935d789e914fb65b.jpg",
                        "title": "Marc Henwood"
                    },
                    {
                        "archive_url": "https://raw.githubusercontent.com/infrastructureclub/open-house-london-images/master/images/2026/2423/building_2423_dsc_4138_0d2a455006db5dcec0679ee1286967b3.jpg",
                        "title": "Marc Henwood"
                    },
                    {
                        "archive_url": "https://raw.githubusercontent.com/infrastructureclub/open-house-london-images/master/images/2026/2423/building_2423_dsc_4142_bebee8fc725f7908afa04dc815592000.jpg",
                        "title": "Marc Henwood"
                    },
                    {
                        "archive_url": "https://raw.githubusercontent.com/infrastructureclub/open-house-london-images/master/images/2026/2423/building_2423_dsc_4145_275006560aa3dc01beef2fb3dde7743f.jpg",
                        "title": "Marc Henwood"
                    }
                ],
                "name": "York House",
                "new_venue_this_year": "No",
                "start": "14:00:00",
                "ticketed_events": "No",
                "url": "https://programme.openhouse.org.uk/listings/2423"
            },
            "type": "Feature"
        },
        {
            "geometry": {
                "coordinates": [
                    -0.2892053,
                    51.6079015
                ],
                "type": "Point"
            },
            "properties": {
                "balloted": "No",
                "description": "Unique Continental Baroque church rebuilt in 1715 by James Brydges, first Duke of Chandos. Painted walls and ceiling with trompe-l'oeil effect. Wood carvings by Grinling Gibbons and the organ on which Handel played.",
                "end": "17:00:00",
                "fully_booked": "",
                "images": [
                    {
                        "archive_url": "https://raw.githubusercontent.com/infrastructureclub/open-house-london-images/master/images/2026/2467/building_2467_ae08fd06-f406-4baf-93b6-4d91347f6655_0ba6555fd95ade9abb60fb4f0e0509b1.jpeg",
                        "title": "Photo of Church of St Lawrence, Little Stanmore"
                    },
                    {
                        "archive_url": "https://raw.githubusercontent.com/infrastructureclub/open-house-london-images/master/images/2026/2467/building_2467_9fe81c6a-4189-4f00-95c8-f66fc064ed8b_c6f43d1cec269deb387d5cd0279e12ad.jpeg",
                        "title": "Photo of Church of St Lawrence, Little Stanmore"
                    }
                ],
                "name": "Church of St Lawrence, Little Stanmore",
                "new_venue_this_year": "No",
                "start": "14:00:00",
                "ticketed_events": "No",
                "url": "https://programme.openhouse.org.uk/listings/2467"
            },
            "type": "Feature"
        },
        {
            "geometry": {
                "coordinates": [
                    -0.26418,
                    51.5667
                ],
                "type": "Point"
            },
            "properties": {
                "balloted": "No",
                "description": "Meticulous 1930s rebuilding (complete with original furnishings) of an 1840s Marylebone church. Grade I listed. Contains works by Pugin, Burges, Street, Pearson and Butterfield.",
                "end": "17:00:00",
                "fully_booked": "",
                "images": [
                    {
                        "archive_url": "https://raw.githubusercontent.com/infrastructureclub/open-house-london-images/master/images/2026/2485/building_2485_church-outside-2_d94a309e1223ad2efd36f7b2a407d085.jpg",
                        "title": "Photo of St Andrew's Kingsbury (new church)"
                    },
                    {
                        "archive_url": "https://raw.githubusercontent.com/infrastructureclub/open-house-london-images/master/images/2026/2485/building_2485_church-inside_fe528ff6b01dd6f238aa8f330b3523ba.jpg",
                        "title": "Photo of St Andrew's Kingsbury (new church)"
                    },
                    {
                        "archive_url": "https://raw.githubusercontent.com/infrastructureclub/open-house-london-images/master/images/2026/2485/building_2485_animal_d739962d4817f3488f540827945a9902.jpg",
                        "title": "Photo of St Andrew's Kingsbury (new church)"
                    },
                    {
                        "archive_url": "https://raw.githubusercontent.com/infrastructureclub/open-house-london-images/master/images/2026/2485/building_2485_font-english-heritage_1c8ea9c804d811a95a608e194a00eef4.jpg",
                        "title": "Photo of St Andrew's Kingsbury (new church)"
                    },
                    {
                        "archive_url": "https://raw.githubusercontent.com/infrastructureclub/open-house-london-images/master/images/2026/2485/building_2485_altar-oh_8efbeefa039963bd0f259b482f207153.jpg",
                        "title": "Photo of St Andrew's Kingsbury (new church)"
                    },
                    {
                        "archive_url": "https://raw.githubusercontent.com/infrastructureclub/open-house-london-images/master/images/2026/2485/building_2485_old-church-graveyard_157fab356e3bc65adf16b33fcee2201e.jpg",
                        "title": "Photo of St Andrew's Kingsbury (new church)"
                    },
                    {
                        "archive_url": "https://raw.githubusercontent.com/infrastructureclub/open-house-london-images/master/images/2026/2485/building_2485_view-from-graveyard_f55f6240620371b29a4bc870c093cf3c.jpg",
                        "title": "Photo of St Andrew's Kingsbury (new church)"
                    },
                    {
                        "archive_url": "https://raw.githubusercontent.com/infrastructureclub/open-house-london-images/master/images/2026/2485/building_2485_west-window_808b195f61a11fc2352a1541541e2849.jpg",
                        "title": "Photo of St Andrew's Kingsbury (new church)"
                    },
                    {
                        "archive_url": "https://raw.githubusercontent.com/infrastructureclub/open-house-london-images/master/images/2026/2485/building_2485_img_8470_11bd34f7a20f69a4c0e1be8bbd4aa8c0.jpg",
                        "title": "Photo of St Andrew's Kingsbury (new church)"
                    }
                ],
                "name": "St Andrew's Kingsbury (new church)",
                "new_venue_this_year": "No",
                "start": "11:30:00",
                "ticketed_events": "No",
                "url": "https://programme.openhouse.org.uk/listings/2485"
            },
            "type": "Feature"
        },
        {
            "geometry": {
                "coordinates": [
                    -0.1916647,
                    51.53353509999999
                ],
                "type": "Point"
            },
            "properties": {
                "balloted": "No",
                "description": "St. Augustine's, Kilburn affectionately known as 'The Cathedral of North London' was established in 1870. Fr. Kirkpatrick, the first Vicar, engaged John Loughborough Pearson as the architect with the result being what many consider one of his finest works. Externally in 1890 with the tower and spire it became the 2nd tallest building in London (now ecclesiastically 2nd to St. Paul's Cathedral).",
                "end": "16:00:00",
                "fully_booked": "No",
                "images": [
                    {
                        "archive_url": "https://raw.githubusercontent.com/infrastructureclub/open-house-london-images/master/images/2026/2490/building_2490_4444_2655fdea7a05994093f41aec7202ab94.jpg",
                        "title": "Photo of St Augustine's Church"
                    },
                    {
                        "archive_url": "https://raw.githubusercontent.com/infrastructureclub/open-house-london-images/master/images/2026/2490/building_2490_222-1_70cec86469aa256758388aff55a5d630.jpg",
                        "title": "Photo of St Augustine's Church"
                    }
                ],
                "name": "St Augustine's Church",
                "new_venue_this_year": "No",
                "start": "12:00:00",
                "ticketed_events": "Yes",
                "url": "https://programme.openhouse.org.uk/listings/2490"
            },
            "type": "Feature"
        },
        {
            "geometry": {
                "coordinates": [
                    -0.1088368,
                    51.4982463
                ],
                "type": "Point"
            },
            "properties": {
                "balloted": "No",
                "description": "A stunning cathedral in the heart of London. Discover the story of a forgotten masterpiece. Designed by Augustus Pugin and opened in 1848, the original cathedral was hailed as England's foremost Catholic church before an incendiary bomb devastated the building in 1941. Explore the history, architecture and legacy that shaped the Cathedral you see today—and discover its remarkable story.",
                "end": "17:00:00",
                "fully_booked": "",
                "images": [
                    {
                        "archive_url": "https://raw.githubusercontent.com/infrastructureclub/open-house-london-images/master/images/2026/2502/building_2502_img_0187_4febec197ee63a29b7807ca5e339120a.jpg",
                        "title": "Photo of St George's Cathedral"
                    },
                    {
                        "archive_url": "https://raw.githubusercontent.com/infrastructureclub/open-house-london-images/master/images/2026/2502/building_2502_main-window_11f4f975224831ec2e5fa997e412aafb.jpg",
                        "title": "Photo of St George's Cathedral"
                    },
                    {
                        "archive_url": "https://raw.githubusercontent.com/infrastructureclub/open-house-london-images/master/images/2026/2502/building_2502_img_0061_32417627487755744b2ec347dbcdf6b8.jpg",
                        "title": "Photo of St George's Cathedral"
                    },
                    {
                        "archive_url": "https://raw.githubusercontent.com/infrastructureclub/open-house-london-images/master/images/2026/2502/building_2502_img_9677_47352922219bd3a7561a8304ca4d81fd.jpg",
                        "title": "Photo of St George's Cathedral"
                    }
                ],
                "name": "St George's Cathedral",
                "new_venue_this_year": "Yes",
                "start": "10:00:00",
                "ticketed_events": "No",
                "url": "https://programme.openhouse.org.uk/listings/2502"
            },
            "type": "Feature"
        },
        {
            "geometry": {
                "coordinates": [
                    -0.17138,
                    51.47864
                ],
                "type": "Point"
            },
            "properties": {
                "balloted": "No",
                "description": "During Open House, the Friends of Battersea Parish Church present a Floral Festival, organ recitals, historical displays, alongside 3 talks exploring history, creativity, sanctuary & Battersea’s radical past. Sat 12 Sept Dr. Peter Rumley at 6pm, Tues 15 Guy Stagg at 6.30pm,  Thurs 17 at 6.30pm Rory Walsh & Mike Squires.  Plus Join us for Choral Evensong amidst the flowers at St Mary’s Battersea.",
                "end": "17:00:00",
                "fully_booked": "No",
                "images": [
                    {
                        "archive_url": "https://raw.githubusercontent.com/infrastructureclub/open-house-london-images/master/images/2026/2533/building_2533_st-marys_a2b7ed70bb7cc4a5a26a096fb882503d.jpeg",
                        "title": "Photo of St Mary's Church, Battersea"
                    },
                    {
                        "archive_url": "https://raw.githubusercontent.com/infrastructureclub/open-house-london-images/master/images/2026/2533/building_2533_untitled-2-of-29_02c2a647df4611b359f3fff31d48a443.jpeg",
                        "title": "Photo of St Mary's Church, Battersea"
                    }
                ],
                "name": "St Mary's Church, Battersea",
                "new_venue_this_year": "No",
                "start": "12:30:00",
                "ticketed_events": "Yes",
                "url": "https://programme.openhouse.org.uk/listings/2533"
            },
            "type": "Feature"
        },
        {
            "geometry": {
                "coordinates": [
                    -0.01621,
                    51.5091
                ],
                "type": "Point"
            },
            "properties": {
                "balloted": "No",
                "description": "Oldest building in Docklands built in the Gothic and Classical styles, with original 17C stonework and fine mosaics. One of only three churches built during the Civil War, it was originally the East India Company Chapel.",
                "end": "17:00:00",
                "fully_booked": "",
                "images": [
                    {
                        "archive_url": "https://raw.githubusercontent.com/infrastructureclub/open-house-london-images/master/images/2026/2550/building_2550_photo-1990_86177a35127565d15308167c2419b096.jpg",
                        "title": "LDCC"
                    },
                    {
                        "archive_url": "https://raw.githubusercontent.com/infrastructureclub/open-house-london-images/master/images/2026/2550/building_2550_photo-2014_00a63c614304355a2f1858990bbccbc7.jpg",
                        "title": "Photo of St Matthias Old Church - Community Centre"
                    },
                    {
                        "archive_url": "https://raw.githubusercontent.com/infrastructureclub/open-house-london-images/master/images/2026/2550/building_2550_photo-1990-2_5981280138d67a76edac7272a5f914cb.jpg",
                        "title": "Photo of St Matthias Old Church - Community Centre"
                    }
                ],
                "name": "St Matthias Old Church - Community Centre",
                "new_venue_this_year": "No",
                "start": "10:00:00",
                "ticketed_events": "No",
                "url": "https://programme.openhouse.org.uk/listings/2550"
            },
            "type": "Feature"
        },
        {
            "geometry": {
                "coordinates": [
                    -0.10166,
                    51.48463
                ],
                "type": "Point"
            },
            "properties": {
                "balloted": "No",
                "description": "Modern architecture church with large copper and lead roof and concrete, brick and stained glass external structure. Marble, wood and plaster interior and artwork by Sculptor Freda Pinto and Gerald Holtom.",
                "end": "14:00:00",
                "fully_booked": "",
                "images": [
                    {
                        "archive_url": "https://raw.githubusercontent.com/infrastructureclub/open-house-london-images/master/images/2026/2556/building_2556_exteriorside_963b49c8b8f5fbe81f216efad67a1061.jpg",
                        "title": "St Paul's Church"
                    },
                    {
                        "archive_url": "https://raw.githubusercontent.com/infrastructureclub/open-house-london-images/master/images/2026/2556/building_2556_figure0741-084-b_25fc81df6e95d19183d756f2012b2aab.gif",
                        "title": "Photo of St Paul's, Newington"
                    },
                    {
                        "archive_url": "https://raw.githubusercontent.com/infrastructureclub/open-house-london-images/master/images/2026/2556/building_2556_stpaulsaltar_oh_04c71fb02cf0289f5ab5463ed23bda74.jpg",
                        "title": "St Paul's Church "
                    },
                    {
                        "archive_url": "https://raw.githubusercontent.com/infrastructureclub/open-house-london-images/master/images/2026/2556/building_2556_stpinner2-oh_c06683beb34b10e3ba058208f65b2a8f.jpg",
                        "title": "St Paul's Church"
                    },
                    {
                        "archive_url": "https://raw.githubusercontent.com/infrastructureclub/open-house-london-images/master/images/2026/2556/building_2556_img_20200117_134620_903622a70744f68faf532134d40b4c76.jpg",
                        "title": "Photo of St Paul's, Newington"
                    },
                    {
                        "archive_url": "https://raw.githubusercontent.com/infrastructureclub/open-house-london-images/master/images/2026/2556/building_2556_mainbalconyinterior_c06826737a50a8be55008d4ce145582e.jpg",
                        "title": "St Paul's Church"
                    },
                    {
                        "archive_url": "https://raw.githubusercontent.com/infrastructureclub/open-house-london-images/master/images/2026/2556/building_2556_windowcrossinterior_f3810e880960009d24f364bbd6051af3.jpg",
                        "title": "St Paul's Church"
                    },
                    {
                        "archive_url": "https://raw.githubusercontent.com/infrastructureclub/open-house-london-images/master/images/2026/2556/building_2556_christinglory_6a93fc1ba2b024e8129c32067f21f988.jpg",
                        "title": "Freda Skinner"
                    }
                ],
                "name": "St Paul's, Newington",
                "new_venue_this_year": "No",
                "start": "11:00:00",
                "ticketed_events": "No",
                "url": "https://programme.openhouse.org.uk/listings/2556"
            },
            "type": "Feature"
        },
        {
            "geometry": {
                "coordinates": [
                    -0.309085,
                    51.5287856
                ],
                "type": "Point"
            },
            "properties": {
                "balloted": "No",
                "description": "Britain's first co-partnership garden suburb, first houses built in 1901. Parker and Unwin's plan introduced in 1907, mainly Arts and Crafts style; fascinating social history.",
                "end": "12:30:00",
                "fully_booked": "Yes",
                "images": [
                    {
                        "archive_url": "https://raw.githubusercontent.com/infrastructureclub/open-house-london-images/master/images/2026/2571/building_2571_lud10lud4rusk09july-f_0511bf448f8a4f99d0b256936538e7a9.jpg",
                        "title": "Brentham Society"
                    },
                    {
                        "archive_url": "https://raw.githubusercontent.com/infrastructureclub/open-house-london-images/master/images/2026/2571/building_2571_club12jan04fc_912da5242e7a224383b689bf199c514d.jpg",
                        "title": "Brentham Society"
                    },
                    {
                        "archive_url": "https://raw.githubusercontent.com/infrastructureclub/open-house-london-images/master/images/2026/2571/building_2571_fow38-48fow19junefc_6277cc134349e0a0a38243b5c1af66e9.jpg",
                        "title": "Brentham Society"
                    }
                ],
                "name": "Brentham Garden Suburb",
                "new_venue_this_year": "No",
                "start": "10:30:00",
                "ticketed_events": "Yes",
                "url": "https://programme.openhouse.org.uk/listings/2571"
            },
            "type": "Feature"
        },
        {
            "geometry": {
                "coordinates": [
                    -0.31524,
                    51.6196
                ],
                "type": "Point"
            },
            "properties": {
                "balloted": "No",
                "description": "Grade II Modernist House designed by German emigre architect Rudolf Frankel for his sister and family in 1938. The house remains remarkably intact and retains the layout and original features which adhere to Modernist principles of the era.\r\n\r\nGuided tours at 10:00, 12:00, 14:00 and 16:00.",
                "end": "17:00:00",
                "fully_booked": "No",
                "images": [
                    {
                        "archive_url": "https://raw.githubusercontent.com/infrastructureclub/open-house-london-images/master/images/2026/2693/building_2693_dsc00894_a51cbc61a9fde45b0c12e6e55b3d087b.jpg",
                        "title": "Photo of Rachwalsky House"
                    },
                    {
                        "archive_url": "https://raw.githubusercontent.com/infrastructureclub/open-house-london-images/master/images/2026/2693/building_2693_historic-photo-garage_98ac580eca0d03fb598629ec2b3fde72.jpg",
                        "title": "Architect's Journal"
                    },
                    {
                        "archive_url": "https://raw.githubusercontent.com/infrastructureclub/open-house-london-images/master/images/2026/2693/building_2693_historic-photo-from-garden_5e16d6dd2b77b89c422506f8c5a1637c.jpg",
                        "title": "Architect's Journal"
                    },
                    {
                        "archive_url": "https://raw.githubusercontent.com/infrastructureclub/open-house-london-images/master/images/2026/2693/building_2693_column-shot_e84b13633d3232e98e85f6a3cb98b8e3.jpg",
                        "title": "Photo of Rachwalsky House"
                    },
                    {
                        "archive_url": "https://raw.githubusercontent.com/infrastructureclub/open-house-london-images/master/images/2026/2693/building_2693_dsc00257_12d4a1ea7331fd21f4db5d6cf10c96dd.jpg",
                        "title": "Photo of Rachwalsky House"
                    },
                    {
                        "archive_url": "https://raw.githubusercontent.com/infrastructureclub/open-house-london-images/master/images/2026/2693/building_2693_dsc00969_0baf9609a9de3e81d7e3cb07581f3078.jpg",
                        "title": "Photo of Rachwalsky House"
                    },
                    {
                        "archive_url": "https://raw.githubusercontent.com/infrastructureclub/open-house-london-images/master/images/2026/2693/building_2693_dsc00264_2bfc283676d81df4e89dbad9d73a4d1e.jpg",
                        "title": "Photo of Rachwalsky House"
                    }
                ],
                "name": "Rachwalsky House",
                "new_venue_this_year": "No",
                "start": "10:00:00",
                "ticketed_events": "Yes",
                "url": "https://programme.openhouse.org.uk/listings/2693"
            },
            "type": "Feature"
        },
        {
            "geometry": {
                "coordinates": [
                    -0.10256,
                    51.45317
                ],
                "type": "Point"
            },
            "properties": {
                "balloted": "No",
                "description": "Brockwell Hall was originally built in 1811-1813 for a wealthy Ludgate Hill glass maker as the centrepiece of his estate. It has recently been restored by PRS Architects, following an initiative led by Brockwell Hall Community Partners. Original features of the Grade II* listed Recency Villa have been restored and new spaces inside the Hall created for park users and the local community to enjoy.",
                "end": "12:30:00",
                "fully_booked": "Yes",
                "images": [
                    {
                        "archive_url": "https://raw.githubusercontent.com/infrastructureclub/open-house-london-images/master/images/2026/2711/building_2711_brockwell-hall_418c4fc11ec37eb0c210e4ce409985d2.jpg",
                        "title": "Brockwell Hall"
                    },
                    {
                        "archive_url": "https://raw.githubusercontent.com/infrastructureclub/open-house-london-images/master/images/2026/2711/building_2711_exhibition-space_dd67552403731602efdb98b7b6e9a60d.jpg",
                        "title": "Brockwell Hall"
                    }
                ],
                "name": "Brockwell Hall",
                "new_venue_this_year": "No",
                "start": "11:00:00",
                "ticketed_events": "Yes",
                "url": "https://programme.openhouse.org.uk/listings/2711"
            },
            "type": "Feature"
        },
        {
            "geometry": {
                "coordinates": [
                    -0.05212,
                    51.50121
                ],
                "type": "Point"
            },
            "properties": {
                "balloted": "No",
                "description": "London's story of an engineering family that changed the world. Dramatic new staircase below sculpture garden leads to underground chamber. Travel by train through first underwater shopping arcade & fairground to view Thames Tunnel portico.",
                "end": "14:45:00",
                "fully_booked": "",
                "images": [
                    {
                        "archive_url": "https://raw.githubusercontent.com/infrastructureclub/open-house-london-images/master/images/2026/2731/building_2731_2020-09-07_brunelmuseumaerialview-1_53a8523881031d9fbf21ce458586168c.jpg",
                        "title": "Photo of The Brunel Museum"
                    },
                    {
                        "archive_url": "https://raw.githubusercontent.com/infrastructureclub/open-house-london-images/master/images/2026/2731/building_2731_brunel-museum-tate-harmer-thames-tunnel-london_dezeen_1568_9_9f4a4079574f1374a3b74c1511937d13.jpg",
                        "title": "Photo of The Brunel Museum"
                    },
                    {
                        "archive_url": "https://raw.githubusercontent.com/infrastructureclub/open-house-london-images/master/images/2026/2731/building_2731_bm_melissa_maynard_heritage_scouts_141221_gabriella_codastefano-26_237b6b492037ed032cd8a39447edb998.jpg",
                        "title": "Photo of The Brunel Museum"
                    },
                    {
                        "archive_url": "https://raw.githubusercontent.com/infrastructureclub/open-house-london-images/master/images/2026/2731/building_2731_2024_04_10_holiday_camp_by_gabriella_codastefano-34-1_13616e3a240c1ae388939dd150958e43.jpg",
                        "title": "Photo of The Brunel Museum"
                    },
                    {
                        "archive_url": "https://raw.githubusercontent.com/infrastructureclub/open-house-london-images/master/images/2026/2731/building_2731_25092023_walking_tours_by_gabriella_codastefano-5-1_8e08e2e9eaaf006d92ed6fc197cc3b7f.jpg",
                        "title": "Photo of The Brunel Museum"
                    }
                ],
                "name": "The Brunel Museum",
                "new_venue_this_year": "No",
                "start": "10:45:00",
                "ticketed_events": "No",
                "url": "https://programme.openhouse.org.uk/listings/2731"
            },
            "type": "Feature"
        },
        {
            "geometry": {
                "coordinates": [
                    -0.13901,
                    51.52139
                ],
                "type": "Point"
            },
            "properties": {
                "balloted": "No",
                "description": "An enduring, distinctive feature of the London skyline for the last 54 years, this is a rare opportunity for members of the public to visit the famous revolving floor, 158m above the capital. After the flight the guests can watch a history of the BT Tower film in our auditorium.",
                "end": "19:15:00",
                "fully_booked": "Yes",
                "images": [
                    {
                        "archive_url": "https://raw.githubusercontent.com/infrastructureclub/open-house-london-images/master/images/2026/2735/building_2735_bt_tower_maja_smiejkowska_23_5a94a3235dd0b2e79cee9c53e05b8b48.jpg",
                        "title": "Photo of BT Tower"
                    },
                    {
                        "archive_url": "https://raw.githubusercontent.com/infrastructureclub/open-house-london-images/master/images/2026/2735/building_2735_wp_20150707_21_48_59_pro-2_92217ffa88764baa5f3ce9d806f45d21.jpg",
                        "title": "BT"
                    },
                    {
                        "archive_url": "https://raw.githubusercontent.com/infrastructureclub/open-house-london-images/master/images/2026/2735/building_2735_screenshot-2023-08-16-at-15-57-46_f1e5d2c5b84b3cd89e63ab3286e14d97.png",
                        "title": "Photo of BT Tower"
                    },
                    {
                        "archive_url": "https://raw.githubusercontent.com/infrastructureclub/open-house-london-images/master/images/2026/2735/building_2735_screenshot-2023-08-16-at-15-59-03_7d45d14f8ccbc369a34553be7976d52d.png",
                        "title": "Photo of BT Tower"
                    }
                ],
                "name": "BT Tower",
                "new_venue_this_year": "No",
                "start": "09:30:00",
                "ticketed_events": "Yes",
                "url": "https://programme.openhouse.org.uk/listings/2735"
            },
            "type": "Feature"
        },
        {
            "geometry": {
                "coordinates": [
                    -0.17498,
                    51.55817529999999
                ],
                "type": "Point"
            },
            "properties": {
                "balloted": "No",
                "description": "Built in 1704 and 1720, Burgh House is a Grade I Listed Queen Anne and early Georgian house situated in the heart of Hampstead Village. As an independent charity, it serves as a cultural hub bringing together heritage, art and community programming. Burgh House is also an Arts Council England accredited museum with a collection relating to Burgh House and the local area.",
                "end": "16:00:00",
                "fully_booked": "",
                "images": [
                    {
                        "archive_url": "https://raw.githubusercontent.com/infrastructureclub/open-house-london-images/master/images/2026/2744/building_2744_202503_burghhouse-175-copy_1f6d37c231ea8d359089218614d2e381.jpg",
                        "title": "Photo of Burgh House"
                    }
                ],
                "name": "Burgh House",
                "new_venue_this_year": "Yes",
                "start": "10:00:00",
                "ticketed_events": "No",
                "url": "https://programme.openhouse.org.uk/listings/2744"
            },
            "type": "Feature"
        },
        {
            "geometry": {
                "coordinates": [
                    -0.258696,
                    51.4838034
                ],
                "type": "Point"
            },
            "properties": {
                "balloted": "No",
                "description": "Chiswick House and Gardens is one of the most glorious examples of 18th-century British architecture and landscaped Gardens with over 300 years of discovery, inspiration and delight.",
                "end": "15:00:00",
                "fully_booked": "",
                "images": [
                    {
                        "archive_url": "https://raw.githubusercontent.com/infrastructureclub/open-house-london-images/master/images/2026/2862/building_2862_chgt1_a450c66199b3ad80264959ca5cdb143b.png",
                        "title": "Shot by Amol"
                    },
                    {
                        "archive_url": "https://raw.githubusercontent.com/infrastructureclub/open-house-london-images/master/images/2026/2862/building_2862_chgt2_b4401bceed1961129a72ad99ebe79c76.png",
                        "title": "Shot by Amol"
                    },
                    {
                        "archive_url": "https://raw.githubusercontent.com/infrastructureclub/open-house-london-images/master/images/2026/2862/building_2862_chgt3_1cf16cc7062d2cb8d55d363a1bd62a54.png",
                        "title": "Shot by Amol"
                    },
                    {
                        "archive_url": "https://raw.githubusercontent.com/infrastructureclub/open-house-london-images/master/images/2026/2862/building_2862_chgt4_7edfcf011fbdb6f7d446c0eef5eb739a.png",
                        "title": "Shot by Amol"
                    }
                ],
                "name": "Chiswick House and Gardens",
                "new_venue_this_year": "No",
                "start": "10:30:00",
                "ticketed_events": "No",
                "url": "https://programme.openhouse.org.uk/listings/2862"
            },
            "type": "Feature"
        },
        {
            "geometry": {
                "coordinates": [
                    -0.12106,
                    51.51341
                ],
                "type": "Point"
            },
            "properties": {
                "balloted": "No",
                "description": "A Church of Scotland in London, home to the longest-established Presbyterian congregation in London, worshipping in this location in Covent Garden since 1719. The current building is red brick with Portland stone dressings in a restrained, finely crafted Free Style. Three storeys, recessed slated attic, mullioned and transomed windows. Fine stained glass, most of which is by Farrar Bell.",
                "end": "17:00:00",
                "fully_booked": "",
                "images": [
                    {
                        "archive_url": "https://raw.githubusercontent.com/infrastructureclub/open-house-london-images/master/images/2026/3284/building_3284_crown-court-church-8100154_427819fdd0307a7edac29552d5b7ac69.jpg",
                        "title": "Photo of Crown Court Church of Scotland"
                    },
                    {
                        "archive_url": "https://raw.githubusercontent.com/infrastructureclub/open-house-london-images/master/images/2026/3284/building_3284_crown-court-church-8109734_febb601afa578a510328762e3e7e8f56.jpg",
                        "title": "Photo of Crown Court Church of Scotland"
                    }
                ],
                "name": "Crown Court Church of Scotland",
                "new_venue_this_year": "No",
                "start": "13:00:00",
                "ticketed_events": "No",
                "url": "https://programme.openhouse.org.uk/listings/3284"
            },
            "type": "Feature"
        },
        {
            "geometry": {
                "coordinates": [
                    -0.08505,
                    51.51207
                ],
                "type": "Point"
            },
            "properties": {
                "balloted": "No",
                "description": "Iconic Victorian covered market, with roots in Roman Londinium. Today, more than 40 renowned retail brands and outstanding food and drink venues are set within the stunning market place.",
                "end": "12:00:00",
                "fully_booked": "Yes",
                "images": [
                    {
                        "archive_url": "https://raw.githubusercontent.com/infrastructureclub/open-house-london-images/master/images/2026/3348/building_3348_lh-oh_9cee7eaed5beaf33de2eb4443ec16138.jpg",
                        "title": "Jack Batey"
                    },
                    {
                        "archive_url": "https://raw.githubusercontent.com/infrastructureclub/open-house-london-images/master/images/2026/3348/building_3348_lh-oh2_2053357eafcad357f2d6ad27d5b9503c.jpg",
                        "title": "Jack Batey"
                    },
                    {
                        "archive_url": "https://raw.githubusercontent.com/infrastructureclub/open-house-london-images/master/images/2026/3348/building_3348_lh-oh3_5df1376313d4798a856a8639c34f1e00.jpg",
                        "title": "Jack Batey"
                    },
                    {
                        "archive_url": "https://raw.githubusercontent.com/infrastructureclub/open-house-london-images/master/images/2026/3348/building_3348_lh-p_5675003eb4d925d0ff78d9e17c2585c0.jpg",
                        "title": "Jack Batey"
                    }
                ],
                "name": "Leadenhall Market",
                "new_venue_this_year": "No",
                "start": "11:00:00",
                "ticketed_events": "Yes",
                "url": "https://programme.openhouse.org.uk/listings/3348"
            },
            "type": "Feature"
        },
        {
            "geometry": {
                "coordinates": [
                    0.0195323,
                    51.56983320000001
                ],
                "type": "Point"
            },
            "properties": {
                "balloted": "No",
                "description": "A Modernist building of four hexagons within an Epping Forest setting. A sunny meeting room for Quaker worship faces a wooded burial ground of simple headstones, including those of Elizabeth Fry, William Mead, Guilielma Lister and Norman Frith.",
                "end": "17:30:00",
                "fully_booked": "",
                "images": [
                    {
                        "archive_url": "https://raw.githubusercontent.com/infrastructureclub/open-house-london-images/master/images/2026/3603/building_3603_img_0056_90882616ff1a7d4b78b6863c03a7049c.JPG",
                        "title": "Jan Sellers"
                    },
                    {
                        "archive_url": "https://raw.githubusercontent.com/infrastructureclub/open-house-london-images/master/images/2026/3603/building_3603_wastead-mh-open-house-sept-2015_d350724ab695eb3a79ed687215ab34b1.jpg",
                        "title": "mark rasmussen"
                    }
                ],
                "name": "Quaker Meeting House, Wanstead",
                "new_venue_this_year": "No",
                "start": "13:00:00",
                "ticketed_events": "No",
                "url": "https://programme.openhouse.org.uk/listings/3603"
            },
            "type": "Feature"
        },
        {
            "geometry": {
                "coordinates": [
                    -0.05396,
                    51.58553
                ],
                "type": "Point"
            },
            "properties": {
                "balloted": "No",
                "description": "Discover a piece of London’s industrial past, surrounded by nature.\r\nJoin us at the wetlands for a special tour of the Victorian Engine House, once a pumping station and now a welcoming visitor centre. Climb the steps of the old Coppermill Tower, first mentioned in the Domesday Book, and enjoy great views from the top.",
                "end": "15:30:00",
                "fully_booked": "Yes",
                "images": [
                    {
                        "archive_url": "https://raw.githubusercontent.com/infrastructureclub/open-house-london-images/master/images/2026/3711/building_3711_open-house_bdfb54c79e86c5e52450209452cdb3cd.jpg",
                        "title": "Iain Green "
                    },
                    {
                        "archive_url": "https://raw.githubusercontent.com/infrastructureclub/open-house-london-images/master/images/2026/3711/building_3711_open-house-2_3dd7e48d52c36a94fe0e0f11bdb0a2d2.jpg",
                        "title": "Iain Green "
                    },
                    {
                        "archive_url": "https://raw.githubusercontent.com/infrastructureclub/open-house-london-images/master/images/2026/3711/building_3711_open-house-4_7a358500f5cc2f603a4a59856fff70a4.jpg",
                        "title": "Iain Green"
                    },
                    {
                        "archive_url": "https://raw.githubusercontent.com/infrastructureclub/open-house-london-images/master/images/2026/3711/building_3711_open-house-5_4bb4bfffa20c3746d941aeced1cb652d.jpg",
                        "title": "Iain Green "
                    },
                    {
                        "archive_url": "https://raw.githubusercontent.com/infrastructureclub/open-house-london-images/master/images/2026/3711/building_3711_open-house-6_1d5341ddf5aea24900cbe98a273e04a2.jpg",
                        "title": "Iain Green"
                    },
                    {
                        "archive_url": "https://raw.githubusercontent.com/infrastructureclub/open-house-london-images/master/images/2026/3711/building_3711_open-house-7_ca5af99a97bfc724d6d4b84c27ba5476.jpg",
                        "title": "Iain Green"
                    },
                    {
                        "archive_url": "https://raw.githubusercontent.com/infrastructureclub/open-house-london-images/master/images/2026/3711/building_3711_open-house-8_5419b3245121ecc532a3bcf9eb378909.jpg",
                        "title": "Penny Dixie"
                    },
                    {
                        "archive_url": "https://raw.githubusercontent.com/infrastructureclub/open-house-london-images/master/images/2026/3711/building_3711_rs1733_walthamstow-reservoirs-260612-17_4bb9c545c343d28ed5bf2abf50b4b178.jpg",
                        "title": "Photo of Walthamstow Wetlands"
                    }
                ],
                "name": "Walthamstow Wetlands",
                "new_venue_this_year": "No",
                "start": "10:30:00",
                "ticketed_events": "Yes",
                "url": "https://programme.openhouse.org.uk/listings/3711"
            },
            "type": "Feature"
        },
        {
            "geometry": {
                "coordinates": [
                    -0.16684,
                    51.36508
                ],
                "type": "Point"
            },
            "properties": {
                "balloted": "No",
                "description": "Early 18C Grade II listed building incorporating plunge bath with Delft tiles, orangery, saloon and pump chamber with part-restored water wheel. Hermitage and sham bridge in grounds.",
                "end": "17:00:00",
                "fully_booked": "",
                "images": [
                    {
                        "archive_url": "https://raw.githubusercontent.com/infrastructureclub/open-house-london-images/master/images/2026/3745/building_3745_tower-01_2dfd419a37456c0da5d699501dd428a9.jpg",
                        "title": "Friends of Carshalton Water Tower"
                    },
                    {
                        "archive_url": "https://raw.githubusercontent.com/infrastructureclub/open-house-london-images/master/images/2026/3745/building_3745_img022_89ddb784acf4b4e1b0433139ebde3a8c.jpg",
                        "title": "Friends of Carshalton Water Tower"
                    },
                    {
                        "archive_url": "https://raw.githubusercontent.com/infrastructureclub/open-house-london-images/master/images/2026/3745/building_3745_tower-02_5b754a5fb0422bad66d32f00d8580bc9.jpg",
                        "title": "Friends of Carshalton Water Tower"
                    },
                    {
                        "archive_url": "https://raw.githubusercontent.com/infrastructureclub/open-house-london-images/master/images/2026/3745/building_3745_tower-03_6885b8fd60a90b119e73b7311bb641d3.jpg",
                        "title": "Friends of Carshalton Water Tower"
                    }
                ],
                "name": "Carshalton Water Tower and Historic Gardens",
                "new_venue_this_year": "No",
                "start": "13:00:00",
                "ticketed_events": "No",
                "url": "https://programme.openhouse.org.uk/listings/3745"
            },
            "type": "Feature"
        },
        {
            "geometry": {
                "coordinates": [
                    -0.0923729,
                    51.51554640000001
                ],
                "type": "Point"
            },
            "properties": {
                "balloted": "No",
                "description": "First built in c.1136, St. Lawrence Jewry was destroyed in the Great Fire of 1666. The present church was designed by Sir Christopher Wren in 1671. The interiors were destroyed in December 1940 during the World War Two and restored in 1957, faithful to Wren’s original design. Extensive conservation works were completed in 2023.\r\nThe official church to the City of London Corporation.",
                "end": "19:30:00",
                "fully_booked": "",
                "images": [
                    {
                        "archive_url": "https://raw.githubusercontent.com/infrastructureclub/open-house-london-images/master/images/2026/3866/building_3866_slj-from-yard_90de6328600834a6a8f044260b15272d.jpg",
                        "title": "Fr James Titley"
                    },
                    {
                        "archive_url": "https://raw.githubusercontent.com/infrastructureclub/open-house-london-images/master/images/2026/3866/building_3866_sljchurch_d94f23ba47a5b05b70a0d9fe7bd6189e.jpg",
                        "title": "Fr James Titley"
                    },
                    {
                        "archive_url": "https://raw.githubusercontent.com/infrastructureclub/open-house-london-images/master/images/2026/3866/building_3866_screenshot-2026-04-28-141526_aef7ef85b371d51509ce9acf4af1a0d1.png",
                        "title": "Fr James Titley"
                    }
                ],
                "name": "St Lawrence Jewry",
                "new_venue_this_year": "No",
                "start": "11:00:00",
                "ticketed_events": "No",
                "url": "https://programme.openhouse.org.uk/listings/3866"
            },
            "type": "Feature"
        },
        {
            "geometry": {
                "coordinates": [
                    -0.09886,
                    51.5131
                ],
                "type": "Point"
            },
            "properties": {
                "balloted": "No",
                "description": "London's main tourist information centre is clad in a specially manufactured system of 220 pre-finished stainless steel panels. The subtly reflective surface provides a striking counterpoint to St Paul's.",
                "end": "16:00:00",
                "fully_booked": "",
                "images": [
                    {
                        "archive_url": "https://raw.githubusercontent.com/infrastructureclub/open-house-london-images/master/images/2026/4009/building_4009_totman_080213_001_d748bb54f5f3d1215a873893b5810cba.jpg",
                        "title": "Clive Totman"
                    },
                    {
                        "archive_url": "https://raw.githubusercontent.com/infrastructureclub/open-house-london-images/master/images/2026/4009/building_4009_cic-exterior-20_a54ad8f670912d334eb213bfc5ecf17e.jpg",
                        "title": "City of London"
                    },
                    {
                        "archive_url": "https://raw.githubusercontent.com/infrastructureclub/open-house-london-images/master/images/2026/4009/building_4009_cic-credit-ben-broomfield-1_7fdd531e22dca5b9a834beb028f50ee2.jpg",
                        "title": "Ben Broomfield"
                    }
                ],
                "name": "City Information Centre",
                "new_venue_this_year": "No",
                "start": "10:00:00",
                "ticketed_events": "No",
                "url": "https://programme.openhouse.org.uk/listings/4009"
            },
            "type": "Feature"
        },
        {
            "geometry": {
                "coordinates": [
                    -0.2943906,
                    51.6087625
                ],
                "type": "Point"
            },
            "properties": {
                "balloted": "No",
                "description": "Grade II listed historic park landscape containing several listed buildings, including an 18C 'temple' building, bothy and compound, and walled kitchen garden, converted in 1937 to an informally planted garden by Harrow Council.",
                "end": "16:00:00",
                "fully_booked": "",
                "images": [
                    {
                        "archive_url": "https://raw.githubusercontent.com/infrastructureclub/open-house-london-images/master/images/2026/4277/building_4277_206_2c3b50cf6ad8552e5afe9c7a86b6265d.jpg",
                        "title": "Sharon Graham"
                    },
                    {
                        "archive_url": "https://raw.githubusercontent.com/infrastructureclub/open-house-london-images/master/images/2026/4277/building_4277_morning-mist-1_24791efbaec23b112472735029f939e6.jpg",
                        "title": "Sharon Graham"
                    },
                    {
                        "archive_url": "https://raw.githubusercontent.com/infrastructureclub/open-house-london-images/master/images/2026/4277/building_4277_side-gate-and-geraniums-george-v-memorial-garden_878a994e72bab4d947811268b811092a.jpg",
                        "title": "Sharon Graham"
                    },
                    {
                        "archive_url": "https://raw.githubusercontent.com/infrastructureclub/open-house-london-images/master/images/2026/4277/building_4277_camber-and-autumn-trees_8102073afe0f84515a743e7cccb1ca63.jpg",
                        "title": "Sharon Graham"
                    },
                    {
                        "archive_url": "https://raw.githubusercontent.com/infrastructureclub/open-house-london-images/master/images/2026/4277/building_4277_daffodils-2019-by-judy_ea369ca05fd8a13363d0547ba29c3749.jpg",
                        "title": "Judy"
                    },
                    {
                        "archive_url": "https://raw.githubusercontent.com/infrastructureclub/open-house-london-images/master/images/2026/4277/building_4277_pond-and-lily-pads-looking-towards-gate-vertical_0aa977fdc433f41082bf1f085c9c29d1.jpg",
                        "title": "Sharon Graham"
                    },
                    {
                        "archive_url": "https://raw.githubusercontent.com/infrastructureclub/open-house-london-images/master/images/2026/4277/building_4277_shelter-autumn-2017_4f5f40572f68cc8fa873e4dedd64ff5a.jpg",
                        "title": "Sharon Graham"
                    },
                    {
                        "archive_url": "https://raw.githubusercontent.com/infrastructureclub/open-house-london-images/master/images/2026/4277/building_4277_temple-from-a-distance-2017_decfe3d01f37198e47b98ab323cf7b37.jpg",
                        "title": "Sharon Graham"
                    },
                    {
                        "archive_url": "https://raw.githubusercontent.com/infrastructureclub/open-house-london-images/master/images/2026/4277/building_4277_garden-borders-summer-2019_9bfe496a5a601686382c3175b8a00053.jpg",
                        "title": "Photo of Canons Park"
                    },
                    {
                        "archive_url": "https://raw.githubusercontent.com/infrastructureclub/open-house-london-images/master/images/2026/4277/building_4277_memorial-garden-april-2021_fb36e67bad48f7776be13c3638c30efe.jpg",
                        "title": "Sharon Graham"
                    }
                ],
                "name": "Canons Park",
                "new_venue_this_year": "No",
                "start": "10:00:00",
                "ticketed_events": "No",
                "url": "https://programme.openhouse.org.uk/listings/4277"
            },
            "type": "Feature"
        },
        {
            "geometry": {
                "coordinates": [
                    -0.0665883,
                    51.5044166
                ],
                "type": "Point"
            },
            "properties": {
                "balloted": "No",
                "description": "A development of residential and recreational moorings for historic vessels on the Thames. The unique Pier House, built to a high specification, provides a floating community centre just downstream from Tower Bridge.",
                "end": "16:00:00",
                "fully_booked": "",
                "images": [
                    {
                        "archive_url": "https://raw.githubusercontent.com/infrastructureclub/open-house-london-images/master/images/2026/4642/building_4642_hermitagemoorings-1_799bd7dfc733796d5ea4a981042feea0.jpeg",
                        "title": "Photo of Hermitage Community Moorings"
                    },
                    {
                        "archive_url": "https://raw.githubusercontent.com/infrastructureclub/open-house-london-images/master/images/2026/4642/building_4642_img_1027_3280e0477775d1d0c955e6d83c70700c.JPG",
                        "title": "Tom Cochrane"
                    }
                ],
                "name": "Hermitage Community Moorings",
                "new_venue_this_year": "No",
                "start": "11:00:00",
                "ticketed_events": "No",
                "url": "https://programme.openhouse.org.uk/listings/4642"
            },
            "type": "Feature"
        },
        {
            "geometry": {
                "coordinates": [
                    -0.1122401,
                    51.5116279
                ],
                "type": "Point"
            },
            "properties": {
                "balloted": "No",
                "description": "Completed in 1895, Two Temple Place is a dazzling neo-Gothic gem on the Victoria Embankment, designed by gothic revivalist architect, John Loughborough Pearson, & commissioned by & built for William Waldorf Astor, as his estate office.",
                "end": "16:30:00",
                "fully_booked": "",
                "images": [
                    {
                        "archive_url": "https://raw.githubusercontent.com/infrastructureclub/open-house-london-images/master/images/2026/4771/building_4771_copyright-peter-dazeley-image-of-the-upper-gallery_370ca73b87565d8dfd8250183109dac9.jpg",
                        "title": "Peter Dazeley"
                    },
                    {
                        "archive_url": "https://raw.githubusercontent.com/infrastructureclub/open-house-london-images/master/images/2026/4771/building_4771_staircase-and-floor_21ad45e7810ac8083ba0b88a5bbc316e.jpg",
                        "title": "Peter Dazeley"
                    },
                    {
                        "archive_url": "https://raw.githubusercontent.com/infrastructureclub/open-house-london-images/master/images/2026/4771/building_4771_bdog-1873_fc318389c6b5c2cc2673d910bee1ff19.jpg",
                        "title": "Photo of Two Temple Place"
                    },
                    {
                        "archive_url": "https://raw.githubusercontent.com/infrastructureclub/open-house-london-images/master/images/2026/4771/building_4771_bdog-2474_21a70da6d7a54d9e2369b2988b92f5eb.jpg",
                        "title": "Photo of Two Temple Place"
                    },
                    {
                        "archive_url": "https://raw.githubusercontent.com/infrastructureclub/open-house-london-images/master/images/2026/4771/building_4771_great-hall_7674e57611f58a2ab9c75fa4730e25cb.jpg",
                        "title": "Photo of Two Temple Place"
                    },
                    {
                        "archive_url": "https://raw.githubusercontent.com/infrastructureclub/open-house-london-images/master/images/2026/4771/building_4771_credit-otto-berkley-smol_ace39b73d93125b2c2f082e6d1a937f3.jpg",
                        "title": "Photo of Two Temple Place"
                    }
                ],
                "name": "Two Temple Place",
                "new_venue_this_year": "No",
                "start": "10:00:00",
                "ticketed_events": "No",
                "url": "https://programme.openhouse.org.uk/listings/4771"
            },
            "type": "Feature"
        },
        {
            "geometry": {
                "coordinates": [
                    -0.0754022,
                    51.4001227
                ],
                "type": "Point"
            },
            "properties": {
                "balloted": "No",
                "description": "First opened in 1903, Stanley Arts continues its building's legacy as a beacon for the local community. This Grade II listed Edwardian theatre, gallery, and public hall reflects its founder's interest in the arts and sciences.\r\n\r\nThe historic features of the building are sometimes hidden, other times flaunted. Our Open House tours cover everything past and present about this storied institution.",
                "end": "16:00:00",
                "fully_booked": "No",
                "images": [
                    {
                        "archive_url": "https://raw.githubusercontent.com/infrastructureclub/open-house-london-images/master/images/2026/4825/building_4825_1h3a6802_e5317cefd594b81658757e5bb8c2f061.jpg",
                        "title": "Photo of Stanley Arts"
                    },
                    {
                        "archive_url": "https://raw.githubusercontent.com/infrastructureclub/open-house-london-images/master/images/2026/4825/building_4825_img_2714_d3cb7baa023465e94a9de3234af67788.jpg",
                        "title": "Nomad Creative Studios"
                    },
                    {
                        "archive_url": "https://raw.githubusercontent.com/infrastructureclub/open-house-london-images/master/images/2026/4825/building_4825_img_20170402_201842_f72f0aebd33a8a28293bad88a38c9a75.jpg",
                        "title": "Amie Salmon"
                    },
                    {
                        "archive_url": "https://raw.githubusercontent.com/infrastructureclub/open-house-london-images/master/images/2026/4825/building_4825_wedding-susie-lee-norwood-august-20170677_52053df59a1d9add8a1084ad8c7729ba.jpg",
                        "title": "Steve Wood"
                    },
                    {
                        "archive_url": "https://raw.githubusercontent.com/infrastructureclub/open-house-london-images/master/images/2026/4825/building_4825_assembly-room_595d44f062fee86f457b0851fa8eb126.jpg",
                        "title": "Nomad Studios"
                    },
                    {
                        "archive_url": "https://raw.githubusercontent.com/infrastructureclub/open-house-london-images/master/images/2026/4825/building_4825_1h3a0526_4acf026ebf2487d70687d4833c4320ab.jpg",
                        "title": "Photo of Stanley Arts"
                    },
                    {
                        "archive_url": "https://raw.githubusercontent.com/infrastructureclub/open-house-london-images/master/images/2026/4825/building_4825_20230117-gallery-1_df1d286741a3a86f0b1bbdd4b0ca8482.jpg",
                        "title": "Photo of Stanley Arts"
                    }
                ],
                "name": "Stanley Arts",
                "new_venue_this_year": "No",
                "start": "14:00:00",
                "ticketed_events": "Yes",
                "url": "https://programme.openhouse.org.uk/listings/4825"
            },
            "type": "Feature"
        },
        {
            "geometry": {
                "coordinates": [
                    0.02916,
                    51.57422
                ],
                "type": "Point"
            },
            "properties": {
                "balloted": "No",
                "description": "A guided walk, Wanstead Station to The Temple, Wanstead Park, taking in Wanstead's history and architectural heritage. The walk finishes at The Temple and will include an optional private tour of its displays.",
                "end": "12:00:00",
                "fully_booked": "Yes",
                "images": [
                    {
                        "archive_url": "https://raw.githubusercontent.com/infrastructureclub/open-house-london-images/master/images/2026/4927/building_4927_the-temple_01033ac7365c9f0ada96f55d12bb0629.jpg",
                        "title": "Sophie Lillington/City of London Corporation"
                    },
                    {
                        "archive_url": "https://raw.githubusercontent.com/infrastructureclub/open-house-london-images/master/images/2026/4927/building_4927_screen-shot-2017-06-22-at-15-07-21_b70e59b70f0c8d7704f16a3ef22b4839.png",
                        "title": "Photo of Wanstead Heritage Walk"
                    },
                    {
                        "archive_url": "https://raw.githubusercontent.com/infrastructureclub/open-house-london-images/master/images/2026/4927/building_4927_screen-shot-2017-06-22-at-15-08-40_79543c9c82dd2382454ce378e0e140d1.png",
                        "title": "Photo of Wanstead Heritage Walk"
                    },
                    {
                        "archive_url": "https://raw.githubusercontent.com/infrastructureclub/open-house-london-images/master/images/2026/4927/building_4927_chestnut-trees-wanstead_0a4a729efc0d6538f85f94a35e62fb7c.jpg",
                        "title": "Sophie Lillington/City of London Corporation"
                    }
                ],
                "name": "Wanstead Heritage Walk",
                "new_venue_this_year": "No",
                "start": "10:00:00",
                "ticketed_events": "Yes",
                "url": "https://programme.openhouse.org.uk/listings/4927"
            },
            "type": "Feature"
        },
        {
            "geometry": {
                "coordinates": [
                    -0.13123,
                    51.50641
                ],
                "type": "Point"
            },
            "properties": {
                "balloted": "No",
                "description": "One of London's finest examples of Georgian architecture, Carlton House Terrace is a Grade I listed structure originally designed by John Nash and built between 1827 and 1833. Today the townhouse is home to the British Academy, the UK’s national academy for the humanities and social sciences, and boasts an impressive art collection, including works by David Hockney and Wilhelmina Barns-Graham.",
                "end": "16:00:00",
                "fully_booked": "No",
                "images": [
                    {
                        "archive_url": "https://raw.githubusercontent.com/infrastructureclub/open-house-london-images/master/images/2026/5055/building_5055_building-external-19-4_ab219b956f36d72837d6d787a20cc6cd.jpg",
                        "title": "Photo of The British Academy"
                    },
                    {
                        "archive_url": "https://raw.githubusercontent.com/infrastructureclub/open-house-london-images/master/images/2026/5055/building_5055_building-internal-3-2_6c795f08f67d245ef08b2a05935af42f.jpg",
                        "title": "Photo of The British Academy"
                    },
                    {
                        "archive_url": "https://raw.githubusercontent.com/infrastructureclub/open-house-london-images/master/images/2026/5055/building_5055_mall-room-ceiling-3-1-1_957ede88787a5aa5ceb2b5ab0d4b5222.jpg",
                        "title": "Photo of The British Academy"
                    },
                    {
                        "archive_url": "https://raw.githubusercontent.com/infrastructureclub/open-house-london-images/master/images/2026/5055/building_5055_wolfson-room-4-2_f338d3d50b17b115b6d7baf1b2fb212d.jpg",
                        "title": "Photo of The British Academy"
                    },
                    {
                        "archive_url": "https://raw.githubusercontent.com/infrastructureclub/open-house-london-images/master/images/2026/5055/building_5055_on-01_01139on-01_1-1_25027db8e4ea8b841bfab45747d1cc68.jpg",
                        "title": "Photo of The British Academy"
                    },
                    {
                        "archive_url": "https://raw.githubusercontent.com/infrastructureclub/open-house-london-images/master/images/2026/5055/building_5055_on-02_01570on-02_1-1_b6f438ea8ddbb6d4e12b7dd1bdd94267.jpg",
                        "title": "Photo of The British Academy"
                    },
                    {
                        "archive_url": "https://raw.githubusercontent.com/infrastructureclub/open-house-london-images/master/images/2026/5055/building_5055_es3-lecture_fe4b54d039b2a9a5afd1eec4d395371f.jpg",
                        "title": "Photo of The British Academy"
                    },
                    {
                        "archive_url": "https://raw.githubusercontent.com/infrastructureclub/open-house-london-images/master/images/2026/5055/building_5055_council-room-2-1_0259da0a3c0930f4a0679fa36c87e8cb.jpg",
                        "title": "Photo of The British Academy"
                    },
                    {
                        "archive_url": "https://raw.githubusercontent.com/infrastructureclub/open-house-london-images/master/images/2026/5055/building_5055_es2-workshop_3467e7a2f3263d29c278d67382f6e14c.jpg",
                        "title": "Photo of The British Academy"
                    }
                ],
                "name": "The British Academy",
                "new_venue_this_year": "No",
                "start": "11:00:00",
                "ticketed_events": "Yes",
                "url": "https://programme.openhouse.org.uk/listings/5055"
            },
            "type": "Feature"
        },
        {
            "geometry": {
                "coordinates": [
                    -0.15398,
                    51.50024
                ],
                "type": "Point"
            },
            "properties": {
                "balloted": "No",
                "description": "Situated in one of the largest and grandest 19th century squares in London, 1 Belgrave Square was acquired by Romania in 1936 and is now home to the Romanian Cultural Institute.",
                "end": "17:00:00",
                "fully_booked": "No",
                "images": [
                    {
                        "archive_url": "https://raw.githubusercontent.com/infrastructureclub/open-house-london-images/master/images/2026/5056/building_5056__alx5876_0a42d5aa3d9907a84f9a596923c628ae.jpg",
                        "title": "Photo of Romanian Cultural Institute"
                    },
                    {
                        "archive_url": "https://raw.githubusercontent.com/infrastructureclub/open-house-london-images/master/images/2026/5056/building_5056_foto-pagina-about_fa6f357132b408abdf9a8fc8e770b1b3.jpg",
                        "title": "Photo of Romanian Cultural Institute"
                    },
                    {
                        "archive_url": "https://raw.githubusercontent.com/infrastructureclub/open-house-london-images/master/images/2026/5056/building_5056__alx6020_e74badf7dd3804995d2bb2bd45e4a8d1.jpg",
                        "title": "Photo of Romanian Cultural Institute"
                    },
                    {
                        "archive_url": "https://raw.githubusercontent.com/infrastructureclub/open-house-london-images/master/images/2026/5056/building_5056_1_55ca72db6478e4ae4da5d7689ad17609.jpg",
                        "title": "Photo of Romanian Cultural Institute"
                    },
                    {
                        "archive_url": "https://raw.githubusercontent.com/infrastructureclub/open-house-london-images/master/images/2026/5056/building_5056_2_543253d9970a3c5aaaca4ae3518a8bae.jpg",
                        "title": "Photo of Romanian Cultural Institute"
                    },
                    {
                        "archive_url": "https://raw.githubusercontent.com/infrastructureclub/open-house-london-images/master/images/2026/5056/building_5056_4_53e0ef2d1b77d11fe2d6eb207d63ba12.jpg",
                        "title": "Photo of Romanian Cultural Institute"
                    },
                    {
                        "archive_url": "https://raw.githubusercontent.com/infrastructureclub/open-house-london-images/master/images/2026/5056/building_5056_3_08b05a0f56d3fcb69a3a392b803c7718.jpg",
                        "title": "Photo of Romanian Cultural Institute"
                    }
                ],
                "name": "Romanian Cultural Institute",
                "new_venue_this_year": "No",
                "start": "11:00:00",
                "ticketed_events": "Yes",
                "url": "https://programme.openhouse.org.uk/listings/5056"
            },
            "type": "Feature"
        },
        {
            "geometry": {
                "coordinates": [
                    -0.12838,
                    51.62466
                ],
                "type": "Point"
            },
            "properties": {
                "balloted": "No",
                "description": "Grade II* listed church with fine collection of Pre-Raphaelite stained glass windows by Morris & Co. including Burne Jones and Rossetti. Wall paintings. Mosaic reredos of the Last Supper by Antonio Salviati. Minchenden Oak  - ancient pollarded oak more than 800 years old.",
                "end": "16:00:00",
                "fully_booked": "",
                "images": [
                    {
                        "archive_url": "https://raw.githubusercontent.com/infrastructureclub/open-house-london-images/master/images/2026/5128/building_5128_01-church-exterior-from-the-walker-ground_d9dd928f4e7fb9eb368e58542a322540.jpg",
                        "title": "Phillip Dawson"
                    },
                    {
                        "archive_url": "https://raw.githubusercontent.com/infrastructureclub/open-house-london-images/master/images/2026/5128/building_5128_02-lady-chapel_e446ff608b202fe9ea7fb05518669ef0.jpg",
                        "title": "Christine Matthews"
                    },
                    {
                        "archive_url": "https://raw.githubusercontent.com/infrastructureclub/open-house-london-images/master/images/2026/5128/building_5128_05-temperance-charity-by-edward-burne-jones_96c797339a1d6a46caef171bfbc65e51.jpg",
                        "title": "John Salmon"
                    },
                    {
                        "archive_url": "https://raw.githubusercontent.com/infrastructureclub/open-house-london-images/master/images/2026/5128/building_5128_03-interior-of-church-george-gilbert-scott_c28787a04cfde48db821fd73fc27d453.jpg",
                        "title": "Phillip Dawson"
                    },
                    {
                        "archive_url": "https://raw.githubusercontent.com/infrastructureclub/open-house-london-images/master/images/2026/5128/building_5128_04-justice-by-edward-burne-jones-detail_31d7dbddd2e5a5d5f0ba5846467cebe8.jpg",
                        "title": "Phillip Dawson"
                    },
                    {
                        "archive_url": "https://raw.githubusercontent.com/infrastructureclub/open-house-london-images/master/images/2026/5128/building_5128_06-mosaic-reredos-by-salviati-detail_76500a26b8a5ba2b5ade5827f495c371.jpg",
                        "title": "Phillip Dawson"
                    }
                ],
                "name": "Christ Church Southgate and the Minchenden Oak Garden",
                "new_venue_this_year": "No",
                "start": "12:30:00",
                "ticketed_events": "No",
                "url": "https://programme.openhouse.org.uk/listings/5128"
            },
            "type": "Feature"
        },
        {
            "geometry": {
                "coordinates": [
                    -0.01599,
                    51.45567
                ],
                "type": "Point"
            },
            "properties": {
                "balloted": "No",
                "description": "The church was rebuilt in late 15th century with some of that work still remaining to this day.\t\t\t\t\t\t\t\r\nDuring the Festival there will be opportunities to self-guide or to join a group tour which will include access to restricted areas such as the crypt and tower. These last about 30 min and will start on each hour with the last starting at 3 pm",
                "end": "16:00:00",
                "fully_booked": "",
                "images": [
                    {
                        "archive_url": "https://raw.githubusercontent.com/infrastructureclub/open-house-london-images/master/images/2026/5160/building_5160_st-mary-the-virgin_08b2a4ec02b39a4d98875cf5f20a47a7.jpg",
                        "title": "Mark Symons"
                    }
                ],
                "name": "Parish Church of St Mary The Virgin Lewisham",
                "new_venue_this_year": "Yes",
                "start": "11:30:00",
                "ticketed_events": "No",
                "url": "https://programme.openhouse.org.uk/listings/5160"
            },
            "type": "Feature"
        },
        {
            "geometry": {
                "coordinates": [
                    -0.0780208,
                    51.5374898
                ],
                "type": "Point"
            },
            "properties": {
                "balloted": "No",
                "description": "Small is beautiful: 6ft narrowboats provide individual design solutions for living and working in confined conditions. The self-managed moorings are a unique community with shared open spaces, offering a glimpse of alternative urban living. There's a floating allotment too!",
                "end": "17:00:00",
                "fully_booked": "",
                "images": [
                    {
                        "archive_url": "https://raw.githubusercontent.com/infrastructureclub/open-house-london-images/master/images/2026/5196/building_5196_4x7v0623-copy_5cea79454d82cff0abbefddb71a4687d.jpg",
                        "title": "Cat Vinton"
                    },
                    {
                        "archive_url": "https://raw.githubusercontent.com/infrastructureclub/open-house-london-images/master/images/2026/5196/building_5196_4x7v0725-allotment-copy_94863e91a345c128428c0b60927c2be2.jpg",
                        "title": "Cat Vinton"
                    },
                    {
                        "archive_url": "https://raw.githubusercontent.com/infrastructureclub/open-house-london-images/master/images/2026/5196/building_5196_4x7v1053-300dpi-copy_8c06452a98f1310b05a1736fc8841bff.jpg",
                        "title": "Cat Vinton"
                    },
                    {
                        "archive_url": "https://raw.githubusercontent.com/infrastructureclub/open-house-london-images/master/images/2026/5196/building_5196_4x7v1078_46d66e6fc3518bcf6507a554ed82a581.jpg",
                        "title": "Cat Vinton"
                    }
                ],
                "name": "Kingsland Basin Moorings (CHUG)",
                "new_venue_this_year": "No",
                "start": "12:00:00",
                "ticketed_events": "No",
                "url": "https://programme.openhouse.org.uk/listings/5196"
            },
            "type": "Feature"
        },
        {
            "geometry": {
                "coordinates": [
                    -0.237022,
                    51.50356379999999
                ],
                "type": "Point"
            },
            "properties": {
                "balloted": "No",
                "description": "One of only two primary schools designed by Erno Goldfinger using a pre-cast concrete system - an important modernist building. The building is Grade II* listed and has a fine top-lit mural in the foyer, commissioned by Goldfinger and designed and painted by Gordon Cullen. The 75 year old school needs some serious restoration - come and help us to ensure this gem lives on for future generations",
                "end": "17:00:00",
                "fully_booked": "",
                "images": [
                    {
                        "archive_url": "https://raw.githubusercontent.com/infrastructureclub/open-house-london-images/master/images/2026/5286/building_5286_greenside-primary-school-street-view_f299f30eaae6cec8952f99372c41902b.jpg-large",
                        "title": "Elizabeth Hopkirk"
                    },
                    {
                        "archive_url": "https://raw.githubusercontent.com/infrastructureclub/open-house-london-images/master/images/2026/5286/building_5286_greenside-front_c9edd197667c449e248d71d10918abfc.jpeg",
                        "title": "Photo of Greenside Primary School"
                    },
                    {
                        "archive_url": "https://raw.githubusercontent.com/infrastructureclub/open-house-london-images/master/images/2026/5286/building_5286_greenside-hall-from-playground_5a6160ba0894452a308aea3cacf03462.jpeg",
                        "title": "Photo of Greenside Primary School"
                    },
                    {
                        "archive_url": "https://raw.githubusercontent.com/infrastructureclub/open-house-london-images/master/images/2026/5286/building_5286_greenside-hall-fair_d3e4aef7c47e1fc06637d61a55dd986a.jpeg",
                        "title": "Photo of Greenside Primary School"
                    },
                    {
                        "archive_url": "https://raw.githubusercontent.com/infrastructureclub/open-house-london-images/master/images/2026/5286/building_5286_greenside-mural0121-2_df67248baf1116214c5511b8256c0e99.jpg",
                        "title": "Photo Catherine Gratwicke"
                    }
                ],
                "name": "Greenside Primary School",
                "new_venue_this_year": "No",
                "start": "12:00:00",
                "ticketed_events": "No",
                "url": "https://programme.openhouse.org.uk/listings/5286"
            },
            "type": "Feature"
        },
        {
            "geometry": {
                "coordinates": [
                    -0.23189,
                    51.49553
                ],
                "type": "Point"
            },
            "properties": {
                "balloted": "No",
                "description": "Recently designated as a Building of Cultural Interest by the Council, the Quaker Meeting House is designed to be a highly sustainable building to embody the Quaker values of simplicity and equality.  The award winning building promotes a sense of calm and tranquility.",
                "end": "18:00:00",
                "fully_booked": "",
                "images": [
                    {
                        "archive_url": "https://raw.githubusercontent.com/infrastructureclub/open-house-london-images/master/images/2026/5929/building_5929_ell6zowwoaa4cw9_f592cb3ce9305a4dcbbfe20eca33a3df.jpg",
                        "title": "Hammersmith Quakers"
                    },
                    {
                        "archive_url": "https://raw.githubusercontent.com/infrastructureclub/open-house-london-images/master/images/2026/5929/building_5929_blossom_front_3_a8d761fd28460a64ec6d8ef71efe67c1.jpeg",
                        "title": "Hammersmith Quakers"
                    },
                    {
                        "archive_url": "https://raw.githubusercontent.com/infrastructureclub/open-house-london-images/master/images/2026/5929/building_5929_qmh_april21-13-of-180_caac4ce7d07cb99ccd798e3a938dd1b7.jpg",
                        "title": "Hammersmith Quakers"
                    },
                    {
                        "archive_url": "https://raw.githubusercontent.com/infrastructureclub/open-house-london-images/master/images/2026/5929/building_5929_img_5045-rotated-meeting-room_a2f75b3d9964e7afe859e13a4796250d.jpg",
                        "title": "Hammersmith Quakers"
                    }
                ],
                "name": "Hammersmith Quaker Meeting House",
                "new_venue_this_year": "No",
                "start": "14:00:00",
                "ticketed_events": "No",
                "url": "https://programme.openhouse.org.uk/listings/5929"
            },
            "type": "Feature"
        },
        {
            "geometry": {
                "coordinates": [
                    -0.1383884,
                    51.461786
                ],
                "type": "Point"
            },
            "properties": {
                "balloted": "No",
                "description": "This guided walk around Clapham's Old Town features a radically redesigned public realm which changed the emphasis of the street environment to encourage people to walk and cycle instead of driving.",
                "end": "16:00:00",
                "fully_booked": "Yes",
                "images": [
                    {
                        "archive_url": "https://raw.githubusercontent.com/infrastructureclub/open-house-london-images/master/images/2026/6036/building_6036_r0017111_1ca683c7471369fa5dd00e8713428c10.jpg",
                        "title": "Ian Hingley"
                    },
                    {
                        "archive_url": "https://raw.githubusercontent.com/infrastructureclub/open-house-london-images/master/images/2026/6036/building_6036_r0017137_6e94fba40b6ffdf9ee6cbc9579cbb5a7.jpg",
                        "title": "Ian Hingley"
                    },
                    {
                        "archive_url": "https://raw.githubusercontent.com/infrastructureclub/open-house-london-images/master/images/2026/6036/building_6036_ianh2216_d681510bcfe82d54f0de2cb9d20e0cc3.jpg",
                        "title": "Ian Hingley"
                    },
                    {
                        "archive_url": "https://raw.githubusercontent.com/infrastructureclub/open-house-london-images/master/images/2026/6036/building_6036_ianh1965_fd9fcb347b6c4f508144aa9c42c00b4a.jpg",
                        "title": "Ian Hingley"
                    },
                    {
                        "archive_url": "https://raw.githubusercontent.com/infrastructureclub/open-house-london-images/master/images/2026/6036/building_6036_dscf2092_783a177ac488d0d6b6b158e5adbef284.jpg",
                        "title": "Ian Hingley"
                    },
                    {
                        "archive_url": "https://raw.githubusercontent.com/infrastructureclub/open-house-london-images/master/images/2026/6036/building_6036_ianh2132_11528f3cbf6c6f317479f655255ff0f7.jpg",
                        "title": "Ian Hingley"
                    },
                    {
                        "archive_url": "https://raw.githubusercontent.com/infrastructureclub/open-house-london-images/master/images/2026/6036/building_6036_ianh1773_542ab88a8cc430f25712e1712a983d9c.jpg",
                        "title": "Ian Hingley"
                    },
                    {
                        "archive_url": "https://raw.githubusercontent.com/infrastructureclub/open-house-london-images/master/images/2026/6036/building_6036_the-pavement-clapham-tables-and-chairs_c08211752f988cdcad0ba37ee382ba10.jpeg",
                        "title": "Ian Hingley"
                    }
                ],
                "name": "Clapham Old Town and Venn Street",
                "new_venue_this_year": "No",
                "start": "14:30:00",
                "ticketed_events": "Yes",
                "url": "https://programme.openhouse.org.uk/listings/6036"
            },
            "type": "Feature"
        },
        {
            "geometry": {
                "coordinates": [
                    -0.1118877,
                    51.4470837
                ],
                "type": "Point"
            },
            "properties": {
                "balloted": "No",
                "description": "Low-rise high density estate located next to Brockwell Park. Innovative design with pioneering architectural elements & echoing natural topography. Under threat of demolition by Lambeth council. Tours provided of estate and rotunda.",
                "end": "16:00:00",
                "fully_booked": "",
                "images": [
                    {
                        "archive_url": "https://raw.githubusercontent.com/infrastructureclub/open-house-london-images/master/images/2026/6047/building_6047_cressinghamgardenstour-3_highres_75941736a07037102cd634933c851add.jpg",
                        "title": "Susanne Hakuba"
                    },
                    {
                        "archive_url": "https://raw.githubusercontent.com/infrastructureclub/open-house-london-images/master/images/2026/6047/building_6047_img_1422_11427d3d7fd656136cf143965a120b77.jpg",
                        "title": "Joanne Parkes"
                    },
                    {
                        "archive_url": "https://raw.githubusercontent.com/infrastructureclub/open-house-london-images/master/images/2026/6047/building_6047_img_2937_74e6adef8b22aa564c054e04cf8b5c37.jpg",
                        "title": "Cressingham Gardens"
                    }
                ],
                "name": "Cressingham Gardens",
                "new_venue_this_year": "No",
                "start": "10:00:00",
                "ticketed_events": "No",
                "url": "https://programme.openhouse.org.uk/listings/6047"
            },
            "type": "Feature"
        },
        {
            "geometry": {
                "coordinates": [
                    -0.29128,
                    51.61359
                ],
                "type": "Point"
            },
            "properties": {
                "balloted": "No",
                "description": "Private 18C Seven Acre Lake, part of the dismantled Canons Mansion grounds, now surrounded by 1930s character housing. Wildlife includes Canada geese, swans and ducks.",
                "end": "17:00:00",
                "fully_booked": "",
                "images": [
                    {
                        "archive_url": "https://raw.githubusercontent.com/infrastructureclub/open-house-london-images/master/images/2026/6565/building_6565_p1000021_0cb449a2c3195b153c84ef3e925585e1.jpg",
                        "title": "Myra Stephens"
                    },
                    {
                        "archive_url": "https://raw.githubusercontent.com/infrastructureclub/open-house-london-images/master/images/2026/6565/building_6565_seven-acre-lake_2926ec4eb9a2d0b27bb2ed31a219bfb1.jpg",
                        "title": "Sharon Graham"
                    },
                    {
                        "archive_url": "https://raw.githubusercontent.com/infrastructureclub/open-house-london-images/master/images/2026/6565/building_6565_canons-drive_f3ec2e7b4a7bff724a5a6fceac3298da.jpg",
                        "title": "Photo of Seven Acre Lake, Canons Park Estate"
                    }
                ],
                "name": "Seven Acre Lake, Canons Park Estate",
                "new_venue_this_year": "No",
                "start": "10:00:00",
                "ticketed_events": "No",
                "url": "https://programme.openhouse.org.uk/listings/6565"
            },
            "type": "Feature"
        },
        {
            "geometry": {
                "coordinates": [
                    -0.0921379,
                    51.51525119999999
                ],
                "type": "Point"
            },
            "properties": {
                "balloted": "No",
                "description": "Publicly accessible space outside the spectacular Grade I listed medieval civic Guildhall.",
                "end": "14:30:00",
                "fully_booked": "",
                "images": [
                    {
                        "archive_url": "https://raw.githubusercontent.com/infrastructureclub/open-house-london-images/master/images/2026/6751/building_6751_guildhall-exterior-4_c73de3938a719bae168c577c426cf178.jpg",
                        "title": "Katherine Pearce"
                    },
                    {
                        "archive_url": "https://raw.githubusercontent.com/infrastructureclub/open-house-london-images/master/images/2026/6751/building_6751_yardgag-from-press_20668c0e52d4bd4af58b115e17d9c5d3.JPG",
                        "title": "City of London Corporation"
                    }
                ],
                "name": "Guildhall Yard: Meet the Pearly Kings and Queens",
                "new_venue_this_year": "No",
                "start": "13:30:00",
                "ticketed_events": "No",
                "url": "https://programme.openhouse.org.uk/listings/6751"
            },
            "type": "Feature"
        },
        {
            "geometry": {
                "coordinates": [
                    -0.0661,
                    51.54689
                ],
                "type": "Point"
            },
            "properties": {
                "balloted": "No",
                "description": "Modernist extension to Hackney's German Hospital, closed 1987 and converted into flats in 1999.",
                "end": "12:30:00",
                "fully_booked": "",
                "images": [
                    {
                        "archive_url": "https://raw.githubusercontent.com/infrastructureclub/open-house-london-images/master/images/2026/6802/building_6802_bruno-court-fassett-square-london-e8-15_7bc9e139066952d915405bcfafd642fc.jpg",
                        "title": "Photo of Bruno Court, The German Hospital"
                    },
                    {
                        "archive_url": "https://raw.githubusercontent.com/infrastructureclub/open-house-london-images/master/images/2026/6802/building_6802_image_9c3eb964fd3ebe090387ad9fe05fd5f5.jpeg",
                        "title": "Alexandra Goddard"
                    },
                    {
                        "archive_url": "https://raw.githubusercontent.com/infrastructureclub/open-house-london-images/master/images/2026/6802/building_6802_image_9a9c52c572eb35ac62c3079ed9e900f1.jpeg",
                        "title": "Alexandra Goddard"
                    }
                ],
                "name": "Bruno Court, The German Hospital",
                "new_venue_this_year": "No",
                "start": "10:00:00",
                "ticketed_events": "No",
                "url": "https://programme.openhouse.org.uk/listings/6802"
            },
            "type": "Feature"
        },
        {
            "geometry": {
                "coordinates": [
                    -0.0710449,
                    51.48474239999999
                ],
                "type": "Point"
            },
            "properties": {
                "balloted": "No",
                "description": "The operational factory of Kaymet, a maker of trays and trolleys since 1947. A hidden 1950s building with a small yard, originally a printing works. It is brick built, with clear-storey glazing and tubular truss north-light main shed roof.",
                "end": "16:00:00",
                "fully_booked": "",
                "images": [
                    {
                        "archive_url": "https://raw.githubusercontent.com/infrastructureclub/open-house-london-images/master/images/2026/6826/building_6826_1-img_7919_2f58d451f2821c88739d78489e21b77a.jpg",
                        "title": "Mark Brearley"
                    },
                    {
                        "archive_url": "https://raw.githubusercontent.com/infrastructureclub/open-house-london-images/master/images/2026/6826/building_6826_2-img_7949_ab2c3c15ea6de20d8f5cc2027d9c7702.jpg",
                        "title": "Mark Brearley"
                    },
                    {
                        "archive_url": "https://raw.githubusercontent.com/infrastructureclub/open-house-london-images/master/images/2026/6826/building_6826_3-img_7932_ac753adb0b7131d19819994b2f4e7013.jpg",
                        "title": "Mark Brearley"
                    },
                    {
                        "archive_url": "https://raw.githubusercontent.com/infrastructureclub/open-house-london-images/master/images/2026/6826/building_6826_4-img_7954_a4b2e4d9b7819de2935cae88dec994ad.jpg",
                        "title": "Mark Brearley"
                    },
                    {
                        "archive_url": "https://raw.githubusercontent.com/infrastructureclub/open-house-london-images/master/images/2026/6826/building_6826_5-img_7945_e783c813d62bfba4ad9d5f33095a4b2f.jpg",
                        "title": "Mark Brearley"
                    }
                ],
                "name": "Kaymet Factory",
                "new_venue_this_year": "No",
                "start": "10:00:00",
                "ticketed_events": "No",
                "url": "https://programme.openhouse.org.uk/listings/6826"
            },
            "type": "Feature"
        },
        {
            "geometry": {
                "coordinates": [
                    -0.1286,
                    51.51464
                ],
                "type": "Point"
            },
            "properties": {
                "balloted": "No",
                "description": "The first purpose-built new-build community centre to be built in the heart of Soho for generations, located within the renowned Phoenix Gardens. Winner: RIBA London Award. Designed by RIBA London Architect of the Year Winner.",
                "end": "17:00:00",
                "fully_booked": "",
                "images": [
                    {
                        "archive_url": "https://raw.githubusercontent.com/infrastructureclub/open-house-london-images/master/images/2026/6841/building_6841_2-pheonix_b7ea32597f5fe33b5e6445b19dd3346d.png",
                        "title": "Photo of Phoenix Gardens Community Building"
                    },
                    {
                        "archive_url": "https://raw.githubusercontent.com/infrastructureclub/open-house-london-images/master/images/2026/6841/building_6841_2_4d0309afc0e52d9bdd5f84d40a7275f3.jpg",
                        "title": "Richard Chivers"
                    },
                    {
                        "archive_url": "https://raw.githubusercontent.com/infrastructureclub/open-house-london-images/master/images/2026/6841/building_6841_3_ea5e89f518326cf3dee23fd096f6c620.jpg",
                        "title": "Richard Chivers"
                    },
                    {
                        "archive_url": "https://raw.githubusercontent.com/infrastructureclub/open-house-london-images/master/images/2026/6841/building_6841_4_0272925908a1371ee414b97bc96adcf6.jpg",
                        "title": "Richard Chivers"
                    },
                    {
                        "archive_url": "https://raw.githubusercontent.com/infrastructureclub/open-house-london-images/master/images/2026/6841/building_6841_5_f79616af8d60234498f855d8985bde25.jpg",
                        "title": "Elliot Sheppard"
                    },
                    {
                        "archive_url": "https://raw.githubusercontent.com/infrastructureclub/open-house-london-images/master/images/2026/6841/building_6841_6_b4787cdfd0633b326894ad2fb98aebc9.jpg",
                        "title": "Richard Chivers"
                    },
                    {
                        "archive_url": "https://raw.githubusercontent.com/infrastructureclub/open-house-london-images/master/images/2026/6841/building_6841_7_a364cbbfb91006c3df53a1fb5830e4a4.jpg",
                        "title": "Richard Chivers"
                    },
                    {
                        "archive_url": "https://raw.githubusercontent.com/infrastructureclub/open-house-london-images/master/images/2026/6841/building_6841_8_976ff58ed0dda8594483b49a40fd76ed.jpg",
                        "title": "Richard Chivers"
                    },
                    {
                        "archive_url": "https://raw.githubusercontent.com/infrastructureclub/open-house-london-images/master/images/2026/6841/building_6841_19-phoenix-aug_3869c5e6170e45717b6bd3cfecec3f5c.jpg",
                        "title": "Photo of Phoenix Gardens Community Building"
                    },
                    {
                        "archive_url": "https://raw.githubusercontent.com/infrastructureclub/open-house-london-images/master/images/2026/6841/building_6841_17-e1505819877596-copy_754f1b7085be92b44b060857607dd1bf.jpg",
                        "title": "Photo of Phoenix Gardens Community Building"
                    }
                ],
                "name": "Phoenix Gardens Community Building",
                "new_venue_this_year": "No",
                "start": "12:00:00",
                "ticketed_events": "No",
                "url": "https://programme.openhouse.org.uk/listings/6841"
            },
            "type": "Feature"
        },
        {
            "geometry": {
                "coordinates": [
                    0.0146526,
                    51.4052391
                ],
                "type": "Point"
            },
            "properties": {
                "balloted": "No",
                "description": "A walk around the streets that the young Herbert George Wells knew when he was growing up and wrote about in his autobiography. You will get a flavour of Bromley in its Victorian heyday - all in the words of the author of the 'Time Machine'",
                "end": "13:00:00",
                "fully_booked": "Yes",
                "images": [
                    {
                        "archive_url": "https://raw.githubusercontent.com/infrastructureclub/open-house-london-images/master/images/2026/6996/building_6996_screenshot-2022-07-25-162939_a00ad27ea19f2a93e88e3db28edc2509.jpg",
                        "title": "P W Martin"
                    },
                    {
                        "archive_url": "https://raw.githubusercontent.com/infrastructureclub/open-house-london-images/master/images/2026/6996/building_6996_dscf4887-copy_e1af99ee0f9348746dabef5530ceb3c2.jpg",
                        "title": "not known"
                    },
                    {
                        "archive_url": "https://raw.githubusercontent.com/infrastructureclub/open-house-london-images/master/images/2026/6996/building_6996_1-img_2998_1ca655f5d245cb19d8836ca7c1c0a815.jpg",
                        "title": "PWMartin"
                    },
                    {
                        "archive_url": "https://raw.githubusercontent.com/infrastructureclub/open-house-london-images/master/images/2026/6996/building_6996_1-img_3427_a9fd09591eb2316dd4f160e3f187d246.jpg",
                        "title": "PWMartin"
                    },
                    {
                        "archive_url": "https://raw.githubusercontent.com/infrastructureclub/open-house-london-images/master/images/2026/6996/building_6996_img_3345_10654158bd5a2bb304ae54a6060bf6c3.jpg",
                        "title": "PWMartin"
                    },
                    {
                        "archive_url": "https://raw.githubusercontent.com/infrastructureclub/open-house-london-images/master/images/2026/6996/building_6996_screenshot-2022-07-25-163727_c37a16f5b3762991c32b3699ea99ec86.jpg",
                        "title": "P W Martin"
                    }
                ],
                "name": "HG Wells' Bromley - in his own words",
                "new_venue_this_year": "No",
                "start": "11:00:00",
                "ticketed_events": "Yes",
                "url": "https://programme.openhouse.org.uk/listings/6996"
            },
            "type": "Feature"
        },
        {
            "geometry": {
                "coordinates": [
                    0.07296,
                    51.47345
                ],
                "type": "Point"
            },
            "properties": {
                "balloted": "No",
                "description": "Built in 1923, to replace its 18C namesake, Grade ll listed Shrewsbury House is the focus of the Shrewsbury Park Estate conservation area, built 1934-1936 by John Laing and Sons. Two 20th Century Civil Defence buildings are situated within the grounds as well as listed garden features including a recently restored summer house.",
                "end": "16:30:00",
                "fully_booked": "No",
                "images": [
                    {
                        "archive_url": "https://raw.githubusercontent.com/infrastructureclub/open-house-london-images/master/images/2026/7175/building_7175_20180406_154950_f3f93ca33c5eb7878c2add22c8726305.jpg",
                        "title": "Shrewsbury House Charitable Trust"
                    },
                    {
                        "archive_url": "https://raw.githubusercontent.com/infrastructureclub/open-house-london-images/master/images/2026/7175/building_7175_20180406_151150_e1dde5e1d77e8e5579fcbc5426738322.jpg",
                        "title": "Photo of Shrewsbury House"
                    },
                    {
                        "archive_url": "https://raw.githubusercontent.com/infrastructureclub/open-house-london-images/master/images/2026/7175/building_7175_20180406_154557_a2dba173a4eeece15a1212c28a1df4ce.jpg",
                        "title": "Shrewsbury House Charitable Trust"
                    },
                    {
                        "archive_url": "https://raw.githubusercontent.com/infrastructureclub/open-house-london-images/master/images/2026/7175/building_7175_20180406_154626_72928542bcf96832266b523cfea6efa6.jpg",
                        "title": "Shrewsbury House Charitable Trust"
                    },
                    {
                        "archive_url": "https://raw.githubusercontent.com/infrastructureclub/open-house-london-images/master/images/2026/7175/building_7175_20180406_153050_15c4414e43b1942f821876f52618e01b.jpg",
                        "title": "Shrewsbury House Charitable Trust"
                    },
                    {
                        "archive_url": "https://raw.githubusercontent.com/infrastructureclub/open-house-london-images/master/images/2026/7175/building_7175_20180406_152935_b6eea412481c7239d22a11ba0bb8a923.jpg",
                        "title": "Shrewbury House Charitable Trust"
                    },
                    {
                        "archive_url": "https://raw.githubusercontent.com/infrastructureclub/open-house-london-images/master/images/2026/7175/building_7175_20180406_153036_b7711c08273a18850f93d64c95af440b.jpg",
                        "title": "Shrewsbury House Charitable Trust"
                    },
                    {
                        "archive_url": "https://raw.githubusercontent.com/infrastructureclub/open-house-london-images/master/images/2026/7175/building_7175_20180406_154846_b6d1d8e9b0903f1aa21637823f649340.jpg",
                        "title": "Shrewsbury House Charitable Trust"
                    },
                    {
                        "archive_url": "https://raw.githubusercontent.com/infrastructureclub/open-house-london-images/master/images/2026/7175/building_7175_20180406_154356_6eb6f377b4b7cae7288ef9195027716b.jpg",
                        "title": "Shrewsbury House Charitable Trust"
                    }
                ],
                "name": "Shrewsbury House",
                "new_venue_this_year": "No",
                "start": "10:00:00",
                "ticketed_events": "Yes",
                "url": "https://programme.openhouse.org.uk/listings/7175"
            },
            "type": "Feature"
        },
        {
            "geometry": {
                "coordinates": [
                    -0.1248,
                    51.53757
                ],
                "type": "Point"
            },
            "properties": {
                "balloted": "No",
                "description": "The Aga Khan Centre, designed by Pritzker prize winning architect Fumihiko Maki, houses the UK institutions of the Aga Khan Development Network. A unique feature is its six gardens inspired by different regions of the Muslim world.",
                "end": "16:00:00",
                "fully_booked": "Yes",
                "images": [
                    {
                        "archive_url": "https://raw.githubusercontent.com/infrastructureclub/open-house-london-images/master/images/2026/7273/building_7273_fma-agaedmund-sumner-0005-lower-res_6a4339874e0937766619f70f4f8267af.jpg",
                        "title": "Edmund Sumner"
                    },
                    {
                        "archive_url": "https://raw.githubusercontent.com/infrastructureclub/open-house-london-images/master/images/2026/7273/building_7273_akdn_aga-khan-centre_kings-cross_-hufton-crow_017-low-res_6ebd85161755631ce66917c5395be840.jpg",
                        "title": "Edmund Sumner"
                    }
                ],
                "name": "Aga Khan Centre",
                "new_venue_this_year": "No",
                "start": "10:00:00",
                "ticketed_events": "Yes",
                "url": "https://programme.openhouse.org.uk/listings/7273"
            },
            "type": "Feature"
        },
        {
            "geometry": {
                "coordinates": [
                    -0.06991,
                    51.55507
                ],
                "type": "Point"
            },
            "properties": {
                "balloted": "No",
                "description": "This renovation reworks a 20th-century London townhouse with a perforated plywood stair and extensive timber interventions that introduce light, structure, and continuity. Texts engraved into the stair and screen record the collaborative design dialogue. A cantilevered balcony connects the kitchen and garden with minimal structure and visual weight.",
                "end": "17:00:00",
                "fully_booked": "",
                "images": [
                    {
                        "archive_url": "https://raw.githubusercontent.com/infrastructureclub/open-house-london-images/master/images/2026/7381/building_7381_tarotsuruta29lr_ba8c97352fdefa63c2d32956d4866551.jpg",
                        "title": "Photo of Marie's Wardrobe"
                    },
                    {
                        "archive_url": "https://raw.githubusercontent.com/infrastructureclub/open-house-london-images/master/images/2026/7381/building_7381_1_tarotsuruta9lr_6556cff84a34cd62a5d733823768ba4f.jpg",
                        "title": "Photo of Marie's Wardrobe"
                    },
                    {
                        "archive_url": "https://raw.githubusercontent.com/infrastructureclub/open-house-london-images/master/images/2026/7381/building_7381_2_tarotsuruta1lr_7a7f2a01b6b355204e1dc84e7c0c9673.jpg",
                        "title": "Photo of Marie's Wardrobe"
                    },
                    {
                        "archive_url": "https://raw.githubusercontent.com/infrastructureclub/open-house-london-images/master/images/2026/7381/building_7381_9_tarotsuruta11lr_6dfc2ad4a993c1eea0e82deb4956cd7a.jpg",
                        "title": "Photo of Marie's Wardrobe"
                    },
                    {
                        "archive_url": "https://raw.githubusercontent.com/infrastructureclub/open-house-london-images/master/images/2026/7381/building_7381_11_tarotsuruta6lr_a519f14dc0350aa98ca38fda0281a1af.jpg",
                        "title": "Photo of Marie's Wardrobe"
                    },
                    {
                        "archive_url": "https://raw.githubusercontent.com/infrastructureclub/open-house-london-images/master/images/2026/7381/building_7381_19_tarotsuruta27lr_7f8d36dbe266682a52b49d2ed2a8d7d0.jpg",
                        "title": "Photo of Marie's Wardrobe"
                    }
                ],
                "name": "Marie's Wardrobe",
                "new_venue_this_year": "No",
                "start": "11:00:00",
                "ticketed_events": "No",
                "url": "https://programme.openhouse.org.uk/listings/7381"
            },
            "type": "Feature"
        },
        {
            "geometry": {
                "coordinates": [
                    -0.2155497,
                    51.52515959999999
                ],
                "type": "Point"
            },
            "properties": {
                "balloted": "No",
                "description": "Kensal House, designed in the 1930s by Maxwell Fry and Elizabeth Denby, is a landmark in social housing. Central to this Grade-II* listed building is the community room, fostering social interaction among residents. Today, this space hosts SPID, a youth theatre that advocates housing justice through co-created art. SPID's ground breaking refurbishment recently won Client of the Year from RIBA.",
                "end": "14:45:00",
                "fully_booked": "Yes",
                "images": [
                    {
                        "archive_url": "https://raw.githubusercontent.com/infrastructureclub/open-house-london-images/master/images/2026/7514/building_7514_kh-community-room_c2ae66c3f7dac2095b46c7df572b234f.png",
                        "title": "Photo of Kensal House Estate Community Rooms"
                    },
                    {
                        "archive_url": "https://raw.githubusercontent.com/infrastructureclub/open-house-london-images/master/images/2026/7514/building_7514_kensal-house-community-rooms-london-by-studio-sam-causer-a-youth-theatre-charity-delivers-workshops-in-the-revived-space_4df2499a4b655dc5037bc0cefab58bd0.jpeg",
                        "title": "Photo of Kensal House Estate Community Rooms"
                    }
                ],
                "name": "Kensal House Estate Community Rooms",
                "new_venue_this_year": "No",
                "start": "14:00:00",
                "ticketed_events": "Yes",
                "url": "https://programme.openhouse.org.uk/listings/7514"
            },
            "type": "Feature"
        },
        {
            "geometry": {
                "coordinates": [
                    0.01711,
                    51.63444
                ],
                "type": "Point"
            },
            "properties": {
                "balloted": "No",
                "description": "The Epping Forest Visitor Centre at Chingford is both a visitor centre and museum, it was created from a late 19C stable complex. Enjoy its permanent display about the Forest, temporary exhibitions and unique status as gateway to 6000 acres of Forest trails.",
                "end": "16:00:00",
                "fully_booked": "",
                "images": [
                    {
                        "archive_url": "https://raw.githubusercontent.com/infrastructureclub/open-house-london-images/master/images/2026/7551/building_7551_the-view-march-2019_c3cd53efc0b00218b646e3b6a37cc8b8.jpg",
                        "title": "Photo of Epping Forest Visitor Centre at Chingford, The View"
                    },
                    {
                        "archive_url": "https://raw.githubusercontent.com/infrastructureclub/open-house-london-images/master/images/2026/7551/building_7551_view-courtyard_8c4ef7c572684bf170a9982cf31d8dab.jpg",
                        "title": "Sophie Lillington/City of London Corporation"
                    },
                    {
                        "archive_url": "https://raw.githubusercontent.com/infrastructureclub/open-house-london-images/master/images/2026/7551/building_7551_the-view-balcony_1482e99a6601a660a452ef7f4ea2e8c7.jpg",
                        "title": "Sophie Lillington/City of London Corporation"
                    }
                ],
                "name": "Epping Forest Visitor Centre at Chingford, The View",
                "new_venue_this_year": "No",
                "start": "11:00:00",
                "ticketed_events": "No",
                "url": "https://programme.openhouse.org.uk/listings/7551"
            },
            "type": "Feature"
        },
        {
            "geometry": {
                "coordinates": [
                    -0.02968,
                    51.58545
                ],
                "type": "Point"
            },
            "properties": {
                "balloted": "No",
                "description": "James Maltby Bignall (1827-1885) worked in the practice of Sir George Gilbert Scott, the architect of St Pancras Station. The style of St Michael's is late Gothic Revival, in its size and height reminiscent of Northern European churches.",
                "end": "16:30:00",
                "fully_booked": "",
                "images": [
                    {
                        "archive_url": "https://raw.githubusercontent.com/infrastructureclub/open-house-london-images/master/images/2026/7801/building_7801_st-michael-s-walthamstow_e7abc2441bc60bc7a385aa50be52e86c.jpg",
                        "title": "Photo of St Michael and All Angels Church"
                    },
                    {
                        "archive_url": "https://raw.githubusercontent.com/infrastructureclub/open-house-london-images/master/images/2026/7801/building_7801_high-altar_7af619e0d5ba4d06ea8455c7e967cf31.jpg",
                        "title": "Photo of St Michael and All Angels Church"
                    },
                    {
                        "archive_url": "https://raw.githubusercontent.com/infrastructureclub/open-house-london-images/master/images/2026/7801/building_7801_our-lady-of-walsingham_4206b3b2b2f39ba4a27dc31943245d5f.jpg",
                        "title": "Photo of St Michael and All Angels Church"
                    },
                    {
                        "archive_url": "https://raw.githubusercontent.com/infrastructureclub/open-house-london-images/master/images/2026/7801/building_7801_the-ceiling_0c1d3619b85ceddac87d60008d6e6ed0.jpg",
                        "title": "Photo of St Michael and All Angels Church"
                    },
                    {
                        "archive_url": "https://raw.githubusercontent.com/infrastructureclub/open-house-london-images/master/images/2026/7801/building_7801_the-high-altar-and-ceiling_7917f5a2d20a8aa1dbc9c6c914dfe4f9.jpg",
                        "title": "Photo of St Michael and All Angels Church"
                    },
                    {
                        "archive_url": "https://raw.githubusercontent.com/infrastructureclub/open-house-london-images/master/images/2026/7801/building_7801_the-high-altar_56550047b0b653cc9c10b7a90371c07e.jpg",
                        "title": "Photo of St Michael and All Angels Church"
                    },
                    {
                        "archive_url": "https://raw.githubusercontent.com/infrastructureclub/open-house-london-images/master/images/2026/7801/building_7801_the-memorial_ea0dafd9db255faafab5cdb93112a8c5.jpg",
                        "title": "Photo of St Michael and All Angels Church"
                    }
                ],
                "name": "St Michael and All Angels Church",
                "new_venue_this_year": "No",
                "start": "14:00:00",
                "ticketed_events": "No",
                "url": "https://programme.openhouse.org.uk/listings/7801"
            },
            "type": "Feature"
        },
        {
            "geometry": {
                "coordinates": [
                    0.07782059999999999,
                    51.53976280000001
                ],
                "type": "Point"
            },
            "properties": {
                "balloted": "No",
                "description": "A House for Artists (AHFA) is an experiment in communal living and working, that seeks to embed artists very directly into the local community in a meaningful way. The model combines 12 rented flats, occupied by artists and their families/flatmates, with a ground floor community/work space. Each artist in the house volunteers their time to shape different strands of a growing public programme.",
                "end": "16:00:00",
                "fully_booked": "No",
                "images": [
                    {
                        "archive_url": "https://raw.githubusercontent.com/infrastructureclub/open-house-london-images/master/images/2026/7861/building_7861_52201389090_f70f6d9b31_5k_143d801b78d58fbcc6be8dfc93347335.jpeg",
                        "title": "Photo of A House for Artists"
                    },
                    {
                        "archive_url": "https://raw.githubusercontent.com/infrastructureclub/open-house-london-images/master/images/2026/7861/building_7861_54032552948_692fca671b_k_22bbce73e7ea37ba8ff5b209a407584a.jpg",
                        "title": "Photo of A House for Artists"
                    },
                    {
                        "archive_url": "https://raw.githubusercontent.com/infrastructureclub/open-house-london-images/master/images/2026/7861/building_7861_j-lee-ahfa2025-film1_-6-2_f126e8ac56bd659f83748584a196ffdf.jpeg",
                        "title": "Photo of A House for Artists"
                    }
                ],
                "name": "A House for Artists",
                "new_venue_this_year": "No",
                "start": "11:00:00",
                "ticketed_events": "Yes",
                "url": "https://programme.openhouse.org.uk/listings/7861"
            },
            "type": "Feature"
        },
        {
            "geometry": {
                "coordinates": [
                    -0.01214,
                    51.58444
                ],
                "type": "Point"
            },
            "properties": {
                "balloted": "No",
                "description": "Grade II* listed church dating from 12C with Medieval, Tudor, Georgian & Victorian features. 16C Tower. Church refurbishment and new extension completed in 2023. Over 1300 monuments with four Grade II listed tombs in churchyard.",
                "end": "17:00:00",
                "fully_booked": "No",
                "images": [
                    {
                        "archive_url": "https://raw.githubusercontent.com/infrastructureclub/open-house-london-images/master/images/2026/8141/building_8141_photo5_bb9b792a653db1fb8b93cec69e29baac.jpg",
                        "title": "Photo of St. Mary's Church, Walthamstow Village"
                    },
                    {
                        "archive_url": "https://raw.githubusercontent.com/infrastructureclub/open-house-london-images/master/images/2026/8141/building_8141_250913-st-marys-tower-02_9c6e5efa6939c108e0018efd25ac02fa.jpg",
                        "title": "Photo of St. Mary's Church, Walthamstow Village"
                    },
                    {
                        "archive_url": "https://raw.githubusercontent.com/infrastructureclub/open-house-london-images/master/images/2026/8141/building_8141_250913-st-marys-tower-15_9cbc4e1f364ec6cd85c65c5856497fe6.jpg",
                        "title": "Photo of St. Mary's Church, Walthamstow Village"
                    },
                    {
                        "archive_url": "https://raw.githubusercontent.com/infrastructureclub/open-house-london-images/master/images/2026/8141/building_8141_250913-st-marys-tower-36_f159e84a640e152c5f0c29385f33d42e.jpg",
                        "title": "Photo of St. Mary's Church, Walthamstow Village"
                    },
                    {
                        "archive_url": "https://raw.githubusercontent.com/infrastructureclub/open-house-london-images/master/images/2026/8141/building_8141_250913-st-marys-tower-28_90dcbc51159d37fbc32660ea7928f4d2.jpg",
                        "title": "Photo of St. Mary's Church, Walthamstow Village"
                    },
                    {
                        "archive_url": "https://raw.githubusercontent.com/infrastructureclub/open-house-london-images/master/images/2026/8141/building_8141_250913-st-marys-tower-41_37a0e083ffefae50b0216681ab118f33.jpg",
                        "title": "Photo of St. Mary's Church, Walthamstow Village"
                    }
                ],
                "name": "St. Mary's Church, Walthamstow Village",
                "new_venue_this_year": "No",
                "start": "13:00:00",
                "ticketed_events": "Yes",
                "url": "https://programme.openhouse.org.uk/listings/8141"
            },
            "type": "Feature"
        },
        {
            "geometry": {
                "coordinates": [
                    -0.30513,
                    51.49659
                ],
                "type": "Point"
            },
            "properties": {
                "balloted": "No",
                "description": "Designed by local architect Charles Jones in 1861, the chapels are constructed of ragstone with limestone dressings in a Gothic style.   \r\nThere is a central porte cochere (archway for carriages) with clock and belfry, flanked by the South and North Chapels. These are set in a large area of naturalised woodland with interesting and atmospheric memorials and benches for peaceful, relaxation",
                "end": "16:00:00",
                "fully_booked": "No",
                "images": [
                    {
                        "archive_url": "https://raw.githubusercontent.com/infrastructureclub/open-house-london-images/master/images/2026/8288/building_8288_chapels-low-res-for-oh_jpg_a8e8e403546bd271ec8c9bd88af4fb3b.jpg",
                        "title": "Photo of South Ealing Cemetery Chapels"
                    },
                    {
                        "archive_url": "https://raw.githubusercontent.com/infrastructureclub/open-house-london-images/master/images/2026/8288/building_8288_south-ealing-cemetary-5_4f8a1572a040ebda639af0f0caaa7d83.jpeg",
                        "title": "Photo of South Ealing Cemetery Chapels"
                    },
                    {
                        "archive_url": "https://raw.githubusercontent.com/infrastructureclub/open-house-london-images/master/images/2026/8288/building_8288_clock-tower-low-res-for-oh_98d9af8b422f42ddb8e0e9eae43a1c6e.jpg",
                        "title": "Photo of South Ealing Cemetery Chapels"
                    },
                    {
                        "archive_url": "https://raw.githubusercontent.com/infrastructureclub/open-house-london-images/master/images/2026/8288/building_8288_clock-mechanism-low-res-for-oh_19a83f815651c442b20c9344ed09fd57.jpg",
                        "title": "Photo of South Ealing Cemetery Chapels"
                    },
                    {
                        "archive_url": "https://raw.githubusercontent.com/infrastructureclub/open-house-london-images/master/images/2026/8288/building_8288_main-drive-low-res-for-oh_bb4f132f0602b82bf2aa0decbc27f0c4.jpg",
                        "title": "Photo of South Ealing Cemetery Chapels"
                    },
                    {
                        "archive_url": "https://raw.githubusercontent.com/infrastructureclub/open-house-london-images/master/images/2026/8288/building_8288_img_5523_bca8af64a575c564de70ef69e08fbe44.jpeg",
                        "title": "Photo of South Ealing Cemetery Chapels"
                    }
                ],
                "name": "South Ealing Cemetery Chapels",
                "new_venue_this_year": "No",
                "start": "11:00:00",
                "ticketed_events": "Yes",
                "url": "https://programme.openhouse.org.uk/listings/8288"
            },
            "type": "Feature"
        },
        {
            "geometry": {
                "coordinates": [
                    -0.11828,
                    51.58292
                ],
                "type": "Point"
            },
            "properties": {
                "balloted": "No",
                "description": "Originally St, Mary's Infants School, later as Holy Innocents' National School until 1934. It then became derelict until 1981 when, after refurbishment, it became headquarters of the Hornsey Historical Society.",
                "end": "17:00:00",
                "fully_booked": "",
                "images": [
                    {
                        "archive_url": "https://raw.githubusercontent.com/infrastructureclub/open-house-london-images/master/images/2026/8312/building_8312_the-old-schoolhouse_7b08a97b7eeb34e6c5ff3d406cbbb8ec.jpg",
                        "title": "Hornsey Historical Society"
                    },
                    {
                        "archive_url": "https://raw.githubusercontent.com/infrastructureclub/open-house-london-images/master/images/2026/8312/building_8312_old-schoolhouse-20170915_155952_39336cf32b754c08b36451e8c5ad4944.jpg",
                        "title": "Hornsey Historical Society"
                    }
                ],
                "name": "The Old Schoolhouse",
                "new_venue_this_year": "No",
                "start": "10:00:00",
                "ticketed_events": "No",
                "url": "https://programme.openhouse.org.uk/listings/8312"
            },
            "type": "Feature"
        },
        {
            "geometry": {
                "coordinates": [
                    -0.1151837,
                    51.4745206
                ],
                "type": "Point"
            },
            "properties": {
                "balloted": "No",
                "description": "The carefully renovated Van Gogh House seeks to share its story and inspire a new generation of artists through Van Gogh’s London story. The house curates a dynamic programme of events anchored in the artist’s practice and local heritage.",
                "end": "17:00:00",
                "fully_booked": "",
                "images": [
                    {
                        "archive_url": "https://raw.githubusercontent.com/infrastructureclub/open-house-london-images/master/images/2026/8317/building_8317_van-gogh-house-garden-view-copyright-van-gogh-house_deab00dbbbd39c34d7c12191b7297f20.jpg",
                        "title": "Van Gogh House London"
                    },
                    {
                        "archive_url": "https://raw.githubusercontent.com/infrastructureclub/open-house-london-images/master/images/2026/8317/building_8317_annas-room_b8a76a932bc76637e145e41f9ecb9dbf.png",
                        "title": "Van Gogh House London"
                    },
                    {
                        "archive_url": "https://raw.githubusercontent.com/infrastructureclub/open-house-london-images/master/images/2026/8317/building_8317_vangoghhouse_install_-webres-_ref-0222_h_c1b3ee32c91d0662926689bc32667442.jpg",
                        "title": "Photo of Van Gogh House London"
                    },
                    {
                        "archive_url": "https://raw.githubusercontent.com/infrastructureclub/open-house-london-images/master/images/2026/8317/building_8317_vangoghhouse_install_-webres-_ref-0402_4c5596af9d9c378ec7274be629b46a84.jpg",
                        "title": "Photo of Van Gogh House London"
                    },
                    {
                        "archive_url": "https://raw.githubusercontent.com/infrastructureclub/open-house-london-images/master/images/2026/8317/building_8317_vangoghhouse_install_-webres-_ref-0257_h_2e2b912abeca9eb040159fcc015f1c3b.jpg",
                        "title": "Photo of Van Gogh House London"
                    }
                ],
                "name": "Van Gogh House London",
                "new_venue_this_year": "No",
                "start": "10:00:00",
                "ticketed_events": "No",
                "url": "https://programme.openhouse.org.uk/listings/8317"
            },
            "type": "Feature"
        },
        {
            "geometry": {
                "coordinates": [
                    -0.21581,
                    51.56881
                ],
                "type": "Point"
            },
            "properties": {
                "balloted": "No",
                "description": "Come and visit this grassroots community enterprise where old meets new in the form of the historic farm buildings alongside our crowdfunded cafe. Find out how some of these historic buildings have been saved and lovingly bought back into community use, and find out about our future plans.",
                "end": "15:00:00",
                "fully_booked": "",
                "images": [
                    {
                        "archive_url": "https://raw.githubusercontent.com/infrastructureclub/open-house-london-images/master/images/2026/8339/building_8339_2-our-yard_f435cc753860b8f44d78102d0ff4e0fc.png",
                        "title": "Photo of Our Yard at Clitterhouse Farm"
                    },
                    {
                        "archive_url": "https://raw.githubusercontent.com/infrastructureclub/open-house-london-images/master/images/2026/8339/building_8339_screen-shot-2019-06-05-at-15-37-38_559440d5e8e37db032fc0fbaf9cee8e1.png",
                        "title": "Photo of Our Yard at Clitterhouse Farm"
                    },
                    {
                        "archive_url": "https://raw.githubusercontent.com/infrastructureclub/open-house-london-images/master/images/2026/8339/building_8339_cafe-model-full_d93c54b037a48e0151f8d0c0e9408506.jpg",
                        "title": "Billy Adams and Freddie Wiltshire"
                    },
                    {
                        "archive_url": "https://raw.githubusercontent.com/infrastructureclub/open-house-london-images/master/images/2026/8339/building_8339_img_7903-2-2048x1536_580d192202d1e5649f25949170e67560.jpg",
                        "title": "Thomas Ball"
                    },
                    {
                        "archive_url": "https://raw.githubusercontent.com/infrastructureclub/open-house-london-images/master/images/2026/8339/building_8339_img_0559-2-2048x1536_d46fbe4914401794e084569b504ce7cf.jpg",
                        "title": "Thomas Ball"
                    },
                    {
                        "archive_url": "https://raw.githubusercontent.com/infrastructureclub/open-house-london-images/master/images/2026/8339/building_8339_cafe-at-night_6eed7d3f0273d9b743b159e1eaca973c.jpeg",
                        "title": "Thomas Ball"
                    },
                    {
                        "archive_url": "https://raw.githubusercontent.com/infrastructureclub/open-house-london-images/master/images/2026/8339/building_8339_whatsapp-image-2025-06-12-at-16-38-46_bc0bfdab7c575c580776447c110b820d.jpeg",
                        "title": "Photo of Our Yard at Clitterhouse Farm"
                    }
                ],
                "name": "Our Yard at Clitterhouse Farm",
                "new_venue_this_year": "No",
                "start": "11:00:00",
                "ticketed_events": "No",
                "url": "https://programme.openhouse.org.uk/listings/8339"
            },
            "type": "Feature"
        },
        {
            "geometry": {
                "coordinates": [
                    -0.14849,
                    51.60119
                ],
                "type": "Point"
            },
            "properties": {
                "balloted": "No",
                "description": "A low energy refurbishment of an Edwardian house, with rear extension and loft conversion. Wood fibre insulation, MVHR, airtightness layer, triple glazing, timber structure and low embodied energy materials.",
                "end": "17:00:00",
                "fully_booked": "",
                "images": [
                    {
                        "archive_url": "https://raw.githubusercontent.com/infrastructureclub/open-house-london-images/master/images/2026/8767/building_8767_low-energy-house-extension_7b7fe30e9380b6857674dec8a85b0439.jpg",
                        "title": "Architecture for London"
                    },
                    {
                        "archive_url": "https://raw.githubusercontent.com/infrastructureclub/open-house-london-images/master/images/2026/8767/building_8767_edwardian-low-energy-house-architects_3feb0909bb9796d4b80d9945dcf0fce6.jpg",
                        "title": "Architecture for London"
                    },
                    {
                        "archive_url": "https://raw.githubusercontent.com/infrastructureclub/open-house-london-images/master/images/2026/8767/building_8767_loft-conversion-architects-london_bd24a48e9cb7ff01782c62d39e6b8d6f.jpg",
                        "title": "Architecture for London"
                    },
                    {
                        "archive_url": "https://raw.githubusercontent.com/infrastructureclub/open-house-london-images/master/images/2026/8767/building_8767_muswell-hill-edwardian_c99a3d2dec52ec10760aead1b2aed6d3.jpg",
                        "title": "Architecture for London"
                    },
                    {
                        "archive_url": "https://raw.githubusercontent.com/infrastructureclub/open-house-london-images/master/images/2026/8767/building_8767_triple-glazing-house-extension_967aafe5c98ec95014ec4eee04544bc4.jpg",
                        "title": "Architecture for London"
                    },
                    {
                        "archive_url": "https://raw.githubusercontent.com/infrastructureclub/open-house-london-images/master/images/2026/8767/building_8767_stone-floor-house-extension_701572858a4a80acf49116d67ba15af1.jpg",
                        "title": "Architecture for London"
                    },
                    {
                        "archive_url": "https://raw.githubusercontent.com/infrastructureclub/open-house-london-images/master/images/2026/8767/building_8767_stone-sink-design_d0e2b86d1425ea701a25d4beb2f44dca.jpg",
                        "title": "Architecture for London"
                    },
                    {
                        "archive_url": "https://raw.githubusercontent.com/infrastructureclub/open-house-london-images/master/images/2026/8767/building_8767_architect-designed-modern-bathroom-3_79fe1c58494a32b2cb169341824de6f4.jpg",
                        "title": "Architecture for London"
                    },
                    {
                        "archive_url": "https://raw.githubusercontent.com/infrastructureclub/open-house-london-images/master/images/2026/8767/building_8767_bedroom-design-ideas-curtains-2_5327744c62b6b916413f1335eb8e00dc.jpg",
                        "title": "Architecture for London"
                    },
                    {
                        "archive_url": "https://raw.githubusercontent.com/infrastructureclub/open-house-london-images/master/images/2026/8767/building_8767_passivhaus-house-extension-2_f611c143837921a2cca1d01812f14a19.jpg",
                        "title": "Architecture for London"
                    },
                    {
                        "archive_url": "https://raw.githubusercontent.com/infrastructureclub/open-house-london-images/master/images/2026/8767/building_8767_oak-staircase-design-modern-4_bfa9e3b45d002955270bd77c86cf3422.jpg",
                        "title": "Lorenzo Zandri"
                    },
                    {
                        "archive_url": "https://raw.githubusercontent.com/infrastructureclub/open-house-london-images/master/images/2026/8767/building_8767_low-energy-house-extension_975b313c8f7f476e92b41ccf9775ff19.jpg",
                        "title": "Lorenzo Zandri"
                    }
                ],
                "name": "1 Halliwick Road",
                "new_venue_this_year": "No",
                "start": "10:00:00",
                "ticketed_events": "No",
                "url": "https://programme.openhouse.org.uk/listings/8767"
            },
            "type": "Feature"
        },
        {
            "geometry": {
                "coordinates": [
                    -0.03272,
                    51.4686
                ],
                "type": "Point"
            },
            "properties": {
                "balloted": "No",
                "description": "Guided walks through Brockley Conservation Area's quirky mews: leafy lanes, industrial units, Victorian and interesting modern architecture existing in harmony. The cherished public right of way  allows community contact with nature.",
                "end": "15:30:00",
                "fully_booked": "Yes",
                "images": [
                    {
                        "archive_url": "https://raw.githubusercontent.com/infrastructureclub/open-house-london-images/master/images/2026/9008/building_9008_lane-on-bikes_ef66c2b58a04f6c02557173a1eb82d88.jpg",
                        "title": "Juliet Johnson"
                    },
                    {
                        "archive_url": "https://raw.githubusercontent.com/infrastructureclub/open-house-london-images/master/images/2026/9008/building_9008_school-children-in-breakspears-mews_8f70da2d60144e36fabe9140271e51af.jpg",
                        "title": "Brockley Society"
                    }
                ],
                "name": "Brockley's Historic Mews",
                "new_venue_this_year": "No",
                "start": "11:00:00",
                "ticketed_events": "Yes",
                "url": "https://programme.openhouse.org.uk/listings/9008"
            },
            "type": "Feature"
        },
        {
            "geometry": {
                "coordinates": [
                    -0.1235712,
                    51.5275753
                ],
                "type": "Point"
            },
            "properties": {
                "balloted": "No",
                "description": "Grade ll listed Oxford Movement Anglican church built 1887-88. Historic England describe the exterior as ‘quirky and aggressive’ but the  interior is ‘very spare and elegant'. The building is  interesting for its 2019 conversion of a crypt area, partly rented commercially to a drama school but also used for community groups. On Historic England's Heritage at Risk register with serious cracks.",
                "end": "16:00:00",
                "fully_booked": "",
                "images": [
                    {
                        "archive_url": "https://raw.githubusercontent.com/infrastructureclub/open-house-london-images/master/images/2026/9100/building_9100_holy-cross-nave-facing-east_a0dd89ea8887a19c4e0b50d1b2055c5b.jpg",
                        "title": "Holy Cross Church"
                    },
                    {
                        "archive_url": "https://raw.githubusercontent.com/infrastructureclub/open-house-london-images/master/images/2026/9100/building_9100_good-shepherd-window-detail-cropped_404bf4d7e5471c05040efe9af2870db8.jpg",
                        "title": "Holy Cross Church"
                    },
                    {
                        "archive_url": "https://raw.githubusercontent.com/infrastructureclub/open-house-london-images/master/images/2026/9100/building_9100_pa170842_2caf1d7690a009c54d1d911880e62fd2.jpg",
                        "title": "Holy Cross Church"
                    },
                    {
                        "archive_url": "https://raw.githubusercontent.com/infrastructureclub/open-house-london-images/master/images/2026/9100/building_9100_bloomsbury-festival-2022_1d89fc0d4e8545c116684e9d6867c976.jpg",
                        "title": "Photo of Holy Cross Church, Cromer Street"
                    },
                    {
                        "archive_url": "https://raw.githubusercontent.com/infrastructureclub/open-house-london-images/master/images/2026/9100/building_9100_p5080017_667082b4aaf7e629b925a0a63297a792.jpg",
                        "title": "Photo of Holy Cross Church, Cromer Street"
                    },
                    {
                        "archive_url": "https://raw.githubusercontent.com/infrastructureclub/open-house-london-images/master/images/2026/9100/building_9100_2a5n93dh_582c43035ca34c795e4e17cea94bc927.jpeg",
                        "title": "Photo of Holy Cross Church, Cromer Street"
                    }
                ],
                "name": "Holy Cross Church, Cromer Street",
                "new_venue_this_year": "No",
                "start": "13:00:00",
                "ticketed_events": "No",
                "url": "https://programme.openhouse.org.uk/listings/9100"
            },
            "type": "Feature"
        },
        {
            "geometry": {
                "coordinates": [
                    -0.01703,
                    51.51349
                ],
                "type": "Point"
            },
            "properties": {
                "balloted": "No",
                "description": "Lansbury Lawrence (formally Susan Lawrence and Elizabeth Lansbury) opened in the 1951 Festival of Britain as a showpiece of the Live Architecture exhibition in the Lansbury Estate. An interesting mid-century design with original features.",
                "end": "11:00:00",
                "fully_booked": "Yes",
                "images": [
                    {
                        "archive_url": "https://raw.githubusercontent.com/infrastructureclub/open-house-london-images/master/images/2026/9135/building_9135_img_6021_4c73bf6957ae514cba1fdf610f320afa.jpg",
                        "title": "Kerri Sellens"
                    },
                    {
                        "archive_url": "https://raw.githubusercontent.com/infrastructureclub/open-house-london-images/master/images/2026/9135/building_9135_img_6033_fefd40592f58c2e48f366689123844ce.jpg",
                        "title": "Kerri Sellens"
                    },
                    {
                        "archive_url": "https://raw.githubusercontent.com/infrastructureclub/open-house-london-images/master/images/2026/9135/building_9135_img_6030_0d32af9491784f7ef0a154c313352ee4.jpg",
                        "title": "Kerri Sellens"
                    },
                    {
                        "archive_url": "https://raw.githubusercontent.com/infrastructureclub/open-house-london-images/master/images/2026/9135/building_9135_img_6023_bd2b4c30824bdff82801356481b24486.jpg",
                        "title": "Kerri Sellens"
                    },
                    {
                        "archive_url": "https://raw.githubusercontent.com/infrastructureclub/open-house-london-images/master/images/2026/9135/building_9135_img_6025_b126bf49001a3e7adae02fd1127b2833.jpg",
                        "title": "Kerri Sellens"
                    },
                    {
                        "archive_url": "https://raw.githubusercontent.com/infrastructureclub/open-house-london-images/master/images/2026/9135/building_9135_haidee5_a18f67e5cd7d4c0e0763d988e6746728.jpg",
                        "title": "Rob Harris"
                    },
                    {
                        "archive_url": "https://raw.githubusercontent.com/infrastructureclub/open-house-london-images/master/images/2026/9135/building_9135_microsoftteams-image_ba0a360b77e2974670bcdec6d773c802.png",
                        "title": "Photo of Lansbury Lawrence Primary School"
                    }
                ],
                "name": "Lansbury Lawrence Primary School",
                "new_venue_this_year": "No",
                "start": "10:00:00",
                "ticketed_events": "Yes",
                "url": "https://programme.openhouse.org.uk/listings/9135"
            },
            "type": "Feature"
        },
        {
            "geometry": {
                "coordinates": [
                    -0.0262556,
                    51.4567066
                ],
                "type": "Point"
            },
            "properties": {
                "balloted": "No",
                "description": "Starting at the Ladywell Cemetery gate,  the tour will take in poets, actors, artists, local dignitaries and war veterans among others.  \r\nThe original Non-conformist chapel will be open as well.",
                "end": "16:00:00",
                "fully_booked": "",
                "images": [
                    {
                        "archive_url": "https://raw.githubusercontent.com/infrastructureclub/open-house-london-images/master/images/2026/9204/building_9204_dscn1438_42ef534c0c940feaaae2525bcee6059b.JPG",
                        "title": "Friends of Brockley & Ladywell Cemeteries"
                    },
                    {
                        "archive_url": "https://raw.githubusercontent.com/infrastructureclub/open-house-london-images/master/images/2026/9204/building_9204_dscn4786_9b5062ae153aaffebd8ad74b3566df12.JPG",
                        "title": "Friends of Brockley & Ladywell Cemeteries"
                    },
                    {
                        "archive_url": "https://raw.githubusercontent.com/infrastructureclub/open-house-london-images/master/images/2026/9204/building_9204_jane-clouson-memorial_a5466cf60455a86086d7d5b048a68eb3.jpg",
                        "title": "Friends of Brockley & Ladywell Cemeteries"
                    }
                ],
                "name": "Guided tour of Ladywell and Brockley Cemeteries including the Non-conformist chapel",
                "new_venue_this_year": "No",
                "start": "14:00:00",
                "ticketed_events": "No",
                "url": "https://programme.openhouse.org.uk/listings/9204"
            },
            "type": "Feature"
        },
        {
            "geometry": {
                "coordinates": [
                    -0.19722,
                    51.46995
                ],
                "type": "Point"
            },
            "properties": {
                "balloted": "No",
                "description": "Amongst the RIBA Stirling Prize shortlist 2022 sits Mæ Architect's Sands End Arts & Community Centre in Fulham. The centre consists of a single-storey building comprising bright, airy and flexible event spaces and a community café.",
                "end": "17:30:00",
                "fully_booked": "No",
                "images": [
                    {
                        "archive_url": "https://raw.githubusercontent.com/infrastructureclub/open-house-london-images/master/images/2026/9662/building_9662_03_rorygardiner1421c_01_304cc2e322e8ffe0e7a066c119f607ff.jpg",
                        "title": "Rory Gardiner"
                    },
                    {
                        "archive_url": "https://raw.githubusercontent.com/infrastructureclub/open-house-london-images/master/images/2026/9662/building_9662_j6307_n14_high_68f1f9873d1102f20dce14077ab85aab.jpg",
                        "title": "Rory Gardiner"
                    },
                    {
                        "archive_url": "https://raw.githubusercontent.com/infrastructureclub/open-house-london-images/master/images/2026/9662/building_9662_j6307_n11_high_d493290fdde1acc3755e47603bf58737.jpg",
                        "title": "Rory Gardiner"
                    },
                    {
                        "archive_url": "https://raw.githubusercontent.com/infrastructureclub/open-house-london-images/master/images/2026/9662/building_9662_j6307_n12_high_f60bbc96d7a57e471bfbae1b5f5f54ca.jpg",
                        "title": "Rory Gardiner"
                    },
                    {
                        "archive_url": "https://raw.githubusercontent.com/infrastructureclub/open-house-london-images/master/images/2026/9662/building_9662_j6307_n13_high_7ef4fc092850625b08c162844d8e4c2c.jpg",
                        "title": "Rory Gardiner"
                    }
                ],
                "name": "Sands End Arts & Community Centre",
                "new_venue_this_year": "No",
                "start": "10:30:00",
                "ticketed_events": "Yes",
                "url": "https://programme.openhouse.org.uk/listings/9662"
            },
            "type": "Feature"
        },
        {
            "geometry": {
                "coordinates": [
                    -0.10554,
                    51.51376
                ],
                "type": "Point"
            },
            "properties": {
                "balloted": "No",
                "description": "Wren designed building of 1675, interior lost in blitz of 1940, reopened 1957 with 'Wren inspired' interior",
                "end": "16:00:00",
                "fully_booked": "",
                "images": [
                    {
                        "archive_url": "https://raw.githubusercontent.com/infrastructureclub/open-house-london-images/master/images/2026/10035/building_10035_saint-brides-slater-king-354_bb8f07c9db1f49a68fbe0607f358d945.jpg",
                        "title": "Slater King"
                    },
                    {
                        "archive_url": "https://raw.githubusercontent.com/infrastructureclub/open-house-london-images/master/images/2026/10035/building_10035__dsc5779_cd3d912e5447e35e717d236627d51849.jpg",
                        "title": "John Lamb"
                    },
                    {
                        "archive_url": "https://raw.githubusercontent.com/infrastructureclub/open-house-london-images/master/images/2026/10035/building_10035__dsc5914_179a1c91dd4d40e08e3a1850fa0f390c.jpg",
                        "title": "John Lamb"
                    },
                    {
                        "archive_url": "https://raw.githubusercontent.com/infrastructureclub/open-house-london-images/master/images/2026/10035/building_10035_saint-brides-slater-king-418_c22f6b0ed23f0c5ed4d2af75a40e3446.jpg",
                        "title": "Slater King"
                    },
                    {
                        "archive_url": "https://raw.githubusercontent.com/infrastructureclub/open-house-london-images/master/images/2026/10035/building_10035_saint-brides-slater-king-337_46871a9de60eca0f2b50cb5dbc1b3314.jpg",
                        "title": "Slater King"
                    },
                    {
                        "archive_url": "https://raw.githubusercontent.com/infrastructureclub/open-house-london-images/master/images/2026/10035/building_10035_saint-brides-slater-king-370_d2eda4854bb80af0cf057fca1dbc9b38.jpg",
                        "title": "Slater King"
                    }
                ],
                "name": "St Bride's Church, Fleet Street",
                "new_venue_this_year": "No",
                "start": "11:00:00",
                "ticketed_events": "No",
                "url": "https://programme.openhouse.org.uk/listings/10035"
            },
            "type": "Feature"
        },
        {
            "geometry": {
                "coordinates": [
                    -0.11313,
                    51.56738
                ],
                "type": "Point"
            },
            "properties": {
                "balloted": "No",
                "description": "A grand neo-classical building of 1871 with impressive interior, built as New Court Congregational Chapel. Home to a Hunter pipe organ, installed as a WW1 memorial and recently restored with National Lottery Heritage Fund support.",
                "end": "16:30:00",
                "fully_booked": "",
                "images": [
                    {
                        "archive_url": "https://raw.githubusercontent.com/infrastructureclub/open-house-london-images/master/images/2026/10105/building_10105_exteriordn_a5db18323de34da7c99a3776d797abf6.jpg",
                        "title": "David Norton"
                    },
                    {
                        "archive_url": "https://raw.githubusercontent.com/infrastructureclub/open-house-london-images/master/images/2026/10105/building_10105_about_tab_9bfecfb348e840744e7ed8086e504367.jpg",
                        "title": "Old postcard"
                    },
                    {
                        "archive_url": "https://raw.githubusercontent.com/infrastructureclub/open-house-london-images/master/images/2026/10105/building_10105_new-court-chapel-copy_88faa08d8666a8440b295efa52cdbfa8.jpg",
                        "title": "Old Postcard"
                    },
                    {
                        "archive_url": "https://raw.githubusercontent.com/infrastructureclub/open-house-london-images/master/images/2026/10105/building_10105_organ-war-memorials-copy-2_fe53fcc6fd3d2e0a76984d98a335c62e.jpg",
                        "title": "Unknown"
                    },
                    {
                        "archive_url": "https://raw.githubusercontent.com/infrastructureclub/open-house-london-images/master/images/2026/10105/building_10105_phrestoration-copy_fc7577cbda8d1f4c559b5fad4a891349.jpg",
                        "title": "Charlotte Wilson"
                    },
                    {
                        "archive_url": "https://raw.githubusercontent.com/infrastructureclub/open-house-london-images/master/images/2026/10105/building_10105_plaque_mid-copy_09e67dfcb343fed74e48ec72d735415f.jpg",
                        "title": "Charlotte Wilson"
                    },
                    {
                        "archive_url": "https://raw.githubusercontent.com/infrastructureclub/open-house-london-images/master/images/2026/10105/building_10105_organ_finished_020-copy_e495508d0babe8f56714db8c94db3132.jpg",
                        "title": "Charlotte Wilson"
                    },
                    {
                        "archive_url": "https://raw.githubusercontent.com/infrastructureclub/open-house-london-images/master/images/2026/10105/building_10105_organ_finished_023-copy_821abd3094395c8dea84bd28e0a7d063.jpg",
                        "title": "Charlotte Wilson"
                    },
                    {
                        "archive_url": "https://raw.githubusercontent.com/infrastructureclub/open-house-london-images/master/images/2026/10105/building_10105_cattardoh23prog_39b209ef19316c2fc91e1e09d4a2cdd6.jpg",
                        "title": "Photo of RC Church of St Mellitus"
                    }
                ],
                "name": "RC Church of St Mellitus",
                "new_venue_this_year": "No",
                "start": "13:00:00",
                "ticketed_events": "No",
                "url": "https://programme.openhouse.org.uk/listings/10105"
            },
            "type": "Feature"
        },
        {
            "geometry": {
                "coordinates": [
                    -0.30122,
                    51.44664
                ],
                "type": "Point"
            },
            "properties": {
                "balloted": "No",
                "description": "St Peter's Church has Saxon origins. It was rebuilt in the 11th century and enlarged in 1505. Norman, Tudor and Georgian features can be viewed. The church has a small nave but large and unequal-sized transepts. It is best known for its Georgian box pews. The two-decker (originally three-) pulpit dates from 1796. The churchyard contains several memorials of historical and architectural interest.",
                "end": "17:00:00",
                "fully_booked": "",
                "images": [
                    {
                        "archive_url": "https://raw.githubusercontent.com/infrastructureclub/open-house-london-images/master/images/2026/10134/building_10134_st-peter-petersham-014_89b8dad9e301adaa774704ebf0c6bef8.jpg",
                        "title": "Photo of St Peter's Church Petersham"
                    },
                    {
                        "archive_url": "https://raw.githubusercontent.com/infrastructureclub/open-house-london-images/master/images/2026/10134/building_10134_2-09-15-051_051e3654729474492baa8a27e53645d1.jpg",
                        "title": "Photo of St Peter's Church Petersham"
                    },
                    {
                        "archive_url": "https://raw.githubusercontent.com/infrastructureclub/open-house-london-images/master/images/2026/10134/building_10134_2-09-15-068_e07f49cb29ed8fc6ab2de760b3b7ef69.jpg",
                        "title": "Photo of St Peter's Church Petersham"
                    },
                    {
                        "archive_url": "https://raw.githubusercontent.com/infrastructureclub/open-house-london-images/master/images/2026/10134/building_10134_vancouver_be33772460ace5cd34e6b5d56ee09a64.jpg",
                        "title": "Photo of St Peter's Church Petersham"
                    },
                    {
                        "archive_url": "https://raw.githubusercontent.com/infrastructureclub/open-house-london-images/master/images/2026/10134/building_10134_pews2_0e67cafc8aa604fc838b921084bf227c.jpg",
                        "title": "Photo of St Peter's Church Petersham"
                    },
                    {
                        "archive_url": "https://raw.githubusercontent.com/infrastructureclub/open-house-london-images/master/images/2026/10134/building_10134_churchyard_d46e312ac4c6a7b81cb6708b6ef576f8.jpg",
                        "title": "Photo of St Peter's Church Petersham"
                    },
                    {
                        "archive_url": "https://raw.githubusercontent.com/infrastructureclub/open-house-london-images/master/images/2026/10134/building_10134_chancel2_25897c3f2f71902b413af970226b2a9e.jpg",
                        "title": "Photo of St Peter's Church Petersham"
                    },
                    {
                        "archive_url": "https://raw.githubusercontent.com/infrastructureclub/open-house-london-images/master/images/2026/10134/building_10134_1-listed-grave-after-jan-van-nost_1f2917f9e3da7a235a98f692e828a0d5.jpg",
                        "title": "Photo of St Peter's Church Petersham"
                    }
                ],
                "name": "St Peter's Church Petersham",
                "new_venue_this_year": "No",
                "start": "13:00:00",
                "ticketed_events": "No",
                "url": "https://programme.openhouse.org.uk/listings/10134"
            },
            "type": "Feature"
        },
        {
            "geometry": {
                "coordinates": [
                    -0.3183739,
                    51.49191829999999
                ],
                "type": "Point"
            },
            "properties": {
                "balloted": "No",
                "description": "Boston Manor House is a Jacobean House built for Lady Mary Reade in 1623 and later owned by the Clitherow family from the 1670s until the 1920s. The House is now open to the public with free entry six days a week. Its beautifully restored historic interiors, including breath-taking ornate plasterwork, are joined by two community exhibition galleries, meeting rooms and an attractive modern café.",
                "end": "16:00:00",
                "fully_booked": "No",
                "images": [
                    {
                        "archive_url": "https://raw.githubusercontent.com/infrastructureclub/open-house-london-images/master/images/2026/10142/building_10142_boston-manor-house-summer-2_c0f61ec64b1603fb550d52f0f09a6911.png",
                        "title": "Boston Manor House"
                    },
                    {
                        "archive_url": "https://raw.githubusercontent.com/infrastructureclub/open-house-london-images/master/images/2026/10142/building_10142_portico-view_999fec832900435c60d71d0e12234533.jpg",
                        "title": "Boston Manor House"
                    },
                    {
                        "archive_url": "https://raw.githubusercontent.com/infrastructureclub/open-house-london-images/master/images/2026/10142/building_10142_boston-manor-house-view-from-park-lake_1374c93e6b177cad683819c569dfe1c8.jpg",
                        "title": "Boston Manor House"
                    }
                ],
                "name": "Boston Manor House",
                "new_venue_this_year": "No",
                "start": "11:30:00",
                "ticketed_events": "Yes",
                "url": "https://programme.openhouse.org.uk/listings/10142"
            },
            "type": "Feature"
        },
        {
            "geometry": {
                "coordinates": [
                    -0.09212,
                    51.5151
                ],
                "type": "Point"
            },
            "properties": {
                "balloted": "No",
                "description": "On Sunday, 2 September 1666, the Great Fire of London started at a bakery in Pudding Lane, destroying thousands of homes, 87 churches, and St. Paul's Cathedral.\r\nOn this walk, we will explore this dramatic story, discover the causes and outcomes of the fire and see how Christopher Wren helped rebuild the city from the ashes.",
                "end": "15:00:00",
                "fully_booked": "Yes",
                "images": [
                    {
                        "archive_url": "https://raw.githubusercontent.com/infrastructureclub/open-house-london-images/master/images/2026/10238/building_10238_great-fire_cdb623d9a7d002bfedeb091b563fbe2d.jpeg",
                        "title": "Niki  Gorrick"
                    },
                    {
                        "archive_url": "https://raw.githubusercontent.com/infrastructureclub/open-house-london-images/master/images/2026/10238/building_10238_the_great_fire_of_london-_with_ludgate_and_old_st-_paul-s_397062c4fd48f1a6b8258abb18fae746.jpg",
                        "title": "Wikicommons"
                    },
                    {
                        "archive_url": "https://raw.githubusercontent.com/infrastructureclub/open-house-london-images/master/images/2026/10238/building_10238_img_4227_4a88f507ca320c519cc62cea3e65e731.jpeg",
                        "title": "MuhsinM"
                    },
                    {
                        "archive_url": "https://raw.githubusercontent.com/infrastructureclub/open-house-london-images/master/images/2026/10238/building_10238_st-paul-s_50c39a6af456c57e3448fb3bd9a25223.jpg",
                        "title": "Wikicommons"
                    }
                ],
                "name": "The Great Fire of London",
                "new_venue_this_year": "No",
                "start": "10:00:00",
                "ticketed_events": "Yes",
                "url": "https://programme.openhouse.org.uk/listings/10238"
            },
            "type": "Feature"
        },
        {
            "geometry": {
                "coordinates": [
                    -0.09204,
                    51.51543
                ],
                "type": "Point"
            },
            "properties": {
                "balloted": "No",
                "description": "On this walk, we will see many historic & modern buildings in the City of London. We’ll look at different architecture styles having regard to the environment and sustainability, from heritage sites to pioneering green tech. Hear about famous architects, past and present, as we explore how the Square Mile preserves its legacy while evolving for a resilient, carbon-neutral tomorrow.",
                "end": "15:45:00",
                "fully_booked": "Yes",
                "images": [
                    {
                        "archive_url": "https://raw.githubusercontent.com/infrastructureclub/open-house-london-images/master/images/2026/10240/building_10240_city-guides_23393c19ee093d466698c7999167daf4.jpeg",
                        "title": "Niki Gorrick"
                    },
                    {
                        "archive_url": "https://raw.githubusercontent.com/infrastructureclub/open-house-london-images/master/images/2026/10240/building_10240_david-thompson-with-cheesegrater_c31a990f14603bc6e5b72fc7330a3b22.jpg",
                        "title": "Niki Gorrick"
                    },
                    {
                        "archive_url": "https://raw.githubusercontent.com/infrastructureclub/open-house-london-images/master/images/2026/10240/building_10240_img_4012_1aff0731f29e42761ea3607b7e498ccb.jpeg",
                        "title": "Muhsin M"
                    },
                    {
                        "archive_url": "https://raw.githubusercontent.com/infrastructureclub/open-house-london-images/master/images/2026/10240/building_10240_img_4209_be924c99b48ba6867c3f29dbfc0c23a4.jpeg",
                        "title": "Muhsin M"
                    }
                ],
                "name": "Historic & Modern Buildings in the City",
                "new_venue_this_year": "No",
                "start": "10:45:00",
                "ticketed_events": "Yes",
                "url": "https://programme.openhouse.org.uk/listings/10240"
            },
            "type": "Feature"
        },
        {
            "geometry": {
                "coordinates": [
                    -0.13333,
                    51.48925
                ],
                "type": "Point"
            },
            "properties": {
                "balloted": "No",
                "description": "A walking tour exploring  the work of early 19th century master-builder, Thomas Cubitt. Explores how the area has changed and been shaped by some of the important and influential planning, housing and design ideas of its time.",
                "end": "16:30:00",
                "fully_booked": "Yes",
                "images": [
                    {
                        "archive_url": "https://raw.githubusercontent.com/infrastructureclub/open-house-london-images/master/images/2026/10307/building_10307_thomas-cubitt-photo-by-bw_93a73f08e5d6bd75b88191608afeaa65.jpg",
                        "title": "Barbara Wright"
                    },
                    {
                        "archive_url": "https://raw.githubusercontent.com/infrastructureclub/open-house-london-images/master/images/2026/10307/building_10307_dsc_0743_57e292e56456c4fd61a1082995414d35.jpg",
                        "title": "Barbara Wright"
                    },
                    {
                        "archive_url": "https://raw.githubusercontent.com/infrastructureclub/open-house-london-images/master/images/2026/10307/building_10307_dsc_0721_c50f8c370e6d226d8875da0f1c3ba8b9.jpg",
                        "title": "Barbara Wright"
                    },
                    {
                        "archive_url": "https://raw.githubusercontent.com/infrastructureclub/open-house-london-images/master/images/2026/10307/building_10307_dsc_0680-copy_86395eef814e1a7923d3dbd48a984943.jpg",
                        "title": "Barbara Wright"
                    },
                    {
                        "archive_url": "https://raw.githubusercontent.com/infrastructureclub/open-house-london-images/master/images/2026/10307/building_10307_pimlico-garden-22_51d61dbfc5c3aedf78bc4e85f20a0f00.jpg",
                        "title": "Barbara Wright"
                    },
                    {
                        "archive_url": "https://raw.githubusercontent.com/infrastructureclub/open-house-london-images/master/images/2026/10307/building_10307_pimlico-white-sttucco-22_c01ac2273dd1c848cef1c4a21a5e19e9.jpg",
                        "title": "Barbara Wright"
                    },
                    {
                        "archive_url": "https://raw.githubusercontent.com/infrastructureclub/open-house-london-images/master/images/2026/10307/building_10307_dsc_0644-copy_933d25caa9e3bbf5173d25d8b86ee53a.jpg",
                        "title": "Barbara Wright"
                    },
                    {
                        "archive_url": "https://raw.githubusercontent.com/infrastructureclub/open-house-london-images/master/images/2026/10307/building_10307_dsc_0759_83c08f07caf6aede95f4ee17c8c91136.jpg",
                        "title": "Barbara Wright"
                    },
                    {
                        "archive_url": "https://raw.githubusercontent.com/infrastructureclub/open-house-london-images/master/images/2026/10307/building_10307_dsc_0709_99839fdc8ffb6d54e55b3683c2c13526.jpg",
                        "title": "Barbara Wright"
                    },
                    {
                        "archive_url": "https://raw.githubusercontent.com/infrastructureclub/open-house-london-images/master/images/2026/10307/building_10307_pimlico-22_ca1a68f8cc390ca51d5d4effb91eb577.jpg",
                        "title": "Barbara Wright"
                    },
                    {
                        "archive_url": "https://raw.githubusercontent.com/infrastructureclub/open-house-london-images/master/images/2026/10307/building_10307_dsc_0621_ee1f5f88d8754788fd568ee4268aee42.jpg",
                        "title": "Photo of The Making of Pimlico"
                    },
                    {
                        "archive_url": "https://raw.githubusercontent.com/infrastructureclub/open-house-london-images/master/images/2026/10307/building_10307_img_20220711_163940926_hdr_a8ed13dff1e2d419d2caad35bb56f341.jpg",
                        "title": "Photo of The Making of Pimlico"
                    }
                ],
                "name": "The Making of Pimlico",
                "new_venue_this_year": "No",
                "start": "14:30:00",
                "ticketed_events": "Yes",
                "url": "https://programme.openhouse.org.uk/listings/10307"
            },
            "type": "Feature"
        },
        {
            "geometry": {
                "coordinates": [
                    -0.05203,
                    51.53441
                ],
                "type": "Point"
            },
            "properties": {
                "balloted": "No",
                "description": "The Canal Club, a 1978 modernist community centre designed by Julian Sofaer, is a modest, open-plan space. It features a community garden developed by the boating community moored alongside it.",
                "end": "18:00:00",
                "fully_booked": "",
                "images": [
                    {
                        "archive_url": "https://raw.githubusercontent.com/infrastructureclub/open-house-london-images/master/images/2026/10390/building_10390_img_0094_9b14b4f9fbf97752927adce3c32ec323.jpeg",
                        "title": "Photo of Canal Club"
                    },
                    {
                        "archive_url": "https://raw.githubusercontent.com/infrastructureclub/open-house-london-images/master/images/2026/10390/building_10390_35053859_1637820959667078_2230305692802088960_n_f8f2766455905ea2dfbd3d3025dc2790.jpg",
                        "title": "Photo of Canal Club"
                    },
                    {
                        "archive_url": "https://raw.githubusercontent.com/infrastructureclub/open-house-london-images/master/images/2026/10390/building_10390_81983597_2566743040108194_670896453098405888_n_e20b5d524f445c7837598f0dca4967db.jpg",
                        "title": "Photo of Canal Club"
                    },
                    {
                        "archive_url": "https://raw.githubusercontent.com/infrastructureclub/open-house-london-images/master/images/2026/10390/building_10390_cc-image003-1_fdb084746b5552099d4ba7311db94edf.jpeg",
                        "title": "Photo of Canal Club"
                    },
                    {
                        "archive_url": "https://raw.githubusercontent.com/infrastructureclub/open-house-london-images/master/images/2026/10390/building_10390_3-c-37_p_98371562ed66c6b51df4b8dfe260d674.jpeg",
                        "title": "Photo of Canal Club"
                    },
                    {
                        "archive_url": "https://raw.githubusercontent.com/infrastructureclub/open-house-london-images/master/images/2026/10390/building_10390_img_0064_d589db39c191abb56af0b1f843909021.jpeg",
                        "title": "Photo of Canal Club"
                    },
                    {
                        "archive_url": "https://raw.githubusercontent.com/infrastructureclub/open-house-london-images/master/images/2026/10390/building_10390_img_0065_7d4c8201ebd98d3159e66a119ef853d0.jpeg",
                        "title": "Photo of Canal Club"
                    },
                    {
                        "archive_url": "https://raw.githubusercontent.com/infrastructureclub/open-house-london-images/master/images/2026/10390/building_10390_img_0067_7f07375181407d32802e27a5f652844e.jpeg",
                        "title": "Photo of Canal Club"
                    }
                ],
                "name": "Canal Club",
                "new_venue_this_year": "No",
                "start": "14:00:00",
                "ticketed_events": "No",
                "url": "https://programme.openhouse.org.uk/listings/10390"
            },
            "type": "Feature"
        },
        {
            "geometry": {
                "coordinates": [
                    -0.1080343,
                    51.51412879999999
                ],
                "type": "Point"
            },
            "properties": {
                "balloted": "No",
                "description": "The Fleet Street Heritage Wall comprises 86 A3 information panels about the people, places, ideas and newspapers which made the name of Fleet Street famous throughout the world.  From 17th to 20th Sept frequent talks will be given on the sundial and the Heritage Wall, and its innovative design features which will  make it accessible to all comers through web pages, Easy Read pages, and audio files",
                "end": "16:00:00",
                "fully_booked": "",
                "images": [
                    {
                        "archive_url": "https://raw.githubusercontent.com/infrastructureclub/open-house-london-images/master/images/2026/10644/building_10644_heritagesundial1045gmts_0ce92c6a803a30bfc01bb00c91cbea10.png",
                        "title": "Piers Nicholson"
                    },
                    {
                        "archive_url": "https://raw.githubusercontent.com/infrastructureclub/open-house-london-images/master/images/2026/10644/building_10644_heritage-wall-drawing_29694abd9a173540602f9f077fe229c6.png",
                        "title": "Piers Nicholson"
                    },
                    {
                        "archive_url": "https://raw.githubusercontent.com/infrastructureclub/open-house-london-images/master/images/2026/10644/building_10644_heritagewallphoto_2505a98dce470e2e3ad34b3c52a3b8d4.png",
                        "title": "Piers Nicholson"
                    },
                    {
                        "archive_url": "https://raw.githubusercontent.com/infrastructureclub/open-house-london-images/master/images/2026/10644/building_10644_mainimage-2026redstripe_09fab54bc3be2c5bbb33680909319e27.png",
                        "title": "Piers Nicholson"
                    }
                ],
                "name": "Fleet Street Heritage Wall and Sundial",
                "new_venue_this_year": "No",
                "start": "10:00:00",
                "ticketed_events": "No",
                "url": "https://programme.openhouse.org.uk/listings/10644"
            },
            "type": "Feature"
        },
        {
            "geometry": {
                "coordinates": [
                    -0.1454343,
                    51.5765813
                ],
                "type": "Point"
            },
            "properties": {
                "balloted": "No",
                "description": "Jacksons Lane’s year-round programme of contemporary performance, arts participation and cultural education exists to empower, and ignite creativity within diverse communities & work tirelessly to overcome traditional barriers through art.",
                "end": "18:00:00",
                "fully_booked": "",
                "images": [
                    {
                        "archive_url": "https://raw.githubusercontent.com/infrastructureclub/open-house-london-images/master/images/2026/10874/building_10874_jacksons-lane-r5__9014-hdr_9027d7e6aa5d09a61a52222b216c0691.jpg",
                        "title": "Jacksons Lane Arts Centre"
                    },
                    {
                        "archive_url": "https://raw.githubusercontent.com/infrastructureclub/open-house-london-images/master/images/2026/10874/building_10874_jacksons_lane_foyer_553_bff78a4a3b8f9ca09fdea525d67b1e36.jpg",
                        "title": "Mark Morreau"
                    },
                    {
                        "archive_url": "https://raw.githubusercontent.com/infrastructureclub/open-house-london-images/master/images/2026/10874/building_10874_jacksons_lane_foyer_530_3d45882558662df3dd92587011ec0758.jpg",
                        "title": "Mark Morreau"
                    },
                    {
                        "archive_url": "https://raw.githubusercontent.com/infrastructureclub/open-house-london-images/master/images/2026/10874/building_10874_jacksons_lane_studio_1_387_22fbcc4e4cbb74a9ed0d0ae530340ca8.jpg",
                        "title": "Mark Morreau"
                    },
                    {
                        "archive_url": "https://raw.githubusercontent.com/infrastructureclub/open-house-london-images/master/images/2026/10874/building_10874_jacksons_lane_studio_3_278_943459148de727d8479914af788a1291.jpg",
                        "title": "Mark Morreau"
                    },
                    {
                        "archive_url": "https://raw.githubusercontent.com/infrastructureclub/open-house-london-images/master/images/2026/10874/building_10874_c-alex-brenner-no-use-without-credit-jacksons-lane-opening-weekend-_1dc9801_dx_7b0906cf9c1a8b23532ae3ceb68e624e.jpg",
                        "title": "Alex Brenner"
                    }
                ],
                "name": "Jacksons Lane Arts Centre",
                "new_venue_this_year": "No",
                "start": "10:00:00",
                "ticketed_events": "No",
                "url": "https://programme.openhouse.org.uk/listings/10874"
            },
            "type": "Feature"
        },
        {
            "geometry": {
                "coordinates": [
                    -0.11595,
                    51.54089
                ],
                "type": "Point"
            },
            "properties": {
                "balloted": "No",
                "description": "A tour of one of the largest and best preserved early Victorian squares and gardens in London, also with a magnificent and original public library of 1906, which shows Byzantine and Art Nouveau influences, and a remarkable Gothic church. Refreshments available.",
                "end": "16:45:00",
                "fully_booked": "No",
                "images": [
                    {
                        "archive_url": "https://raw.githubusercontent.com/infrastructureclub/open-house-london-images/master/images/2026/10893/building_10893_eabf12ee-f57b-4e22-9f37-aa763d767248_144ca243da7ba76b203a05d3a30ce8ab.png",
                        "title": "Photo of Thornhill Square"
                    },
                    {
                        "archive_url": "https://raw.githubusercontent.com/infrastructureclub/open-house-london-images/master/images/2026/10893/building_10893_img_1115_1e0f3a2bd87b84b6d11ea183898fcbd0.jpeg",
                        "title": "Photo of Thornhill Square"
                    }
                ],
                "name": "Thornhill Square",
                "new_venue_this_year": "No",
                "start": "14:00:00",
                "ticketed_events": "Yes",
                "url": "https://programme.openhouse.org.uk/listings/10893"
            },
            "type": "Feature"
        },
        {
            "geometry": {
                "coordinates": [
                    -0.0914547,
                    51.5155471
                ],
                "type": "Point"
            },
            "properties": {
                "balloted": "No",
                "description": "The capital’s only Roman Amphitheatre. Regular combined guided tours of Amphitheatre and Guildhall Art Gallery at 12.15pm & 1.15pm on Tuesday-Sunday. Additional Open House tours on 19 and 20 September, please see Guildhall Art Gallery listing.",
                "end": "15:45:00",
                "fully_booked": "",
                "images": [
                    {
                        "archive_url": "https://raw.githubusercontent.com/infrastructureclub/open-house-london-images/master/images/2026/10902/building_10902_roman-amphitheatre-resize-square_9ae1adc560e04bc1bca04278998749d1.jpg",
                        "title": "Clive Totman"
                    },
                    {
                        "archive_url": "https://raw.githubusercontent.com/infrastructureclub/open-house-london-images/master/images/2026/10902/building_10902_roman-amphitheatre-resize_725f114eb5a1f59bd0ce13d82cd611f6.jpg",
                        "title": "Clive Totman"
                    }
                ],
                "name": "London's Roman Amphitheatre",
                "new_venue_this_year": "No",
                "start": "11:00:00",
                "ticketed_events": "No",
                "url": "https://programme.openhouse.org.uk/listings/10902"
            },
            "type": "Feature"
        },
        {
            "geometry": {
                "coordinates": [
                    -0.02099,
                    51.47686
                ],
                "type": "Point"
            },
            "properties": {
                "balloted": "No",
                "description": "Open Studios, provides a unique glimpse to the architectural spaces and working studios of APT artists.  Over the weekend, there is also the opportunity to see our Group Show in the Gallery, curated by and featuring APT artists' work.",
                "end": "18:00:00",
                "fully_booked": "",
                "images": [
                    {
                        "archive_url": "https://raw.githubusercontent.com/infrastructureclub/open-house-london-images/master/images/2026/11049/building_11049_exterior-rear_from-creekbed01-ps_feb603e811de9b0cacf60ea5b8703327.jpg",
                        "title": "APT Studios & Gallery"
                    }
                ],
                "name": "Art in Perpetuity Trust",
                "new_venue_this_year": "No",
                "start": "13:00:00",
                "ticketed_events": "No",
                "url": "https://programme.openhouse.org.uk/listings/11049"
            },
            "type": "Feature"
        },
        {
            "geometry": {
                "coordinates": [
                    0.0032383,
                    51.429857
                ],
                "type": "Point"
            },
            "properties": {
                "balloted": "No",
                "description": "Open House of 13 Nubia Way  and oral history exhibition of Europe's largest black-led community self-build for rent initiative including archive material and new video. https://sites.gold.ac.uk/inlivingmemory/tomorrow-is-built-today/",
                "end": "16:00:00",
                "fully_booked": "",
                "images": [
                    {
                        "archive_url": "https://raw.githubusercontent.com/infrastructureclub/open-house-london-images/master/images/2026/11168/building_11168_dolly-hills-and-car_e8f018094ace80eb0a68709848be9b47.jpg",
                        "title": "Tim Oshodi"
                    }
                ],
                "name": "'Tomorrow is Built Today' exhibition of Black-led self-build",
                "new_venue_this_year": "No",
                "start": "11:00:00",
                "ticketed_events": "No",
                "url": "https://programme.openhouse.org.uk/listings/11168"
            },
            "type": "Feature"
        },
        {
            "geometry": {
                "coordinates": [
                    -0.1319197,
                    51.5947742
                ],
                "type": "Point"
            },
            "properties": {
                "balloted": "No",
                "description": "The former Alexandra Palace Railway Station now run by a small voluntary charity for use by local people and organisations for classes, meetings and many other leisure activities.",
                "end": "16:30:00",
                "fully_booked": "",
                "images": [
                    {
                        "archive_url": "https://raw.githubusercontent.com/infrastructureclub/open-house-london-images/master/images/2026/11172/building_11172_cufos-and_palace_14abfe0f7d46496de92ca4ef6cc66ace.jpg",
                        "title": "CUFOS"
                    },
                    {
                        "archive_url": "https://raw.githubusercontent.com/infrastructureclub/open-house-london-images/master/images/2026/11172/building_11172_ap-history_07_1188970cf78ea1ed301ccc816fef0a9b.jpg",
                        "title": "Ally Pally Collectibles"
                    }
                ],
                "name": "CUFOS - Community Use For the Old Station",
                "new_venue_this_year": "No",
                "start": "12:30:00",
                "ticketed_events": "No",
                "url": "https://programme.openhouse.org.uk/listings/11172"
            },
            "type": "Feature"
        },
        {
            "geometry": {
                "coordinates": [
                    -0.05527,
                    51.39767
                ],
                "type": "Point"
            },
            "properties": {
                "balloted": "No",
                "description": "A Grade 2-listed mid-Victorian parish church in the Gothic style,  built of Kentish ragstone with a slate roof.  Unique features include a panel of hand-made decorated tiles beyond the High Altar - probably Royal Doulton - and five noted stained glass windows, probably by Alfred Hemming.  The baptistery is also noteworthy, with its font and five murals of Biblical scenes, painted in oil on canvas.",
                "end": "17:00:00",
                "fully_booked": "",
                "images": [
                    {
                        "archive_url": "https://raw.githubusercontent.com/infrastructureclub/open-house-london-images/master/images/2026/11197/building_11197_p1000310_268d74332267782df27c77e8b49256a2.jpg",
                        "title": "Photo of St Mark’s Church"
                    },
                    {
                        "archive_url": "https://raw.githubusercontent.com/infrastructureclub/open-house-london-images/master/images/2026/11197/building_11197_p1000318_71df1003c421d221c8813722027ebd2d.jpg",
                        "title": "Photo of St Mark’s Church"
                    }
                ],
                "name": "St Mark’s Church",
                "new_venue_this_year": "No",
                "start": "14:00:00",
                "ticketed_events": "No",
                "url": "https://programme.openhouse.org.uk/listings/11197"
            },
            "type": "Feature"
        },
        {
            "geometry": {
                "coordinates": [
                    -0.1224538,
                    51.51146319999999
                ],
                "type": "Point"
            },
            "properties": {
                "balloted": "No",
                "description": "This year marks the 52nd  anniversary of when the wholesale market ceased trading and moved to the Battersea/Vauxhall area . The tour charts the evolution of Covent Garden, incorporating the piazza, the wholesale produce market, social residential areas and supporting neighbourhoods, and highlighting the social and commercial highs, lows and challenges.\r\nContact tonyganio@gmail.com",
                "end": "12:30:00",
                "fully_booked": "Yes",
                "images": [
                    {
                        "archive_url": "https://raw.githubusercontent.com/infrastructureclub/open-house-london-images/master/images/2026/11313/building_11313_b0a5c0a7-7118-4970-97cc-843cc023af07_ea725b7de9868e062bc2081435e04f7e.jpeg",
                        "title": "vintage.es"
                    },
                    {
                        "archive_url": "https://raw.githubusercontent.com/infrastructureclub/open-house-london-images/master/images/2026/11313/building_11313_4a17b3c0-d469-45d7-8e06-c622163e5576_d372da12e2295965fd8c8a27e695ce24.jpeg",
                        "title": "Clive Boursnell"
                    },
                    {
                        "archive_url": "https://raw.githubusercontent.com/infrastructureclub/open-house-london-images/master/images/2026/11313/building_11313_f8f54ddb-5dd2-4101-aa3f-86586aafac07_9f8d2ba9c79046065e3901f08dbe6b37.jpeg",
                        "title": "Clive Boursnell"
                    },
                    {
                        "archive_url": "https://raw.githubusercontent.com/infrastructureclub/open-house-london-images/master/images/2026/11313/building_11313_eb9b8c87-dbea-4e04-a886-4675d554f07f_44548399a03d9fa829fbe6e6ef514d34.jpeg",
                        "title": "Clive Boursnell"
                    },
                    {
                        "archive_url": "https://raw.githubusercontent.com/infrastructureclub/open-house-london-images/master/images/2026/11313/building_11313_7dbe8738-257a-46b4-ad76-041eb2e27277_549d5b7fbfac046c9a4a18eb0e78595f.jpeg",
                        "title": "Tony Ganio"
                    },
                    {
                        "archive_url": "https://raw.githubusercontent.com/infrastructureclub/open-house-london-images/master/images/2026/11313/building_11313_2efe5610-ea5b-4040-b3e1-050cc852e969_1c5d0383afdff8fd16c4c30f8a04cedb.jpeg",
                        "title": "Tony Ganio"
                    },
                    {
                        "archive_url": "https://raw.githubusercontent.com/infrastructureclub/open-house-london-images/master/images/2026/11313/building_11313_a5499514-0aa8-4fea-a518-822e963788a1_80a6992cf83840e0cc6911add14f16c9.jpeg",
                        "title": "Tony Ganio"
                    },
                    {
                        "archive_url": "https://raw.githubusercontent.com/infrastructureclub/open-house-london-images/master/images/2026/11313/building_11313_f72be0ba-6bbf-420c-a57d-8c9359c72956_e9cd4419cb94e17a5233db90bedf3e6c.jpeg",
                        "title": "Tony Ganio"
                    }
                ],
                "name": "Fruit to Fashion: how a kitchen garden became a world famous piazza",
                "new_venue_this_year": "No",
                "start": "10:30:00",
                "ticketed_events": "Yes",
                "url": "https://programme.openhouse.org.uk/listings/11313"
            },
            "type": "Feature"
        },
        {
            "geometry": {
                "coordinates": [
                    -0.39714,
                    51.57655
                ],
                "type": "Point"
            },
            "properties": {
                "balloted": "No",
                "description": "Discover the fascinating history of Eastcote and its surroundings, focused on how the landscape has changed, from the exclusively agricultural area to the today's modern suburb, revealing some of the oldest local buildings and their stories",
                "end": "13:30:00",
                "fully_booked": "Yes",
                "images": [
                    {
                        "archive_url": "https://raw.githubusercontent.com/infrastructureclub/open-house-london-images/master/images/2026/11816/building_11816_img_0212_1fd8a64b76716ca0d95a94a406b6bad4.jpg",
                        "title": "Photo of Eastcote Walking Tour"
                    },
                    {
                        "archive_url": "https://raw.githubusercontent.com/infrastructureclub/open-house-london-images/master/images/2026/11816/building_11816_20230318_135610_6aabd872c46e7af7894eaa7988282ea3.jpg",
                        "title": "Photo of Eastcote Walking Tour"
                    },
                    {
                        "archive_url": "https://raw.githubusercontent.com/infrastructureclub/open-house-london-images/master/images/2026/11816/building_11816_20230318_140324_de3c9e12b109e9cc36e394d79f9ae7ff.jpg",
                        "title": "Photo of Eastcote Walking Tour"
                    },
                    {
                        "archive_url": "https://raw.githubusercontent.com/infrastructureclub/open-house-london-images/master/images/2026/11816/building_11816_20230318_142615-1_e9ef26abda1069a49d98b6c28aaa1bad.jpg",
                        "title": "Photo of Eastcote Walking Tour"
                    },
                    {
                        "archive_url": "https://raw.githubusercontent.com/infrastructureclub/open-house-london-images/master/images/2026/11816/building_11816_20230318_141802-1_8f7618870f2fcb92033b71997842ac2a.jpg",
                        "title": "Photo of Eastcote Walking Tour"
                    },
                    {
                        "archive_url": "https://raw.githubusercontent.com/infrastructureclub/open-house-london-images/master/images/2026/11816/building_11816_20230318_132858_eb8ee4b5bbbc4a3f1679aa26294f586e.jpg",
                        "title": "Photo of Eastcote Walking Tour"
                    }
                ],
                "name": "Eastcote Walking Tour",
                "new_venue_this_year": "No",
                "start": "11:00:00",
                "ticketed_events": "Yes",
                "url": "https://programme.openhouse.org.uk/listings/11816"
            },
            "type": "Feature"
        },
        {
            "geometry": {
                "coordinates": [
                    -0.17548,
                    51.50481
                ],
                "type": "Point"
            },
            "properties": {
                "balloted": "No",
                "description": "A floating acoustic architecture, playfully reframing public space as an essential community engagement through sound & site mapping. Accessed by smartphone, headphones & echoes.xyz app, the Pavilion is located outside the Serpentine Gallery,. Drawing on Oskar & Zofia Hansen’s Open Form architectural concept it is one of 15 in a series including Venice, Berlin, Dublin, Bergen and Arctic Norway.",
                "end": "19:30:00",
                "fully_booked": "",
                "images": [
                    {
                        "archive_url": "https://raw.githubusercontent.com/infrastructureclub/open-house-london-images/master/images/2026/11855/building_11855_london-open-form-pavilion-of-air-design-and-presentation_214cd30ce7ca5d941be727d86f2eb973.jpg",
                        "title": "Photo of London Open Form Pavilion of Air"
                    },
                    {
                        "archive_url": "https://raw.githubusercontent.com/infrastructureclub/open-house-london-images/master/images/2026/11855/building_11855_qr-code-london-open-form-pavilion-of-air-1_a87bb30e72967aa06b4470ab2e37b0d2.jpg",
                        "title": "Photo of London Open Form Pavilion of Air"
                    },
                    {
                        "archive_url": "https://raw.githubusercontent.com/infrastructureclub/open-house-london-images/master/images/2026/11855/building_11855_london-open-form-pavilion-of-air-design-and-presentation-05cd1c-map_7029344be6f1bc2ee855960aa0b17686.jpg",
                        "title": "Photo of London Open Form Pavilion of Air"
                    }
                ],
                "name": "London Open Form Pavilion of Air",
                "new_venue_this_year": "No",
                "start": "06:00:00",
                "ticketed_events": "No",
                "url": "https://programme.openhouse.org.uk/listings/11855"
            },
            "type": "Feature"
        },
        {
            "geometry": {
                "coordinates": [
                    -0.08914,
                    51.3106
                ],
                "type": "Point"
            },
            "properties": {
                "balloted": "No",
                "description": "Join us for an open tour exploring the architecture, use, and restoration of the WWII fighter pens and air raid shelters that were part of RAF Kenley's airfield defenses.",
                "end": "17:00:00",
                "fully_booked": "",
                "images": [
                    {
                        "archive_url": "https://raw.githubusercontent.com/infrastructureclub/open-house-london-images/master/images/2026/11891/building_11891_tribute-from-blast-pen-gary-watson_72eeed59042f14f822e9cb97dd3c4f1b.jpg",
                        "title": "Photo of WWII fighter pen tours at former RAF Kenley"
                    }
                ],
                "name": "WWII fighter pen tours at former RAF Kenley",
                "new_venue_this_year": "No",
                "start": "14:00:00",
                "ticketed_events": "No",
                "url": "https://programme.openhouse.org.uk/listings/11891"
            },
            "type": "Feature"
        },
        {
            "geometry": {
                "coordinates": [
                    -0.09194,
                    51.51543
                ],
                "type": "Point"
            },
            "properties": {
                "balloted": "No",
                "description": "The Barbican is a residential complex of around 2,000 flats, maisonettes, and houses in the City of London. Built on the site destroyed by The Blitz during the World War II, The Barbican Estate is a fascinating development and an icon of Brutalist architecture. Architects were Chamberlain, Powell and Bon. You will find an oasis in the middle of buildings, with gardens and water features.",
                "end": "15:15:00",
                "fully_booked": "Yes",
                "images": [
                    {
                        "archive_url": "https://raw.githubusercontent.com/infrastructureclub/open-house-london-images/master/images/2026/12009/building_12009_img_5277_b0fadce8833edace944b45f7b27c65b0.jpeg",
                        "title": "Laura Marzec"
                    },
                    {
                        "archive_url": "https://raw.githubusercontent.com/infrastructureclub/open-house-london-images/master/images/2026/12009/building_12009_img_5253_11b5c5a36577380421b33ee0023c57cb.jpeg",
                        "title": "Laura Marzec"
                    },
                    {
                        "archive_url": "https://raw.githubusercontent.com/infrastructureclub/open-house-london-images/master/images/2026/12009/building_12009_img_5296_5016ded4e9d985f62aff31da0addc8a8.jpeg",
                        "title": "Laura Marzec"
                    },
                    {
                        "archive_url": "https://raw.githubusercontent.com/infrastructureclub/open-house-london-images/master/images/2026/12009/building_12009_img_5316_9768ac723ea1af486291e448941d5194.jpeg",
                        "title": "Laura Marzec"
                    },
                    {
                        "archive_url": "https://raw.githubusercontent.com/infrastructureclub/open-house-london-images/master/images/2026/12009/building_12009_img_5294_f4dd62179af4f59d1e956ed24619efcf.jpeg",
                        "title": "Laura Marzec"
                    },
                    {
                        "archive_url": "https://raw.githubusercontent.com/infrastructureclub/open-house-london-images/master/images/2026/12009/building_12009_img_5328_e6449385b28b22e12da30607841dffc0.jpeg",
                        "title": "Laura Marzec"
                    }
                ],
                "name": "The Barbican & The City Gardens",
                "new_venue_this_year": "No",
                "start": "10:15:00",
                "ticketed_events": "Yes",
                "url": "https://programme.openhouse.org.uk/listings/12009"
            },
            "type": "Feature"
        },
        {
            "geometry": {
                "coordinates": [
                    -0.05552,
                    51.54152
                ],
                "type": "Point"
            },
            "properties": {
                "balloted": "No",
                "description": "Morris+Company is an award-winning architecture practice based in Hackney, east London. We have applied circular economy principles to the retrofit of our own studio, gallery and café space on Mare Street, reducing waste, reusing materials, and designing for longevity.  Through our public exhibition and event programme we place the creative ‘act’ of architecture onto the high street.",
                "end": "16:00:00",
                "fully_booked": "No",
                "images": [
                    {
                        "archive_url": "https://raw.githubusercontent.com/infrastructureclub/open-house-london-images/master/images/2026/12130/building_12130_230731_open-house_image_5d457e7b38b93820d7f9fddc584f071e.jpg",
                        "title": "Photo of Morris+Company | ‘The Circular City Starts With Community’"
                    },
                    {
                        "archive_url": "https://raw.githubusercontent.com/infrastructureclub/open-house-london-images/master/images/2026/12130/building_12130_121202_elly_restaurant_006_c4fb583ce61169ef4f02603f20bbf8f9.jpg",
                        "title": "Photo of Morris+Company | ‘The Circular City Starts With Community’"
                    }
                ],
                "name": "Morris+Company | ‘The Circular City Starts With Community’",
                "new_venue_this_year": "No",
                "start": "12:00:00",
                "ticketed_events": "Yes",
                "url": "https://programme.openhouse.org.uk/listings/12130"
            },
            "type": "Feature"
        },
        {
            "geometry": {
                "coordinates": [
                    -0.10063,
                    51.53676
                ],
                "type": "Point"
            },
            "properties": {
                "balloted": "No",
                "description": "Visit Islington’s one and only synagogue.  Discover fascinating local Jewish history, an art gallery and much more besides. Learn about Jewish practice, history and culture from the Rabbi - and ask him any questions you like!",
                "end": "14:00:00",
                "fully_booked": "",
                "images": [
                    {
                        "archive_url": "https://raw.githubusercontent.com/infrastructureclub/open-house-london-images/master/images/2026/12383/building_12383_artwork-1_4fad4159c7d389730cc1cae19df3a42b.jpg",
                        "title": "Chabad-Lubavitch of Islington"
                    },
                    {
                        "archive_url": "https://raw.githubusercontent.com/infrastructureclub/open-house-london-images/master/images/2026/12383/building_12383_chabad-islington_709f3d277b84b28c3b91aa752cbb830c.png",
                        "title": "Chabad-Lubavitch of Islington"
                    },
                    {
                        "archive_url": "https://raw.githubusercontent.com/infrastructureclub/open-house-london-images/master/images/2026/12383/building_12383_chabad-exterior-view_7cfaa11fb36280905b242f9f78795bef.jpeg",
                        "title": "Chabad-Lubavitch of Islington"
                    }
                ],
                "name": "Chabad-Lubavitch of Islington",
                "new_venue_this_year": "No",
                "start": "10:00:00",
                "ticketed_events": "No",
                "url": "https://programme.openhouse.org.uk/listings/12383"
            },
            "type": "Feature"
        },
        {
            "geometry": {
                "coordinates": [
                    -0.10004,
                    51.51749
                ],
                "type": "Point"
            },
            "properties": {
                "balloted": "No",
                "description": "The Grade I listed North Wing at St Bartholomew’s Hospital in the City of London houses two of England’s most important interiors, the Great Hall, and the Hogarth Stair with its large paintings by William Hogarth. The hospital was designed by architect James Gibbs and construction of the North Wing was completed in 1732.",
                "end": "16:00:00",
                "fully_booked": "No",
                "images": [
                    {
                        "archive_url": "https://raw.githubusercontent.com/infrastructureclub/open-house-london-images/master/images/2026/12400/building_12400_284913-matthewandrews2025_panorama_771b7f40d0d4a19427308b9d6c7258a9.jpg",
                        "title": "Caroline Hamson"
                    },
                    {
                        "archive_url": "https://raw.githubusercontent.com/infrastructureclub/open-house-london-images/master/images/2026/12400/building_12400_335750-matthewandrews2026_panorama_7d9abe4cf1cdaa549009dde5be7b9aab.jpg",
                        "title": "Caroline Hamson"
                    }
                ],
                "name": "St Bartholomew's Hospital",
                "new_venue_this_year": "No",
                "start": "10:00:00",
                "ticketed_events": "Yes",
                "url": "https://programme.openhouse.org.uk/listings/12400"
            },
            "type": "Feature"
        },
        {
            "geometry": {
                "coordinates": [
                    -0.04097,
                    51.51114
                ],
                "type": "Point"
            },
            "properties": {
                "balloted": "No",
                "description": "Founded by Queen Matilda in 1147 and with HM Queen Elizabeth II as our previous patron, The Royal Foundation of St Katharine has served as a centre for worship, hospitality and service over many centuries. With 45 bedrooms, 11 meeting rooms, and a community café, it is a unique, quiet sanctuary in the heart of London.",
                "end": "15:00:00",
                "fully_booked": "Yes",
                "images": [
                    {
                        "archive_url": "https://raw.githubusercontent.com/infrastructureclub/open-house-london-images/master/images/2026/12441/building_12441_garden-2_37851bd1794dfff55c76900b3f0bc843.jpg",
                        "title": "Photo of Royal Foundation of St Katharine"
                    }
                ],
                "name": "Royal Foundation of St Katharine",
                "new_venue_this_year": "No",
                "start": "11:00:00",
                "ticketed_events": "Yes",
                "url": "https://programme.openhouse.org.uk/listings/12441"
            },
            "type": "Feature"
        },
        {
            "geometry": {
                "coordinates": [
                    -0.12107,
                    51.60712
                ],
                "type": "Point"
            },
            "properties": {
                "balloted": "No",
                "description": "Shaftesbury Hall is a Tin Tabernacle  rebuilt by North London Samaritans in 2018 to replicate the original Hall built in the 1890s.\r\nIt has been owned by North London Samaritans for 50 years and since the rebuild is used as a Community Hub, with our branch of Samaritans at the rear.",
                "end": "16:00:00",
                "fully_booked": "",
                "images": [
                    {
                        "archive_url": "https://raw.githubusercontent.com/infrastructureclub/open-house-london-images/master/images/2026/12442/building_12442_img_20181103_155714_7371095f839adf9ea28e429e9d6beac6.jpg",
                        "title": "North London Samaritans"
                    },
                    {
                        "archive_url": "https://raw.githubusercontent.com/infrastructureclub/open-house-london-images/master/images/2026/12442/building_12442_mulroy_shaftesbury-hall_05_7339df8a03362e4d7ce31849f25a08b6.jpg",
                        "title": "North London Samaritans"
                    }
                ],
                "name": "Shaftesbury Hall",
                "new_venue_this_year": "No",
                "start": "13:00:00",
                "ticketed_events": "No",
                "url": "https://programme.openhouse.org.uk/listings/12442"
            },
            "type": "Feature"
        },
        {
            "geometry": {
                "coordinates": [
                    0.03515,
                    51.31178
                ],
                "type": "Point"
            },
            "properties": {
                "balloted": "No",
                "description": "The Moving Church.\r\nOn his appointment to Biggin Hill in 1951, Rev Vivian Symons had the vision to bring the materials for a new church building from the disused All Saints, North Peckham. But first, he had to deconstruct a huge Victorian church, and bring it by himself to its new site.\r\nHowever, St Mark's is Grade 2 listed, not because of its origin, but due to its style.",
                "end": "16:00:00",
                "fully_booked": "",
                "images": [
                    {
                        "archive_url": "https://raw.githubusercontent.com/infrastructureclub/open-house-london-images/master/images/2026/12514/building_12514_img_3881_61f978a99931146bd55c229ce85debd0.jpg",
                        "title": "Photo of St Mark's Church, Biggin Hill"
                    },
                    {
                        "archive_url": "https://raw.githubusercontent.com/infrastructureclub/open-house-london-images/master/images/2026/12514/building_12514_img_9496-hdr_1e5f4c1f2d540f44142ce0959e4cefe8.jpg",
                        "title": "Photo of St Mark's Church, Biggin Hill"
                    },
                    {
                        "archive_url": "https://raw.githubusercontent.com/infrastructureclub/open-house-london-images/master/images/2026/12514/building_12514_img_9370-hdr_57bc4562d4a05bc5cf6984a687fa28f1.jpg",
                        "title": "Photo of St Mark's Church, Biggin Hill"
                    },
                    {
                        "archive_url": "https://raw.githubusercontent.com/infrastructureclub/open-house-london-images/master/images/2026/12514/building_12514_img_9448-hdr_8087bca5b9a2bcffd54332b3780b3448.jpg",
                        "title": "Photo of St Mark's Church, Biggin Hill"
                    },
                    {
                        "archive_url": "https://raw.githubusercontent.com/infrastructureclub/open-house-london-images/master/images/2026/12514/building_12514_img_9472-hdr_34a18f5b8265d1cb73a9f12c5b6ea68c.jpg",
                        "title": "Photo of St Mark's Church, Biggin Hill"
                    },
                    {
                        "archive_url": "https://raw.githubusercontent.com/infrastructureclub/open-house-london-images/master/images/2026/12514/building_12514_img_9469-hdr_e5034edbd7757d2293d3923c249ed444.jpg",
                        "title": "Photo of St Mark's Church, Biggin Hill"
                    },
                    {
                        "archive_url": "https://raw.githubusercontent.com/infrastructureclub/open-house-london-images/master/images/2026/12514/building_12514_img_9460-hdr_de7c27f9d31bfd1bcc28ba0bfb0a7904.jpg",
                        "title": "Photo of St Mark's Church, Biggin Hill"
                    },
                    {
                        "archive_url": "https://raw.githubusercontent.com/infrastructureclub/open-house-london-images/master/images/2026/12514/building_12514_img_9451-hdr_dc68dab378e8735c53f905c0eee18d81.jpg",
                        "title": "Photo of St Mark's Church, Biggin Hill"
                    }
                ],
                "name": "St Mark's Church, Biggin Hill",
                "new_venue_this_year": "No",
                "start": "12:00:00",
                "ticketed_events": "No",
                "url": "https://programme.openhouse.org.uk/listings/12514"
            },
            "type": "Feature"
        },
        {
            "geometry": {
                "coordinates": [
                    -0.18874,
                    51.57321
                ],
                "type": "Point"
            },
            "properties": {
                "balloted": "No",
                "description": "Grade II* listed Arts and Crafts gem  designed by Baillie-Scott",
                "end": "15:00:00",
                "fully_booked": "",
                "images": [
                    {
                        "archive_url": "https://raw.githubusercontent.com/infrastructureclub/open-house-london-images/master/images/2026/12542/building_12542_img_1886_f757501d5e7be9196461e58dd16bfba3.jpeg",
                        "title": "Photo of 1 Waterlow Court"
                    },
                    {
                        "archive_url": "https://raw.githubusercontent.com/infrastructureclub/open-house-london-images/master/images/2026/12542/building_12542_img_1883_3e43a41bd20f9e1b9677bbf009e844e0.jpeg",
                        "title": "Photo of 1 Waterlow Court"
                    },
                    {
                        "archive_url": "https://raw.githubusercontent.com/infrastructureclub/open-house-london-images/master/images/2026/12542/building_12542_img_3245_7ffb0ccb645c8036887e74b4428771fa.jpeg",
                        "title": "Photo of 1 Waterlow Court"
                    },
                    {
                        "archive_url": "https://raw.githubusercontent.com/infrastructureclub/open-house-london-images/master/images/2026/12542/building_12542_img_3283_2bf8a7b76a59359ad5b265f1f9140dfe.jpeg",
                        "title": "Photo of 1 Waterlow Court"
                    },
                    {
                        "archive_url": "https://raw.githubusercontent.com/infrastructureclub/open-house-london-images/master/images/2026/12542/building_12542_img_3249_a630a03daa4b0552ed19907a3dee6110.jpeg",
                        "title": "Photo of 1 Waterlow Court"
                    },
                    {
                        "archive_url": "https://raw.githubusercontent.com/infrastructureclub/open-house-london-images/master/images/2026/12542/building_12542_img_0583_d5dccb96d9f32e21c8ef41d317f8b36c.jpeg",
                        "title": "Photo of 1 Waterlow Court"
                    },
                    {
                        "archive_url": "https://raw.githubusercontent.com/infrastructureclub/open-house-london-images/master/images/2026/12542/building_12542_img_0243_bdf255f1f2e6e677b3900832e09fe4fc.jpeg",
                        "title": "Photo of 1 Waterlow Court"
                    },
                    {
                        "archive_url": "https://raw.githubusercontent.com/infrastructureclub/open-house-london-images/master/images/2026/12542/building_12542_img_1720_f060917592d94a823c44bfc1a5456381.jpeg",
                        "title": "Photo of 1 Waterlow Court"
                    },
                    {
                        "archive_url": "https://raw.githubusercontent.com/infrastructureclub/open-house-london-images/master/images/2026/12542/building_12542_img_0241_a9c2ae41aa90b5578fe2d91b8597968e.jpeg",
                        "title": "Photo of 1 Waterlow Court"
                    },
                    {
                        "archive_url": "https://raw.githubusercontent.com/infrastructureclub/open-house-london-images/master/images/2026/12542/building_12542_img_1964_ba4f950085258e7c2597bbb1ea25c357.png",
                        "title": "Photo of 1 Waterlow Court"
                    }
                ],
                "name": "1 Waterlow Court",
                "new_venue_this_year": "No",
                "start": "13:00:00",
                "ticketed_events": "No",
                "url": "https://programme.openhouse.org.uk/listings/12542"
            },
            "type": "Feature"
        },
        {
            "geometry": {
                "coordinates": [
                    -0.0691,
                    51.5297
                ],
                "type": "Point"
            },
            "properties": {
                "balloted": "No",
                "description": "Step into the historic charm of 81 Columbia Road Flower Market in East London.  This iconic Victorian terraced house functions as a space for a local artist who has focussed on photographs of London architecture and life.",
                "end": "16:00:00",
                "fully_booked": "",
                "images": [
                    {
                        "archive_url": "https://raw.githubusercontent.com/infrastructureclub/open-house-london-images/master/images/2026/12567/building_12567_sunok-kang_603920fc71c80b8679d90cc0584b847f.jpg",
                        "title": "Photo of 81 Columbia Road"
                    },
                    {
                        "archive_url": "https://raw.githubusercontent.com/infrastructureclub/open-house-london-images/master/images/2026/12567/building_12567_columbia-road-street-party_53d67e860dcfb1c722e5ed7bc9cbdc16.jpg",
                        "title": "Photo of 81 Columbia Road"
                    },
                    {
                        "archive_url": "https://raw.githubusercontent.com/infrastructureclub/open-house-london-images/master/images/2026/12567/building_12567_81-columbia-road-studio_9361f44fd2b6448092b3ac03204412b1.jpg",
                        "title": "Photo of 81 Columbia Road"
                    },
                    {
                        "archive_url": "https://raw.githubusercontent.com/infrastructureclub/open-house-london-images/master/images/2026/12567/building_12567_81columbia-rd_a37b64881bb3e8765819748cf7dcdbd5.jpg",
                        "title": "Photo of 81 Columbia Road"
                    }
                ],
                "name": "81 Columbia Road",
                "new_venue_this_year": "No",
                "start": "11:00:00",
                "ticketed_events": "No",
                "url": "https://programme.openhouse.org.uk/listings/12567"
            },
            "type": "Feature"
        },
        {
            "geometry": {
                "coordinates": [
                    -0.12523,
                    51.51459
                ],
                "type": "Point"
            },
            "properties": {
                "balloted": "No",
                "description": "Inner Space, London’s oasis of calm, welcomes visitors back for the Open House Festival. Join us over two weekends for free Guided Meditations, Personal Development talks and inspiring wellbeing workshops that support and nurture mindfulness, resilience and inner balance. Take a moment to pause in our Quiet Room, a space that will leave you feeling reconnected, refreshed, uplifted, and renewed.",
                "end": "18:00:00",
                "fully_booked": "No",
                "images": [
                    {
                        "archive_url": "https://raw.githubusercontent.com/infrastructureclub/open-house-london-images/master/images/2026/12588/building_12588_quiet-room-is_2e05b420b79bdbeb25d9b923735066b6.jpg",
                        "title": "Photo of Inner Space Meditation Centre, Covent Garden"
                    },
                    {
                        "archive_url": "https://raw.githubusercontent.com/infrastructureclub/open-house-london-images/master/images/2026/12588/building_12588_exterior-shop-front_cd6768bc9b55b1c5ecb48b00cc4042f4.jpg",
                        "title": "Photo of Inner Space Meditation Centre, Covent Garden"
                    }
                ],
                "name": "Inner Space Meditation Centre, Covent Garden",
                "new_venue_this_year": "No",
                "start": "11:00:00",
                "ticketed_events": "Yes",
                "url": "https://programme.openhouse.org.uk/listings/12588"
            },
            "type": "Feature"
        },
        {
            "geometry": {
                "coordinates": [
                    -0.10605,
                    51.52956
                ],
                "type": "Point"
            },
            "properties": {
                "balloted": "No",
                "description": "The early 1800's saw the green fields of northern Clerkenwell spring up into grand squares and terraced houses. This walking tour will look at how the speculative housing developed, what remains today, and the unique stories and characters of the area.",
                "end": "15:00:00",
                "fully_booked": "Yes",
                "images": [
                    {
                        "archive_url": "https://raw.githubusercontent.com/infrastructureclub/open-house-london-images/master/images/2026/12601/building_12601_img_7139_2f690915510cc91455356ed592678cf2.jpeg",
                        "title": "Photo of Georgian Clerkenwell's speculative housing boom"
                    },
                    {
                        "archive_url": "https://raw.githubusercontent.com/infrastructureclub/open-house-london-images/master/images/2026/12601/building_12601_img_7119_c5ab178b255562664234af378d4d6fbc.jpeg",
                        "title": "Photo of Georgian Clerkenwell's speculative housing boom"
                    }
                ],
                "name": "Georgian Clerkenwell's speculative housing boom",
                "new_venue_this_year": "No",
                "start": "13:00:00",
                "ticketed_events": "Yes",
                "url": "https://programme.openhouse.org.uk/listings/12601"
            },
            "type": "Feature"
        },
        {
            "geometry": {
                "coordinates": [
                    -0.36575,
                    51.46201
                ],
                "type": "Point"
            },
            "properties": {
                "balloted": "No",
                "description": "The community of St. Stephen's Hounslow Conservation Area opens private gardens in celebration of our trees. St. Stephen's Road is defined by the century-old lime trees. Yet, all of the trees within the conservation area are protected, not just those along the road. Join us to visit a variety of public and private gardens, celebrating the rich history and biodiversity of our conservation area.",
                "end": "15:00:00",
                "fully_booked": "",
                "images": [
                    {
                        "archive_url": "https://raw.githubusercontent.com/infrastructureclub/open-house-london-images/master/images/2026/12602/building_12602_st-stephens_282f68698e38d0336f526587ad2bdc3d.jpeg",
                        "title": "St. Stephen's Hounslow Conservation Area"
                    }
                ],
                "name": "St. Stephen's Hounslow Conservation Area - Open Gardens",
                "new_venue_this_year": "No",
                "start": "13:00:00",
                "ticketed_events": "No",
                "url": "https://programme.openhouse.org.uk/listings/12602"
            },
            "type": "Feature"
        },
        {
            "geometry": {
                "coordinates": [
                    -0.09183999999999999,
                    51.51543
                ],
                "type": "Point"
            },
            "properties": {
                "balloted": "No",
                "description": "Trade and craft guilds have flourished for centuries. The City of London’s Livery Companies are unique in their survival, number, and diversity. While the original social and economic conditions that created these original guilds have long been overtaken by modern commerce, these fascinating institutions still flourish today. Join us to explore their enduring history and modern impact.",
                "end": "15:30:00",
                "fully_booked": "Yes",
                "images": [
                    {
                        "archive_url": "https://raw.githubusercontent.com/infrastructureclub/open-house-london-images/master/images/2026/12603/building_12603_john_archibald_austen_-_the_butcher_the_baker_the_candlestick_maker_c1925_-_-meisterdrucke-1165471_7f1275dd398e44660fa2eed4148981b5.jpg",
                        "title": "Laura Marzec"
                    },
                    {
                        "archive_url": "https://raw.githubusercontent.com/infrastructureclub/open-house-london-images/master/images/2026/12603/building_12603_lord-mayor_1150679a1b2921907e4e56b64c7b07dc.jpg",
                        "title": "Laura Marzec"
                    },
                    {
                        "archive_url": "https://raw.githubusercontent.com/infrastructureclub/open-house-london-images/master/images/2026/12603/building_12603_goldsmiths_hall_london_4fa69c886aa579483c5ba7ee38e5b6ed.jpg",
                        "title": "Laura Marzec"
                    },
                    {
                        "archive_url": "https://raw.githubusercontent.com/infrastructureclub/open-house-london-images/master/images/2026/12603/building_12603_lord-mayor-show_3006b8488b1291a6580a407d48fb9234.jpg",
                        "title": "Laura Marzec"
                    }
                ],
                "name": "The Butcher, The Baker and The Candlestick Maker",
                "new_venue_this_year": "No",
                "start": "10:30:00",
                "ticketed_events": "Yes",
                "url": "https://programme.openhouse.org.uk/listings/12603"
            },
            "type": "Feature"
        },
        {
            "geometry": {
                "coordinates": [
                    -0.1368,
                    51.50876
                ],
                "type": "Point"
            },
            "properties": {
                "balloted": "No",
                "description": "St James's Piccadilly is a Grade I listed Christopher Wren church in the heart of the West End. Completed in 1684, and known as the Artists' Church, its interiors include historic works of art by Grinling Gibbons (reredos, organ case and font), postwar Classical interiors by Albert Richardson, and contemporary art by Che Lovelace honouring the 18th-century abolitionist Quobna Ottobah Cugoano.",
                "end": "16:00:00",
                "fully_booked": "",
                "images": [
                    {
                        "archive_url": "https://raw.githubusercontent.com/infrastructureclub/open-house-london-images/master/images/2026/12659/building_12659_st-james-s-church-piccadilly-seen-from-jermyn-street-photo-by-elspeth-osman-allu-c-st-james-s-piccadilly_ea67beb044255e6d24322fa64b66b57c.jpg",
                        "title": "Photo of St James's Piccadilly"
                    },
                    {
                        "archive_url": "https://raw.githubusercontent.com/infrastructureclub/open-house-london-images/master/images/2026/12659/building_12659_jeremy-white-pic-church-interior_edfaf43975e22b9979b7e33ab55cf4e7.jpg",
                        "title": "Photo of St James's Piccadilly"
                    },
                    {
                        "archive_url": "https://raw.githubusercontent.com/infrastructureclub/open-house-london-images/master/images/2026/12659/building_12659_photo-22-02-2021-09-50-59-1_2246048c0ed6396c53f8b7c58d2c1329.jpg",
                        "title": "Photo of St James's Piccadilly"
                    },
                    {
                        "archive_url": "https://raw.githubusercontent.com/infrastructureclub/open-house-london-images/master/images/2026/12659/building_12659_the-river-and-passage-by-che-lovelace-installed-in-st-james-s-piccadilly-photo-stephen-white-co_afecc07be32374c40c4c9ad837d4e27a.jpg",
                        "title": "Photo of St James's Piccadilly"
                    }
                ],
                "name": "St James's Piccadilly",
                "new_venue_this_year": "No",
                "start": "12:30:00",
                "ticketed_events": "No",
                "url": "https://programme.openhouse.org.uk/listings/12659"
            },
            "type": "Feature"
        },
        {
            "geometry": {
                "coordinates": [
                    -0.11725,
                    51.55854
                ],
                "type": "Point"
            },
            "properties": {
                "balloted": "No",
                "description": "The Old Fire Station is now a thriving community centre run by the Holloway Neighbourhood Group. It has been redeveloped for this purpose, now housing a community room, garden room and hall. The building has many original features (notably on the outside) and even though the usage has changed dramatically it remains an important emergency service for many in the local area.",
                "end": "15:00:00",
                "fully_booked": "",
                "images": [
                    {
                        "archive_url": "https://raw.githubusercontent.com/infrastructureclub/open-house-london-images/master/images/2026/12661/building_12661_hng-outside-1_c52d30d7971f50dc3e8ec05c682c401e.jpg",
                        "title": "Photo of The Old Fire Station"
                    },
                    {
                        "archive_url": "https://raw.githubusercontent.com/infrastructureclub/open-house-london-images/master/images/2026/12661/building_12661_hng-outside-6_9e267526b643bd635d928dac6c782f23.jpg",
                        "title": "Photo of The Old Fire Station"
                    },
                    {
                        "archive_url": "https://raw.githubusercontent.com/infrastructureclub/open-house-london-images/master/images/2026/12661/building_12661_hng-outside-1-5_56f339a1bf8324872121877f94c03f0f.jpg",
                        "title": "Photo of The Old Fire Station"
                    }
                ],
                "name": "The Old Fire Station",
                "new_venue_this_year": "No",
                "start": "12:00:00",
                "ticketed_events": "No",
                "url": "https://programme.openhouse.org.uk/listings/12661"
            },
            "type": "Feature"
        },
        {
            "geometry": {
                "coordinates": [
                    -0.1495,
                    51.54281
                ],
                "type": "Point"
            },
            "properties": {
                "balloted": "No",
                "description": "Camden is forging a new path in the 21st century, reinventing itself once again through the nine-acre Camden Goods Yard redevelopment, the restoration of KOKO and the continuing evolution of its famous markets. So, what kind of place is Camden becoming in its latest era?",
                "end": "11:30:00",
                "fully_booked": "Yes",
                "images": [
                    {
                        "archive_url": "https://raw.githubusercontent.com/infrastructureclub/open-house-london-images/master/images/2026/12665/building_12665_st-george-camden-goods-yard-area-aerial-large-3_3dc6063ff35f538f951200f0dfc56ca5.jpeg",
                        "title": "Photo of The New Camden"
                    }
                ],
                "name": "The New Camden",
                "new_venue_this_year": "No",
                "start": "10:00:00",
                "ticketed_events": "Yes",
                "url": "https://programme.openhouse.org.uk/listings/12665"
            },
            "type": "Feature"
        },
        {
            "geometry": {
                "coordinates": [
                    -0.19943,
                    51.55031
                ],
                "type": "Point"
            },
            "properties": {
                "balloted": "No",
                "description": "Winner of the 2025 Camden Design Award for small projects and the 2024 'Don't Move Improve' award for best project under £100k. A self build 39m2 triangular micro home converted from a former mechanic's garage,  creating a flexible and multifunctional home fit for living and working in.  Come and see sliding beds, triangular sofas and a pocket garden.",
                "end": "16:00:00",
                "fully_booked": "",
                "images": [
                    {
                        "archive_url": "https://raw.githubusercontent.com/infrastructureclub/open-house-london-images/master/images/2026/12670/building_12670_street-view_f87e06945d93a469732a18d44c642af7.jpg",
                        "title": "Photo of Triangle House"
                    },
                    {
                        "archive_url": "https://raw.githubusercontent.com/infrastructureclub/open-house-london-images/master/images/2026/12670/building_12670_triangle-house_fdd095e29ce42eb636498170df158cfe.jpg",
                        "title": "Photo of Triangle House"
                    },
                    {
                        "archive_url": "https://raw.githubusercontent.com/infrastructureclub/open-house-london-images/master/images/2026/12670/building_12670_dining-space-inverted-baywindow_b66730b1cc41d4e621ec9a54c51cb202.jpg",
                        "title": "Photo of Triangle House"
                    },
                    {
                        "archive_url": "https://raw.githubusercontent.com/infrastructureclub/open-house-london-images/master/images/2026/12670/building_12670_workspace_dc1200aad13298028050048a806a42e6.jpg",
                        "title": "Photo of Triangle House"
                    },
                    {
                        "archive_url": "https://raw.githubusercontent.com/infrastructureclub/open-house-london-images/master/images/2026/12670/building_12670_cosy-corner_7d168a5301d61b4ba9d43100d9f82dfe.jpg",
                        "title": "Photo of Triangle House"
                    },
                    {
                        "archive_url": "https://raw.githubusercontent.com/infrastructureclub/open-house-london-images/master/images/2026/12670/building_12670_aerial-view-copy_87bb39beda0ce780e3dbf48ced09b1bd.jpg",
                        "title": "Photo of Triangle House"
                    },
                    {
                        "archive_url": "https://raw.githubusercontent.com/infrastructureclub/open-house-london-images/master/images/2026/12670/building_12670_150680-copy_1fffa418e521240371e8160052a92399.jpeg",
                        "title": "Photo of Triangle House"
                    }
                ],
                "name": "Triangle House",
                "new_venue_this_year": "No",
                "start": "10:00:00",
                "ticketed_events": "No",
                "url": "https://programme.openhouse.org.uk/listings/12670"
            },
            "type": "Feature"
        },
        {
            "geometry": {
                "coordinates": [
                    -0.10075,
                    51.37522
                ],
                "type": "Point"
            },
            "properties": {
                "balloted": "No",
                "description": "The Croydon Urban Room is a space to talk about the past, present and future of the Croydon town centre. Through conversa­tions, stories, exhibitions and events, the Urban Room brings together the views of those who live, work and visit the area to create a shared vision of the future and test new uses live in action.",
                "end": "16:00:00",
                "fully_booked": "",
                "images": [
                    {
                        "archive_url": "https://raw.githubusercontent.com/infrastructureclub/open-house-london-images/master/images/2026/12687/building_12687_1721246551928_a6d64c6db9d8edb6a0b069318bba4114.jfif",
                        "title": "Photo of Croydon Urban Room"
                    },
                    {
                        "archive_url": "https://raw.githubusercontent.com/infrastructureclub/open-house-london-images/master/images/2026/12687/building_12687_1721246553512_33b438725887eb97a2f260ce2d7bf8ef.jfif",
                        "title": "Photo of Croydon Urban Room"
                    },
                    {
                        "archive_url": "https://raw.githubusercontent.com/infrastructureclub/open-house-london-images/master/images/2026/12687/building_12687_1721246552001_e5541502caba6c4888613ef99bd1082f.jfif",
                        "title": "Photo of Croydon Urban Room"
                    }
                ],
                "name": "Croydon Urban Room",
                "new_venue_this_year": "No",
                "start": "10:00:00",
                "ticketed_events": "No",
                "url": "https://programme.openhouse.org.uk/listings/12687"
            },
            "type": "Feature"
        },
        {
            "geometry": {
                "coordinates": [
                    -0.00502,
                    51.58036
                ],
                "type": "Point"
            },
            "properties": {
                "balloted": "No",
                "description": "Tranquility in an urban environment, this project has transformed an unloved basement into a light filled, sustainable, calming home.\r\n\r\nA deep retrofit using low-carbon materials, including a high level of insulation, a natural swimming pool, rainwater harvesting and a green roof, this home explores how we can transform high density urban areas into places of harmony between people and nature.",
                "end": "17:00:00",
                "fully_booked": "",
                "images": [
                    {
                        "archive_url": "https://raw.githubusercontent.com/infrastructureclub/open-house-london-images/master/images/2026/12688/building_12688__dsf3600_art-trail_a103290f749f7f146aa962c97238f321.jpg",
                        "title": "Photo of St. George Villa"
                    },
                    {
                        "archive_url": "https://raw.githubusercontent.com/infrastructureclub/open-house-london-images/master/images/2026/12688/building_12688_st-george-villa_studio-grieveson_02_photography-credit-peter-molloy_web_1cab3fc74acc59a82386e3d7b01a8eb3.jpg",
                        "title": "Photo of St. George Villa"
                    },
                    {
                        "archive_url": "https://raw.githubusercontent.com/infrastructureclub/open-house-london-images/master/images/2026/12688/building_12688_st-george-villa_studio-grieveson_06_photography-credit-peter-molloy_fd315b9cb0b9cf2d90d30f3ca4fc8674.jpg",
                        "title": "Photo of St. George Villa"
                    },
                    {
                        "archive_url": "https://raw.githubusercontent.com/infrastructureclub/open-house-london-images/master/images/2026/12688/building_12688_natural-swimming-pool-walthamstow-01_f287bbd7f28f6cf828aad72386e3a8a5.jpeg",
                        "title": "Photo of St. George Villa"
                    }
                ],
                "name": "St. George Villa",
                "new_venue_this_year": "Yes",
                "start": "11:00:00",
                "ticketed_events": "No",
                "url": "https://programme.openhouse.org.uk/listings/12688"
            },
            "type": "Feature"
        },
        {
            "geometry": {
                "coordinates": [
                    -0.10409,
                    51.60487
                ],
                "type": "Point"
            },
            "properties": {
                "balloted": "No",
                "description": "Ever explored an eco-building? Wolves Lane Horticulture centre is home to a thriving 3.5 acre contemporary community food growing space operating with a 1970s glasshouses alongside cutting-edge sustainable buildings designed by Studio Gil and Material Cultures.",
                "end": "16:00:00",
                "fully_booked": "No",
                "images": [
                    {
                        "archive_url": "https://raw.githubusercontent.com/infrastructureclub/open-house-london-images/master/images/2026/12731/building_12731_1000005892_116b8ca1776a91491de180bd5411381f.jpg",
                        "title": "Wolves Lane Horticultural Centre"
                    },
                    {
                        "archive_url": "https://raw.githubusercontent.com/infrastructureclub/open-house-london-images/master/images/2026/12731/building_12731_wlc-palmhouse_ae7dc69d83d37670a49e67ec46e4f9da.jpg",
                        "title": "Wolves Lane Horticultural Centre"
                    }
                ],
                "name": "Wolves Lane Horticultural Centre",
                "new_venue_this_year": "No",
                "start": "10:00:00",
                "ticketed_events": "Yes",
                "url": "https://programme.openhouse.org.uk/listings/12731"
            },
            "type": "Feature"
        },
        {
            "geometry": {
                "coordinates": [
                    -0.11274,
                    51.59726
                ],
                "type": "Point"
            },
            "properties": {
                "balloted": "No",
                "description": "The Cumberland Road Studios Wood Green is host to about 50 artists and makers currently occupying studios in a 1980s former office building. You will have the opportunity to chat, and see their work and their workspaces as part of their Open Studios weekend.\r\nThe building will be active with events including workshops, demonstrations and talks.",
                "end": "18:00:00",
                "fully_booked": "No",
                "images": [
                    {
                        "archive_url": "https://raw.githubusercontent.com/infrastructureclub/open-house-london-images/master/images/2026/12771/building_12771_screenshot-2024-06-28-at-11-55-20_c7bf5f36dc3cba08a160410866067743.png",
                        "title": "Cumberland Road Studios"
                    },
                    {
                        "archive_url": "https://raw.githubusercontent.com/infrastructureclub/open-house-london-images/master/images/2026/12771/building_12771_20240813_142314_e5ec364b0ea93e9f47f155630dd69a7c.jpg",
                        "title": "Cumberland Road Studios"
                    },
                    {
                        "archive_url": "https://raw.githubusercontent.com/infrastructureclub/open-house-london-images/master/images/2026/12771/building_12771_img_7752_7d97528c592c2867c03ffa25cd66cf92.jpeg",
                        "title": "Cumberland Road Studios"
                    }
                ],
                "name": "Cumberland Road Studios, Wood Green",
                "new_venue_this_year": "No",
                "start": "12:00:00",
                "ticketed_events": "Yes",
                "url": "https://programme.openhouse.org.uk/listings/12771"
            },
            "type": "Feature"
        },
        {
            "geometry": {
                "coordinates": [
                    -0.08501,
                    51.47498
                ],
                "type": "Point"
            },
            "properties": {
                "balloted": "No",
                "description": "outhouse gallery is a small, independent, artist-run creative space located in Brunswick Park, Camberwell. \r\nAs a former public toilet, the gallery's mission is to be open, public and accessible to both facilitators and visitors - from free exhibitions, live performances, and workshops to publishing articles online and in outhouse magazine.",
                "end": "17:00:00",
                "fully_booked": "",
                "images": [
                    {
                        "archive_url": "https://raw.githubusercontent.com/infrastructureclub/open-house-london-images/master/images/2026/12832/building_12832_teodellatorre_dscf8056_4e8d1327289978b66e02f7b08f4cb79c.jpg",
                        "title": "Photo of outhouse gallery"
                    },
                    {
                        "archive_url": "https://raw.githubusercontent.com/infrastructureclub/open-house-london-images/master/images/2026/12832/building_12832_img_8040_9f4087aaab936bb44757c63a6ab3b649.jpeg",
                        "title": "Photo of outhouse gallery"
                    },
                    {
                        "archive_url": "https://raw.githubusercontent.com/infrastructureclub/open-house-london-images/master/images/2026/12832/building_12832_screenshot-2025-05-23-at-17-35-23_a876fcb03692f7bc0aa21a57c9e5497f.png",
                        "title": "Photo of outhouse gallery"
                    }
                ],
                "name": "outhouse gallery",
                "new_venue_this_year": "No",
                "start": "12:00:00",
                "ticketed_events": "No",
                "url": "https://programme.openhouse.org.uk/listings/12832"
            },
            "type": "Feature"
        },
        {
            "geometry": {
                "coordinates": [
                    -0.13186,
                    51.5124
                ],
                "type": "Point"
            },
            "properties": {
                "balloted": "No",
                "description": "Start your exploration of the Open House Soho Neighbourhood with a shot of coffee, a refreshing cold drink and a bite to eat.  Explore our timeline of Soho, and our existing display on the church's history.   Relax in our calm and welcoming gardens.",
                "end": "18:00:00",
                "fully_booked": "",
                "images": [
                    {
                        "archive_url": "https://raw.githubusercontent.com/infrastructureclub/open-house-london-images/master/images/2026/12938/building_12938_sacred_grounds_f2c41ce07f97ca90f3d4f726d3fd0d70.png",
                        "title": "Photo of Sacred Grounds / St Anne's Church and Garden"
                    }
                ],
                "name": "Sacred Grounds / St Anne's Church and Garden",
                "new_venue_this_year": "No",
                "start": "10:00:00",
                "ticketed_events": "No",
                "url": "https://programme.openhouse.org.uk/listings/12938"
            },
            "type": "Feature"
        },
        {
            "geometry": {
                "coordinates": [
                    0.02709,
                    51.43022
                ],
                "type": "Point"
            },
            "properties": {
                "balloted": "No",
                "description": "Open House of 7 Meadow Lane, Charmaine McNally’s home and garden. Charmaine was one of the self-build leaders in this 14 home women-led community self-build scheme.  Meadow Lane was originally the third of  Fusion Jameen’s schemes. Tim Oshodi was engaged as self-build consultant, with project management and cost control provided by Survey Design Partnership and Martin Hughes, the contracts manager",
                "end": "16:00:00",
                "fully_booked": "",
                "images": [
                    {
                        "archive_url": "https://raw.githubusercontent.com/infrastructureclub/open-house-london-images/master/images/2026/12942/building_12942_480939890_10162374494463895_7757850246010855325_n_8466de9574632fbeae70a3e6ca95479a.jpg",
                        "title": "Charmaine McNally"
                    },
                    {
                        "archive_url": "https://raw.githubusercontent.com/infrastructureclub/open-house-london-images/master/images/2026/12942/building_12942_whatsapp-image-2024-08-26-at-17-51-54_355b6bd2_967a276dab57e76525cfd0dcbc62a855.jpg",
                        "title": "Charmaine McNally"
                    },
                    {
                        "archive_url": "https://raw.githubusercontent.com/infrastructureclub/open-house-london-images/master/images/2026/12942/building_12942_whatsapp-image-2024-08-26-at-18-01-03_a3bc0674_685d205fc4440f7922b68a0031ade989.jpg",
                        "title": "Charmaine McNally"
                    },
                    {
                        "archive_url": "https://raw.githubusercontent.com/infrastructureclub/open-house-london-images/master/images/2026/12942/building_12942_481701236_10162374494273895_4648325877400939444_n_7b397b8ec6a788bb5eff4ddb39ca49ac.jpg",
                        "title": "Charmaine McNally"
                    }
                ],
                "name": "7 Meadow Lane",
                "new_venue_this_year": "No",
                "start": "11:00:00",
                "ticketed_events": "No",
                "url": "https://programme.openhouse.org.uk/listings/12942"
            },
            "type": "Feature"
        },
        {
            "geometry": {
                "coordinates": [
                    -0.12269,
                    51.5163
                ],
                "type": "Point"
            },
            "properties": {
                "balloted": "No",
                "description": "Drawing Matter explores the role of drawing in architectural thought and practice. Central to our activities is the Drawing Matter Collection of many thousands of architectural and design drawings from across the world, dating from the Renaissance to the present day.",
                "end": "18:00:00",
                "fully_booked": "",
                "images": [
                    {
                        "archive_url": "https://raw.githubusercontent.com/infrastructureclub/open-house-london-images/master/images/2026/13011/building_13011_open-weekend_2370253a0d0c055fe2eda90bce6ac9e0.jpg",
                        "title": "Photo of Drawing Matter"
                    },
                    {
                        "archive_url": "https://raw.githubusercontent.com/infrastructureclub/open-house-london-images/master/images/2026/13011/building_13011_2024-11-02_9f80e8779119c24be54165f9fb2c7841.jpg",
                        "title": "Photo of Drawing Matter"
                    },
                    {
                        "archive_url": "https://raw.githubusercontent.com/infrastructureclub/open-house-london-images/master/images/2026/13011/building_13011_open-weekend-4_47fc0506c1e341cfc6d2eefb3709e453.jpg",
                        "title": "Photo of Drawing Matter"
                    },
                    {
                        "archive_url": "https://raw.githubusercontent.com/infrastructureclub/open-house-london-images/master/images/2026/13011/building_13011_open-weekend-3_939938b8c5dc40d3398096ad0de506e3.jpg",
                        "title": "Photo of Drawing Matter"
                    }
                ],
                "name": "Drawing Matter",
                "new_venue_this_year": "No",
                "start": "11:00:00",
                "ticketed_events": "No",
                "url": "https://programme.openhouse.org.uk/listings/13011"
            },
            "type": "Feature"
        },
        {
            "geometry": {
                "coordinates": [
                    -0.13013,
                    51.51332
                ],
                "type": "Point"
            },
            "properties": {
                "balloted": "No",
                "description": "The area post 1700 became very cosmopolitan with immigrants mainly from Europe, and their influence on food and drink became increasingly important. This tour is based on food and drink, passing by restaurants, pubs, coffee bars,  pâtisserie and  delis that have been present for decades, finishing at a relatively new site.",
                "end": "15:45:00",
                "fully_booked": "Yes",
                "images": [
                    {
                        "archive_url": "https://raw.githubusercontent.com/infrastructureclub/open-house-london-images/master/images/2026/13014/building_13014_img_1783_1f225314f6673a9975ce6c415c47bc2f.jpg",
                        "title": "Photo of Soho - forever changing"
                    },
                    {
                        "archive_url": "https://raw.githubusercontent.com/infrastructureclub/open-house-london-images/master/images/2026/13014/building_13014_screenshot-2026-06-12-at-09-14-30_f599a9e840b8309a7b73aabe340613d1.png",
                        "title": "Photo of Soho - forever changing"
                    }
                ],
                "name": "Soho - forever changing",
                "new_venue_this_year": "No",
                "start": "14:00:00",
                "ticketed_events": "Yes",
                "url": "https://programme.openhouse.org.uk/listings/13014"
            },
            "type": "Feature"
        },
        {
            "geometry": {
                "coordinates": [
                    -0.12392,
                    51.53568
                ],
                "type": "Point"
            },
            "properties": {
                "balloted": "No",
                "description": "Queer Britain Museum is the UK’s national LGBTQ+ museum.    Housed in a converted Victorian building in the heart of the regenerated King’s Cross area, the galleries feature over 200 objects from over 100 years of queer history.   At Open House 2026, Queer Britain’s volunteer guides will give talks demonstrating the museum’s mission to reclaim, preserve and inspire LGBTQ+ history.",
                "end": "17:30:00",
                "fully_booked": "No",
                "images": [
                    {
                        "archive_url": "https://raw.githubusercontent.com/infrastructureclub/open-house-london-images/master/images/2026/13050/building_13050_queer-britain-kings-cross-london_4cce6e1fef74a3607d6932b5eb914877.jpg",
                        "title": "Photo of Queer Britain"
                    },
                    {
                        "archive_url": "https://raw.githubusercontent.com/infrastructureclub/open-house-london-images/master/images/2026/13050/building_13050_02-guests-at-queer-britain-museum-credit-rahil-ahmad-for-queer-britain-museum_7fd33c9ea0f28d2ed1b45b718d7391cf.jpg",
                        "title": "Photo of Queer Britain"
                    },
                    {
                        "archive_url": "https://raw.githubusercontent.com/infrastructureclub/open-house-london-images/master/images/2026/13050/building_13050_03-queer-britain-museum-credit-rahil-ahmad-for-queer-britain-museum_8629962f30e51e629f1da84d580caccc.jpg",
                        "title": "Photo of Queer Britain"
                    }
                ],
                "name": "Queer Britain",
                "new_venue_this_year": "No",
                "start": "13:00:00",
                "ticketed_events": "Yes",
                "url": "https://programme.openhouse.org.uk/listings/13050"
            },
            "type": "Feature"
        },
        {
            "geometry": {
                "coordinates": [
                    -0.29667,
                    51.61472
                ],
                "type": "Point"
            },
            "properties": {
                "balloted": "No",
                "description": "North London Collegiate School, founded in 1850, is a leading independent day school for girls aged 4-18. Located at the historic Canons House, a Grade II listed building from the 18th century, the school offers a stimulating environment where bright young minds can explore, question, and thrive academically. The school resides in an important historic site, surrounded by Canons Park since 1929.",
                "end": "17:00:00",
                "fully_booked": "",
                "images": [
                    {
                        "archive_url": "https://raw.githubusercontent.com/infrastructureclub/open-house-london-images/master/images/2026/13096/building_13096_canons-gardens_25d77d7700fb26988fd9c9f8207cbe1b.jpg",
                        "title": "Photo of North London Collegiate School - Canons House"
                    },
                    {
                        "archive_url": "https://raw.githubusercontent.com/infrastructureclub/open-house-london-images/master/images/2026/13096/building_13096_canons-house-front-access_05309f789118d478c1027489fcb310b2.jpg",
                        "title": "Photo of North London Collegiate School - Canons House"
                    },
                    {
                        "archive_url": "https://raw.githubusercontent.com/infrastructureclub/open-house-london-images/master/images/2026/13096/building_13096_2103-nlcs-107-1-1_06a44f65fef263b5404137554becd3fc.jpg",
                        "title": "Photo of North London Collegiate School - Canons House"
                    }
                ],
                "name": "North London Collegiate School - Canons House",
                "new_venue_this_year": "No",
                "start": "10:00:00",
                "ticketed_events": "No",
                "url": "https://programme.openhouse.org.uk/listings/13096"
            },
            "type": "Feature"
        },
        {
            "geometry": {
                "coordinates": [
                    -0.14035,
                    51.52583
                ],
                "type": "Point"
            },
            "properties": {
                "balloted": "No",
                "description": "Launched on 24th April 2025, Regent’s Park Estate Story Trail is an exciting new resident-led socially engaged public art trail through Regent’s Park Estate, Euston. \r\n\r\nThe trail encompasses 12 site-specific art installations created by 10 artists and collectives, bringing 31 new public artworks to Regent's Park Estate.",
                "end": "12:30:00",
                "fully_booked": "Yes",
                "images": [
                    {
                        "archive_url": "https://raw.githubusercontent.com/infrastructureclub/open-house-london-images/master/images/2026/13100/building_13100_regent-s-park-portrait-brendan-barry-photo_-nick-turpin_ecb7b4fc9431c87d71f7491e8496ff06.jpg",
                        "title": "Photo of Regent's Park Estate Story Trail  Guided Tour"
                    },
                    {
                        "archive_url": "https://raw.githubusercontent.com/infrastructureclub/open-house-london-images/master/images/2026/13100/building_13100_clay-chronicles-clayground-collective-photo_-alice-horsley_9143efc197bd136124aae2ebc50b783f.jpg",
                        "title": "Photo of Regent's Park Estate Story Trail  Guided Tour"
                    },
                    {
                        "archive_url": "https://raw.githubusercontent.com/infrastructureclub/open-house-london-images/master/images/2026/13100/building_13100_woman-whole-yara-davina-photo_-nick-turpin-large_6956eb0a9f6f3c0b954f2f9d901536c3.jpeg",
                        "title": "Photo of Regent's Park Estate Story Trail  Guided Tour"
                    },
                    {
                        "archive_url": "https://raw.githubusercontent.com/infrastructureclub/open-house-london-images/master/images/2026/13100/building_13100_wonderscope-alisa-rusavina-photo_-nick-turpin-large_3162e1e2543de6f2a0d9b5dff326ab8a.jpeg",
                        "title": "Photo of Regent's Park Estate Story Trail  Guided Tour"
                    },
                    {
                        "archive_url": "https://raw.githubusercontent.com/infrastructureclub/open-house-london-images/master/images/2026/13100/building_13100_t-h-ree-haque-tan-photo_-nick-turpin-large_30886178c7fd84136d03e841438fbd8b.jpeg",
                        "title": "Photo of Regent's Park Estate Story Trail  Guided Tour"
                    },
                    {
                        "archive_url": "https://raw.githubusercontent.com/infrastructureclub/open-house-london-images/master/images/2026/13100/building_13100_you-are-here-ocean-stefan-photo_-nick-turpin-large_834789b6d2e721918b363a5ccb1039f2.jpeg",
                        "title": "Photo of Regent's Park Estate Story Trail  Guided Tour"
                    },
                    {
                        "archive_url": "https://raw.githubusercontent.com/infrastructureclub/open-house-london-images/master/images/2026/13100/building_13100_copy-of-pinpep_20250424_rpstorytrail_full_set_scu_71_ae6b30b5d26fda4f681d0c0515cb196d.jpg",
                        "title": "Photo of Regent's Park Estate Story Trail  Guided Tour"
                    },
                    {
                        "archive_url": "https://raw.githubusercontent.com/infrastructureclub/open-house-london-images/master/images/2026/13100/building_13100_woman-whole-photo-credit_-alice-horsley_791ed87bd9c6c42bd7ac430f9b9b2a03.jpg",
                        "title": "Photo of Regent's Park Estate Story Trail  Guided Tour"
                    },
                    {
                        "archive_url": "https://raw.githubusercontent.com/infrastructureclub/open-house-london-images/master/images/2026/13100/building_13100_you-are-here-ocean-stefan-photo-alice-horsley-large_73b0e7f9b35c106190d8076b387e5419.jpeg",
                        "title": "Photo of Regent's Park Estate Story Trail  Guided Tour"
                    },
                    {
                        "archive_url": "https://raw.githubusercontent.com/infrastructureclub/open-house-london-images/master/images/2026/13100/building_13100_story-trail-growing-together-shiraaz-ali-credit_-alice-horsley-large_cf6b4bee27a6b82fc08329bec3a938ae.jpeg",
                        "title": "Photo of Regent's Park Estate Story Trail  Guided Tour"
                    },
                    {
                        "archive_url": "https://raw.githubusercontent.com/infrastructureclub/open-house-london-images/master/images/2026/13100/building_13100_t-h-ree-haque-tan-photo-nick-turpin-large_0d0113a2705954e8e26b172505663bd6.jpeg",
                        "title": "Photo of Regent's Park Estate Story Trail  Guided Tour"
                    },
                    {
                        "archive_url": "https://raw.githubusercontent.com/infrastructureclub/open-house-london-images/master/images/2026/13100/building_13100_unwritten-rafal-zajko-032photo-credit_-alice-horsley-large_a093b3d14859c13fd2f227a961ec28ef.jpeg",
                        "title": "Photo of Regent's Park Estate Story Trail  Guided Tour"
                    }
                ],
                "name": "Regent's Park Estate Story Trail  Guided Tour",
                "new_venue_this_year": "No",
                "start": "11:00:00",
                "ticketed_events": "Yes",
                "url": "https://programme.openhouse.org.uk/listings/13100"
            },
            "type": "Feature"
        },
        {
            "geometry": {
                "coordinates": [
                    -0.10973,
                    51.50252
                ],
                "type": "Point"
            },
            "properties": {
                "balloted": "No",
                "description": "A walking tour exploring how movement of people – both daily and generational – has shaped the built environment of the South Bank. From the arrival of the railways to the housing activism of the 1970s and 80s, the tour will look at how the development of new communities has been instrumental in the creation of London’s most vibrant cultural hub",
                "end": "16:00:00",
                "fully_booked": "Yes",
                "images": [
                    {
                        "archive_url": "https://raw.githubusercontent.com/infrastructureclub/open-house-london-images/master/images/2026/13138/building_13138_rfh2_e290168be4fa07520777f66ece1f961d.jpeg",
                        "title": "Ebbs and flows: a tour through the evolution of the South Bank"
                    }
                ],
                "name": "Ebbs and flows:  a tour through the evolution of the South Bank",
                "new_venue_this_year": "No",
                "start": "14:30:00",
                "ticketed_events": "Yes",
                "url": "https://programme.openhouse.org.uk/listings/13138"
            },
            "type": "Feature"
        },
        {
            "geometry": {
                "coordinates": [
                    -0.12778,
                    51.63231
                ],
                "type": "Point"
            },
            "properties": {
                "balloted": "No",
                "description": "A walking tour exploring the development of Southgate from the 18th century to the present day. From landed estates to interwar suburbia and beyond, this walk will uncover masterpieces of Modernist architecture, compare the municipal and suburban influences on the area, and challenge preconceived notions of ‘natural’ landscapes.",
                "end": "15:45:00",
                "fully_booked": "Yes",
                "images": [
                    {
                        "archive_url": "https://raw.githubusercontent.com/infrastructureclub/open-house-london-images/master/images/2026/13140/building_13140_southgate_station_-1_3e86e49384eb0d14ed431b3ae6ae53c5.jpg",
                        "title": "Ross MacFarlane"
                    },
                    {
                        "archive_url": "https://raw.githubusercontent.com/infrastructureclub/open-house-london-images/master/images/2026/13140/building_13140_southgate_green_-_geograph-org-uk_-_5560735_0ae389f8f140135be6f68c12c3b2324a.jpg",
                        "title": "Ross MacFarlane"
                    }
                ],
                "name": "Leafy Southgate: N14 landscape and suburbia",
                "new_venue_this_year": "No",
                "start": "14:00:00",
                "ticketed_events": "Yes",
                "url": "https://programme.openhouse.org.uk/listings/13140"
            },
            "type": "Feature"
        },
        {
            "geometry": {
                "coordinates": [
                    -0.31783,
                    51.46206
                ],
                "type": "Point"
            },
            "properties": {
                "balloted": "No",
                "description": "The Lock House is part of Richmond Lock & Weir, on the left bank of the Thames at Richmond. Originally home to the resident lock keeper, it is now the design studio and exhibition space of Astronaut Kawada, architects and designers. They have fully refurbished the interior of the Lock House to create a series of spaces to complement the remarkable and unique qualities of the main structure.",
                "end": "16:00:00",
                "fully_booked": "",
                "images": [
                    {
                        "archive_url": "https://raw.githubusercontent.com/infrastructureclub/open-house-london-images/master/images/2026/13151/building_13151_img_4896_e880c99e82fa10c72f91871a32915c1f.jpg",
                        "title": "Photo of The Lock House, Richmond Lock & Weir"
                    },
                    {
                        "archive_url": "https://raw.githubusercontent.com/infrastructureclub/open-house-london-images/master/images/2026/13151/building_13151_img_1400-copy_7e8269591b6dc6a9526e0a78c0d08684.jpg",
                        "title": "Photo of The Lock House, Richmond Lock & Weir"
                    },
                    {
                        "archive_url": "https://raw.githubusercontent.com/infrastructureclub/open-house-london-images/master/images/2026/13151/building_13151_img_4481_0c851c9851a3207d29649ab0d62b4a5c.jpg",
                        "title": "Photo of The Lock House, Richmond Lock & Weir"
                    },
                    {
                        "archive_url": "https://raw.githubusercontent.com/infrastructureclub/open-house-london-images/master/images/2026/13151/building_13151_img_4284_fac91666c17d79e7a7495a8a2bd03b4f.jpg",
                        "title": "Photo of The Lock House, Richmond Lock & Weir"
                    },
                    {
                        "archive_url": "https://raw.githubusercontent.com/infrastructureclub/open-house-london-images/master/images/2026/13151/building_13151_img_4285_0f6dd3171ce7fcc81d3657e53a1a369a.jpg",
                        "title": "Photo of The Lock House, Richmond Lock & Weir"
                    },
                    {
                        "archive_url": "https://raw.githubusercontent.com/infrastructureclub/open-house-london-images/master/images/2026/13151/building_13151_img_4287_b7f5ef40548f2bb9b8a7e2f5fa3eff7b.jpg",
                        "title": "Photo of The Lock House, Richmond Lock & Weir"
                    },
                    {
                        "archive_url": "https://raw.githubusercontent.com/infrastructureclub/open-house-london-images/master/images/2026/13151/building_13151_img_4289_e5111dcf7f472f67f4148abaa7585408.jpg",
                        "title": "Photo of The Lock House, Richmond Lock & Weir"
                    },
                    {
                        "archive_url": "https://raw.githubusercontent.com/infrastructureclub/open-house-london-images/master/images/2026/13151/building_13151_img_8201_e47571a966617283bab784ebbc3f37d4.jpg",
                        "title": "Photo of The Lock House, Richmond Lock & Weir"
                    },
                    {
                        "archive_url": "https://raw.githubusercontent.com/infrastructureclub/open-house-london-images/master/images/2026/13151/building_13151_img_4898-2_ba6219fddcba5c09affff83402d821d8.jpg",
                        "title": "Photo of The Lock House, Richmond Lock & Weir"
                    }
                ],
                "name": "The Lock House, Richmond Lock & Weir",
                "new_venue_this_year": "No",
                "start": "10:00:00",
                "ticketed_events": "No",
                "url": "https://programme.openhouse.org.uk/listings/13151"
            },
            "type": "Feature"
        },
        {
            "geometry": {
                "coordinates": [
                    -0.01252,
                    51.58081
                ],
                "type": "Point"
            },
            "properties": {
                "balloted": "No",
                "description": "In 2022 we created an art gallery in the garage below our house in a residential street in Walthamstow village.   We aim to bring art into our community, acting as a resource to support artists on a not-for-profit basis.  By the time of Open House we will have hosted 26 exhibitions in a wide range of media, by both emerging and more experienced artists.",
                "end": "17:00:00",
                "fully_booked": "",
                "images": [
                    {
                        "archive_url": "https://raw.githubusercontent.com/infrastructureclub/open-house-london-images/master/images/2026/13170/building_13170_outside_e4a62160c096ca118f5a4b73565575a5.jpg",
                        "title": "Photo of Garage Gallery E17"
                    },
                    {
                        "archive_url": "https://raw.githubusercontent.com/infrastructureclub/open-house-london-images/master/images/2026/13170/building_13170_inside-front_c61ce3dfe5d86492ac971a50d50cb5f3.jpg",
                        "title": "Photo of Garage Gallery E17"
                    }
                ],
                "name": "Garage Gallery E17",
                "new_venue_this_year": "No",
                "start": "10:00:00",
                "ticketed_events": "No",
                "url": "https://programme.openhouse.org.uk/listings/13170"
            },
            "type": "Feature"
        },
        {
            "geometry": {
                "coordinates": [
                    -0.08448,
                    51.56113
                ],
                "type": "Point"
            },
            "properties": {
                "balloted": "No",
                "description": "The Old Church 1563 is a not for profit arts and music venue, in the heart of Stoke Newington and the only surviving Elizabethan church in London. Built on the site of a church that dates back to the Doomsday Book our enclosed graveyard contains monuments to people who were prominent in the fight against the slave trade and Anna Barbauld, poet and proto-feminist.",
                "end": "18:00:00",
                "fully_booked": "",
                "images": [
                    {
                        "archive_url": "https://raw.githubusercontent.com/infrastructureclub/open-house-london-images/master/images/2026/13175/building_13175_the-old-church-photo1_e6f6a3bbf4a9ed2e53a95a09ae1946fc.png",
                        "title": "Photo of The Old Church Stoke Newington"
                    },
                    {
                        "archive_url": "https://raw.githubusercontent.com/infrastructureclub/open-house-london-images/master/images/2026/13175/building_13175_the-old-church-2_eaec1337bf350450c26e6cee7ab85c62.png",
                        "title": "Photo of The Old Church Stoke Newington"
                    },
                    {
                        "archive_url": "https://raw.githubusercontent.com/infrastructureclub/open-house-london-images/master/images/2026/13175/building_13175_img_2261_2fbc126c28ec852ff6d3e235f003a36d.jpeg",
                        "title": "Photo of The Old Church Stoke Newington"
                    },
                    {
                        "archive_url": "https://raw.githubusercontent.com/infrastructureclub/open-house-london-images/master/images/2026/13175/building_13175_img_2331_206773751ff5a27cc4e6034cdd96c2dd.jpeg",
                        "title": "Photo of The Old Church Stoke Newington"
                    },
                    {
                        "archive_url": "https://raw.githubusercontent.com/infrastructureclub/open-house-london-images/master/images/2026/13175/building_13175_img_2336_ad196baaaa985caa4046a34b07879dde.jpeg",
                        "title": "Photo of The Old Church Stoke Newington"
                    }
                ],
                "name": "The Old Church Stoke Newington",
                "new_venue_this_year": "No",
                "start": "12:00:00",
                "ticketed_events": "No",
                "url": "https://programme.openhouse.org.uk/listings/13175"
            },
            "type": "Feature"
        },
        {
            "geometry": {
                "coordinates": [
                    -0.02052,
                    51.51203
                ],
                "type": "Point"
            },
            "properties": {
                "balloted": "No",
                "description": "Grade II Listed.   Designed by Adrian Gilbert Scott.  Cruciform shape (120 feet by 120 feet) of steel girder and brick construction. Its Lantern tower – based on Ely Cathedral – is supported on parabolic arches 35 feet wide and 50 feet high.  The Stained Glass Windows were designed by John Wilson of Edinburgh and the Stations of the Cross  carved in Blue Horton Stone by Peter Watts.",
                "end": "17:00:00",
                "fully_booked": "",
                "images": [
                    {
                        "archive_url": "https://raw.githubusercontent.com/infrastructureclub/open-house-london-images/master/images/2026/13253/building_13253_st-mary-st-joseph-rc-church-poplar_1_c-garrido_69fe391e814226a2b36f3a729164dd33.jpg",
                        "title": "Photo of St Mary & St Joseph Roman Catholic Church, Poplar"
                    },
                    {
                        "archive_url": "https://raw.githubusercontent.com/infrastructureclub/open-house-london-images/master/images/2026/13253/building_13253_poplar_st_mary_st_joseph_rc161113_2_81dc33bbb49f093edfd6e70ab82052bf.jpg",
                        "title": "Photo of St Mary & St Joseph Roman Catholic Church, Poplar"
                    },
                    {
                        "archive_url": "https://raw.githubusercontent.com/infrastructureclub/open-house-london-images/master/images/2026/13253/building_13253_st-mary-st-joseph-rc-church-poplar_2_c-garrido_6ef61d22b5ee5648e21ac29760f5c3da.jpg",
                        "title": "Photo of St Mary & St Joseph Roman Catholic Church, Poplar"
                    },
                    {
                        "archive_url": "https://raw.githubusercontent.com/infrastructureclub/open-house-london-images/master/images/2026/13253/building_13253_st-mary-st-joseph-rc-church-poplar_3_c-garrido_85d571032608ab92916a5e0a696b4de1.jpg",
                        "title": "Photo of St Mary & St Joseph Roman Catholic Church, Poplar"
                    },
                    {
                        "archive_url": "https://raw.githubusercontent.com/infrastructureclub/open-house-london-images/master/images/2026/13253/building_13253_church-interior-1-scaled-e1695941305485_65b08936351b54aa7137c540be5d1e04.jpg",
                        "title": "Photo of St Mary & St Joseph Roman Catholic Church, Poplar"
                    }
                ],
                "name": "St Mary & St Joseph Roman Catholic Church, Poplar",
                "new_venue_this_year": "No",
                "start": "15:00:00",
                "ticketed_events": "No",
                "url": "https://programme.openhouse.org.uk/listings/13253"
            },
            "type": "Feature"
        },
        {
            "geometry": {
                "coordinates": [
                    -0.09022,
                    51.50503
                ],
                "type": "Point"
            },
            "properties": {
                "balloted": "No",
                "description": "In 1949, American actor Sam Wanamaker came looking for Shakespeare in London and could not find much, so decided to re-build the Globe Theatre. Join Lisa who holds a MA in Shakespeare Studies from the Globe Theatre and King's College London and walk in steps of Shakespeare -- and Wanamaker nearly 400 years later.",
                "end": "13:00:00",
                "fully_booked": "Yes",
                "images": [
                    {
                        "archive_url": "https://raw.githubusercontent.com/infrastructureclub/open-house-london-images/master/images/2026/13275/building_13275_globe-theatre_3f063a74f40cb79fd0f0468650408c5e.jpg",
                        "title": "Photo of In Shakespeare's Footsteps"
                    },
                    {
                        "archive_url": "https://raw.githubusercontent.com/infrastructureclub/open-house-london-images/master/images/2026/13275/building_13275_building-interior-globe-1994_c8d681d7aeeb81ed99ed63c5824be57d.jpg",
                        "title": "Photo of In Shakespeare's Footsteps"
                    }
                ],
                "name": "In Shakespeare's Footsteps",
                "new_venue_this_year": "No",
                "start": "11:30:00",
                "ticketed_events": "Yes",
                "url": "https://programme.openhouse.org.uk/listings/13275"
            },
            "type": "Feature"
        },
        {
            "geometry": {
                "coordinates": [
                    -0.01187,
                    51.54083
                ],
                "type": "Point"
            },
            "properties": {
                "balloted": "No",
                "description": "Tours of the Sadler's Wells theatre on Queen Elizabeth Olympic Park - Sadler's Wells East.",
                "end": "15:45:00",
                "fully_booked": "Yes",
                "images": [
                    {
                        "archive_url": "https://raw.githubusercontent.com/infrastructureclub/open-house-london-images/master/images/2026/13314/building_13314_swe_198080ee5f6484cc446473e04d197b61.jpg",
                        "title": "Photo of Sadler's Wells East"
                    },
                    {
                        "archive_url": "https://raw.githubusercontent.com/infrastructureclub/open-house-london-images/master/images/2026/13314/building_13314_08-sadler-s-wells-east-architects-o-donnell-tuomey-image-peter-cook_6d6d273bec67780660b15632d155d142.jpg",
                        "title": "Photo of Sadler's Wells East"
                    }
                ],
                "name": "Sadler's Wells East",
                "new_venue_this_year": "No",
                "start": "13:00:00",
                "ticketed_events": "Yes",
                "url": "https://programme.openhouse.org.uk/listings/13314"
            },
            "type": "Feature"
        },
        {
            "geometry": {
                "coordinates": [
                    -0.46506,
                    51.54089
                ],
                "type": "Point"
            },
            "properties": {
                "balloted": "No",
                "description": "Explore the Generator House at RAF Uxbridge’s Battle of Britain Bunker. Normally off‑limits to the public, it houses the original 1930s standby generator that powered the underground Operations Room coordinating RAF Fighter Command in WWII. It offers a glimpse into wartime engineering, featuring preserved machinery, original fittings, and fascinating stories.  Free admission, no booking required.",
                "end": "16:00:00",
                "fully_booked": "",
                "images": [
                    {
                        "archive_url": "https://raw.githubusercontent.com/infrastructureclub/open-house-london-images/master/images/2026/13377/building_13377_danger_secrets_1eeb67bdfa9745baef0db4efe6448b5e.jpg",
                        "title": "Photo of The Battle of Britain Bunker - The Generator House"
                    }
                ],
                "name": "The Battle of Britain Bunker - The Generator House",
                "new_venue_this_year": "No",
                "start": "10:00:00",
                "ticketed_events": "No",
                "url": "https://programme.openhouse.org.uk/listings/13377"
            },
            "type": "Feature"
        },
        {
            "geometry": {
                "coordinates": [
                    -0.17475,
                    51.61095
                ],
                "type": "Point"
            },
            "properties": {
                "balloted": "No",
                "description": "Anglican church building built in 1867 based on the mediaeval Gothic styles of the pre-Reformation era and Gothic revivalist design.",
                "end": "17:00:00",
                "fully_booked": "",
                "images": [
                    {
                        "archive_url": "https://raw.githubusercontent.com/infrastructureclub/open-house-london-images/master/images/2026/13502/building_13502_christ-church-snow_5799bf8436c82d434cc0d1ca30d3ecd9.jpg",
                        "title": "Photo of Christ Church North Finchley, N12 0NU"
                    },
                    {
                        "archive_url": "https://raw.githubusercontent.com/infrastructureclub/open-house-london-images/master/images/2026/13502/building_13502_untitled-design-1_ed47ea827e9b946e6bc8f2050a0cc4f4.jpg",
                        "title": "Photo of Christ Church North Finchley, N12 0NU"
                    }
                ],
                "name": "Christ Church North Finchley, N12 0NU",
                "new_venue_this_year": "Yes",
                "start": "14:00:00",
                "ticketed_events": "No",
                "url": "https://programme.openhouse.org.uk/listings/13502"
            },
            "type": "Feature"
        },
        {
            "geometry": {
                "coordinates": [
                    -0.02127,
                    51.58806
                ],
                "type": "Point"
            },
            "properties": {
                "balloted": "No",
                "description": "Paekakariki Press Ltd is a letterpress workshop containing equipment that can support the letterpress printing processes from casting type to binding a finished book printed on our Heidelberg Cylinder",
                "end": "18:00:00",
                "fully_booked": "",
                "images": [
                    {
                        "archive_url": "https://raw.githubusercontent.com/infrastructureclub/open-house-london-images/master/images/2026/13558/building_13558_img_20260629_113337_1_0a9ee5fc889a414222564fd27cd731e9.jpg",
                        "title": "Photo of Paekakariki Press"
                    },
                    {
                        "archive_url": "https://raw.githubusercontent.com/infrastructureclub/open-house-london-images/master/images/2026/13558/building_13558_img_20260629_120400_1_374e24d2592ece313ab1b3b5a3fa5ee0.jpg",
                        "title": "Photo of Paekakariki Press"
                    },
                    {
                        "archive_url": "https://raw.githubusercontent.com/infrastructureclub/open-house-london-images/master/images/2026/13558/building_13558_img_20260629_120532_1_d1994eca1357d135a56c3a2175fd7ad9.jpg",
                        "title": "Photo of Paekakariki Press"
                    }
                ],
                "name": "Paekakariki Press",
                "new_venue_this_year": "Yes",
                "start": "11:00:00",
                "ticketed_events": "No",
                "url": "https://programme.openhouse.org.uk/listings/13558"
            },
            "type": "Feature"
        },
        {
            "geometry": {
                "coordinates": [
                    -0.10591,
                    51.50192
                ],
                "type": "Point"
            },
            "properties": {
                "balloted": "No",
                "description": "Tour of home & garden designed in 2018 by Nagan Johnson Architects",
                "end": "18:00:00",
                "fully_booked": "No",
                "images": [
                    {
                        "archive_url": "https://raw.githubusercontent.com/infrastructureclub/open-house-london-images/master/images/2026/13620/building_13620_pontypool-place-99-web_25f2998ff4120cca05a6754fcfc1f447.jpg",
                        "title": "Photo of 1 Pontypool Place"
                    },
                    {
                        "archive_url": "https://raw.githubusercontent.com/infrastructureclub/open-house-london-images/master/images/2026/13620/building_13620_studionj_alley-9-march_16bda831c9281fdf562e0bd9480ea463.jpg",
                        "title": "Photo of 1 Pontypool Place"
                    },
                    {
                        "archive_url": "https://raw.githubusercontent.com/infrastructureclub/open-house-london-images/master/images/2026/13620/building_13620_pontypool-place-246-web_20636a873ee75e40832f403e4d7a768a.jpg",
                        "title": "Photo of 1 Pontypool Place"
                    }
                ],
                "name": "1 Pontypool Place",
                "new_venue_this_year": "Yes",
                "start": "13:00:00",
                "ticketed_events": "Yes",
                "url": "https://programme.openhouse.org.uk/listings/13620"
            },
            "type": "Feature"
        },
        {
            "geometry": {
                "coordinates": [
                    -0.07612,
                    51.4741
                ],
                "type": "Point"
            },
            "properties": {
                "balloted": "No",
                "description": "Gentrification and African Presence in Peckham (GAPP) walking tour highlights the spaces occupied by the Caribbean community, 1960 – 1990. The pinnacle of the walking tour contextualises the significant educational, recreational and cultural spaces which shaped Peckham’s social, cultural, political and economic history over a defined period.",
                "end": "13:30:00",
                "fully_booked": "No",
                "images": [
                    {
                        "archive_url": "https://raw.githubusercontent.com/infrastructureclub/open-house-london-images/master/images/2026/13622/building_13622_promo-image-gapp_a6a5d37468c9f33aef25a289f88a0cdb.jpg",
                        "title": "Photo of Caribbean Heritage walking tour of Peckham"
                    },
                    {
                        "archive_url": "https://raw.githubusercontent.com/infrastructureclub/open-house-london-images/master/images/2026/13622/building_13622_gap-p13_82e21fe00c57fc6d79888c1076d676ca.jpg",
                        "title": "Photo of Caribbean Heritage walking tour of Peckham"
                    }
                ],
                "name": "Caribbean Heritage walking tour of Peckham",
                "new_venue_this_year": "Yes",
                "start": "11:30:00",
                "ticketed_events": "Yes",
                "url": "https://programme.openhouse.org.uk/listings/13622"
            },
            "type": "Feature"
        },
        {
            "geometry": {
                "coordinates": [
                    -0.32522,
                    51.50504
                ],
                "type": "Point"
            },
            "properties": {
                "balloted": "No",
                "description": "The home of Eric and Jessica Huntley , community activists and educators who founded the pioneering company Bogle-L'Ouverture Publications in 1968, lived and ran their bookshop from this semi detached property soon after.  The house is a Black British cultural archivists dream; filled with books, arts and craft and correspondence from the 1960s to the present day.",
                "end": "17:00:00",
                "fully_booked": "",
                "images": [
                    {
                        "archive_url": "https://raw.githubusercontent.com/infrastructureclub/open-house-london-images/master/images/2026/13626/building_13626_img_1152_30fb8e0c778c2611e775d4d74269e710.jpeg",
                        "title": "Photo of 141 Coldershaw Road, W13"
                    },
                    {
                        "archive_url": "https://raw.githubusercontent.com/infrastructureclub/open-house-london-images/master/images/2026/13626/building_13626_img_1153_eb51ef9a6c07b81c23df5bface7c3be1.jpeg",
                        "title": "Photo of 141 Coldershaw Road, W13"
                    }
                ],
                "name": "141 Coldershaw Road, W13",
                "new_venue_this_year": "Yes",
                "start": "12:00:00",
                "ticketed_events": "No",
                "url": "https://programme.openhouse.org.uk/listings/13626"
            },
            "type": "Feature"
        },
        {
            "geometry": {
                "coordinates": [
                    -0.05167,
                    51.50746
                ],
                "type": "Point"
            },
            "properties": {
                "balloted": "No",
                "description": "A rare opportunity to see inside Wapping Hydraulic Power Station, built in 1890 and London's last hydraulic power station to be decommissioned. The site has been closed for the last ten years, but is now entering a new era under the custodianship of Glass Castle Foundation, which has begun restoration ahead of plans to breathe new life into the building as a  centre for experimental arts.",
                "end": "16:00:00",
                "fully_booked": "Yes",
                "images": [
                    {
                        "archive_url": "https://raw.githubusercontent.com/infrastructureclub/open-house-london-images/master/images/2026/13627/building_13627_resized_image_8298e71a6d87ae6c7c7dbb9bb075bfc4.jpg",
                        "title": "Photo of Wapping Hydraulic Power Station"
                    },
                    {
                        "archive_url": "https://raw.githubusercontent.com/infrastructureclub/open-house-london-images/master/images/2026/13627/building_13627_0039_wapping_230726_phillippagedge_d08daba7e9406a0df15a2244848d9572.jpg",
                        "title": "Photo of Wapping Hydraulic Power Station"
                    },
                    {
                        "archive_url": "https://raw.githubusercontent.com/infrastructureclub/open-house-london-images/master/images/2026/13627/building_13627_0038_wapping_230726_phillippagedge_5d00eb75d58f59197d52689478f2e9f3.jpg",
                        "title": "Photo of Wapping Hydraulic Power Station"
                    },
                    {
                        "archive_url": "https://raw.githubusercontent.com/infrastructureclub/open-house-london-images/master/images/2026/13627/building_13627_0009_wapping_230726_phillippagedge_b4202c926ea993d00309a70f5f038578.jpg",
                        "title": "Photo of Wapping Hydraulic Power Station"
                    }
                ],
                "name": "Wapping Hydraulic Power Station",
                "new_venue_this_year": "Yes",
                "start": "11:00:00",
                "ticketed_events": "Yes",
                "url": "https://programme.openhouse.org.uk/listings/13627"
            },
            "type": "Feature"
        },
        {
            "geometry": {
                "coordinates": [
                    -0.15496,
                    51.55286
                ],
                "type": "Point"
            },
            "properties": {
                "balloted": "No",
                "description": "ACAVA Undercraft Studios\r\nA vital creative hub in Gospel Oak, home to 34 fully accessible artist studios and 10 community organisations.",
                "end": "16:00:00",
                "fully_booked": "",
                "images": [
                    {
                        "archive_url": "https://raw.githubusercontent.com/infrastructureclub/open-house-london-images/master/images/2026/13633/building_13633_acava-camden-undercraft-studios_f3f1cd1ccf79648f032069d18e938838.jpg",
                        "title": "Photo of ACAVA Camden Undercraft Studios"
                    },
                    {
                        "archive_url": "https://raw.githubusercontent.com/infrastructureclub/open-house-london-images/master/images/2026/13633/building_13633_susanna-candlin-1_756a63c118768cf1257082ab290dac33.jpg",
                        "title": "Photo of ACAVA Camden Undercraft Studios"
                    }
                ],
                "name": "ACAVA Camden Undercraft Studios",
                "new_venue_this_year": "Yes",
                "start": "10:00:00",
                "ticketed_events": "No",
                "url": "https://programme.openhouse.org.uk/listings/13633"
            },
            "type": "Feature"
        },
        {
            "geometry": {
                "coordinates": [
                    -0.06106,
                    51.55002
                ],
                "type": "Point"
            },
            "properties": {
                "balloted": "No",
                "description": "Bodney Road Studio's is home to a range of practitioners working in the built environment including architectural photographer Lorenzo Zandri, graphic designers Polytechnic and place futurists The Place Bureau. Join us on 19–20 September when we will open the studios in conjunction with a programme of exhibitions and events by Lorenzo Zandri, Polytechnic, Sammi Gale and The Place Bureau.",
                "end": "17:00:00",
                "fully_booked": "No",
                "images": [
                    {
                        "archive_url": "https://raw.githubusercontent.com/infrastructureclub/open-house-london-images/master/images/2026/13651/building_13651_bodneyroadstudios_1_7a31b45535a6b1f931413b5507936b4b.png",
                        "title": "Photo of Bodney Road Studios"
                    },
                    {
                        "archive_url": "https://raw.githubusercontent.com/infrastructureclub/open-house-london-images/master/images/2026/13651/building_13651_bodneyroadstudios_2_ff4be53f73a11696fbad68529c252e2e.png",
                        "title": "Photo of Bodney Road Studios"
                    }
                ],
                "name": "Bodney Road Studios",
                "new_venue_this_year": "Yes",
                "start": "12:00:00",
                "ticketed_events": "Yes",
                "url": "https://programme.openhouse.org.uk/listings/13651"
            },
            "type": "Feature"
        },
        {
            "geometry": {
                "coordinates": [
                    -0.06096,
                    51.55002
                ],
                "type": "Point"
            },
            "properties": {
                "balloted": "No",
                "description": "During the festival, Lorenzo Zandri’s studio transforms into an immersive environment that bridges the gap between architectural theory and photographic practice. Eschewing traditional construction to focus on the 'process of the image’, Zandri will present an analytical overview of his practice and research – where photography serves as a tool for urban narrative rather than mere documentation.",
                "end": "17:00:00",
                "fully_booked": "No",
                "images": [
                    {
                        "archive_url": "https://raw.githubusercontent.com/infrastructureclub/open-house-london-images/master/images/2026/13652/building_13652_lorenzo-zandri-2021-8__compressed_dc7a4a0108fa5195753e86383cbad1a1.jpg",
                        "title": "Photo of Tools for Urban Narratives"
                    },
                    {
                        "archive_url": "https://raw.githubusercontent.com/infrastructureclub/open-house-london-images/master/images/2026/13652/building_13652_nice-lorenzo-zandri-2021-2-2_ed1378bacd1f974627ae7f776250f9c4.jpg",
                        "title": "Photo of Tools for Urban Narratives"
                    }
                ],
                "name": "Tools for Urban Narratives",
                "new_venue_this_year": "Yes",
                "start": "12:00:00",
                "ticketed_events": "Yes",
                "url": "https://programme.openhouse.org.uk/listings/13652"
            },
            "type": "Feature"
        },
        {
            "geometry": {
                "coordinates": [
                    0.07012,
                    51.49453
                ],
                "type": "Point"
            },
            "properties": {
                "balloted": "No",
                "description": "Welcome to Woolwich Works - a multi-disciplinary cultural hub on the Royal Arsenal in Woolwich. Originally used in the manufacturing of armaments and ammunition, these five listed buildings now house cutting-edge contemporary music, award-winning stand-up comedy, as well as theatre, dance, cabaret and everything in between.",
                "end": "16:30:00",
                "fully_booked": "No",
                "images": [
                    {
                        "archive_url": "https://raw.githubusercontent.com/infrastructureclub/open-house-london-images/master/images/2026/13657/building_13657_external_0c0762ec5655c4a52fad7a598a00cb99.jpg",
                        "title": "Photo of Woolwich Works"
                    },
                    {
                        "archive_url": "https://raw.githubusercontent.com/infrastructureclub/open-house-london-images/master/images/2026/13657/building_13657_female-factory-workers_971af7b3654a194ade2c009568af8c63.jpg",
                        "title": "Photo of Woolwich Works"
                    },
                    {
                        "archive_url": "https://raw.githubusercontent.com/infrastructureclub/open-house-london-images/master/images/2026/13657/building_13657_ww-outside-space-paul-sanders-resized_17603bb1239ea3ae5b57796f64b54b1e.jpg",
                        "title": "Photo of Woolwich Works"
                    },
                    {
                        "archive_url": "https://raw.githubusercontent.com/infrastructureclub/open-house-london-images/master/images/2026/13657/building_13657_knight-gallery_9da0170874fc86f0464da9d07d73daaf.jpg",
                        "title": "Photo of Woolwich Works"
                    },
                    {
                        "archive_url": "https://raw.githubusercontent.com/infrastructureclub/open-house-london-images/master/images/2026/13657/building_13657_two-women-in-factory_6da8881148c9f7d62d0f072b67fc63b3.jpg",
                        "title": "Photo of Woolwich Works"
                    }
                ],
                "name": "Woolwich Works",
                "new_venue_this_year": "Yes",
                "start": "10:00:00",
                "ticketed_events": "Yes",
                "url": "https://programme.openhouse.org.uk/listings/13657"
            },
            "type": "Feature"
        },
        {
            "geometry": {
                "coordinates": [
                    -0.10593,
                    51.63546
                ],
                "type": "Point"
            },
            "properties": {
                "balloted": "No",
                "description": "Church of England parish church built in 1826-27 by John Davies. It is one of the early Commissioners' churches built after the Battle of Waterloo. It forms part of the Winchmore Hill Conservation Area. The chancel was added in 1888-89, and further extended for the church's centenary in 1928. The church is open daily, and there will be guided tours and a special exhibition 19-20 September.",
                "end": "17:00:00",
                "fully_booked": "No",
                "images": [
                    {
                        "archive_url": "https://raw.githubusercontent.com/infrastructureclub/open-house-london-images/master/images/2026/13662/building_13662_exterior-drone-view_d9f9dc67428df9f6c6715d6d3fc49385.png",
                        "title": "St Paul's, Winchmore Hill"
                    },
                    {
                        "archive_url": "https://raw.githubusercontent.com/infrastructureclub/open-house-london-images/master/images/2026/13662/building_13662_interior-looking-east_de703023992843eb04de4ecfa31312d9.jpeg",
                        "title": "St Paul's, Winchmore Hill"
                    },
                    {
                        "archive_url": "https://raw.githubusercontent.com/infrastructureclub/open-house-london-images/master/images/2026/13662/building_13662_exterior-south_2e3570f0d7e5a0ca48b03ddbbdf166e9.jpeg",
                        "title": "St Paul's, Winchmore Hill"
                    },
                    {
                        "archive_url": "https://raw.githubusercontent.com/infrastructureclub/open-house-london-images/master/images/2026/13662/building_13662_sanctuary_c0613ae8850af9430ec70559e620256c.jpeg",
                        "title": "St Paul's, Winchmore Hill"
                    }
                ],
                "name": "St Paul's Church, Winchmore Hill",
                "new_venue_this_year": "Yes",
                "start": "12:00:00",
                "ticketed_events": "Yes",
                "url": "https://programme.openhouse.org.uk/listings/13662"
            },
            "type": "Feature"
        },
        {
            "geometry": {
                "coordinates": [
                    -0.21026,
                    51.51657
                ],
                "type": "Point"
            },
            "properties": {
                "balloted": "No",
                "description": "Mike McMahon Studio has redesigned a 1980s postmodern office building in Notting Hill, adding new CLT storeys topped with a fluted brick crown. The project retains the original brick structure while using lightweight timber construction to reduce embodied carbon and minimise intervention. New interiors and gardens complete the scheme.",
                "end": "18:00:00",
                "fully_booked": "",
                "images": [
                    {
                        "archive_url": "https://raw.githubusercontent.com/infrastructureclub/open-house-london-images/master/images/2026/13687/building_13687_royalty-studios-visual-with-canopy-blade_4b326425edaa25b0c8ed6a227bff607f.jpg",
                        "title": "Photo of Royalty Studios - Building Tours by Architect"
                    },
                    {
                        "archive_url": "https://raw.githubusercontent.com/infrastructureclub/open-house-london-images/master/images/2026/13687/building_13687_img_3001_35d591134598e08c7d9c48644bd2d42a.jpg",
                        "title": "Photo of Royalty Studios - Building Tours by Architect"
                    },
                    {
                        "archive_url": "https://raw.githubusercontent.com/infrastructureclub/open-house-london-images/master/images/2026/13687/building_13687_2_e7e4900a16f564eb83867afd04cd104b.png",
                        "title": "Photo of Royalty Studios - Building Tours by Architect"
                    },
                    {
                        "archive_url": "https://raw.githubusercontent.com/infrastructureclub/open-house-london-images/master/images/2026/13687/building_13687_stairs-view_f41a47de3a074b5a31927bdfc56149ef.jpg",
                        "title": "Photo of Royalty Studios - Building Tours by Architect"
                    },
                    {
                        "archive_url": "https://raw.githubusercontent.com/infrastructureclub/open-house-london-images/master/images/2026/13687/building_13687_section-view_1b7ecf5971ea561e79e5e85b67a8b64c.jpg",
                        "title": "Photo of Royalty Studios - Building Tours by Architect"
                    },
                    {
                        "archive_url": "https://raw.githubusercontent.com/infrastructureclub/open-house-london-images/master/images/2026/13687/building_13687_2-final_37be6cd01971a70e60acb97978f95653.jpg",
                        "title": "Photo of Royalty Studios - Building Tours by Architect"
                    },
                    {
                        "archive_url": "https://raw.githubusercontent.com/infrastructureclub/open-house-london-images/master/images/2026/13687/building_13687_lancaster-road-corner-view_38b83a17b676b68cb8ab78565b345776.jpg",
                        "title": "Photo of Royalty Studios - Building Tours by Architect"
                    }
                ],
                "name": "Royalty Studios - Building Tours by Architect",
                "new_venue_this_year": "Yes",
                "start": "12:00:00",
                "ticketed_events": "No",
                "url": "https://programme.openhouse.org.uk/listings/13687"
            },
            "type": "Feature"
        },
        {
            "geometry": {
                "coordinates": [
                    -0.02119,
                    51.57916
                ],
                "type": "Point"
            },
            "properties": {
                "balloted": "No",
                "description": "A Luis Barragán inspired design for the interior of a typical late Victorian house in East London. \r\nThe use of bold vivid colour banishes the sterility that can accompany modernism without the loss of its hallmark simplicity and elegant line. This approach can be accommodated within houses whose external architecture has a very different heritage. Its achievement does not require a big budget",
                "end": "16:30:00",
                "fully_booked": "",
                "images": [
                    {
                        "archive_url": "https://raw.githubusercontent.com/infrastructureclub/open-house-london-images/master/images/2026/13700/building_13700_img_5339_dc4a6518adcdde4d7c669761657199c0.jpeg",
                        "title": "Photo of 2 Belgrave Road: Victorian house with Luis Barragán inspired interior"
                    },
                    {
                        "archive_url": "https://raw.githubusercontent.com/infrastructureclub/open-house-london-images/master/images/2026/13700/building_13700_img_5313-3_6330dce5eff11c7e3efa05f9bc39234f.jpeg",
                        "title": "Photo of 2 Belgrave Road: Victorian house with Luis Barragán inspired interior"
                    },
                    {
                        "archive_url": "https://raw.githubusercontent.com/infrastructureclub/open-house-london-images/master/images/2026/13700/building_13700_img_6418_78eb26604b575d8b73236aed768b9306.jpeg",
                        "title": "Photo of 2 Belgrave Road: Victorian house with Luis Barragán inspired interior"
                    },
                    {
                        "archive_url": "https://raw.githubusercontent.com/infrastructureclub/open-house-london-images/master/images/2026/13700/building_13700_img_6234_fce071b3ce4bacc2c994d1a2f6a8e7ce.jpeg",
                        "title": "Photo of 2 Belgrave Road: Victorian house with Luis Barragán inspired interior"
                    },
                    {
                        "archive_url": "https://raw.githubusercontent.com/infrastructureclub/open-house-london-images/master/images/2026/13700/building_13700_292-ablue_a460ed42d4aa29d2e6b65b79de7c3352.png",
                        "title": "Photo of 2 Belgrave Road: Victorian house with Luis Barragán inspired interior"
                    },
                    {
                        "archive_url": "https://raw.githubusercontent.com/infrastructureclub/open-house-london-images/master/images/2026/13700/building_13700_2929gallery_a91357bf85f9bdeed88852a53480a662.png",
                        "title": "Photo of 2 Belgrave Road: Victorian house with Luis Barragán inspired interior"
                    },
                    {
                        "archive_url": "https://raw.githubusercontent.com/infrastructureclub/open-house-london-images/master/images/2026/13700/building_13700_img_7310_52d11d5f7171e9477dd308e23af460b6.jpeg",
                        "title": "Photo of 2 Belgrave Road: Victorian house with Luis Barragán inspired interior"
                    },
                    {
                        "archive_url": "https://raw.githubusercontent.com/infrastructureclub/open-house-london-images/master/images/2026/13700/building_13700_img_3718_b2b8d4fbae03d0871375d9507bcc0039.jpeg",
                        "title": "Photo of 2 Belgrave Road: Victorian house with Luis Barragán inspired interior"
                    },
                    {
                        "archive_url": "https://raw.githubusercontent.com/infrastructureclub/open-house-london-images/master/images/2026/13700/building_13700_img_3721_6ae8871a31ac8b9224ac6765f9d379b6.jpeg",
                        "title": "Photo of 2 Belgrave Road: Victorian house with Luis Barragán inspired interior"
                    },
                    {
                        "archive_url": "https://raw.githubusercontent.com/infrastructureclub/open-house-london-images/master/images/2026/13700/building_13700_img_6239_d88ca7dd73736cc57084470b110ace17.jpeg",
                        "title": "Photo of 2 Belgrave Road: Victorian house with Luis Barragán inspired interior"
                    }
                ],
                "name": "2 Belgrave Road: Victorian house with Luis Barragán inspired interior",
                "new_venue_this_year": "Yes",
                "start": "11:00:00",
                "ticketed_events": "No",
                "url": "https://programme.openhouse.org.uk/listings/13700"
            },
            "type": "Feature"
        },
        {
            "geometry": {
                "coordinates": [
                    -0.17833,
                    51.55666
                ],
                "type": "Point"
            },
            "properties": {
                "balloted": "No",
                "description": "How did one small Hampstead street become linked to the discovery of hydrogen, Peter Pan and The Time Machine? What unexpected stories lie behind these elegant facades? This guided walk explores the historic houses, churchyard and streetscape of Church Row and its surroundings, revealing how science, imagination and social change became concentrated in a single corner of London.",
                "end": "12:15:00",
                "fully_booked": "Yes",
                "images": [
                    {
                        "archive_url": "https://raw.githubusercontent.com/infrastructureclub/open-house-london-images/master/images/2026/13713/building_13713_img_5919-2_63180b02334d0088e36ce3309103ab88.jpeg",
                        "title": "Photo of From Peter Pan to the Time Machine: A Guided Walk"
                    },
                    {
                        "archive_url": "https://raw.githubusercontent.com/infrastructureclub/open-house-london-images/master/images/2026/13713/building_13713_img_5907-2_b7f3d8e7072d82610479d714a4c23364.jpeg",
                        "title": "Photo of From Peter Pan to the Time Machine: A Guided Walk"
                    }
                ],
                "name": "From Peter Pan to the Time Machine: A Guided Walk",
                "new_venue_this_year": "Yes",
                "start": "11:00:00",
                "ticketed_events": "Yes",
                "url": "https://programme.openhouse.org.uk/listings/13713"
            },
            "type": "Feature"
        },
        {
            "geometry": {
                "coordinates": [
                    -0.08554,
                    51.46614
                ],
                "type": "Point"
            },
            "properties": {
                "balloted": "No",
                "description": "Contemporary timber frame home with unique string screen; a postwar house reassembled to follow passive house principles. The structure was built in 7 weeks to create a reimagined flexible home of two halves enabling an Airbnb rental that bypasses the first floor kitchen & living area, located to borrow views towards mature trees at the rear & city buses to the front expanding senses & spaces.",
                "end": "14:30:00",
                "fully_booked": "Yes",
                "images": [
                    {
                        "archive_url": "https://raw.githubusercontent.com/infrastructureclub/open-house-london-images/master/images/2026/13718/building_13718_img_1426_b25afa9c3d0207e40972b6511a3c7f52.jpeg",
                        "title": "Photo of String House - Camberwell"
                    },
                    {
                        "archive_url": "https://raw.githubusercontent.com/infrastructureclub/open-house-london-images/master/images/2026/13718/building_13718_img_2528_8881cdb09fd182efa07b2b0c04fec58f.jpeg",
                        "title": "Photo of String House - Camberwell"
                    }
                ],
                "name": "String House - Camberwell",
                "new_venue_this_year": "Yes",
                "start": "10:00:00",
                "ticketed_events": "Yes",
                "url": "https://programme.openhouse.org.uk/listings/13718"
            },
            "type": "Feature"
        },
        {
            "geometry": {
                "coordinates": [
                    -0.06711,
                    51.51054
                ],
                "type": "Point"
            },
            "properties": {
                "balloted": "No",
                "description": "This walking tour tells the story of central London though one of it’s most abundant and unnoticed elements of street furniture – the humble bollard. Standing proud on our pavements, these posts carry peculiar stories, protect buildings of historic significance, and come in an array of beautiful shapes and sizes. Come along to learn more about our streets’ cast iron compatriots.",
                "end": "12:00:00",
                "fully_booked": "Yes",
                "images": [
                    {
                        "archive_url": "https://raw.githubusercontent.com/infrastructureclub/open-house-london-images/master/images/2026/13723/building_13723_p1012417_3ca63fb7035a698f242d3c45a3422790.jpg",
                        "title": "Photo of Never mind the bollards, here's the walking tour"
                    },
                    {
                        "archive_url": "https://raw.githubusercontent.com/infrastructureclub/open-house-london-images/master/images/2026/13723/building_13723_p1012397_823daa4266fe1d19dd78127b65805fcf.jpg",
                        "title": "Photo of Never mind the bollards, here's the walking tour"
                    },
                    {
                        "archive_url": "https://raw.githubusercontent.com/infrastructureclub/open-house-london-images/master/images/2026/13723/building_13723_p1012450_42c1c2367d6089d1fbb3b26a2643aaa0.jpg",
                        "title": "Photo of Never mind the bollards, here's the walking tour"
                    },
                    {
                        "archive_url": "https://raw.githubusercontent.com/infrastructureclub/open-house-london-images/master/images/2026/13723/building_13723_p1012434_1b6463d25948830f40b974a684fcbca8.jpg",
                        "title": "Photo of Never mind the bollards, here's the walking tour"
                    },
                    {
                        "archive_url": "https://raw.githubusercontent.com/infrastructureclub/open-house-london-images/master/images/2026/13723/building_13723_p1012455_b0a9ccc327215c5c0e3e6063cd3f7391.jpg",
                        "title": "Photo of Never mind the bollards, here's the walking tour"
                    }
                ],
                "name": "Never mind the bollards, here's the walking tour",
                "new_venue_this_year": "Yes",
                "start": "10:00:00",
                "ticketed_events": "Yes",
                "url": "https://programme.openhouse.org.uk/listings/13723"
            },
            "type": "Feature"
        },
        {
            "geometry": {
                "coordinates": [
                    -0.15097,
                    51.49427
                ],
                "type": "Point"
            },
            "properties": {
                "balloted": "No",
                "description": "St Michael's Chester Square is a grade 2 listed church in the heart of Victoria, built in the late Decorated Gothic style. The War Memorial Chapel at the north east end of the church was designed by Giles Gilbert Scott and completed in 1920. The stained glass West Window is by Hugh Easton and two windows to the south are by Morris & Co and date to 1882.",
                "end": "14:30:00",
                "fully_booked": "",
                "images": [
                    {
                        "archive_url": "https://raw.githubusercontent.com/infrastructureclub/open-house-london-images/master/images/2026/13739/building_13739_085a8559-enhanced-nr_da80528f188a7b9c9d6505ebb8ed8580.jpg",
                        "title": "Photo of St Michael's Chester Square"
                    },
                    {
                        "archive_url": "https://raw.githubusercontent.com/infrastructureclub/open-house-london-images/master/images/2026/13739/building_13739_img_7596_baca4348da817714e66ae97d83e25963.jpg",
                        "title": "Photo of St Michael's Chester Square"
                    },
                    {
                        "archive_url": "https://raw.githubusercontent.com/infrastructureclub/open-house-london-images/master/images/2026/13739/building_13739_085a8440-enhanced-nr_72c66bf444efc2d463e4b588541e480f.jpg",
                        "title": "Photo of St Michael's Chester Square"
                    },
                    {
                        "archive_url": "https://raw.githubusercontent.com/infrastructureclub/open-house-london-images/master/images/2026/13739/building_13739_085a8426-enhanced-nr_ede19409265450cd146806ed688b16d6.jpg",
                        "title": "Photo of St Michael's Chester Square"
                    },
                    {
                        "archive_url": "https://raw.githubusercontent.com/infrastructureclub/open-house-london-images/master/images/2026/13739/building_13739_047a9870_6be1fb1705a7b3670bd38223a1c85c7e.jpg",
                        "title": "Photo of St Michael's Chester Square"
                    }
                ],
                "name": "St Michael's Chester Square",
                "new_venue_this_year": "Yes",
                "start": "09:00:00",
                "ticketed_events": "No",
                "url": "https://programme.openhouse.org.uk/listings/13739"
            },
            "type": "Feature"
        },
        {
            "geometry": {
                "coordinates": [
                    -0.0422,
                    51.48725
                ],
                "type": "Point"
            },
            "properties": {
                "balloted": "No",
                "description": "Deptford Little Farm is a 3,500 sq foot plot with a Dutch style greenhouse growing organic produce and flowers for the Culpeper Family group of pubs. Focusses on permaculture, soil regeneration, organic produce and biodiversity.",
                "end": "15:30:00",
                "fully_booked": "Yes",
                "images": [
                    {
                        "archive_url": "https://raw.githubusercontent.com/infrastructureclub/open-house-london-images/master/images/2026/13745/building_13745_scawen__25_41c601a65742e848767d227ba38521bf.jpg",
                        "title": "Iska Lupton"
                    }
                ],
                "name": "Deptford Little Farm - Guided Vegetable Tour",
                "new_venue_this_year": "Yes",
                "start": "11:00:00",
                "ticketed_events": "Yes",
                "url": "https://programme.openhouse.org.uk/listings/13745"
            },
            "type": "Feature"
        },
        {
            "geometry": {
                "coordinates": [
                    -0.02641,
                    51.50562
                ],
                "type": "Point"
            },
            "properties": {
                "balloted": "No",
                "description": "Set within the construction site of One North Quay, Canary Wharf, join us for a performance and installation presented by artist Niamh Hannaford using materials donated from the Canary Wharf construction site. This is an opportunity to gain exclusive access to a monumental building currently under construction, which will house companies on the cutting edge of science and innovation.",
                "end": "19:00:00",
                "fully_booked": "Yes",
                "images": [
                    {
                        "archive_url": "https://raw.githubusercontent.com/infrastructureclub/open-house-london-images/master/images/2026/13750/building_13750_artwork-image_551d04ad452cd319dc32ab4f19b44124.jpeg",
                        "title": "Photo of Artist Niamh Hannaford at One North Quay Canary Wharf"
                    }
                ],
                "name": "Artist Niamh Hannaford at One North Quay Canary Wharf",
                "new_venue_this_year": "Yes",
                "start": "11:30:00",
                "ticketed_events": "Yes",
                "url": "https://programme.openhouse.org.uk/listings/13750"
            },
            "type": "Feature"
        },
        {
            "geometry": {
                "coordinates": [
                    -0.04929,
                    51.53334
                ],
                "type": "Point"
            },
            "properties": {
                "balloted": "No",
                "description": "Calling all canal enthusiasts - known as gongoozlers - to walk through the social and industrial history of Victoria Park, Haggerston, and Islington along Regent's Canal. Discover how a purpose-built canal shaped the lives of East Enders, Londoners, and the United Kingdom.",
                "end": "12:00:00",
                "fully_booked": "Yes",
                "images": [
                    {
                        "archive_url": "https://raw.githubusercontent.com/infrastructureclub/open-house-london-images/master/images/2026/13752/building_13752_d7978fbf-c932-4807-81ce-08d93e88eeef_ec492d32c94adc6e83fbb7973332c28c.jpeg",
                        "title": "Photo of Gongoozlers of Regent's Canal & Victoria Park"
                    }
                ],
                "name": "Gongoozlers of Regent's Canal & Victoria Park",
                "new_venue_this_year": "Yes",
                "start": "09:15:00",
                "ticketed_events": "Yes",
                "url": "https://programme.openhouse.org.uk/listings/13752"
            },
            "type": "Feature"
        },
        {
            "geometry": {
                "coordinates": [
                    -0.23711,
                    51.45098
                ],
                "type": "Point"
            },
            "properties": {
                "balloted": "No",
                "description": "Green Lodge is a low-energy family home by Stylus Architects, carefully embedded into the landscape of Putney Heath. Much of the accommodation is concealed below ground, allowing the building to maintain a modest presence whilst bringing natural light into every room through a series of lightwells and rooflights.",
                "end": "16:00:00",
                "fully_booked": "",
                "images": [
                    {
                        "archive_url": "https://raw.githubusercontent.com/infrastructureclub/open-house-london-images/master/images/2026/13757/building_13757_green-lodge-29-2-web-res_60e275ff0450e8fdfcff04360298bbba.jpg",
                        "title": "Photo of Green Lodge"
                    },
                    {
                        "archive_url": "https://raw.githubusercontent.com/infrastructureclub/open-house-london-images/master/images/2026/13757/building_13757_stylus-x-cast-roehampton8728_0ff4f26261cf08e0c4260d594387eef3.jpg",
                        "title": "Photo of Green Lodge"
                    },
                    {
                        "archive_url": "https://raw.githubusercontent.com/infrastructureclub/open-house-london-images/master/images/2026/13757/building_13757_stylus-x-cast-roehampton8689_e9848ce3d556bb6e9b0b690e7c01c07a.jpg",
                        "title": "Photo of Green Lodge"
                    },
                    {
                        "archive_url": "https://raw.githubusercontent.com/infrastructureclub/open-house-london-images/master/images/2026/13757/building_13757_stylus-x-cast-roehampton8665_1097587eb21869c37c86451e362692ee.jpg",
                        "title": "Photo of Green Lodge"
                    },
                    {
                        "archive_url": "https://raw.githubusercontent.com/infrastructureclub/open-house-london-images/master/images/2026/13757/building_13757_green-lodge-3-2-web-res_12c6f17fb3a4e33e9101e2df6ac9f5b0.jpg",
                        "title": "Photo of Green Lodge"
                    },
                    {
                        "archive_url": "https://raw.githubusercontent.com/infrastructureclub/open-house-london-images/master/images/2026/13757/building_13757_green-lodge-9-2-web-res_49e5d2574c2e66006c6e0e70f01172f8.jpg",
                        "title": "Photo of Green Lodge"
                    },
                    {
                        "archive_url": "https://raw.githubusercontent.com/infrastructureclub/open-house-london-images/master/images/2026/13757/building_13757_green-lodge-6-web-res_c48617e8d0f9fbca548c513b67a5470a.jpg",
                        "title": "Photo of Green Lodge"
                    },
                    {
                        "archive_url": "https://raw.githubusercontent.com/infrastructureclub/open-house-london-images/master/images/2026/13757/building_13757_green-lodge-24-web-res_8f8e8ffadf0c9231c3713e26ca003056.jpg",
                        "title": "Photo of Green Lodge"
                    },
                    {
                        "archive_url": "https://raw.githubusercontent.com/infrastructureclub/open-house-london-images/master/images/2026/13757/building_13757_green-lodge-13-web-res_9867c7d1e720713292c1cc494b6a4c78.jpg",
                        "title": "Photo of Green Lodge"
                    },
                    {
                        "archive_url": "https://raw.githubusercontent.com/infrastructureclub/open-house-london-images/master/images/2026/13757/building_13757_green-lodge-2-web-res_5edcc3e715941ca0767e5197515b7fec.jpg",
                        "title": "Photo of Green Lodge"
                    },
                    {
                        "archive_url": "https://raw.githubusercontent.com/infrastructureclub/open-house-london-images/master/images/2026/13757/building_13757_green-lodge-7-web-res_a9a520b5cbe2b82e71e941df8ff7017c.jpg",
                        "title": "Photo of Green Lodge"
                    },
                    {
                        "archive_url": "https://raw.githubusercontent.com/infrastructureclub/open-house-london-images/master/images/2026/13757/building_13757_green-lodge-1-web-res_70cba5a831fbe4f350c37f1b26075802.jpg",
                        "title": "Photo of Green Lodge"
                    },
                    {
                        "archive_url": "https://raw.githubusercontent.com/infrastructureclub/open-house-london-images/master/images/2026/13757/building_13757_green-lodge-4-2-web-res_698f4861e1fb9df4cf3b51fa6f647035.jpg",
                        "title": "Photo of Green Lodge"
                    },
                    {
                        "archive_url": "https://raw.githubusercontent.com/infrastructureclub/open-house-london-images/master/images/2026/13757/building_13757_green-lodge-8-web-res_33f9a9e4781b983fde5356beb1bf9e7f.jpg",
                        "title": "Photo of Green Lodge"
                    },
                    {
                        "archive_url": "https://raw.githubusercontent.com/infrastructureclub/open-house-london-images/master/images/2026/13757/building_13757_green-lodge-14-2-web-res_eaf0f00ac1a2837c4d71f3f17fec2235.jpg",
                        "title": "Photo of Green Lodge"
                    },
                    {
                        "archive_url": "https://raw.githubusercontent.com/infrastructureclub/open-house-london-images/master/images/2026/13757/building_13757_green-lodge-23-web-res_e96250997cd9a3e36c490d144da50151.jpg",
                        "title": "Photo of Green Lodge"
                    },
                    {
                        "archive_url": "https://raw.githubusercontent.com/infrastructureclub/open-house-london-images/master/images/2026/13757/building_13757_green-lodge-26-web-res_759f69db36cb0a5ef8f4a08246a9c16e.jpg",
                        "title": "Photo of Green Lodge"
                    },
                    {
                        "archive_url": "https://raw.githubusercontent.com/infrastructureclub/open-house-london-images/master/images/2026/13757/building_13757_green-lodge-32-web-res_01fbb903ebb4a563f89386014daf9d49.jpg",
                        "title": "Photo of Green Lodge"
                    },
                    {
                        "archive_url": "https://raw.githubusercontent.com/infrastructureclub/open-house-london-images/master/images/2026/13757/building_13757_green-lodge-31-2-web-res_5a9c4d89c08b835a0580e6c460160d91.jpg",
                        "title": "Photo of Green Lodge"
                    },
                    {
                        "archive_url": "https://raw.githubusercontent.com/infrastructureclub/open-house-london-images/master/images/2026/13757/building_13757_green-lodge-33-2-web-res_7734e9ae53747bb48f6612a9be23a0a4.jpg",
                        "title": "Photo of Green Lodge"
                    },
                    {
                        "archive_url": "https://raw.githubusercontent.com/infrastructureclub/open-house-london-images/master/images/2026/13757/building_13757_green-lodge-35-web-res_b147cf98997a0f1e2fde4c503dd8311c.jpg",
                        "title": "Photo of Green Lodge"
                    },
                    {
                        "archive_url": "https://raw.githubusercontent.com/infrastructureclub/open-house-london-images/master/images/2026/13757/building_13757_green-lodge-38-web-res_eee3b80a32f003936adffadb26330e4b.jpg",
                        "title": "Photo of Green Lodge"
                    },
                    {
                        "archive_url": "https://raw.githubusercontent.com/infrastructureclub/open-house-london-images/master/images/2026/13757/building_13757_green-lodge-52-web-res_022fc013a5ac229828adaa13fa0cd712.jpg",
                        "title": "Photo of Green Lodge"
                    },
                    {
                        "archive_url": "https://raw.githubusercontent.com/infrastructureclub/open-house-london-images/master/images/2026/13757/building_13757_green-lodge-58-web-res_1cb02141f407412e8855e97ea72618ac.jpg",
                        "title": "Photo of Green Lodge"
                    },
                    {
                        "archive_url": "https://raw.githubusercontent.com/infrastructureclub/open-house-london-images/master/images/2026/13757/building_13757_green-lodge-42-web-res_d7a3cc31f6e94f6acbb71f7d48753cf3.jpg",
                        "title": "Photo of Green Lodge"
                    },
                    {
                        "archive_url": "https://raw.githubusercontent.com/infrastructureclub/open-house-london-images/master/images/2026/13757/building_13757_green-lodge-56-web-res_a59a5582b3c70a9824c09d4923fd7cef.jpg",
                        "title": "Photo of Green Lodge"
                    },
                    {
                        "archive_url": "https://raw.githubusercontent.com/infrastructureclub/open-house-london-images/master/images/2026/13757/building_13757_green-lodge-57-web-res_60ec4c7049f0615ee2d0e6f872bc495d.jpg",
                        "title": "Photo of Green Lodge"
                    }
                ],
                "name": "Green Lodge",
                "new_venue_this_year": "Yes",
                "start": "10:00:00",
                "ticketed_events": "No",
                "url": "https://programme.openhouse.org.uk/listings/13757"
            },
            "type": "Feature"
        },
        {
            "geometry": {
                "coordinates": [
                    -0.04632,
                    51.56146
                ],
                "type": "Point"
            },
            "properties": {
                "balloted": "No",
                "description": "Paradise works artist studios in the Old Carbonic Works that is thought to be the birthplace of commercial fizzy drinks in the late 18th Century. It features in the Lea Valley and Hackney Conservation area report found online.\r\n\r\n\r\nhttps://hackney.moderngov.co.uk/documents/s68747/240220%20Appendix%20A%20Lea%20Bridge%20Conservation%20Area%20Appraisal.pdf",
                "end": "21:00:00",
                "fully_booked": "",
                "images": [
                    {
                        "archive_url": "https://raw.githubusercontent.com/infrastructureclub/open-house-london-images/master/images/2026/13772/building_13772_img_6371_3c49ffad7c24d4674beb0d048cb005fa.jpeg",
                        "title": "Photo of Former Carbonic Gas Works, 142 Lea Bridge Road"
                    },
                    {
                        "archive_url": "https://raw.githubusercontent.com/infrastructureclub/open-house-london-images/master/images/2026/13772/building_13772_img_6365_c936a82fbfcc227d79687fe287fb63ce.jpeg",
                        "title": "Photo of Former Carbonic Gas Works, 142 Lea Bridge Road"
                    },
                    {
                        "archive_url": "https://raw.githubusercontent.com/infrastructureclub/open-house-london-images/master/images/2026/13772/building_13772_img_6369_99cd1ab81b70892ab58d640deba91f6c.jpeg",
                        "title": "Photo of Former Carbonic Gas Works, 142 Lea Bridge Road"
                    },
                    {
                        "archive_url": "https://raw.githubusercontent.com/infrastructureclub/open-house-london-images/master/images/2026/13772/building_13772_img_6377_dc732573d9ac2f8b0b9f2698c9cfd982.jpeg",
                        "title": "Photo of Former Carbonic Gas Works, 142 Lea Bridge Road"
                    }
                ],
                "name": "Former Carbonic Gas Works, 142 Lea Bridge Road",
                "new_venue_this_year": "Yes",
                "start": "13:00:00",
                "ticketed_events": "No",
                "url": "https://programme.openhouse.org.uk/listings/13772"
            },
            "type": "Feature"
        },
        {
            "geometry": {
                "coordinates": [
                    -0.08698,
                    51.65944
                ],
                "type": "Point"
            },
            "properties": {
                "balloted": "No",
                "description": "A rare example of a once ubiquitous structure - the military hut. This one probably dates from World War I; it was later sold off and moved to its present site, where it was in turn a Boys Brigade HQ, a book store and, from 1986, the home of the Enfield Society.",
                "end": "17:00:00",
                "fully_booked": "",
                "images": [
                    {
                        "archive_url": "https://raw.githubusercontent.com/infrastructureclub/open-house-london-images/master/images/2026/13790/building_13790_jubilee-hall-photo_19f123100995db997d25ff158e6e0320.jpg",
                        "title": "The Enfield Society"
                    }
                ],
                "name": "Jubilee Hall Parsonage Lane",
                "new_venue_this_year": "Yes",
                "start": "11:00:00",
                "ticketed_events": "No",
                "url": "https://programme.openhouse.org.uk/listings/13790"
            },
            "type": "Feature"
        },
        {
            "geometry": {
                "coordinates": [
                    -0.07946,
                    51.51094
                ],
                "type": "Point"
            },
            "properties": {
                "balloted": "No",
                "description": "A Great Fire Survivor, damaged in the blitz, the post war restoration of this fascinating building began 75 years ago this year.  Described by John Betjeman as a 'country church in the world of Seething Lane' the building uniquely blends medieval fabric with Festival of Britain era motifs. Explore the medieval crypt, 'Pepys' vestry, church tower and ringing room. Bellringing demonstrations.",
                "end": "17:30:00",
                "fully_booked": "No",
                "images": [
                    {
                        "archive_url": "https://raw.githubusercontent.com/infrastructureclub/open-house-london-images/master/images/2026/13791/building_13791_lfa-2026_12cefadb497444fc0d244e5cee654ebf.jpg",
                        "title": "Reverend Phillip Dawson"
                    },
                    {
                        "archive_url": "https://raw.githubusercontent.com/infrastructureclub/open-house-london-images/master/images/2026/13791/building_13791_crypt-chapel-july-29-2025_abf1a92194a6664f799fd0296c235b53.jpg",
                        "title": "Reverend Phillip Dawson"
                    }
                ],
                "name": "St Olave Hart Street",
                "new_venue_this_year": "Yes",
                "start": "12:30:00",
                "ticketed_events": "Yes",
                "url": "https://programme.openhouse.org.uk/listings/13791"
            },
            "type": "Feature"
        },
        {
            "geometry": {
                "coordinates": [
                    -0.11633,
                    51.49871
                ],
                "type": "Point"
            },
            "properties": {
                "balloted": "No",
                "description": "After decades of architecture contributing to environmental damage, a rigorous reset is needed. Feilden Fowles do this through a model that they have developed that is ‘low tech’ in approach. Drop by to meet the team, learn more about their projects and low tech ethos, and to experience their demountable timber studio and their new retrofitted event space, set within a walled garden in Waterloo.",
                "end": "15:30:00",
                "fully_booked": "",
                "images": [
                    {
                        "archive_url": "https://raw.githubusercontent.com/infrastructureclub/open-house-london-images/master/images/2026/13799/building_13799_230704_fielden-fowles8275_daa92c6ee73b77e8a1d1cab3d284b7c5.jpg",
                        "title": "Feilden Fowles"
                    },
                    {
                        "archive_url": "https://raw.githubusercontent.com/infrastructureclub/open-house-london-images/master/images/2026/13799/building_13799_feilden-fowles_studio_0f490af2dd7ba114ba009aa7de39b31e.jpg",
                        "title": "Feilden Fowles"
                    }
                ],
                "name": "Feilden Fowles",
                "new_venue_this_year": "Yes",
                "start": "11:00:00",
                "ticketed_events": "No",
                "url": "https://programme.openhouse.org.uk/listings/13799"
            },
            "type": "Feature"
        },
        {
            "geometry": {
                "coordinates": [
                    -0.00416,
                    51.44494
                ],
                "type": "Point"
            },
            "properties": {
                "balloted": "No",
                "description": "Join the Archibald Corbett Society for a fascinating two-hour guided walk through Catford's historic Corbett Estate. Led by ACS Secretary Ben Honeybone, you'll explore the estate's late Victorian and early Edwardian history and architecture, including visits to the Grade II listed Corbett Community Library and St Andrew's Church.",
                "end": "12:30:00",
                "fully_booked": "Yes",
                "images": [
                    {
                        "archive_url": "https://raw.githubusercontent.com/infrastructureclub/open-house-london-images/master/images/2026/13804/building_13804_blue-skies_43a89a4c1e289bfc2201cc870ce48936.jpg",
                        "title": "Rachel Braithwaite"
                    },
                    {
                        "archive_url": "https://raw.githubusercontent.com/infrastructureclub/open-house-london-images/master/images/2026/13804/building_13804_2_a082c016b21931d85dfee9771b4b0066.jpg",
                        "title": "Archibald Corbett Society"
                    },
                    {
                        "archive_url": "https://raw.githubusercontent.com/infrastructureclub/open-house-london-images/master/images/2026/13804/building_13804_dome-in-sunlight-feb-2022_4b0f03f3a4e1eea69736e9c9eff5f815.jpg",
                        "title": "Rachel Braithwaite"
                    }
                ],
                "name": "Exploring the Corbett Estate",
                "new_venue_this_year": "Yes",
                "start": "10:30:00",
                "ticketed_events": "Yes",
                "url": "https://programme.openhouse.org.uk/listings/13804"
            },
            "type": "Feature"
        },
        {
            "geometry": {
                "coordinates": [
                    -0.47577,
                    51.50154
                ],
                "type": "Point"
            },
            "properties": {
                "balloted": "No",
                "description": "Explore Southlands Arts Centre and discover the history and architecture of this Grade II listed Queen Anne-style building. Admire its distinctive red-brick façade, elegant decorative detailing and historic interiors, and learn how this former private residence has evolved into a thriving community arts centre, celebrating Hillingdon's rich architectural and cultural heritage.",
                "end": "16:00:00",
                "fully_booked": "",
                "images": [
                    {
                        "archive_url": "https://raw.githubusercontent.com/infrastructureclub/open-house-london-images/master/images/2026/13809/building_13809_west_drayton_southlands_3_d7911f84a8a0d33e95ea4cb786b7af78.jpg",
                        "title": "Photo of Southlands Arts Centre"
                    }
                ],
                "name": "Southlands Arts Centre",
                "new_venue_this_year": "Yes",
                "start": "10:00:00",
                "ticketed_events": "No",
                "url": "https://programme.openhouse.org.uk/listings/13809"
            },
            "type": "Feature"
        },
        {
            "geometry": {
                "coordinates": [
                    0.01855,
                    51.4639
                ],
                "type": "Point"
            },
            "properties": {
                "balloted": "No",
                "description": "Join us at Brooklands Primary School to discover more about the story of William Mitchell’s mural (1958), designed as part of the London County Council’s pioneering Design Consultant Scheme",
                "end": "16:00:00",
                "fully_booked": "No",
                "images": [
                    {
                        "archive_url": "https://raw.githubusercontent.com/infrastructureclub/open-house-london-images/master/images/2026/13814/building_13814_mitchell-mural_71fa59ef6feb19b1967319c6b79e414f.jpg",
                        "title": "Photo of William Mitchell's Mural at Brooklands Primary School"
                    },
                    {
                        "archive_url": "https://raw.githubusercontent.com/infrastructureclub/open-house-london-images/master/images/2026/13814/building_13814_brooklands-park-estate-site-plan-web_82e4b4c8a205927b74573cd4ecf3ffd6.jpg",
                        "title": "Photo of William Mitchell's Mural at Brooklands Primary School"
                    }
                ],
                "name": "William Mitchell's Mural at Brooklands Primary School",
                "new_venue_this_year": "Yes",
                "start": "14:00:00",
                "ticketed_events": "Yes",
                "url": "https://programme.openhouse.org.uk/listings/13814"
            },
            "type": "Feature"
        },
        {
            "geometry": {
                "coordinates": [
                    -0.09399,
                    51.5037
                ],
                "type": "Point"
            },
            "properties": {
                "balloted": "No",
                "description": "Built in 1907, The Ragged School SE1 has been part of the community for nearly 120 years.  starting off as a poor school in the worst and first borough of London, the school aimed to transform lives of the ragged children that lined the streets.  The church then took over the school to form a club,  pass through developers into the hands of an artist.  The White room will open for creative delight.",
                "end": "17:00:00",
                "fully_booked": "",
                "images": [
                    {
                        "archive_url": "https://raw.githubusercontent.com/infrastructureclub/open-house-london-images/master/images/2026/13819/building_13819_img_0284-copy_65f0579cdebcf7f9b81ca830fe95cd64.jpg",
                        "title": "Photo of The Ragged School SE1"
                    },
                    {
                        "archive_url": "https://raw.githubusercontent.com/infrastructureclub/open-house-london-images/master/images/2026/13819/building_13819_img_4930_48f43f40a8c348228d2792ce805eee7f.jpeg",
                        "title": "Photo of The Ragged School SE1"
                    },
                    {
                        "archive_url": "https://raw.githubusercontent.com/infrastructureclub/open-house-london-images/master/images/2026/13819/building_13819_building-small-copy_b6ca8f241e86483876438ad7b2015e6a.jpg",
                        "title": "Photo of The Ragged School SE1"
                    },
                    {
                        "archive_url": "https://raw.githubusercontent.com/infrastructureclub/open-house-london-images/master/images/2026/13819/building_13819_img_9774-copy_07fcfe7038a02606d73a309222735c85.jpg",
                        "title": "Photo of The Ragged School SE1"
                    }
                ],
                "name": "The Ragged School SE1",
                "new_venue_this_year": "Yes",
                "start": "12:00:00",
                "ticketed_events": "No",
                "url": "https://programme.openhouse.org.uk/listings/13819"
            },
            "type": "Feature"
        },
        {
            "geometry": {
                "coordinates": [
                    -0.14195,
                    51.51741
                ],
                "type": "Point"
            },
            "properties": {
                "balloted": "No",
                "description": "Ibraaz is a London-based cultural institution for art,  culture and ideas from the Global Majority. Bringing together artists, thinkers, and communities through exhibitions, film, debate, publishing, and multidisciplinary programming, Ibraaz creates a brave space where culture fosters exchange, pluralism, and shared humanity.",
                "end": "12:30:00",
                "fully_booked": "Yes",
                "images": [
                    {
                        "archive_url": "https://raw.githubusercontent.com/infrastructureclub/open-house-london-images/master/images/2026/13822/building_13822_ibraaz-at-93-mortimer-street_2-courtesy-of-ibraaz-photo-vipul-sangoi_3bfed83d3a30711fb8ff567d9584fea1.jpg",
                        "title": "Photo of Ibraaz"
                    },
                    {
                        "archive_url": "https://raw.githubusercontent.com/infrastructureclub/open-house-london-images/master/images/2026/13822/building_13822_on_1156d_01_eb703a3414da16f5b1760d66f8947d3b.jpg",
                        "title": "Photo of Ibraaz"
                    }
                ],
                "name": "Ibraaz",
                "new_venue_this_year": "Yes",
                "start": "11:30:00",
                "ticketed_events": "Yes",
                "url": "https://programme.openhouse.org.uk/listings/13822"
            },
            "type": "Feature"
        },
        {
            "geometry": {
                "coordinates": [
                    -0.13776,
                    51.51702
                ],
                "type": "Point"
            },
            "properties": {
                "balloted": "No",
                "description": "We are a friendly artist run gallery in Wells Street offering affordable, handmade fine art prints with a broad range of subjects created using many different printmaking techniques.\r\nWe aim to encourage people who have never encountered art before to experience printmaking through our regular workshops.",
                "end": "17:00:00",
                "fully_booked": "No",
                "images": [
                    {
                        "archive_url": "https://raw.githubusercontent.com/infrastructureclub/open-house-london-images/master/images/2026/13875/building_13875_sbpm-73-wells-street-window_73122bd29be402382a7a2388df889a8e.jpg",
                        "title": "Photo of Southbank Printmakers"
                    },
                    {
                        "archive_url": "https://raw.githubusercontent.com/infrastructureclub/open-house-london-images/master/images/2026/13875/building_13875_martin-printing-at-sbpm_185bb19037ad91431a4ff3780a5ed99e.jpg",
                        "title": "Photo of Southbank Printmakers"
                    }
                ],
                "name": "Southbank Printmakers",
                "new_venue_this_year": "Yes",
                "start": "12:00:00",
                "ticketed_events": "Yes",
                "url": "https://programme.openhouse.org.uk/listings/13875"
            },
            "type": "Feature"
        },
        {
            "geometry": {
                "coordinates": [
                    -0.14585,
                    51.51307
                ],
                "type": "Point"
            },
            "properties": {
                "balloted": "No",
                "description": "Come and discover the exciting musical world of 18th and 19th Century London when some of Europe's greatest composers and musicians came to stay.\r\n\r\nListen to  stories both successful and tragic of why these great musicians came to London - see where they lived, performed and socialised.\r\n\r\nCome and follow in the footsteps of Handel, Haydn, JC Bach, Mozart and Chopin!",
                "end": "12:30:00",
                "fully_booked": "Yes",
                "images": [
                    {
                        "archive_url": "https://raw.githubusercontent.com/infrastructureclub/open-house-london-images/master/images/2026/13876/building_13876_img_8125_602b7395af6f5b23f34fc348994ea8aa.jpg",
                        "title": "Photo of Classical Composers in London"
                    },
                    {
                        "archive_url": "https://raw.githubusercontent.com/infrastructureclub/open-house-london-images/master/images/2026/13876/building_13876_20241116_143136_4ade4e26d032df46229a692faba0fa5e.jpg",
                        "title": "Photo of Classical Composers in London"
                    },
                    {
                        "archive_url": "https://raw.githubusercontent.com/infrastructureclub/open-house-london-images/master/images/2026/13876/building_13876_img_8101_f70f1f439b66a7c6c060330fab91845c.jpg",
                        "title": "Photo of Classical Composers in London"
                    },
                    {
                        "archive_url": "https://raw.githubusercontent.com/infrastructureclub/open-house-london-images/master/images/2026/13876/building_13876_20241116_145150_c19a008e0a28f6835751e9b00082924c.jpg",
                        "title": "Photo of Classical Composers in London"
                    },
                    {
                        "archive_url": "https://raw.githubusercontent.com/infrastructureclub/open-house-london-images/master/images/2026/13876/building_13876_20241116_141806_d5412f81dc89894dcebef257098b31c6.jpg",
                        "title": "Photo of Classical Composers in London"
                    },
                    {
                        "archive_url": "https://raw.githubusercontent.com/infrastructureclub/open-house-london-images/master/images/2026/13876/building_13876_img_8075_ed7ae370d6b42c4f2871be7e9cfb149d.jpg",
                        "title": "Photo of Classical Composers in London"
                    },
                    {
                        "archive_url": "https://raw.githubusercontent.com/infrastructureclub/open-house-london-images/master/images/2026/13876/building_13876_20241116_142611_3fffea4bb4371e6ac6bf66c234115c23.jpg",
                        "title": "Photo of Classical Composers in London"
                    },
                    {
                        "archive_url": "https://raw.githubusercontent.com/infrastructureclub/open-house-london-images/master/images/2026/13876/building_13876_original_e7bfbfc1-f84c-491c-b66e-edce5a971b61_20251024_165733_364985db1aa19f021f0421510eda502d.jpg",
                        "title": "Photo of Classical Composers in London"
                    },
                    {
                        "archive_url": "https://raw.githubusercontent.com/infrastructureclub/open-house-london-images/master/images/2026/13876/building_13876_20241116_130853_0c55eacc0d413e72eef1e615de9a8797.jpg",
                        "title": "Photo of Classical Composers in London"
                    }
                ],
                "name": "Classical Composers in London",
                "new_venue_this_year": "Yes",
                "start": "10:30:00",
                "ticketed_events": "Yes",
                "url": "https://programme.openhouse.org.uk/listings/13876"
            },
            "type": "Feature"
        },
        {
            "geometry": {
                "coordinates": [
                    -0.03132,
                    51.47699
                ],
                "type": "Point"
            },
            "properties": {
                "balloted": "No",
                "description": "Now in its seventeenth year, Sedici consists of artists from many countries who are now based across England. Working across eclectic mediums and subject matter, this diverse body of artists shares an independent and contemporary purpose highlighting the ongoing strength of Art being made today. \r\n\r\nThe gallery itself is a reimagined, mid-century school gymnasium with original details",
                "end": "17:00:00",
                "fully_booked": "No",
                "images": [
                    {
                        "archive_url": "https://raw.githubusercontent.com/infrastructureclub/open-house-london-images/master/images/2026/13882/building_13882_7b5be741-7cbd-4433-8521-748127410d27_ba4b11ea9ae4d498604ebf9828271cd9.jpg",
                        "title": "Luke Merryweather"
                    },
                    {
                        "archive_url": "https://raw.githubusercontent.com/infrastructureclub/open-house-london-images/master/images/2026/13882/building_13882_img_5282_d1d2f44629535eb3af96789461d5412e.jpg",
                        "title": "Luke Merryweather"
                    }
                ],
                "name": "The Annual Sedici Post Grad Group Exhibition",
                "new_venue_this_year": "Yes",
                "start": "11:00:00",
                "ticketed_events": "Yes",
                "url": "https://programme.openhouse.org.uk/listings/13882"
            },
            "type": "Feature"
        },
        {
            "geometry": {
                "coordinates": [
                    -0.10031,
                    51.45032
                ],
                "type": "Point"
            },
            "properties": {
                "balloted": "No",
                "description": "Ongéan Ecosystem : \r\nArt Studios, Gallery, Performance Space, Edible Garden & Kitchen. All built and designed with 99% Reclaimed Materials by artist Adam Ge-Saelis.",
                "end": "18:00:00",
                "fully_booked": "",
                "images": [
                    {
                        "archive_url": "https://raw.githubusercontent.com/infrastructureclub/open-house-london-images/master/images/2026/13883/building_13883_img_0955_a4b1cc4fa0bf2cfa67595a38074262c6.jpeg",
                        "title": "Ongéan"
                    },
                    {
                        "archive_url": "https://raw.githubusercontent.com/infrastructureclub/open-house-london-images/master/images/2026/13883/building_13883_img_0958_ea1f11bffe50d35e987b80917e0e7dab.jpeg",
                        "title": "Ongéan"
                    },
                    {
                        "archive_url": "https://raw.githubusercontent.com/infrastructureclub/open-house-london-images/master/images/2026/13883/building_13883_img_0852_545b3a0e1aba532beea6944b5c23913a.jpeg",
                        "title": "Ongéan"
                    }
                ],
                "name": "Ongéan",
                "new_venue_this_year": "Yes",
                "start": "14:00:00",
                "ticketed_events": "No",
                "url": "https://programme.openhouse.org.uk/listings/13883"
            },
            "type": "Feature"
        },
        {
            "geometry": {
                "coordinates": [
                    -0.2168,
                    51.51462
                ],
                "type": "Point"
            },
            "properties": {
                "balloted": "No",
                "description": "Blechynden Street Studios is a purpose-built artist studio complex in London, completed in 1999. It was the first of its kind in the city for decades and remains one of the few dedicated studio buildings in London. The distinctive deck-style architecture features walkways leading to 21 individual studios, each with floor-to-ceiling double-glazed windows that provide natural light.",
                "end": "17:00:00",
                "fully_booked": "No",
                "images": [
                    {
                        "archive_url": "https://raw.githubusercontent.com/infrastructureclub/open-house-london-images/master/images/2026/13895/building_13895_l1009679_802aec429de4a6ee7623a860550c3748.jpeg",
                        "title": "András Balogh"
                    }
                ],
                "name": "ACAVA Blechynden Street Studios",
                "new_venue_this_year": "Yes",
                "start": "11:00:00",
                "ticketed_events": "Yes",
                "url": "https://programme.openhouse.org.uk/listings/13895"
            },
            "type": "Feature"
        },
        {
            "geometry": {
                "coordinates": [
                    -0.12962,
                    51.51201
                ],
                "type": "Point"
            },
            "properties": {
                "balloted": "No",
                "description": "An exhilarating and fun-filled day of mental and physical exercise Chinese-style, learning Taiichi, fan dance, qigong, Kungfu and folk dance with practitioners from the Chinese community.",
                "end": "16:00:00",
                "fully_booked": "",
                "images": [
                    {
                        "archive_url": "https://raw.githubusercontent.com/infrastructureclub/open-house-london-images/master/images/2026/13925/building_13925_lcca-open_d0ff77f6573de51d559c06a8d7b69811.jpg",
                        "title": "London Chinese Community Centre"
                    }
                ],
                "name": "Body and Mind Festival",
                "new_venue_this_year": "Yes",
                "start": "13:00:00",
                "ticketed_events": "No",
                "url": "https://programme.openhouse.org.uk/listings/13925"
            },
            "type": "Feature"
        },
        {
            "geometry": {
                "coordinates": [
                    -0.12805,
                    51.51024
                ],
                "type": "Point"
            },
            "properties": {
                "balloted": "No",
                "description": "The building has had many incarnations since its construction in the 1890s as a woolen warehouse.   It became a home to the Italian Benevolent Society, then a fascist club, a serviceman's club, and now a library with the largest publicly accessible collection of Chinese language books in the UK.",
                "end": "14:00:00",
                "fully_booked": "No",
                "images": [
                    {
                        "archive_url": "https://raw.githubusercontent.com/infrastructureclub/open-house-london-images/master/images/2026/13932/building_13932_cclibrary_aac4f61617dd886ae466832eb31b42b7.jpg",
                        "title": "Westminster City Council"
                    }
                ],
                "name": "Charing Cross Library",
                "new_venue_this_year": "Yes",
                "start": "11:00:00",
                "ticketed_events": "Yes",
                "url": "https://programme.openhouse.org.uk/listings/13932"
            },
            "type": "Feature"
        }
    ],
    "type": "FeatureCollection"
}