{
    "features": [
        {
            "geometry": {
                "coordinates": [
                    -0.14872,
                    51.49161
                ],
                "type": "Point"
            },
            "properties": {
                "balloted": "No",
                "description": "A Grade II listed building that is home to the NAO, the UK’s independent public spending watchdog. We support Parliament in holding government to account and help improve public services. First opened in 1939 by Imperial Airways, subsequently BOAC and then British Airways, as an airport terminal. The NAO acquired the building in 1984, with the official opening in November 1986 - 40 years ago!",
                "end": "16:00:00",
                "fully_booked": "No",
                "images": [
                    {
                        "archive_url": "https://raw.githubusercontent.com/infrastructureclub/open-house-london-images/master/images/2026/119/building_119_tp-nao-26_1bd3b7ca96495c66b48d335f4d3c4021.jpg",
                        "title": "Photo of National Audit Office"
                    },
                    {
                        "archive_url": "https://raw.githubusercontent.com/infrastructureclub/open-house-london-images/master/images/2026/119/building_119_tp-nao-8_54ea6687f4f393907532942a2f3166e4.jpg",
                        "title": "Photo of National Audit Office"
                    },
                    {
                        "archive_url": "https://raw.githubusercontent.com/infrastructureclub/open-house-london-images/master/images/2026/119/building_119_tp-nao-25_74890caa536e5ad2ea8b2dd69371de53.jpg",
                        "title": "Photo of National Audit Office"
                    },
                    {
                        "archive_url": "https://raw.githubusercontent.com/infrastructureclub/open-house-london-images/master/images/2026/119/building_119_cnd5ycye-jpeg_212747b1c6f0b23f10a6e71ba1b9c49f.jpg",
                        "title": "Photo of National Audit Office"
                    },
                    {
                        "archive_url": "https://raw.githubusercontent.com/infrastructureclub/open-house-london-images/master/images/2026/119/building_119_tower-signage_99a66bde486245955bd330ef1518804b.jpg",
                        "title": "Photo of National Audit Office"
                    },
                    {
                        "archive_url": "https://raw.githubusercontent.com/infrastructureclub/open-house-london-images/master/images/2026/119/building_119_tower-at-night_f90e9334d43d39436b473f83c4b32587.jpg",
                        "title": "Photo of National Audit Office"
                    },
                    {
                        "archive_url": "https://raw.githubusercontent.com/infrastructureclub/open-house-london-images/master/images/2026/119/building_119__c0a5706-resized_1730879f332f64ab714b0be3863d4a89.jpg",
                        "title": "Photo of National Audit Office"
                    },
                    {
                        "archive_url": "https://raw.githubusercontent.com/infrastructureclub/open-house-london-images/master/images/2026/119/building_119__c0a5846-resized_6309f2a304ee87a147c8baaee350a888.jpg",
                        "title": "Photo of National Audit Office"
                    },
                    {
                        "archive_url": "https://raw.githubusercontent.com/infrastructureclub/open-house-london-images/master/images/2026/119/building_119_onboarding-resized-oh_59d128ca0ea53331a9a6bed20e2823a6.jpg",
                        "title": "Photo of National Audit Office"
                    }
                ],
                "name": "National Audit Office",
                "new_venue_this_year": "No",
                "start": "11:00:00",
                "ticketed_events": "Yes",
                "url": "https://programme.openhouse.org.uk/listings/119"
            },
            "type": "Feature"
        },
        {
            "geometry": {
                "coordinates": [
                    -0.1081791,
                    51.5150637
                ],
                "type": "Point"
            },
            "properties": {
                "balloted": "No",
                "description": "Fine example of an early 5-floor Queen Anne town house with original panelling, open staircase and unique 'swinging panels' on the open-plan first floor. Johnson compiled his famous 'Dictionary of the English Language' (1755)  here.",
                "end": "17:00:00",
                "fully_booked": "",
                "images": [
                    {
                        "archive_url": "https://raw.githubusercontent.com/infrastructureclub/open-house-london-images/master/images/2026/275/building_275_djh-ext-4-jpg_6a7b451e39e8c0df2b352acda4ee5c41.jpg",
                        "title": "Dr Johnson's House Trust"
                    },
                    {
                        "archive_url": "https://raw.githubusercontent.com/infrastructureclub/open-house-london-images/master/images/2026/275/building_275_first-floor-1-jpg_8f80a08889803174cf6f43f23ce644e4.jpg",
                        "title": "Dr Johnson's House Trust"
                    },
                    {
                        "archive_url": "https://raw.githubusercontent.com/infrastructureclub/open-house-london-images/master/images/2026/275/building_275_garret-stairs_f5c6937034da57f7e206514108c99139.jpg",
                        "title": "Dr Johnson's House Trust"
                    },
                    {
                        "archive_url": "https://raw.githubusercontent.com/infrastructureclub/open-house-london-images/master/images/2026/275/building_275_2011-garret-10_e9852059b2f2c6ea91d73580012bdf50.jpg",
                        "title": "Dr Johnson's House Trust"
                    },
                    {
                        "archive_url": "https://raw.githubusercontent.com/infrastructureclub/open-house-london-images/master/images/2026/275/building_275_library-11_825d271197f1a7cce65020bc4395e9ce.jpg",
                        "title": "Dr Johnson's House Trust"
                    },
                    {
                        "archive_url": "https://raw.githubusercontent.com/infrastructureclub/open-house-london-images/master/images/2026/275/building_275_parlour-1-jpg_7fc5b1feebac83b753966fffe2976aa0.jpg",
                        "title": "Dr Johnson's House Trust"
                    }
                ],
                "name": "Dr Johnson's House",
                "new_venue_this_year": "No",
                "start": "10:00:00",
                "ticketed_events": "No",
                "url": "https://programme.openhouse.org.uk/listings/275"
            },
            "type": "Feature"
        },
        {
            "geometry": {
                "coordinates": [
                    -0.376294,
                    51.5957909
                ],
                "type": "Point"
            },
            "properties": {
                "balloted": "No",
                "description": "Three-bay timber-framed yeoman house built c1420 with list of previous owners dating back to 1429. Part wall painting of hunting scene on dining room wall (16C). Tudor upstairs window and a smoke room still intact. Entrance porch dates from 16C.",
                "end": "17:00:00",
                "fully_booked": "",
                "images": [
                    {
                        "archive_url": "https://raw.githubusercontent.com/infrastructureclub/open-house-london-images/master/images/2026/299/building_299_img_5290_ecb22e66230b6d07c8f92e6aaa6d8bb5.jpeg",
                        "title": "Photo of East End Farm Cottage"
                    },
                    {
                        "archive_url": "https://raw.githubusercontent.com/infrastructureclub/open-house-london-images/master/images/2026/299/building_299_img_5304_01d4ac4752cdfaa963327ec911de8ed1.jpeg",
                        "title": "Photo of East End Farm Cottage"
                    },
                    {
                        "archive_url": "https://raw.githubusercontent.com/infrastructureclub/open-house-london-images/master/images/2026/299/building_299_img_5309_212e3a87595a31fa7446dc643c6429b8.jpeg",
                        "title": "Photo of East End Farm Cottage"
                    },
                    {
                        "archive_url": "https://raw.githubusercontent.com/infrastructureclub/open-house-london-images/master/images/2026/299/building_299_img_5307_7c604fda965ada683a7327747d99bb6a.jpeg",
                        "title": "Photo of East End Farm Cottage"
                    }
                ],
                "name": "East End Farm Cottage",
                "new_venue_this_year": "Yes",
                "start": "11:00:00",
                "ticketed_events": "No",
                "url": "https://programme.openhouse.org.uk/listings/299"
            },
            "type": "Feature"
        },
        {
            "geometry": {
                "coordinates": [
                    0.0995563,
                    51.5343105
                ],
                "type": "Point"
            },
            "properties": {
                "balloted": "No",
                "description": "One of the finest surviving Elizabethan red brick Manor houses- Grade I listed. Contains 17th Century wall-paintings, charming walled garden and a fine Tudor tower with original stairs. Many original features have been restored and layout remains mostly unchanged in over 400 years.",
                "end": "16:00:00",
                "fully_booked": "No",
                "images": [
                    {
                        "archive_url": "https://raw.githubusercontent.com/infrastructureclub/open-house-london-images/master/images/2026/304/building_304_img_3283_f189370a504ce4b58888cd0f1d1aa31a.png",
                        "title": "Photo of Eastbury Manor House"
                    },
                    {
                        "archive_url": "https://raw.githubusercontent.com/infrastructureclub/open-house-london-images/master/images/2026/304/building_304_img_7397_5b91f4dcb8c80d5a87ad5c58d4b65075.jpg",
                        "title": "Photo of Eastbury Manor House"
                    },
                    {
                        "archive_url": "https://raw.githubusercontent.com/infrastructureclub/open-house-london-images/master/images/2026/304/building_304_eastbury-winter-sun_7fe7570b5bc78f1e988ab81b8f6aaa8f.jpg",
                        "title": "Photo of Eastbury Manor House"
                    },
                    {
                        "archive_url": "https://raw.githubusercontent.com/infrastructureclub/open-house-london-images/master/images/2026/304/building_304_dg_dsc3960-hdrlr_emh_central-attic_2021-1_845cd9eb8c13e5d6477088718272f6d0.jpg",
                        "title": "Photo of Eastbury Manor House"
                    }
                ],
                "name": "Eastbury Manor House",
                "new_venue_this_year": "No",
                "start": "10:30:00",
                "ticketed_events": "Yes",
                "url": "https://programme.openhouse.org.uk/listings/304"
            },
            "type": "Feature"
        },
        {
            "geometry": {
                "coordinates": [
                    0.0177407,
                    51.494727
                ],
                "type": "Point"
            },
            "properties": {
                "balloted": "No",
                "description": "Greenwich Yacht Club is an iconic riverside clubhouse with panoramic views of the Thames, the O2 and the Thames Barrier. Completed in 2000, it has served a club founded in 1908. Activities include dinghy sailing, cruising, rowing, racing and RYA classes. Facilities include a sail loft, machine shop, construction shed and a landside building for weddings and other events.",
                "end": "17:00:00",
                "fully_booked": "",
                "images": [
                    {
                        "archive_url": "https://raw.githubusercontent.com/infrastructureclub/open-house-london-images/master/images/2026/522/building_522_img_8409_3f6f33d3b8859711a93c1544073ecb2b.jpeg",
                        "title": "Photo of Greenwich Yacht Club"
                    },
                    {
                        "archive_url": "https://raw.githubusercontent.com/infrastructureclub/open-house-london-images/master/images/2026/522/building_522_gyc-clubhouse-aug-2013-033-3_8996a27bb32696dba5f2e0b2e15d8ef9.jpg",
                        "title": "Chris Francis"
                    },
                    {
                        "archive_url": "https://raw.githubusercontent.com/infrastructureclub/open-house-london-images/master/images/2026/522/building_522_clubhouse_70fc803fc39a19fb4e4312b02d46926c.jpg",
                        "title": "Chris Francis "
                    },
                    {
                        "archive_url": "https://raw.githubusercontent.com/infrastructureclub/open-house-london-images/master/images/2026/522/building_522_lady-libby-2_8e0b8fbad40244bf61b5cc3ddc279b25.jpg",
                        "title": "Chris Francis "
                    }
                ],
                "name": "Greenwich Yacht Club",
                "new_venue_this_year": "No",
                "start": "09:00:00",
                "ticketed_events": "No",
                "url": "https://programme.openhouse.org.uk/listings/522"
            },
            "type": "Feature"
        },
        {
            "geometry": {
                "coordinates": [
                    -0.0919,
                    51.51589
                ],
                "type": "Point"
            },
            "properties": {
                "balloted": "No",
                "description": "The City's seat of municipal government since 12C. Grade I listed, rare example of medieval civic architecture. Historic banqueting hall and a site of major moments in British history that is still used today.",
                "end": "16:00:00",
                "fully_booked": "",
                "images": [
                    {
                        "archive_url": "https://raw.githubusercontent.com/infrastructureclub/open-house-london-images/master/images/2026/535/building_535_oh-guildhall-colour-2_4104db47ade6c27302ed62b6e9131e4d.jpg",
                        "title": "City of London Corporation"
                    },
                    {
                        "archive_url": "https://raw.githubusercontent.com/infrastructureclub/open-house-london-images/master/images/2026/535/building_535_greathallsucceed3-from-andrew-buckingham-crop-2_0ced251f386a61b676083905b1d594fe.jpg",
                        "title": "City of London Corporation"
                    }
                ],
                "name": "Guildhall",
                "new_venue_this_year": "No",
                "start": "10:00:00",
                "ticketed_events": "No",
                "url": "https://programme.openhouse.org.uk/listings/535"
            },
            "type": "Feature"
        },
        {
            "geometry": {
                "coordinates": [
                    -0.1018903,
                    51.51806149999999
                ],
                "type": "Point"
            },
            "properties": {
                "balloted": "No",
                "description": "Designed by Sir Michael Hopkins and Partners, Haberdashers' Hall reinterprets the traditional livery hall for the 21st century: a cloistered courtyard bordered by a brick loggia and lead-panelled roof. It is the Haberdashers' Company's fourth hall, and was opened by Her Majesty the Queen in 2002.",
                "end": "15:45:00",
                "fully_booked": "",
                "images": [
                    {
                        "archive_url": "https://raw.githubusercontent.com/infrastructureclub/open-house-london-images/master/images/2026/541/building_541_courtyard-by-night_82cb857b8c2618c058b2518ed51ec240.jpg",
                        "title": "Paul Bartle"
                    },
                    {
                        "archive_url": "https://raw.githubusercontent.com/infrastructureclub/open-house-london-images/master/images/2026/541/building_541_haberdashers-hall-livery-hall-interior_a7ec96da5b1c8fe4627093e697699f12.jpg",
                        "title": "Paul Bartle"
                    }
                ],
                "name": "Haberdashers' Hall",
                "new_venue_this_year": "No",
                "start": "10:00:00",
                "ticketed_events": "No",
                "url": "https://programme.openhouse.org.uk/listings/541"
            },
            "type": "Feature"
        },
        {
            "geometry": {
                "coordinates": [
                    -0.0557,
                    51.54545
                ],
                "type": "Point"
            },
            "properties": {
                "balloted": "No",
                "description": "Hackney Empire is a grade II* listed building. The theatre was built as a music hall in 1901, designed by the architect Frank Matcham. It is now a variety theatre for the 21st century, serving the local community and beyond.",
                "end": "15:00:00",
                "fully_booked": "No",
                "images": [
                    {
                        "archive_url": "https://raw.githubusercontent.com/infrastructureclub/open-house-london-images/master/images/2026/546/building_546_hackney-empire-auditorium-photo-mark-senior-18_56f6f05e3cce733de2bb929bc7f5af85.jpg",
                        "title": "Mark Senior"
                    },
                    {
                        "archive_url": "https://raw.githubusercontent.com/infrastructureclub/open-house-london-images/master/images/2026/546/building_546__t5h5787_8512251e2a99f66bfa0340954e4300e4.jpg",
                        "title": "Photo of Hackney Empire"
                    },
                    {
                        "archive_url": "https://raw.githubusercontent.com/infrastructureclub/open-house-london-images/master/images/2026/546/building_546_hackney-empire-auditorium-photo-mark-senior-2_64e505acdc5413c64c2b509f5edaca18.jpg",
                        "title": "Mark Senior"
                    },
                    {
                        "archive_url": "https://raw.githubusercontent.com/infrastructureclub/open-house-london-images/master/images/2026/546/building_546_hackney-empire-auditorium-photo-mark-senior-19_aaa60b4cc49aaadb796f69d2b68743ac.jpg",
                        "title": "Mark Senior"
                    },
                    {
                        "archive_url": "https://raw.githubusercontent.com/infrastructureclub/open-house-london-images/master/images/2026/546/building_546_hackney-empire-auditorium-photo-mark-senior-30_a22b8efbc99baa9a58116611e45c8b10.jpg",
                        "title": "Mark Senior"
                    },
                    {
                        "archive_url": "https://raw.githubusercontent.com/infrastructureclub/open-house-london-images/master/images/2026/546/building_546_3b9a9289-2_ffc33edffe3c0b951103213ace8a8c35.jpg",
                        "title": "Photo of Hackney Empire"
                    }
                ],
                "name": "Hackney Empire",
                "new_venue_this_year": "No",
                "start": "10:30:00",
                "ticketed_events": "Yes",
                "url": "https://programme.openhouse.org.uk/listings/546"
            },
            "type": "Feature"
        },
        {
            "geometry": {
                "coordinates": [
                    0.01227,
                    51.408
                ],
                "type": "Point"
            },
            "properties": {
                "balloted": "No",
                "description": "Founded to house the widows of clergymen, the original building consisted of 20 houses built around a classically-styled quadrangle. Captain Richard Ryder – one of Sir Christopher Wren's surveyors – was in charge of design and construction.",
                "end": "16:00:00",
                "fully_booked": "Yes",
                "images": [
                    {
                        "archive_url": "https://raw.githubusercontent.com/infrastructureclub/open-house-london-images/master/images/2026/555/building_555_100_0882_c4ffd6b29473be783fd23628739fb2d1.jpg",
                        "title": "Photo of Bromley and Sheppard's College"
                    }
                ],
                "name": "Bromley and Sheppard's College",
                "new_venue_this_year": "No",
                "start": "10:00:00",
                "ticketed_events": "Yes",
                "url": "https://programme.openhouse.org.uk/listings/555"
            },
            "type": "Feature"
        },
        {
            "geometry": {
                "coordinates": [
                    -0.1492358,
                    51.5721393
                ],
                "type": "Point"
            },
            "properties": {
                "balloted": "No",
                "description": "Founded by Sir Roger Cholmeley, Lord Chief Justice of England, in 1565, Highgate School is governed as a single charitable foundation. Highgate School combines Victorian buildings (our Chapel, Central Hall classrooms and Sir Martin Gilbert Library) with modern facilities.",
                "end": "14:00:00",
                "fully_booked": "",
                "images": [
                    {
                        "archive_url": "https://raw.githubusercontent.com/infrastructureclub/open-house-london-images/master/images/2026/604/building_604_highgate_chapel_01_4ebcbef694434ff392166f898f50953b.jpg",
                        "title": "Highgate School"
                    },
                    {
                        "archive_url": "https://raw.githubusercontent.com/infrastructureclub/open-house-london-images/master/images/2026/604/building_604_highgate_chapel_02_246ddac66f928ff03b592e512bcfd753.jpg",
                        "title": "Highgate School"
                    },
                    {
                        "archive_url": "https://raw.githubusercontent.com/infrastructureclub/open-house-london-images/master/images/2026/604/building_604_highgate-library_5d0edfa546b0a4051acf85e6a6eace9a.jpg",
                        "title": "Highgate School"
                    },
                    {
                        "archive_url": "https://raw.githubusercontent.com/infrastructureclub/open-house-london-images/master/images/2026/604/building_604_school-museum-5-resize_2b48a281f2925d49a6d4e75d34d0b194.jpg",
                        "title": "Highgate School"
                    }
                ],
                "name": "Highgate School Chapel, Library, Museum",
                "new_venue_this_year": "No",
                "start": "10:30:00",
                "ticketed_events": "No",
                "url": "https://programme.openhouse.org.uk/listings/604"
            },
            "type": "Feature"
        },
        {
            "geometry": {
                "coordinates": [
                    -0.25509,
                    51.48725
                ],
                "type": "Point"
            },
            "properties": {
                "balloted": "No",
                "description": "Early 18th century red brick country home of artist William Hogarth, extended significantly c. 1749-1764. The 2020 extension, funded by the National Lottery Heritage Fund, added the new Weston Studio for learning and activities, and a curved glass wall in the shape of Hogarth's Line of Beauty. Delightful re-landscaped and reinterpreted walled garden containing famous ancient mulberry tree.",
                "end": "16:00:00",
                "fully_booked": "Yes",
                "images": [
                    {
                        "archive_url": "https://raw.githubusercontent.com/infrastructureclub/open-house-london-images/master/images/2026/628/building_628_hogarth-s-house-and-mulberry-tree-may-2022_e9ef43e08cddd2552536335e567d1350.jpg",
                        "title": "Hogarth's House"
                    },
                    {
                        "archive_url": "https://raw.githubusercontent.com/infrastructureclub/open-house-london-images/master/images/2026/628/building_628_hogarth-first-floor_d83df3e5dc2ea027eaeee662aea4e542.jpg",
                        "title": "Hogarth's House"
                    },
                    {
                        "archive_url": "https://raw.githubusercontent.com/infrastructureclub/open-house-london-images/master/images/2026/628/building_628_extension-redevelopment-line-of-beauty-curved-glass_fe3a588086f32f5c00873838d6324d2e.jpg",
                        "title": "Hogarth's House"
                    },
                    {
                        "archive_url": "https://raw.githubusercontent.com/infrastructureclub/open-house-london-images/master/images/2026/628/building_628_trump-in-window-2_01eef226a53c16fd12002c46691d26b0.jpg",
                        "title": "Hogarth's House"
                    }
                ],
                "name": "Hogarth's House",
                "new_venue_this_year": "No",
                "start": "14:30:00",
                "ticketed_events": "Yes",
                "url": "https://programme.openhouse.org.uk/listings/628"
            },
            "type": "Feature"
        },
        {
            "geometry": {
                "coordinates": [
                    -0.16184,
                    51.55221
                ],
                "type": "Point"
            },
            "properties": {
                "balloted": "No",
                "description": "Grade I listed 1934 residential block of flats in Hampstead, designed by the Canadian modernist architect Wells Coates for clients Jack and Molly Pritchard. English Heritage blue plaque for Bauhaus masters Gropius, Breuer and Moholy-Nagy. Museum on site.",
                "end": "16:00:00",
                "fully_booked": "",
                "images": [
                    {
                        "archive_url": "https://raw.githubusercontent.com/infrastructureclub/open-house-london-images/master/images/2026/768/building_768_isokon-at-night_f89dc6804333f9487b8a993b3c4092dd.jpg",
                        "title": "Photo of Isokon Building (Lawn Road Flats)"
                    },
                    {
                        "archive_url": "https://raw.githubusercontent.com/infrastructureclub/open-house-london-images/master/images/2026/768/building_768_isokon_8f3c8d650997c3ac5e1eef589572cabb.png",
                        "title": "Photo of Isokon Building (Lawn Road Flats)"
                    },
                    {
                        "archive_url": "https://raw.githubusercontent.com/infrastructureclub/open-house-london-images/master/images/2026/768/building_768_2_06c9923c42b8b72238a6ffaf602b4db7.jpg",
                        "title": "Photo of Isokon Building (Lawn Road Flats)"
                    },
                    {
                        "archive_url": "https://raw.githubusercontent.com/infrastructureclub/open-house-london-images/master/images/2026/768/building_768_3_e00cec989fc14b600bda3b9dfdaa9ef2.jpg",
                        "title": "Photo of Isokon Building (Lawn Road Flats)"
                    },
                    {
                        "archive_url": "https://raw.githubusercontent.com/infrastructureclub/open-house-london-images/master/images/2026/768/building_768_4_1205cf1145056bfa858711abf2608f94.jpg",
                        "title": "Photo of Isokon Building (Lawn Road Flats)"
                    },
                    {
                        "archive_url": "https://raw.githubusercontent.com/infrastructureclub/open-house-london-images/master/images/2026/768/building_768_5_d58263d4706c1e75f5d627c4d7664536.jpg",
                        "title": "Photo of Isokon Building (Lawn Road Flats)"
                    }
                ],
                "name": "Isokon Building (Lawn Road Flats)",
                "new_venue_this_year": "No",
                "start": "11:00:00",
                "ticketed_events": "No",
                "url": "https://programme.openhouse.org.uk/listings/768"
            },
            "type": "Feature"
        },
        {
            "geometry": {
                "coordinates": [
                    -0.1675998,
                    51.5713284
                ],
                "type": "Point"
            },
            "properties": {
                "balloted": "No",
                "description": "A striking Neoclassical villa in tranquil gardens on Hampstead Heath, Kenwood boasts breath-taking interiors by Robert Adam and a world-class art collection.",
                "end": "15:00:00",
                "fully_booked": "No",
                "images": [
                    {
                        "archive_url": "https://raw.githubusercontent.com/infrastructureclub/open-house-london-images/master/images/2026/835/building_835_n070265_fdcf18b39bb6449a5959904020dc8bd6.jpg",
                        "title": "© Historic England Photo Library"
                    },
                    {
                        "archive_url": "https://raw.githubusercontent.com/infrastructureclub/open-house-london-images/master/images/2026/835/building_835_eh23404_33108a011191a7c667b45ffbdde0631a.jpg",
                        "title": "English Heritage Trust"
                    },
                    {
                        "archive_url": "https://raw.githubusercontent.com/infrastructureclub/open-house-london-images/master/images/2026/835/building_835_eh11705_16bb529ec7e2e204c0df7203d49ac552.jpg",
                        "title": "English Heritage Trust"
                    },
                    {
                        "archive_url": "https://raw.githubusercontent.com/infrastructureclub/open-house-london-images/master/images/2026/835/building_835_eh6660_d8b7860b7599685340dfc08bf3229afc.jpg",
                        "title": "English Heritage Trust"
                    },
                    {
                        "archive_url": "https://raw.githubusercontent.com/infrastructureclub/open-house-london-images/master/images/2026/835/building_835_music-room_web_54956b64555d813ac691ee2036dcf676.jpg",
                        "title": "Photograph by Henry Boston-Crayfourd"
                    },
                    {
                        "archive_url": "https://raw.githubusercontent.com/infrastructureclub/open-house-london-images/master/images/2026/835/building_835_eh6672_27e74e3aee04bcad889dcaac18d2e4dd.jpg",
                        "title": "English Heritage Trust"
                    },
                    {
                        "archive_url": "https://raw.githubusercontent.com/infrastructureclub/open-house-london-images/master/images/2026/835/building_835_eh11700_06405bb31831923f5e5d792e7d8a3d5c.jpg",
                        "title": "English Heritage Trust"
                    },
                    {
                        "archive_url": "https://raw.githubusercontent.com/infrastructureclub/open-house-london-images/master/images/2026/835/building_835_j910551_a25a5032071691c4fefec68cc68257e1.jpg",
                        "title": "Photo of Kenwood"
                    },
                    {
                        "archive_url": "https://raw.githubusercontent.com/infrastructureclub/open-house-london-images/master/images/2026/835/building_835_eh23374_4335ed6e7de2ff8f56abbfa8d6cea76e.jpg",
                        "title": "Photo of Kenwood"
                    },
                    {
                        "archive_url": "https://raw.githubusercontent.com/infrastructureclub/open-house-london-images/master/images/2026/835/building_835_eh51469_3b00013e5ed291bf6fbea1cb59de935b.jpg",
                        "title": "Photo of Kenwood"
                    },
                    {
                        "archive_url": "https://raw.githubusercontent.com/infrastructureclub/open-house-london-images/master/images/2026/835/building_835_eh28567_f3c273fd60cc2d5426250b074517eb12.jpg",
                        "title": "Photo of Kenwood"
                    },
                    {
                        "archive_url": "https://raw.githubusercontent.com/infrastructureclub/open-house-london-images/master/images/2026/835/building_835_eh72559_29963ca15d51c8eb3782a483a6b3c183.jpg",
                        "title": "Photo of Kenwood"
                    },
                    {
                        "archive_url": "https://raw.githubusercontent.com/infrastructureclub/open-house-london-images/master/images/2026/835/building_835_eh23406_4143c9892dfd0a6c79d8755c01ba3c25.jpg",
                        "title": "Photo of Kenwood"
                    }
                ],
                "name": "Kenwood",
                "new_venue_this_year": "No",
                "start": "11:00:00",
                "ticketed_events": "Yes",
                "url": "https://programme.openhouse.org.uk/listings/835"
            },
            "type": "Feature"
        },
        {
            "geometry": {
                "coordinates": [
                    -0.10146,
                    51.50606
                ],
                "type": "Point"
            },
            "properties": {
                "balloted": "No",
                "description": "Proudly carved over the door are the words ‘Facts not Opinions’. Inside, the authentic sight - and smell - of Kirkaldy’s Testing and Experimenting Works is a unique and direct link with an ingenious age of engineering.",
                "end": "14:30:00",
                "fully_booked": "",
                "images": [
                    {
                        "archive_url": "https://raw.githubusercontent.com/infrastructureclub/open-house-london-images/master/images/2026/856/building_856_museum-interior_a2eb437b241af80f2e286f163375c7e7.jpg",
                        "title": "Photo of Kirkaldy's Testing Works"
                    },
                    {
                        "archive_url": "https://raw.githubusercontent.com/infrastructureclub/open-house-london-images/master/images/2026/856/building_856_best-pic_f35f41b9ece1b3b88e7ffedd6ba00b3d.jpeg",
                        "title": "Photo of Kirkaldy's Testing Works"
                    },
                    {
                        "archive_url": "https://raw.githubusercontent.com/infrastructureclub/open-house-london-images/master/images/2026/856/building_856_steelyard_3bc78a141174f8a9ce8e180f6cb906f3.jpg",
                        "title": "Photo of Kirkaldy's Testing Works"
                    },
                    {
                        "archive_url": "https://raw.githubusercontent.com/infrastructureclub/open-house-london-images/master/images/2026/856/building_856_universal-testing-machine_4fb94066158580954af364a675e830b8.jpeg",
                        "title": "Photo of Kirkaldy's Testing Works"
                    },
                    {
                        "archive_url": "https://raw.githubusercontent.com/infrastructureclub/open-house-london-images/master/images/2026/856/building_856_20210606_113017_e48ed1e44bd27cbe2de0b04d2dc8c68b.jpg",
                        "title": "Photo of Kirkaldy's Testing Works"
                    },
                    {
                        "archive_url": "https://raw.githubusercontent.com/infrastructureclub/open-house-london-images/master/images/2026/856/building_856_exterior-front_7953bfca5e35959a4473dc42bbe2a447.jpg",
                        "title": "Photo of Kirkaldy's Testing Works"
                    }
                ],
                "name": "Kirkaldy's Testing Works",
                "new_venue_this_year": "No",
                "start": "10:30:00",
                "ticketed_events": "No",
                "url": "https://programme.openhouse.org.uk/listings/856"
            },
            "type": "Feature"
        },
        {
            "geometry": {
                "coordinates": [
                    -0.13632,
                    51.49112
                ],
                "type": "Point"
            },
            "properties": {
                "balloted": "No",
                "description": "Lillington Gardens in Pimlico, Westminster, was built from 1961 to 1971 by Darbourne & Darke. It set a new standard in high-density public housing with medium-rise structures and private gardens. Blending well with nearby Victorian surroundings, the modernist design won multiple awards and was praised by Nikolaus Pevsner as 'the most interesting recent housing in inner London'.",
                "end": "14:00:00",
                "fully_booked": "",
                "images": [
                    {
                        "archive_url": "https://raw.githubusercontent.com/infrastructureclub/open-house-london-images/master/images/2026/921/building_921_img_4646-2_323d4231aead9645bf9403f73c12ca70.jpg",
                        "title": "Jane Opher"
                    },
                    {
                        "archive_url": "https://raw.githubusercontent.com/infrastructureclub/open-house-london-images/master/images/2026/921/building_921_img_4088_6510d5dbdbe3df80d46aade00783db25.jpg",
                        "title": "Jane Opher"
                    },
                    {
                        "archive_url": "https://raw.githubusercontent.com/infrastructureclub/open-house-london-images/master/images/2026/921/building_921_img_1804_9143ee3e3904ac981b311fdd4bf6aa38.jpg",
                        "title": "Jane Opher"
                    },
                    {
                        "archive_url": "https://raw.githubusercontent.com/infrastructureclub/open-house-london-images/master/images/2026/921/building_921_img_3431_84f7f9de3d453a5f9f08d327a4f30595.jpg",
                        "title": "Jane Opher"
                    },
                    {
                        "archive_url": "https://raw.githubusercontent.com/infrastructureclub/open-house-london-images/master/images/2026/921/building_921_img_2857_b97d05e3a86ff0ab88325ec9e7938518.jpg",
                        "title": "Jane Opher"
                    }
                ],
                "name": "Lillington Gardens Estate",
                "new_venue_this_year": "No",
                "start": "10:00:00",
                "ticketed_events": "No",
                "url": "https://programme.openhouse.org.uk/listings/921"
            },
            "type": "Feature"
        },
        {
            "geometry": {
                "coordinates": [
                    -0.08260959999999999,
                    51.5131437
                ],
                "type": "Point"
            },
            "properties": {
                "balloted": "No",
                "description": "Lloyd’s may be the global market for specialist insurance and reinsurance, but it is also a London icon. Over the last three centuries, Lloyd’s has called home to just eight buildings – the most recent of which can be found on Lime Street, in the heart of the City. Designed by renowned British architect Lord Richard Rogers and opened by Her Majesty The Queen in 1986, the Lloyd’s building is a radical addition to the skyline, and a pioneering example of high-tech architecture.",
                "end": "16:45:00",
                "fully_booked": "Yes",
                "images": [
                    {
                        "archive_url": "https://raw.githubusercontent.com/infrastructureclub/open-house-london-images/master/images/2026/934/building_934_lloyd-s-building-external_990fb47b8d4db3914e04aacec817b43b.png",
                        "title": "Bex Rands"
                    }
                ],
                "name": "Lloyd's of London",
                "new_venue_this_year": "Yes",
                "start": "10:15:00",
                "ticketed_events": "Yes",
                "url": "https://programme.openhouse.org.uk/listings/934"
            },
            "type": "Feature"
        },
        {
            "geometry": {
                "coordinates": [
                    -0.0788,
                    51.51249
                ],
                "type": "Point"
            },
            "properties": {
                "balloted": "No",
                "description": "The Lloyd’s Register Building at 71 Fenchurch Street, is the historic headquarters of Lloyd’s Register. Opened in 1901 and designed by Thomas Collcutt, it is a grand classical stone palazzo with rich decorative detailing that reflects the organisation’s status and global ambition. Its architecture combines ornate interiors and artistic craftsmanship with new contemporary workspaces and innovation.",
                "end": "16:00:00",
                "fully_booked": "",
                "images": [
                    {
                        "archive_url": "https://raw.githubusercontent.com/infrastructureclub/open-house-london-images/master/images/2026/935/building_935_dsc06542_87507b7a8ef1ead99ddeca7f0c720d01.jpg",
                        "title": "Sarah Mott"
                    },
                    {
                        "archive_url": "https://raw.githubusercontent.com/infrastructureclub/open-house-london-images/master/images/2026/935/building_935_dsc06865-edit_89a07eb13a671f863f6cec0ca27e68fd.jpg",
                        "title": "Sarah Mott"
                    },
                    {
                        "archive_url": "https://raw.githubusercontent.com/infrastructureclub/open-house-london-images/master/images/2026/935/building_935_dsc00037_e1915a0c991ac3dd9fccd92c2b29d1bb.jpg",
                        "title": "Sarah Mott"
                    },
                    {
                        "archive_url": "https://raw.githubusercontent.com/infrastructureclub/open-house-london-images/master/images/2026/935/building_935_dsc00001_d59cf5dabe8bc5e56e73b4525ae07355.jpg",
                        "title": "Sarah Mott"
                    },
                    {
                        "archive_url": "https://raw.githubusercontent.com/infrastructureclub/open-house-london-images/master/images/2026/935/building_935_dsc06630_0f45187b3445bec2474f8ab7f9332eb8.jpg",
                        "title": "Sarah Mott"
                    },
                    {
                        "archive_url": "https://raw.githubusercontent.com/infrastructureclub/open-house-london-images/master/images/2026/935/building_935_dsc06795_b4f480457c4007b85926c64516f542fa.jpg",
                        "title": "Sarah Mott"
                    },
                    {
                        "archive_url": "https://raw.githubusercontent.com/infrastructureclub/open-house-london-images/master/images/2026/935/building_935_251015-aoc-lr-9041_c3539d387393ac8b40d523efae24c49d.jpg",
                        "title": "Sarah Mott"
                    },
                    {
                        "archive_url": "https://raw.githubusercontent.com/infrastructureclub/open-house-london-images/master/images/2026/935/building_935_dsc06913_18b579d204d3dbb6f0c8d1ad4d110d16.jpg",
                        "title": "Sarah Mott"
                    }
                ],
                "name": "The Lloyd's Register Building",
                "new_venue_this_year": "Yes",
                "start": "10:00:00",
                "ticketed_events": "No",
                "url": "https://programme.openhouse.org.uk/listings/935"
            },
            "type": "Feature"
        },
        {
            "geometry": {
                "coordinates": [
                    -0.09681,
                    51.6538
                ],
                "type": "Point"
            },
            "properties": {
                "balloted": "No",
                "description": "Fine Victorian Gothic church with impressive windows and painted chancel. Paintings by Buckeridge and Westlake 1897. Restoration of chancel paintings was to celebrate the Diamond Jubilee of Queen Elizabeth II (2012).",
                "end": "17:00:00",
                "fully_booked": "",
                "images": [
                    {
                        "archive_url": "https://raw.githubusercontent.com/infrastructureclub/open-house-london-images/master/images/2026/945/building_945_st-mary-magdalene-for-disk-etc_cf4afbbcfeba6defeb8ad1f6373995c4.jpg",
                        "title": "j.allan"
                    },
                    {
                        "archive_url": "https://raw.githubusercontent.com/infrastructureclub/open-house-london-images/master/images/2026/945/building_945_chancel-photo_95df46f36e01ee7336115cd28dae20c5.jpg",
                        "title": "rev.G Giles"
                    }
                ],
                "name": "St Mary Magdalene Church",
                "new_venue_this_year": "No",
                "start": "10:00:00",
                "ticketed_events": "No",
                "url": "https://programme.openhouse.org.uk/listings/945"
            },
            "type": "Feature"
        },
        {
            "geometry": {
                "coordinates": [
                    -0.03476,
                    51.57672
                ],
                "type": "Point"
            },
            "properties": {
                "balloted": "No",
                "description": "Grade II listed Victorian engine house remodelled to take a pair of 1895 Marshall steam engines, still in working order. A museum celebrating the rich Industrial Heritage of the Borough and the Lea Valley Region.",
                "end": "15:30:00",
                "fully_booked": "",
                "images": [
                    {
                        "archive_url": "https://raw.githubusercontent.com/infrastructureclub/open-house-london-images/master/images/2026/983/building_983_dscf0203-large_95c6be3fe4c1cc327f7e04015aa45e34.jpg",
                        "title": "Photo of Walthamstow Pumphouse Museum"
                    },
                    {
                        "archive_url": "https://raw.githubusercontent.com/infrastructureclub/open-house-london-images/master/images/2026/983/building_983_pumphouse-2_e56a864f5d477bfeb799ae0290603ea9.jpg",
                        "title": "Pumphouse"
                    },
                    {
                        "archive_url": "https://raw.githubusercontent.com/infrastructureclub/open-house-london-images/master/images/2026/983/building_983_dscf0191-large_428c024b6cbbf1088e94375ce1af6b4a.jpg",
                        "title": "Photo of Walthamstow Pumphouse Museum"
                    },
                    {
                        "archive_url": "https://raw.githubusercontent.com/infrastructureclub/open-house-london-images/master/images/2026/983/building_983_fire-truck_04885ab3e6613ef2ca16986ed8666fa4.jpeg",
                        "title": "Photo of Walthamstow Pumphouse Museum"
                    },
                    {
                        "archive_url": "https://raw.githubusercontent.com/infrastructureclub/open-house-london-images/master/images/2026/983/building_983_walthamstow-1_f2af6cd4327dea83ef655f3888a98212.jpeg",
                        "title": "Photo of Walthamstow Pumphouse Museum"
                    }
                ],
                "name": "Walthamstow Pumphouse Museum",
                "new_venue_this_year": "No",
                "start": "10:30:00",
                "ticketed_events": "No",
                "url": "https://programme.openhouse.org.uk/listings/983"
            },
            "type": "Feature"
        },
        {
            "geometry": {
                "coordinates": [
                    -0.10569,
                    51.52297
                ],
                "type": "Point"
            },
            "properties": {
                "balloted": "No",
                "description": "Grade II listed, built as a Welsh Charity School in 1738. A library with a focus on Marxism and Socialism since 1933. Lenin worked here 1902-03 and his office is preserved. Fresco by Jack Hastings in 1st floor. Late 15C tunnels.",
                "end": "15:00:00",
                "fully_booked": "",
                "images": [
                    {
                        "archive_url": "https://raw.githubusercontent.com/infrastructureclub/open-house-london-images/master/images/2026/1048/building_1048_photo_sub_marx_memorial_library083_87486154045e73cd7aff05495fea94dc.jpg",
                        "title": "Meirian Jump"
                    },
                    {
                        "archive_url": "https://raw.githubusercontent.com/infrastructureclub/open-house-london-images/master/images/2026/1048/building_1048_events-may-day-external_ec27f8043b32ec7b70ae156d9a140cca.jpg",
                        "title": "Meirian Jump"
                    },
                    {
                        "archive_url": "https://raw.githubusercontent.com/infrastructureclub/open-house-london-images/master/images/2026/1048/building_1048_selected-mml-21-9-15-283_d5e1dd69ca213c076d478dc31a820c34.jpg",
                        "title": "Meirian Jump"
                    }
                ],
                "name": "Marx Memorial Library & Workers' School",
                "new_venue_this_year": "No",
                "start": "11:00:00",
                "ticketed_events": "No",
                "url": "https://programme.openhouse.org.uk/listings/1048"
            },
            "type": "Feature"
        },
        {
            "geometry": {
                "coordinates": [
                    -0.16598,
                    51.52433
                ],
                "type": "Point"
            },
            "properties": {
                "balloted": "No",
                "description": "The practice's main campus includes two office buildings constructed using its own Patera pre-fabricated system, and linked by a glass reception area and covered walkway.",
                "end": "16:00:00",
                "fully_booked": "",
                "images": [
                    {
                        "archive_url": "https://raw.githubusercontent.com/infrastructureclub/open-house-london-images/master/images/2026/1086/building_1086_bt_n103-1_1f2cea4f09117dc75dbc31375ec785e2.jpg",
                        "title": "Hopkins Architects"
                    }
                ],
                "name": "Hopkins Architects",
                "new_venue_this_year": "No",
                "start": "10:00:00",
                "ticketed_events": "No",
                "url": "https://programme.openhouse.org.uk/listings/1086"
            },
            "type": "Feature"
        },
        {
            "geometry": {
                "coordinates": [
                    -0.02386,
                    51.50747
                ],
                "type": "Point"
            },
            "properties": {
                "balloted": "No",
                "description": "Grade I listed, late Georgian sugar warehouse now housing the Museum of London Docklands. Sensitively restored, the new multimedia displays coexist with the massive timber and brick structures of the original building.",
                "end": "15:30:00",
                "fully_booked": "Yes",
                "images": [
                    {
                        "archive_url": "https://raw.githubusercontent.com/infrastructureclub/open-house-london-images/master/images/2026/1148/building_1148_museum-of-london-docklands-1-museum-of-london_4a671d76bdb330e3ad88b0c9c7dad6c5.jpg",
                        "title": "Museum of London"
                    },
                    {
                        "archive_url": "https://raw.githubusercontent.com/infrastructureclub/open-house-london-images/master/images/2026/1148/building_1148_museum-of-london-docklands-interior_0e6229f2234d254fd6b1426db296b2a4.jpg",
                        "title": "Museum of London"
                    },
                    {
                        "archive_url": "https://raw.githubusercontent.com/infrastructureclub/open-house-london-images/master/images/2026/1148/building_1148_museum-of-london-docklands-interior-2_e026d84583eaef04bb0b6653cb544bbe.jpg",
                        "title": "Museum of London"
                    }
                ],
                "name": "Museum of London Docklands",
                "new_venue_this_year": "No",
                "start": "12:00:00",
                "ticketed_events": "Yes",
                "url": "https://programme.openhouse.org.uk/listings/1148"
            },
            "type": "Feature"
        },
        {
            "geometry": {
                "coordinates": [
                    0.18282,
                    51.61287
                ],
                "type": "Point"
            },
            "properties": {
                "balloted": "No",
                "description": "Grade I listed country house commanding the most extensive southerly views over Essex. Staircase mural by Sir James Thornhill, a painter notable for the 'Painted Hall' at the Royal Naval Hospital at Greenwich. Set in grounds with a pond.",
                "end": "16:00:00",
                "fully_booked": "",
                "images": [
                    {
                        "archive_url": "https://raw.githubusercontent.com/infrastructureclub/open-house-london-images/master/images/2026/1249/building_1249_bower-house-photo_48d5ca49aec82f8f219ff38f7543974c.jpg",
                        "title": "Mandy Buck"
                    }
                ],
                "name": "Bower House",
                "new_venue_this_year": "No",
                "start": "10:00:00",
                "ticketed_events": "No",
                "url": "https://programme.openhouse.org.uk/listings/1249"
            },
            "type": "Feature"
        },
        {
            "geometry": {
                "coordinates": [
                    -0.10458,
                    51.52299
                ],
                "type": "Point"
            },
            "properties": {
                "balloted": "No",
                "description": "A unique modern courtyard house making brilliant use of an off-street site on Clerkenwell Green. A retractable glass roof gives wonderful natural light all year round and opens the house to the sky in dry weather.",
                "end": "17:00:00",
                "fully_booked": "",
                "images": [
                    {
                        "archive_url": "https://raw.githubusercontent.com/infrastructureclub/open-house-london-images/master/images/2026/1334/building_1334_dscf8946_c8d0aa4e8eca6cef3ff76cb0f5c49d08.jpg",
                        "title": "Peter Clark Images"
                    },
                    {
                        "archive_url": "https://raw.githubusercontent.com/infrastructureclub/open-house-london-images/master/images/2026/1334/building_1334_dscf8863_570fdc258d1d5dc794526ab2fd9a985e.jpg",
                        "title": "Peter Clark Images"
                    },
                    {
                        "archive_url": "https://raw.githubusercontent.com/infrastructureclub/open-house-london-images/master/images/2026/1334/building_1334_dscf8919_9826a947726bc393c50b93bf9c26e948.jpg",
                        "title": "Peter Clark Images"
                    },
                    {
                        "archive_url": "https://raw.githubusercontent.com/infrastructureclub/open-house-london-images/master/images/2026/1334/building_1334_dscf8938_485c603591c597e264e34484739cac5e.jpg",
                        "title": "Peter Clark Images"
                    },
                    {
                        "archive_url": "https://raw.githubusercontent.com/infrastructureclub/open-house-london-images/master/images/2026/1334/building_1334_dscf0899_e98d0db6b49385be3fa9dd61677e7ae9.jpg",
                        "title": "Peter Clark Images"
                    },
                    {
                        "archive_url": "https://raw.githubusercontent.com/infrastructureclub/open-house-london-images/master/images/2026/1334/building_1334_dscf0937_4cf718d855b53e17c9ff2c375b9be526.jpg",
                        "title": "Peter Clark Images"
                    },
                    {
                        "archive_url": "https://raw.githubusercontent.com/infrastructureclub/open-house-london-images/master/images/2026/1334/building_1334_dscf8870_f8cd4c0283edd293048cb2d6ffdaf1fb.jpg",
                        "title": "Peter Clark Images"
                    }
                ],
                "name": "Paxton Locher House",
                "new_venue_this_year": "No",
                "start": "10:00:00",
                "ticketed_events": "No",
                "url": "https://programme.openhouse.org.uk/listings/1334"
            },
            "type": "Feature"
        },
        {
            "geometry": {
                "coordinates": [
                    -0.02968,
                    51.51725
                ],
                "type": "Point"
            },
            "properties": {
                "balloted": "No",
                "description": "Described as 'the most significant church built after the WWII in Britain' - Brutalist, inclusive and influential signpost for future church design.",
                "end": "17:00:00",
                "fully_booked": "",
                "images": [
                    {
                        "archive_url": "https://raw.githubusercontent.com/infrastructureclub/open-house-london-images/master/images/2026/1365/building_1365_20160806_155512_2abbdab123713faeb9998cb2b78a8656.jpg",
                        "title": "Bernadette Hegarty"
                    },
                    {
                        "archive_url": "https://raw.githubusercontent.com/infrastructureclub/open-house-london-images/master/images/2026/1365/building_1365_img_20170103_110123_64d278d9e9d3201a39df7947b04d12dd.jpg",
                        "title": "Bernadette Hegarty"
                    },
                    {
                        "archive_url": "https://raw.githubusercontent.com/infrastructureclub/open-house-london-images/master/images/2026/1365/building_1365_20170220_125426_bfd3ab333f5939b896debc03bc1fc825.jpg",
                        "title": "Bernadette Hegarty"
                    },
                    {
                        "archive_url": "https://raw.githubusercontent.com/infrastructureclub/open-house-london-images/master/images/2026/1365/building_1365_img-20190324-wa0000-22280_8380d8ab6db1d72e0a3ebe569fb0623a.jpg",
                        "title": "Julian Bream"
                    },
                    {
                        "archive_url": "https://raw.githubusercontent.com/infrastructureclub/open-house-london-images/master/images/2026/1365/building_1365_20190318_093638-22284_a6287be5107fd670406ab44c33239021.jpg",
                        "title": "Bernadette Hegarty"
                    }
                ],
                "name": "St Paul's Bow Common",
                "new_venue_this_year": "No",
                "start": "10:00:00",
                "ticketed_events": "No",
                "url": "https://programme.openhouse.org.uk/listings/1365"
            },
            "type": "Feature"
        },
        {
            "geometry": {
                "coordinates": [
                    -0.0538132,
                    51.4722385
                ],
                "type": "Point"
            },
            "properties": {
                "balloted": "No",
                "description": "Grade II* Listed Modernist building, famously described by Walter Gropius as \"an oasis of glass in a desert of brick\". Originally built to house 'The Peckham Experiment' an innovative health centre in the 1930s. It was converted to private dwellings in 2000, retaining the indoor pool. \r\n\r\nJoin members of our new Community Interest Company set up to mark the centenary and share this unique story.",
                "end": "17:30:00",
                "fully_booked": "Yes",
                "images": [
                    {
                        "archive_url": "https://raw.githubusercontent.com/infrastructureclub/open-house-london-images/master/images/2026/1367/building_1367_67a518606209bcfe01eac2c1_pe_hslider-01-3_d3ad3ecc329aeb0d99c4fb49d2257efa.jpg",
                        "title": "Photo of Guided Tours and Exhibition at Pioneer Centre, Peckham"
                    },
                    {
                        "archive_url": "https://raw.githubusercontent.com/infrastructureclub/open-house-london-images/master/images/2026/1367/building_1367_pioneer-centre-download_859ebcba06b9f3861795764e15fb2194.jpg",
                        "title": "Photo of Guided Tours and Exhibition at Pioneer Centre, Peckham"
                    }
                ],
                "name": "Guided Tours and Exhibition at Pioneer Centre, Peckham",
                "new_venue_this_year": "No",
                "start": "10:00:00",
                "ticketed_events": "Yes",
                "url": "https://programme.openhouse.org.uk/listings/1367"
            },
            "type": "Feature"
        },
        {
            "geometry": {
                "coordinates": [
                    -0.30835,
                    51.51129
                ],
                "type": "Point"
            },
            "properties": {
                "balloted": "No",
                "description": "Designed by Sir John Soane as a family home and country residence. Following a three-year conservation project,  Pitzhanger has been returned to Soane’s innovative original design and re-opened to the public in March 2019.",
                "end": "16:45:00",
                "fully_booked": "No",
                "images": [
                    {
                        "archive_url": "https://raw.githubusercontent.com/infrastructureclub/open-house-london-images/master/images/2026/1369/building_1369_thumbnail_img_3284-1_fea4ac539e3fbbd40a0e9fce1ac2706e.jpg",
                        "title": "Photo of Pitzhanger Manor & Gallery"
                    },
                    {
                        "archive_url": "https://raw.githubusercontent.com/infrastructureclub/open-house-london-images/master/images/2026/1369/building_1369_phm-04-003_fcad303705a22c3881ce10cb2b5633b6.jpg",
                        "title": "Andy Stagg"
                    },
                    {
                        "archive_url": "https://raw.githubusercontent.com/infrastructureclub/open-house-london-images/master/images/2026/1369/building_1369_13_vestibule_up_angled_pitzhanger16july21383_81cd1e4f84321ef3e40d8d8277c6d24f.jpg",
                        "title": "Angelo Hornak"
                    },
                    {
                        "archive_url": "https://raw.githubusercontent.com/infrastructureclub/open-house-london-images/master/images/2026/1369/building_1369_drawingrmwide_pitzhangera21323_4be2b6f044c9f46e3373587fb9605537.jpg",
                        "title": "Angelo Hornak"
                    }
                ],
                "name": "Pitzhanger Manor & Gallery",
                "new_venue_this_year": "No",
                "start": "10:00:00",
                "ticketed_events": "Yes",
                "url": "https://programme.openhouse.org.uk/listings/1369"
            },
            "type": "Feature"
        },
        {
            "geometry": {
                "coordinates": [
                    -0.09159,
                    51.51551
                ],
                "type": "Point"
            },
            "properties": {
                "balloted": "No",
                "description": "Open daily 10am-5pm. \r\nRegular free guided tours 12.15pm & 1.15pm on Tuesday-Sunday, with extra tours on the final Open House weekend.\r\nHome of the City of London's art collection, & remains of London's Roman Amphitheatre",
                "end": "16:45:00",
                "fully_booked": "",
                "images": [
                    {
                        "archive_url": "https://raw.githubusercontent.com/infrastructureclub/open-house-london-images/master/images/2026/1405/building_1405_guildhall-small-size-2_1a6ef8cc181ab53ec1bdc507db670cac.jpg",
                        "title": "Sam Roberts"
                    },
                    {
                        "archive_url": "https://raw.githubusercontent.com/infrastructureclub/open-house-london-images/master/images/2026/1405/building_1405_amphitheatre1_3b5e4320da956ddfed22574fea2d3a30.jpg",
                        "title": "Clive Totman"
                    },
                    {
                        "archive_url": "https://raw.githubusercontent.com/infrastructureclub/open-house-london-images/master/images/2026/1405/building_1405_guildhall-small-size-50_1d7a771d1fc626393a8d07daeadfdb07.jpg",
                        "title": "Sam Roberts"
                    },
                    {
                        "archive_url": "https://raw.githubusercontent.com/infrastructureclub/open-house-london-images/master/images/2026/1405/building_1405_guildhall-art-gallery-nap-logo_e2a2fcb26ed1d39c3c1f4c089cdd923b.jpg",
                        "title": "Sam Roberts 2015"
                    }
                ],
                "name": "Guildhall Art Gallery",
                "new_venue_this_year": "No",
                "start": "10:00:00",
                "ticketed_events": "No",
                "url": "https://programme.openhouse.org.uk/listings/1405"
            },
            "type": "Feature"
        },
        {
            "geometry": {
                "coordinates": [
                    0.0054,
                    51.50162
                ],
                "type": "Point"
            },
            "properties": {
                "balloted": "No",
                "description": "Ravensbourne is a dynamic institution at the intersection of creativity, business, and technology. Based in the heart of North Greenwich, we are home to a diverse, global community.\r\nWe learn with industry; industry learns with us. Together we transform lives. With our facilities and strong industry connections, we empower students with the skills, experience and connections needed to thrive.",
                "end": "15:30:00",
                "fully_booked": "No",
                "images": [
                    {
                        "archive_url": "https://raw.githubusercontent.com/infrastructureclub/open-house-london-images/master/images/2026/1452/building_1452_bottom_architectureba_e304d9e700612fbad15d967fcf4173bb.jpg",
                        "title": "Photo of Ravensbourne University London"
                    },
                    {
                        "archive_url": "https://raw.githubusercontent.com/infrastructureclub/open-house-london-images/master/images/2026/1452/building_1452_ravensbourne-building-looking-up_973bca9521cd89425b62c3a5e0e129d2.jpg",
                        "title": "Photo of Ravensbourne University London"
                    }
                ],
                "name": "Ravensbourne University London",
                "new_venue_this_year": "No",
                "start": "10:00:00",
                "ticketed_events": "Yes",
                "url": "https://programme.openhouse.org.uk/listings/1452"
            },
            "type": "Feature"
        },
        {
            "geometry": {
                "coordinates": [
                    -0.14488,
                    51.52577
                ],
                "type": "Point"
            },
            "properties": {
                "balloted": "No",
                "description": "Striking, provocative and one of London’s few Grade I listed post-war buildings – welcome to architect Denys Lasdun’s award-winning design. We invite you to drop in, take an expert tour, explore our archives and museum, get creative and more to discover the Royal College of Physicians' London home. \r\n\r\nSee https://history.rcp.ac.uk/event/open-house-festival-2026 for more.",
                "end": "16:00:00",
                "fully_booked": "No",
                "images": [
                    {
                        "archive_url": "https://raw.githubusercontent.com/infrastructureclub/open-house-london-images/master/images/2026/1527/building_1527_royal-college-of-physicians_-hufton-crow_011_1c720abef6a6cc7344f13981cdafc88b.jpg",
                        "title": "Hufton+Crow"
                    },
                    {
                        "archive_url": "https://raw.githubusercontent.com/infrastructureclub/open-house-london-images/master/images/2026/1527/building_1527_1041-mf-2009-copy_fafc82b2016df4b7eb513ae403e0e736.jpg",
                        "title": "Mike Fear"
                    },
                    {
                        "archive_url": "https://raw.githubusercontent.com/infrastructureclub/open-house-london-images/master/images/2026/1527/building_1527_dp099305-eh_jod-2009low-res_63d9f7f2aa049e0f3e6e33a8661d136a.jpg",
                        "title": "English Heritage"
                    },
                    {
                        "archive_url": "https://raw.githubusercontent.com/infrastructureclub/open-house-london-images/master/images/2026/1527/building_1527_dp099277-eh_jod-2009-low-res_52b9fd6ce88a15ca269d635a771e78a7.jpg",
                        "title": "English Heritage"
                    },
                    {
                        "archive_url": "https://raw.githubusercontent.com/infrastructureclub/open-house-london-images/master/images/2026/1527/building_1527_royal-college-of-physicians_-hufton-crow_003_42f7440d3a8b6d93c31c93769bb3b2df.jpg",
                        "title": "Hufton+Crow"
                    },
                    {
                        "archive_url": "https://raw.githubusercontent.com/infrastructureclub/open-house-london-images/master/images/2026/1527/building_1527_royal-college-of-physicians_-hufton-crow_005smaller_fd86bf2c8e355bfe3d42e882a3059114.jpg",
                        "title": "Hufton+Crow"
                    },
                    {
                        "archive_url": "https://raw.githubusercontent.com/infrastructureclub/open-house-london-images/master/images/2026/1527/building_1527_royal-college-of-physicians_-hufton-crow_023_52667bcec26bdb4d4f3995e068c63ae7.jpg",
                        "title": "Hufton+Crow"
                    },
                    {
                        "archive_url": "https://raw.githubusercontent.com/infrastructureclub/open-house-london-images/master/images/2026/1527/building_1527_royal-college-of-physicians_-hufton-crow_026_5167ff293345b7c4c2c4d29837846e78.jpg",
                        "title": "Hufton+Crow"
                    },
                    {
                        "archive_url": "https://raw.githubusercontent.com/infrastructureclub/open-house-london-images/master/images/2026/1527/building_1527_royal-college-of-physicians_-hufton-crow_033_7cf1ff6d4396f03bd5632c6c1b9636ae.jpg",
                        "title": "Hufton+Crow"
                    },
                    {
                        "archive_url": "https://raw.githubusercontent.com/infrastructureclub/open-house-london-images/master/images/2026/1527/building_1527_royal-college-of-physicians_-hufton-crow_018_ef58a11b5a4484f0574f31ca9f23d428.jpg",
                        "title": "Hufton+Crow"
                    },
                    {
                        "archive_url": "https://raw.githubusercontent.com/infrastructureclub/open-house-london-images/master/images/2026/1527/building_1527_main-hall-2_0b1339dbb001622e33b26cac71dcf8a7.jpg",
                        "title": "Royal College of Physicians"
                    }
                ],
                "name": "Royal College of Physicians",
                "new_venue_this_year": "No",
                "start": "10:00:00",
                "ticketed_events": "Yes",
                "url": "https://programme.openhouse.org.uk/listings/1527"
            },
            "type": "Feature"
        },
        {
            "geometry": {
                "coordinates": [
                    -0.1135807,
                    51.513803
                ],
                "type": "Point"
            },
            "properties": {
                "balloted": "No",
                "description": "Architect G.E Street's iconic masterpiece set in the heart of London and one of Victorian England's great public buildings. 13th Century Gothic style given a Victorian interpretation. Commissioned by Queen Victoria in 1870 's to build the home for Civil Justice for the United Kingdom. The cathedral-like Magnificent Great Hall leads off to Historic Oak Panelled Courtrooms.",
                "end": "16:00:00",
                "fully_booked": "",
                "images": [
                    {
                        "archive_url": "https://raw.githubusercontent.com/infrastructureclub/open-house-london-images/master/images/2026/1531/building_1531_the-royal-courts-of-justice-entrance_d70df27ab1224663d97cf723276d714d.jpg",
                        "title": "Photo of Royal Courts of Justice"
                    }
                ],
                "name": "Royal Courts of Justice",
                "new_venue_this_year": "No",
                "start": "10:00:00",
                "ticketed_events": "No",
                "url": "https://programme.openhouse.org.uk/listings/1531"
            },
            "type": "Feature"
        },
        {
            "geometry": {
                "coordinates": [
                    -0.01669,
                    51.6687
                ],
                "type": "Point"
            },
            "properties": {
                "balloted": "No",
                "description": "Grade II listed arms factory closed to public for 170 years. Museum and clocktower open for tours.",
                "end": "17:00:00",
                "fully_booked": "",
                "images": [
                    {
                        "archive_url": "https://raw.githubusercontent.com/infrastructureclub/open-house-london-images/master/images/2026/1553/building_1553_dsc02365_bd0772db53197c6881aa43dd877f8228.jpg",
                        "title": "RSA Trust"
                    },
                    {
                        "archive_url": "https://raw.githubusercontent.com/infrastructureclub/open-house-london-images/master/images/2026/1553/building_1553_2017-02-22-13-25-30_23c34d12cd67c85d0432a0359a1dfa50.jpg",
                        "title": "P. Gray / RSA Trust"
                    },
                    {
                        "archive_url": "https://raw.githubusercontent.com/infrastructureclub/open-house-london-images/master/images/2026/1553/building_1553_19980101-c-block-from-nw_742500941f4bab49055ded099268c6e7.jpg",
                        "title": "G. Walker / RSA Trust"
                    },
                    {
                        "archive_url": "https://raw.githubusercontent.com/infrastructureclub/open-house-london-images/master/images/2026/1553/building_1553_p-35-ext_bbef736ec49811c9e99f2cdff007e0a0.jpg",
                        "title": "P. Gray / RSA Trust"
                    },
                    {
                        "archive_url": "https://raw.githubusercontent.com/infrastructureclub/open-house-london-images/master/images/2026/1553/building_1553_pl_24_efi_pos1-copy_dd8612092399e9f7c3a03844a2fbd249.jpg",
                        "title": "RSA Trust"
                    }
                ],
                "name": "Royal Small Arms Factory",
                "new_venue_this_year": "No",
                "start": "10:00:00",
                "ticketed_events": "No",
                "url": "https://programme.openhouse.org.uk/listings/1553"
            },
            "type": "Feature"
        },
        {
            "geometry": {
                "coordinates": [
                    -0.07925789999999999,
                    51.52713550000001
                ],
                "type": "Point"
            },
            "properties": {
                "balloted": "No",
                "description": "Join a Guided Tour and explore Shoreditch Town Hall. Opened in 1866 the Town Hall is a Grade II listed, landmark building, and was for over 100 years one of the grandest Vestry Halls in London. Today, we are a leading cultural, community and live events space made up of 70 individual rooms - from the Victorian grandeur of the Assembly Hall to the intimate warren of the untouched basement space",
                "end": "16:30:00",
                "fully_booked": "",
                "images": [
                    {
                        "archive_url": "https://raw.githubusercontent.com/infrastructureclub/open-house-london-images/master/images/2026/1642/building_1642_resized_8cf152672ca7b1737e3c5f538de7b771.jpg",
                        "title": "Photo of Shoreditch Town Hall"
                    },
                    {
                        "archive_url": "https://raw.githubusercontent.com/infrastructureclub/open-house-london-images/master/images/2026/1642/building_1642_0047_sho-copy_217f2f2ef0f6d334f9b19b410eb90d19.jpg",
                        "title": "Photo of Shoreditch Town Hall"
                    },
                    {
                        "archive_url": "https://raw.githubusercontent.com/infrastructureclub/open-house-london-images/master/images/2026/1642/building_1642_basement-1_065-copy_0d0e52b8a04882908eca20dcc40fc05e.jpg",
                        "title": "Photo of Shoreditch Town Hall"
                    },
                    {
                        "archive_url": "https://raw.githubusercontent.com/infrastructureclub/open-house-london-images/master/images/2026/1642/building_1642_sth0071_a20fcecb9b9cad56e2cb0b7274863119.jpg",
                        "title": "Photo of Shoreditch Town Hall"
                    },
                    {
                        "archive_url": "https://raw.githubusercontent.com/infrastructureclub/open-house-london-images/master/images/2026/1642/building_1642_sth_assembly_hall_175-resized_763d0a4ad76235952127b50cc543aa3c.jpg",
                        "title": "Photo of Shoreditch Town Hall"
                    },
                    {
                        "archive_url": "https://raw.githubusercontent.com/infrastructureclub/open-house-london-images/master/images/2026/1642/building_1642_firstaidkit_shoreditch_011117_joeokpako-47-3_lowres_aa10b5fb0a7fdb2d95af56656ba224c5.jpg",
                        "title": "Joe Okpako"
                    },
                    {
                        "archive_url": "https://raw.githubusercontent.com/infrastructureclub/open-house-london-images/master/images/2026/1642/building_1642_sth_council_chamber_001-resized_f5aa5bbd1ca30e141201fd00861f8b62.jpg",
                        "title": "Photo of Shoreditch Town Hall"
                    },
                    {
                        "archive_url": "https://raw.githubusercontent.com/infrastructureclub/open-house-london-images/master/images/2026/1642/building_1642_sth_large_committee_room_033-resized_0627c8ba717b57a15e80540c06d7ab65.jpg",
                        "title": "Photo of Shoreditch Town Hall"
                    },
                    {
                        "archive_url": "https://raw.githubusercontent.com/infrastructureclub/open-house-london-images/master/images/2026/1642/building_1642_a-view-of-kneehigh-s-ubu-a-singalong-satire-at-shoreditch-town-hall-photo-richard-gray_6f12d659940e4b45addc668d6ee53aa1.jpg",
                        "title": "Richard Gray"
                    },
                    {
                        "archive_url": "https://raw.githubusercontent.com/infrastructureclub/open-house-london-images/master/images/2026/1642/building_1642_winetasting_260918-16-resized_7894949fc509919fa1aa591a307dd9a0.jpg",
                        "title": "Rosie Powell"
                    },
                    {
                        "archive_url": "https://raw.githubusercontent.com/infrastructureclub/open-house-london-images/master/images/2026/1642/building_1642_after-the-fire-1904_67ea59f9f27070ddfcb3d46c8c36411a.jpg",
                        "title": "Unknown"
                    },
                    {
                        "archive_url": "https://raw.githubusercontent.com/infrastructureclub/open-house-london-images/master/images/2026/1642/building_1642_shoreditch-town-hall-concert-hall-1910_7a8293c276e2d6ff0b698c2b0502ecbc.jpg",
                        "title": "Unknown"
                    },
                    {
                        "archive_url": "https://raw.githubusercontent.com/infrastructureclub/open-house-london-images/master/images/2026/1642/building_1642_hackneycarnival2022-21_f353b8577c31c51a593b7e71d870c59c.jpg",
                        "title": "Photo of Shoreditch Town Hall"
                    },
                    {
                        "archive_url": "https://raw.githubusercontent.com/infrastructureclub/open-house-london-images/master/images/2026/1642/building_1642_nb23-073-web_dce7874fa889290cc170e0976bf44f43.jpg",
                        "title": "Photo of Shoreditch Town Hall"
                    },
                    {
                        "archive_url": "https://raw.githubusercontent.com/infrastructureclub/open-house-london-images/master/images/2026/1642/building_1642_1826-edit_5ebbf23157a0eaf35ae05b02b7ea0d57.jpg",
                        "title": "Photo of Shoreditch Town Hall"
                    },
                    {
                        "archive_url": "https://raw.githubusercontent.com/infrastructureclub/open-house-london-images/master/images/2026/1642/building_1642_170119_rosiepowellfreelance_colour-59_69af83a5c3008a3a1202fa7b4b362660.jpg",
                        "title": "Photo of Shoreditch Town Hall"
                    },
                    {
                        "archive_url": "https://raw.githubusercontent.com/infrastructureclub/open-house-london-images/master/images/2026/1642/building_1642_dsc09669_ae90a7a17db7786de1452f8affbdc118.jpg",
                        "title": "Photo of Shoreditch Town Hall"
                    },
                    {
                        "archive_url": "https://raw.githubusercontent.com/infrastructureclub/open-house-london-images/master/images/2026/1642/building_1642_morelightmorepower-1_06b345a6a488cb7e84a83b12f07732f4.jpg",
                        "title": "Photo of Shoreditch Town Hall"
                    },
                    {
                        "archive_url": "https://raw.githubusercontent.com/infrastructureclub/open-house-london-images/master/images/2026/1642/building_1642_teadance-80_82caec25b2b4c719278a213bc9edea86.jpg",
                        "title": "Photo of Shoreditch Town Hall"
                    }
                ],
                "name": "Shoreditch Town Hall",
                "new_venue_this_year": "No",
                "start": "11:00:00",
                "ticketed_events": "No",
                "url": "https://programme.openhouse.org.uk/listings/1642"
            },
            "type": "Feature"
        },
        {
            "geometry": {
                "coordinates": [
                    -0.07836,
                    51.52038
                ],
                "type": "Point"
            },
            "properties": {
                "balloted": "No",
                "description": "A rare opportunity to explore the Georgian headquarters of the Society for the Protection of Ancient Buildings (SPAB), the UK’s oldest building conservation charity, not normally open to the public.",
                "end": "16:30:00",
                "fully_booked": "Yes",
                "images": [
                    {
                        "archive_url": "https://raw.githubusercontent.com/infrastructureclub/open-house-london-images/master/images/2026/1650/building_1650_spabhq-86-reduced-size_ad289419b50feb7e582082836f430dc4.jpg",
                        "title": "Photo of Society for the Protection of Ancient Buildings (SPAB)"
                    },
                    {
                        "archive_url": "https://raw.githubusercontent.com/infrastructureclub/open-house-london-images/master/images/2026/1650/building_1650_spab-01-circ-stairs_9d6bfd2deb2952afdbca7db17b440fc5.jpg",
                        "title": "Photo of Society for the Protection of Ancient Buildings (SPAB)"
                    },
                    {
                        "archive_url": "https://raw.githubusercontent.com/infrastructureclub/open-house-london-images/master/images/2026/1650/building_1650_spab-back-v3_05c54d24469035b0d4b60748e513e200.jpg",
                        "title": "Photo of Society for the Protection of Ancient Buildings (SPAB)"
                    }
                ],
                "name": "Society for the Protection of Ancient Buildings (SPAB)",
                "new_venue_this_year": "No",
                "start": "10:00:00",
                "ticketed_events": "Yes",
                "url": "https://programme.openhouse.org.uk/listings/1650"
            },
            "type": "Feature"
        },
        {
            "geometry": {
                "coordinates": [
                    -0.1174,
                    51.51703
                ],
                "type": "Point"
            },
            "properties": {
                "balloted": "No",
                "description": "The extraordinary home of architect Sir John Soane (1753-1837). \r\n\r\nhttps://www.soane.org/whats-on",
                "end": "16:00:00",
                "fully_booked": "",
                "images": [
                    {
                        "archive_url": "https://raw.githubusercontent.com/infrastructureclub/open-house-london-images/master/images/2026/1660/building_1660_sir-john-soanes-museum-facade_photo-credit-gareth-gardner-2015_70408bb90547eea2587f35a0d013e560.jpg",
                        "title": "Photo credit: Gareth Gardner"
                    },
                    {
                        "archive_url": "https://raw.githubusercontent.com/infrastructureclub/open-house-london-images/master/images/2026/1660/building_1660_seminar-room-tom-ryley-updated_a913529d70ca234f67a59026b7796a8b.jpg",
                        "title": "Photo of Sir John Soane's Museum"
                    }
                ],
                "name": "Sir John Soane's Museum",
                "new_venue_this_year": "No",
                "start": "10:00:00",
                "ticketed_events": "No",
                "url": "https://programme.openhouse.org.uk/listings/1660"
            },
            "type": "Feature"
        },
        {
            "geometry": {
                "coordinates": [
                    -0.32552,
                    51.44673
                ],
                "type": "Point"
            },
            "properties": {
                "balloted": "No",
                "description": "Grade II listed former waterman's cottage c1720. Restored and converted into a museum celebrating the rich history of Twickenham, Whitton, Teddington and the Hamptons.",
                "end": "15:00:00",
                "fully_booked": "",
                "images": [
                    {
                        "archive_url": "https://raw.githubusercontent.com/infrastructureclub/open-house-london-images/master/images/2026/1741/building_1741_twick-museum_c54a903070b20e254eb7ee68226d0f51.jpg",
                        "title": "Photo of Twickenham Museum"
                    },
                    {
                        "archive_url": "https://raw.githubusercontent.com/infrastructureclub/open-house-london-images/master/images/2026/1741/building_1741_image00018_9f5b3b6715eaa25c01ed0e6af435685c.jpeg",
                        "title": "Photo of Twickenham Museum"
                    }
                ],
                "name": "Twickenham Museum",
                "new_venue_this_year": "No",
                "start": "12:00:00",
                "ticketed_events": "No",
                "url": "https://programme.openhouse.org.uk/listings/1741"
            },
            "type": "Feature"
        },
        {
            "geometry": {
                "coordinates": [
                    -0.09353,
                    51.51299
                ],
                "type": "Point"
            },
            "properties": {
                "balloted": "No",
                "description": "The church was first mentioned c1080 and is the oldest of the City churches dedicated to St Mary. It became a Guild Church by virtue of the  City of London (Guild Churches) Act, 1952.  It is the only Wren church built in the Late Gothic style after the Great Fire of London, 1666, thanks to a bequest.",
                "end": "15:00:00",
                "fully_booked": "",
                "images": [
                    {
                        "archive_url": "https://raw.githubusercontent.com/infrastructureclub/open-house-london-images/master/images/2026/1824/building_1824_120214-st-mary-aldermary-from-walbrook_6a0a8e05d9859705ab51593e095dc07d.jpg",
                        "title": "Keith Billinghurst"
                    },
                    {
                        "archive_url": "https://raw.githubusercontent.com/infrastructureclub/open-house-london-images/master/images/2026/1824/building_1824_img_3958-edited_ef5f52cd0b515f42c8992aa82e45426a.jpg",
                        "title": "Keith Billinghurst"
                    },
                    {
                        "archive_url": "https://raw.githubusercontent.com/infrastructureclub/open-house-london-images/master/images/2026/1824/building_1824_img_3961-edited_66d4f5d2d62cb9e362150e10599ac69c.jpg",
                        "title": "Keith BIllinghurst"
                    },
                    {
                        "archive_url": "https://raw.githubusercontent.com/infrastructureclub/open-house-london-images/master/images/2026/1824/building_1824_img_6468-edited_50e746416687c39968b725d9789f1fdb.jpg",
                        "title": "Keith Billinghurst"
                    },
                    {
                        "archive_url": "https://raw.githubusercontent.com/infrastructureclub/open-house-london-images/master/images/2026/1824/building_1824_img_6466_ddcc57643e82bbff527e1c9f9ad19d5e.jpg",
                        "title": "Keith Billinghurst"
                    }
                ],
                "name": "St Mary Aldermary",
                "new_venue_this_year": "No",
                "start": "09:30:00",
                "ticketed_events": "No",
                "url": "https://programme.openhouse.org.uk/listings/1824"
            },
            "type": "Feature"
        },
        {
            "geometry": {
                "coordinates": [
                    -0.45595,
                    51.56499
                ],
                "type": "Point"
            },
            "properties": {
                "balloted": "No",
                "description": "A most important house in Ickenham, an outstanding example of Jacobean architecture built in the 1630s. Red brick construction laid in English bond on an H plan. Great Hall includes the 1655 Harrington Screen, 18C marble fireplace panelling.",
                "end": "16:00:00",
                "fully_booked": "",
                "images": [
                    {
                        "archive_url": "https://raw.githubusercontent.com/infrastructureclub/open-house-london-images/master/images/2026/1939/building_1939_swakeleys-house-open-house-2011-08_45bbb18d3b76fc224c8612bee4f0510a.jpg",
                        "title": "Photo of Swakeleys Estate"
                    },
                    {
                        "archive_url": "https://raw.githubusercontent.com/infrastructureclub/open-house-london-images/master/images/2026/1939/building_1939_swakeleys-house-open-house-2011-01_9fc70ce8ba54b07e0942520f396eb5ac.jpg",
                        "title": "Photo of Swakeleys Estate"
                    }
                ],
                "name": "Swakeleys Estate",
                "new_venue_this_year": "No",
                "start": "10:00:00",
                "ticketed_events": "No",
                "url": "https://programme.openhouse.org.uk/listings/1939"
            },
            "type": "Feature"
        },
        {
            "geometry": {
                "coordinates": [
                    -0.09844,
                    51.51508
                ],
                "type": "Point"
            },
            "properties": {
                "balloted": "No",
                "description": "Temple Bar is a 350 year old gateway to the City of London, designed by Sir Christopher Wren. It formerly stood in Fleet Street, and is the last surviving gateway to the City of London. This beautiful structure has a fascinating history, which will be revealed to visitors.",
                "end": "16:00:00",
                "fully_booked": "",
                "images": [
                    {
                        "archive_url": "https://raw.githubusercontent.com/infrastructureclub/open-house-london-images/master/images/2026/1983/building_1983_20220614_gcs_0163-copy_34926de7b4c3dcf603acf9ff3c90af46.jpg",
                        "title": "© Grant Smith"
                    },
                    {
                        "archive_url": "https://raw.githubusercontent.com/infrastructureclub/open-house-london-images/master/images/2026/1983/building_1983_20220607_gcs_0033-copy_c20cbb8f2e9e20dd4bf2b34aae6db486.jpg",
                        "title": "© Grant Smith"
                    },
                    {
                        "archive_url": "https://raw.githubusercontent.com/infrastructureclub/open-house-london-images/master/images/2026/1983/building_1983_20220614_gcs_0150-copy_af760b38381babfc7ba962a336199cfb.jpg",
                        "title": "© Grant Smith"
                    }
                ],
                "name": "Temple Bar",
                "new_venue_this_year": "No",
                "start": "10:00:00",
                "ticketed_events": "No",
                "url": "https://programme.openhouse.org.uk/listings/1983"
            },
            "type": "Feature"
        },
        {
            "geometry": {
                "coordinates": [
                    -0.08763,
                    51.51402
                ],
                "type": "Point"
            },
            "properties": {
                "balloted": "No",
                "description": "The museum is part of the Bank of England rebuilding in the 1930's by Sir Herbert Baker. One room is a reconstruction of 1793 Bank of England Stock Office by Sir John Soane.",
                "end": "16:00:00",
                "fully_booked": "",
                "images": [
                    {
                        "archive_url": "https://raw.githubusercontent.com/infrastructureclub/open-house-london-images/master/images/2026/2027/building_2027__dsc3468_0d5e6af8c08b852a9556a50351a1895b.jpg",
                        "title": "Monica Walker"
                    },
                    {
                        "archive_url": "https://raw.githubusercontent.com/infrastructureclub/open-house-london-images/master/images/2026/2027/building_2027_dsc_0274_727a53e72d0029544a71bd641c7192af.jpg",
                        "title": "Monica Walker"
                    },
                    {
                        "archive_url": "https://raw.githubusercontent.com/infrastructureclub/open-house-london-images/master/images/2026/2027/building_2027__dsc3261-enhanced-nr_e0fcd6595e66731702077b2fef797434.jpg",
                        "title": "Monica Walker"
                    },
                    {
                        "archive_url": "https://raw.githubusercontent.com/infrastructureclub/open-house-london-images/master/images/2026/2027/building_2027__dsc3454_eea5cec3a0ce6db7ccd25d7f1d266da0.jpg",
                        "title": "Monica Walker"
                    },
                    {
                        "archive_url": "https://raw.githubusercontent.com/infrastructureclub/open-house-london-images/master/images/2026/2027/building_2027__dsc3380-2_0a78d248ccac11f2307e30db1e480c80.jpg",
                        "title": "Monica Walker"
                    },
                    {
                        "archive_url": "https://raw.githubusercontent.com/infrastructureclub/open-house-london-images/master/images/2026/2027/building_2027_pxl_20250415_125224682-mp-2_a6fb0e221b8c698f0bcb9e889d459c05.jpg",
                        "title": "Monica Walker"
                    },
                    {
                        "archive_url": "https://raw.githubusercontent.com/infrastructureclub/open-house-london-images/master/images/2026/2027/building_2027_pxl_20250415_125401601-mp-3_566299f2d528a5799e948e84d7ef48d1.jpg",
                        "title": "Monica Walker"
                    },
                    {
                        "archive_url": "https://raw.githubusercontent.com/infrastructureclub/open-house-london-images/master/images/2026/2027/building_2027_pxl_20250415_125000350-mp-3_33a19fdcc68f63ff175bd457f1f6a7e4.jpg",
                        "title": "Monica Walker"
                    }
                ],
                "name": "Bank of England Museum",
                "new_venue_this_year": "No",
                "start": "11:00:00",
                "ticketed_events": "No",
                "url": "https://programme.openhouse.org.uk/listings/2027"
            },
            "type": "Feature"
        },
        {
            "geometry": {
                "coordinates": [
                    0.0692996,
                    51.5579973
                ],
                "type": "Point"
            },
            "properties": {
                "balloted": "No",
                "description": "Founded c1145 by the Abbess of Barking as a hospice for thirteen old and infirm men, the present building is 12C and 19C. Grade II* listed with many interesting monuments, including Burne-Jones windows.",
                "end": "16:00:00",
                "fully_booked": "",
                "images": [
                    {
                        "archive_url": "https://raw.githubusercontent.com/infrastructureclub/open-house-london-images/master/images/2026/2059/building_2059_hosp-chapel-new-floor-271005-006_c4b0715152032b62feb05490821f3d7d.jpg",
                        "title": "Photo of The Hospital Chapel of St Mary & St Thomas"
                    },
                    {
                        "archive_url": "https://raw.githubusercontent.com/infrastructureclub/open-house-london-images/master/images/2026/2059/building_2059_skidmore-sketch_4204fa302f64fef06be19d5f427f97eb.jpg",
                        "title": "Photo of The Hospital Chapel of St Mary & St Thomas"
                    },
                    {
                        "archive_url": "https://raw.githubusercontent.com/infrastructureclub/open-house-london-images/master/images/2026/2059/building_2059_north-view-1_145be85d7ec0ccdb2944490d406e933a.jpg",
                        "title": "Photo of The Hospital Chapel of St Mary & St Thomas"
                    },
                    {
                        "archive_url": "https://raw.githubusercontent.com/infrastructureclub/open-house-london-images/master/images/2026/2059/building_2059_map-1653_06abff133db4d2f93ce2bd0cdf182cc4.jpg",
                        "title": "Photo of The Hospital Chapel of St Mary & St Thomas"
                    },
                    {
                        "archive_url": "https://raw.githubusercontent.com/infrastructureclub/open-house-london-images/master/images/2026/2059/building_2059_dsc03411_c0739cf795e9905b6d49f05de2bcf273.jpg",
                        "title": "Photo of The Hospital Chapel of St Mary & St Thomas"
                    },
                    {
                        "archive_url": "https://raw.githubusercontent.com/infrastructureclub/open-house-london-images/master/images/2026/2059/building_2059_dsc03433_079961901161226ad370b93096139d22.jpg",
                        "title": "Photo of The Hospital Chapel of St Mary & St Thomas"
                    },
                    {
                        "archive_url": "https://raw.githubusercontent.com/infrastructureclub/open-house-london-images/master/images/2026/2059/building_2059_dsc03436_7c7d14ae05008ff67fe46af4eb439db4.jpg",
                        "title": "Photo of The Hospital Chapel of St Mary & St Thomas"
                    },
                    {
                        "archive_url": "https://raw.githubusercontent.com/infrastructureclub/open-house-london-images/master/images/2026/2059/building_2059_burne-jones_efac1de9352bcd02c5c5c88d5a12968c.jpg",
                        "title": "Photo of The Hospital Chapel of St Mary & St Thomas"
                    },
                    {
                        "archive_url": "https://raw.githubusercontent.com/infrastructureclub/open-house-london-images/master/images/2026/2059/building_2059_adelicia_b3d295ad1a1941341c89bb002f73b179.jpg",
                        "title": "Photo of The Hospital Chapel of St Mary & St Thomas"
                    },
                    {
                        "archive_url": "https://raw.githubusercontent.com/infrastructureclub/open-house-london-images/master/images/2026/2059/building_2059_chapel-etching-1883_409e5e73f8ff3125a2a108df301aed2b.jpg",
                        "title": "Photo of The Hospital Chapel of St Mary & St Thomas"
                    },
                    {
                        "archive_url": "https://raw.githubusercontent.com/infrastructureclub/open-house-london-images/master/images/2026/2059/building_2059_gresham-badges_3c98c0e07b25fb2f71f6a76dc6d6bb3d.jpg",
                        "title": "Photo of The Hospital Chapel of St Mary & St Thomas"
                    }
                ],
                "name": "The Hospital Chapel of St Mary & St Thomas",
                "new_venue_this_year": "No",
                "start": "10:00:00",
                "ticketed_events": "No",
                "url": "https://programme.openhouse.org.uk/listings/2059"
            },
            "type": "Feature"
        },
        {
            "geometry": {
                "coordinates": [
                    -0.13911,
                    51.50853
                ],
                "type": "Point"
            },
            "properties": {
                "balloted": "No",
                "description": "The world's oldest active biological society. Founded in 1788, the Society takes its name from the Swedish naturalist Carl Linnaeus whose botanical, zoological and library collections have been in its keeping since 1829.",
                "end": "17:00:00",
                "fully_booked": "",
                "images": [
                    {
                        "archive_url": "https://raw.githubusercontent.com/infrastructureclub/open-house-london-images/master/images/2026/2074/building_2074_20230309_staircaselaunch_prints_01_959068ebfadae23a8ed669def6d6d391.jpg",
                        "title": "Linnean Society of London"
                    },
                    {
                        "archive_url": "https://raw.githubusercontent.com/infrastructureclub/open-house-london-images/master/images/2026/2074/building_2074_linnean-councilroom-details-16_b15ddb64cf932140f3f7db7616d7bc77.jpg",
                        "title": "Linnean Society of London"
                    },
                    {
                        "archive_url": "https://raw.githubusercontent.com/infrastructureclub/open-house-london-images/master/images/2026/2074/building_2074_linnean-foyer-details-23_643853231a843393af6077cad4bb0bc3.jpg",
                        "title": "Linnean Society of London"
                    },
                    {
                        "archive_url": "https://raw.githubusercontent.com/infrastructureclub/open-house-london-images/master/images/2026/2074/building_2074_linnean-library-details-118_d6fc522f1aabbf9a405982ebac30edc7.jpg",
                        "title": "Linnean Society of London"
                    },
                    {
                        "archive_url": "https://raw.githubusercontent.com/infrastructureclub/open-house-london-images/master/images/2026/2074/building_2074_linnean-meetingroom-details-23_08d1ea72a797e8259d17f63e52f1a7a9.jpg",
                        "title": "Linnean Society of London"
                    },
                    {
                        "archive_url": "https://raw.githubusercontent.com/infrastructureclub/open-house-london-images/master/images/2026/2074/building_2074_linnean-meetingroom-6_3edf04d69959e498f9a46ef878261485.jpg",
                        "title": "Linnean Society of London"
                    },
                    {
                        "archive_url": "https://raw.githubusercontent.com/infrastructureclub/open-house-london-images/master/images/2026/2074/building_2074_library_j-e-smith-portrait_globes_ffa5f5545c4e89ca2827ba7209ed9510.jpg",
                        "title": "Linnean Society of London"
                    },
                    {
                        "archive_url": "https://raw.githubusercontent.com/infrastructureclub/open-house-london-images/master/images/2026/2074/building_2074_ferussac_octopus_print_openhouse_6ac77eaacda29afac716d7bead98ace3.jpg",
                        "title": "Linnean Society of London"
                    },
                    {
                        "archive_url": "https://raw.githubusercontent.com/infrastructureclub/open-house-london-images/master/images/2026/2074/building_2074_column-cornice_28408fbfc1dae9895a36eaa9b3f7b141.jpg",
                        "title": "Linnean Society of London"
                    },
                    {
                        "archive_url": "https://raw.githubusercontent.com/infrastructureclub/open-house-london-images/master/images/2026/2074/building_2074_library-portrait_2020_ed740a62acd1783b37ee15e28fc1b4b1.jpg",
                        "title": "Linnean Society of London"
                    }
                ],
                "name": "Burlington House: Linnean Society of London",
                "new_venue_this_year": "No",
                "start": "10:00:00",
                "ticketed_events": "No",
                "url": "https://programme.openhouse.org.uk/listings/2074"
            },
            "type": "Feature"
        },
        {
            "geometry": {
                "coordinates": [
                    -0.1827407,
                    51.5653652
                ],
                "type": "Point"
            },
            "properties": {
                "balloted": "No",
                "description": "800ft long Grade II* listed pergola is designed in one of London's secret gardens at the rear of Inverforth House, Lord Leverhulme's London residence (1904-25).",
                "end": "12:30:00",
                "fully_booked": "Yes",
                "images": [
                    {
                        "archive_url": "https://raw.githubusercontent.com/infrastructureclub/open-house-london-images/master/images/2026/2106/building_2106_img_5498_c50853764d51e9c6a768331a82ae4937.jpeg",
                        "title": "Photo of Hampstead Heath Pergola"
                    },
                    {
                        "archive_url": "https://raw.githubusercontent.com/infrastructureclub/open-house-london-images/master/images/2026/2106/building_2106_img_5507_6f45c36f1c90ac422e412d9e20f396f7.jpeg",
                        "title": "Photo of Hampstead Heath Pergola"
                    },
                    {
                        "archive_url": "https://raw.githubusercontent.com/infrastructureclub/open-house-london-images/master/images/2026/2106/building_2106_img_5510_ef4ad9e4ebb38d0e5241e568eb92e6de.jpeg",
                        "title": "Photo of Hampstead Heath Pergola"
                    },
                    {
                        "archive_url": "https://raw.githubusercontent.com/infrastructureclub/open-house-london-images/master/images/2026/2106/building_2106_img_5543_36f15eaba5103b2a4dcc30fe3502fdaa.jpeg",
                        "title": "Photo of Hampstead Heath Pergola"
                    }
                ],
                "name": "Hampstead Heath Pergola",
                "new_venue_this_year": "Yes",
                "start": "11:00:00",
                "ticketed_events": "Yes",
                "url": "https://programme.openhouse.org.uk/listings/2106"
            },
            "type": "Feature"
        },
        {
            "geometry": {
                "coordinates": [
                    -0.13235,
                    51.50593
                ],
                "type": "Point"
            },
            "properties": {
                "balloted": "No",
                "description": "A spectacular Grade I listed building designed by famed architect John Nash. Built in 1831, these former townhouses have undergone refurbishments throughout their history. The building is now home to the UK's national science academy.",
                "end": "17:00:00",
                "fully_booked": "",
                "images": [
                    {
                        "archive_url": "https://raw.githubusercontent.com/infrastructureclub/open-house-london-images/master/images/2026/2135/building_2135_3345_004-small_916147cabe65f48ee960f7b957c4900c.jpg",
                        "title": "Photo of The Royal Society"
                    },
                    {
                        "archive_url": "https://raw.githubusercontent.com/infrastructureclub/open-house-london-images/master/images/2026/2135/building_2135_royal-society-high-res-7_cace5885c4c0b32055c89faf91ce4ad1.jpg",
                        "title": "Photo of The Royal Society"
                    },
                    {
                        "archive_url": "https://raw.githubusercontent.com/infrastructureclub/open-house-london-images/master/images/2026/2135/building_2135_city_of_london_224028a9f133330c70b15ad9e9884738.jpg",
                        "title": "The Royal Society"
                    },
                    {
                        "archive_url": "https://raw.githubusercontent.com/infrastructureclub/open-house-london-images/master/images/2026/2135/building_2135_wolfson_one_c0aeefb1b8c3e2db7c7409350f10d4fe.jpg",
                        "title": "The Royal Society"
                    },
                    {
                        "archive_url": "https://raw.githubusercontent.com/infrastructureclub/open-house-london-images/master/images/2026/2135/building_2135_marble_hall-big_52f19ac39f71f56c574f84afd0e41c6a.jpg",
                        "title": "The Royal Society"
                    }
                ],
                "name": "The Royal Society",
                "new_venue_this_year": "No",
                "start": "10:00:00",
                "ticketed_events": "No",
                "url": "https://programme.openhouse.org.uk/listings/2135"
            },
            "type": "Feature"
        },
        {
            "geometry": {
                "coordinates": [
                    -0.17294,
                    51.54231
                ],
                "type": "Point"
            },
            "properties": {
                "balloted": "No",
                "description": "Grade II listed building by a renowned Modernist which has been refurbished and remodelled whilst protecting the building's landmark status.",
                "end": "16:00:00",
                "fully_booked": "",
                "images": [
                    {
                        "archive_url": "https://raw.githubusercontent.com/infrastructureclub/open-house-london-images/master/images/2026/2179/building_2179_2005-swiss-cottage-library-14_f155419855e74c1eb72e630d481c392a.jpg",
                        "title": "Photo of Swiss Cottage Library"
                    }
                ],
                "name": "Swiss Cottage Library",
                "new_venue_this_year": "No",
                "start": "11:10:00",
                "ticketed_events": "No",
                "url": "https://programme.openhouse.org.uk/listings/2179"
            },
            "type": "Feature"
        },
        {
            "geometry": {
                "coordinates": [
                    0.00894,
                    51.50862
                ],
                "type": "Point"
            },
            "properties": {
                "balloted": "No",
                "description": "Home to London's only lighthouse, fine stock buildings, examples of the innovative Container City buildings and SS Robin, the world’s only surviving complete\r\nVictorian steamship. This former buoy manufacturing site is now a centre for the creative industries with various sculptures and installations.",
                "end": "17:00:00",
                "fully_booked": "No",
                "images": [
                    {
                        "archive_url": "https://raw.githubusercontent.com/infrastructureclub/open-house-london-images/master/images/2026/2205/building_2205_web-size-aerial-drone-tbw-2024-1-copy_f14096fc7e696aad476a5fad31b60ab4.jpg",
                        "title": "Photo of Trinity Buoy Wharf/Container City"
                    },
                    {
                        "archive_url": "https://raw.githubusercontent.com/infrastructureclub/open-house-london-images/master/images/2026/2205/building_2205_credit-harry-dwyer-3_0748fbe3e348214949b50af301670c10.jpg",
                        "title": "Photo of Trinity Buoy Wharf/Container City"
                    },
                    {
                        "archive_url": "https://raw.githubusercontent.com/infrastructureclub/open-house-london-images/master/images/2026/2205/building_2205_edited-trinity-buoy-wharf-lighthouse_dae022228ce9ba089ce5d3627a161aa9.jpg",
                        "title": "Photo of Trinity Buoy Wharf/Container City"
                    },
                    {
                        "archive_url": "https://raw.githubusercontent.com/infrastructureclub/open-house-london-images/master/images/2026/2205/building_2205_trinity-buoy-wharf-11_e0d6b8d3b2581db49fd8e02c2ba6fa54.jpg",
                        "title": "Photo of Trinity Buoy Wharf/Container City"
                    },
                    {
                        "archive_url": "https://raw.githubusercontent.com/infrastructureclub/open-house-london-images/master/images/2026/2205/building_2205_trinity-buoy-wharf-3_ed68af16d09e30d669f2d5a68c920d5a.jpg",
                        "title": "Photo of Trinity Buoy Wharf/Container City"
                    },
                    {
                        "archive_url": "https://raw.githubusercontent.com/infrastructureclub/open-house-london-images/master/images/2026/2205/building_2205_the-orchard-cafe_657f58ada302190ee51c50c5383fdd58.jpg",
                        "title": "Photo of Trinity Buoy Wharf/Container City"
                    }
                ],
                "name": "Trinity Buoy Wharf/Container City",
                "new_venue_this_year": "No",
                "start": "11:00:00",
                "ticketed_events": "Yes",
                "url": "https://programme.openhouse.org.uk/listings/2205"
            },
            "type": "Feature"
        },
        {
            "geometry": {
                "coordinates": [
                    -0.09962,
                    51.50562
                ],
                "type": "Point"
            },
            "properties": {
                "balloted": "No",
                "description": "Allies and Morrison opens its studios, offering a chance to see inside of one of the UK's largest architecture and urbanism practices. Two buildings - one concrete, one timber - have been designed and adapted by Allies and Morrison to create the compact, integrated campus of studio space that the practice calls home. Guided tours will include the workplaces, terraces and modelshop.",
                "end": "17:00:00",
                "fully_booked": "",
                "images": [
                    {
                        "archive_url": "https://raw.githubusercontent.com/infrastructureclub/open-house-london-images/master/images/2026/2223/building_2223_openhouse2017_alliesandmorrison_image05_nickguttridge_288a8a20cbd9f02a45bf820246d01d28.jpg",
                        "title": "Nick Guttridge"
                    },
                    {
                        "archive_url": "https://raw.githubusercontent.com/infrastructureclub/open-house-london-images/master/images/2026/2223/building_2223_openhouse2017_alliesandmorrison_image01_dennisgilbert_fc6e32e2c399cac52c3b330ebeef6e83.jpg",
                        "title": "Dennis Gilbert"
                    },
                    {
                        "archive_url": "https://raw.githubusercontent.com/infrastructureclub/open-house-london-images/master/images/2026/2223/building_2223_openhouse2017_alliesandmorrison_image04_nickguttridge_be906ebf3ac4f1d4c025e3225274803f.jpg",
                        "title": "Nick Guttridge"
                    },
                    {
                        "archive_url": "https://raw.githubusercontent.com/infrastructureclub/open-house-london-images/master/images/2026/2223/building_2223_openhouse2017_alliesandmorrison_image07_nickguttridge_7f7558c09115d696ed7fd5246dba117b.jpg",
                        "title": "Nick Guttridge"
                    },
                    {
                        "archive_url": "https://raw.githubusercontent.com/infrastructureclub/open-house-london-images/master/images/2026/2223/building_2223_02_credit-dennis-gilbert_988061c05cec56e9cafe7203015f050e.jpg",
                        "title": "Dennis Gilbert"
                    },
                    {
                        "archive_url": "https://raw.githubusercontent.com/infrastructureclub/open-house-london-images/master/images/2026/2223/building_2223_03_credit-nick-guttridge_8edf9683ef430b684ad19213f60d6695.jpg",
                        "title": "Nick Guttridge"
                    },
                    {
                        "archive_url": "https://raw.githubusercontent.com/infrastructureclub/open-house-london-images/master/images/2026/2223/building_2223_04_credit-nick-guttridge_01c5c3de59439d24851c5f5e674945bb.jpg",
                        "title": "Nick Guttridge"
                    },
                    {
                        "archive_url": "https://raw.githubusercontent.com/infrastructureclub/open-house-london-images/master/images/2026/2223/building_2223_000_04_n5_powerpoint-1_c242c44aa5c4fc1bf9b11505680c8b4d.jpg",
                        "title": "Photo of Allies and Morrison Open Studio"
                    },
                    {
                        "archive_url": "https://raw.githubusercontent.com/infrastructureclub/open-house-london-images/master/images/2026/2223/building_2223_000_n490_powerpoint_117f02f14bcbb56327315c030603c463.jpg",
                        "title": "Photo of Allies and Morrison Open Studio"
                    }
                ],
                "name": "Allies and Morrison Open Studio",
                "new_venue_this_year": "No",
                "start": "10:00:00",
                "ticketed_events": "No",
                "url": "https://programme.openhouse.org.uk/listings/2223"
            },
            "type": "Feature"
        },
        {
            "geometry": {
                "coordinates": [
                    -0.10258,
                    51.54478
                ],
                "type": "Point"
            },
            "properties": {
                "balloted": "No",
                "description": "A Grade I and II*  listed architectural gem that’s home to an inclusive non-conformist church, an award winning venue, a rare and historic pipe organ, Sunday School Hall community hub, and The Margins Project supporting those facing homelessness and pertinent social justice issues.",
                "end": "21:00:00",
                "fully_booked": "No",
                "images": [
                    {
                        "archive_url": "https://raw.githubusercontent.com/infrastructureclub/open-house-london-images/master/images/2026/2230/building_2230_2021_live_at_chapel_jb_-150-2james-bridle_9370bbd75f6dc4db5378535838abbb66.jpg",
                        "title": "Photo of Union Chapel"
                    },
                    {
                        "archive_url": "https://raw.githubusercontent.com/infrastructureclub/open-house-london-images/master/images/2026/2230/building_2230_ucb-11_98d1cac2d69de806e8157e2ff84554ed.jpg",
                        "title": "Photo of Union Chapel"
                    },
                    {
                        "archive_url": "https://raw.githubusercontent.com/infrastructureclub/open-house-london-images/master/images/2026/2230/building_2230_rsz_web_chapel-0935_dd79f52fa8af0c70123ea65db9bbffe6.jpg",
                        "title": "Daniela Sbrisny"
                    },
                    {
                        "archive_url": "https://raw.githubusercontent.com/infrastructureclub/open-house-london-images/master/images/2026/2230/building_2230_kenji-takahashi-ucp-chapel_249_21c75a906df532982fdc737eab444edd.jpg",
                        "title": "Kenji Takahashi"
                    },
                    {
                        "archive_url": "https://raw.githubusercontent.com/infrastructureclub/open-house-london-images/master/images/2026/2230/building_2230_ssh-june-2026-4_f29dd469b012b59a808e119c4c7c88c0.jpg",
                        "title": "Photo of Union Chapel"
                    },
                    {
                        "archive_url": "https://raw.githubusercontent.com/infrastructureclub/open-house-london-images/master/images/2026/2230/building_2230_dsc03766-credit-kaviz_photographic_fb68fe064db7e1695daf8d99bd562745.jpg",
                        "title": "Photo of Union Chapel"
                    },
                    {
                        "archive_url": "https://raw.githubusercontent.com/infrastructureclub/open-house-london-images/master/images/2026/2230/building_2230_untitled-4575-by-david-peach_c207784fdb4534f1efa2e4b633aa4ab6.jpg",
                        "title": "Photo of Union Chapel"
                    },
                    {
                        "archive_url": "https://raw.githubusercontent.com/infrastructureclub/open-house-london-images/master/images/2026/2230/building_2230_open-day-2023-guided-tour-3-union-chapel-credit-nicola-and-len-morcombe_bcd85ae0efba80711430bb090bd743e9.jpg",
                        "title": "Photo of Union Chapel"
                    },
                    {
                        "archive_url": "https://raw.githubusercontent.com/infrastructureclub/open-house-london-images/master/images/2026/2230/building_2230_open-day-2023-woofyt-1-union-chapel-credit-nicola-and-len-morcombe_3e69e7afc19a9d77d3673ff80faa0865.jpg",
                        "title": "Photo of Union Chapel"
                    },
                    {
                        "archive_url": "https://raw.githubusercontent.com/infrastructureclub/open-house-london-images/master/images/2026/2230/building_2230_open-day-2023-jeremiah-organ-recital-student-1-union-chapel-credit-nicola-and-len-morcombe_57122552a5e8f4bb4303ea2822477f8a.jpg",
                        "title": "Photo of Union Chapel"
                    }
                ],
                "name": "Union Chapel",
                "new_venue_this_year": "No",
                "start": "11:00:00",
                "ticketed_events": "Yes",
                "url": "https://programme.openhouse.org.uk/listings/2230"
            },
            "type": "Feature"
        },
        {
            "geometry": {
                "coordinates": [
                    -0.14285,
                    51.5168
                ],
                "type": "Point"
            },
            "properties": {
                "balloted": "No",
                "description": "The University of Westminster was one of the first polytechnics in the UK – established in 1838, to educate the working people of London, regardless of background and financial status. Housed in the building is the Regent Street Cinema, widely regarded as the ‘birthplace of British cinema’, with the first public premiere of film in the UK by the Lumière Brothers using the Cinématographe in 1896.",
                "end": "15:00:00",
                "fully_booked": "Yes",
                "images": [
                    {
                        "archive_url": "https://raw.githubusercontent.com/infrastructureclub/open-house-london-images/master/images/2026/2244/building_2244_cinema_3dc1a78bb4a2227b5e83ac664904683e.jpg",
                        "title": "Photo of Regent Street Cinema (The University of Westminster)"
                    },
                    {
                        "archive_url": "https://raw.githubusercontent.com/infrastructureclub/open-house-london-images/master/images/2026/2244/building_2244_resize_regent_street-fw_03c573104c466e2bf32e6a27aafebdcd.png",
                        "title": "Photo of Regent Street Cinema (The University of Westminster)"
                    }
                ],
                "name": "Regent Street Cinema (The University of Westminster)",
                "new_venue_this_year": "No",
                "start": "10:00:00",
                "ticketed_events": "Yes",
                "url": "https://programme.openhouse.org.uk/listings/2244"
            },
            "type": "Feature"
        },
        {
            "geometry": {
                "coordinates": [
                    -0.1437,
                    51.51825
                ],
                "type": "Point"
            },
            "properties": {
                "balloted": "No",
                "description": "First ever purpose-built broadcast centre in UK, and a jewel of Art Deco design with original artworks by sculptor Eric Gill. \r\nRemodelled and extended in 2006/2013 by architects MacCormac Jamieson and Prichard/Sheppard Robson.",
                "end": "17:00:00",
                "fully_booked": "Yes",
                "images": [
                    {
                        "archive_url": "https://raw.githubusercontent.com/infrastructureclub/open-house-london-images/master/images/2026/2292/building_2292_bbc-broadcasting-house-7-credit-bbc_1a64cdaae1d1dfc55520b0c0f6f5b17b.jpg",
                        "title": "BBC"
                    },
                    {
                        "archive_url": "https://raw.githubusercontent.com/infrastructureclub/open-house-london-images/master/images/2026/2292/building_2292_broadcasthouse-aerial-jeff-overs_b8fb5c694536c7c1c45d487aa6fa3089.jpg",
                        "title": "BBC"
                    }
                ],
                "name": "BBC Broadcasting House",
                "new_venue_this_year": "No",
                "start": "09:30:00",
                "ticketed_events": "Yes",
                "url": "https://programme.openhouse.org.uk/listings/2292"
            },
            "type": "Feature"
        },
        {
            "geometry": {
                "coordinates": [
                    -0.23263,
                    51.43312
                ],
                "type": "Point"
            },
            "properties": {
                "balloted": "No",
                "description": "Rare example of a hollow post mill (1817). Grade II* listed, it now contains a museum depicting the history and development of windmills in Britain. Many working models, windmill machinery, equipment and tools.",
                "end": "17:00:00",
                "fully_booked": "",
                "images": [
                    {
                        "archive_url": "https://raw.githubusercontent.com/infrastructureclub/open-house-london-images/master/images/2026/2396/building_2396_wimbledon-windmill-a_60723a9db5cf094360076c9b2916de14.jpg",
                        "title": "Dudley Smith"
                    },
                    {
                        "archive_url": "https://raw.githubusercontent.com/infrastructureclub/open-house-london-images/master/images/2026/2396/building_2396_the-windmill-as-it-was-in-its-working-days_67333b71460ae417d3cec1cea2f1d9ef.jpg",
                        "title": "Dudley Smith"
                    },
                    {
                        "archive_url": "https://raw.githubusercontent.com/infrastructureclub/open-house-london-images/master/images/2026/2396/building_2396_part-of-the-tool-collection_05d3a59b7b0a0def0082eb588cc9589a.jpg",
                        "title": "Dudley Smith"
                    }
                ],
                "name": "Wimbledon Windmill Museum",
                "new_venue_this_year": "No",
                "start": "14:00:00",
                "ticketed_events": "No",
                "url": "https://programme.openhouse.org.uk/listings/2396"
            },
            "type": "Feature"
        },
        {
            "geometry": {
                "coordinates": [
                    -0.1937,
                    51.67215
                ],
                "type": "Point"
            },
            "properties": {
                "balloted": "No",
                "description": "A privately-owned Grade II listed Palladian mansion with grand interiors restored in 1883, set in 300 acres of parkland in the midst of 2,500 acres. Built for Admiral The Hon. John Byng.",
                "end": "16:45:00",
                "fully_booked": "Yes",
                "images": [
                    {
                        "archive_url": "https://raw.githubusercontent.com/infrastructureclub/open-house-london-images/master/images/2026/2418/building_2418_mansion-rear-3_5bd7285427e401f6295aa2012fac66c6.jpg",
                        "title": "Photo of Wrotham Park"
                    },
                    {
                        "archive_url": "https://raw.githubusercontent.com/infrastructureclub/open-house-london-images/master/images/2026/2418/building_2418_drawing-room_277e84efebc072f73fe158fe2979977c.jpg",
                        "title": "Photo of Wrotham Park"
                    },
                    {
                        "archive_url": "https://raw.githubusercontent.com/infrastructureclub/open-house-london-images/master/images/2026/2418/building_2418_main-staircase_5d8e6e54918a1e9e6c5edcbac630182f.jpg",
                        "title": "Photo of Wrotham Park"
                    }
                ],
                "name": "Wrotham Park",
                "new_venue_this_year": "No",
                "start": "10:00:00",
                "ticketed_events": "Yes",
                "url": "https://programme.openhouse.org.uk/listings/2418"
            },
            "type": "Feature"
        },
        {
            "geometry": {
                "coordinates": [
                    -0.08285,
                    51.65298
                ],
                "type": "Point"
            },
            "properties": {
                "balloted": "No",
                "description": "Grade ll Listed church, that has been much added to over the 800 years of its existence. We have  recently refurbished the organ which has a fine circa 1750s wooden organ case.  The Church has an eight-bell peal still in weekly use– the oldest bell dates from 1680.",
                "end": "16:00:00",
                "fully_booked": "",
                "images": [
                    {
                        "archive_url": "https://raw.githubusercontent.com/infrastructureclub/open-house-london-images/master/images/2026/2479/building_2479_dsc_0377_c996697c80ab084898dba4268652023a.JPG",
                        "title": "Jeremy Taylor"
                    },
                    {
                        "archive_url": "https://raw.githubusercontent.com/infrastructureclub/open-house-london-images/master/images/2026/2479/building_2479_wp_20170605_17_37_31_pro-2_5fcdab09b1a5e38d6985109e2c9b5fa6.jpg",
                        "title": "Jeremy Taylor"
                    },
                    {
                        "archive_url": "https://raw.githubusercontent.com/infrastructureclub/open-house-london-images/master/images/2026/2479/building_2479_dsc_0373_1f27b0713f33777fbcbe8d3d718d95ae.JPG",
                        "title": "Jeremy Taylor"
                    }
                ],
                "name": "Parish Church of St Andrew, Enfield",
                "new_venue_this_year": "No",
                "start": "10:00:00",
                "ticketed_events": "No",
                "url": "https://programme.openhouse.org.uk/listings/2479"
            },
            "type": "Feature"
        },
        {
            "geometry": {
                "coordinates": [
                    -0.26418,
                    51.5667
                ],
                "type": "Point"
            },
            "properties": {
                "balloted": "No",
                "description": "Meticulous 1930s rebuilding (complete with original furnishings) of an 1840s Marylebone church. Grade I listed. Contains works by Pugin, Burges, Street, Pearson and Butterfield.",
                "end": "17:00:00",
                "fully_booked": "",
                "images": [
                    {
                        "archive_url": "https://raw.githubusercontent.com/infrastructureclub/open-house-london-images/master/images/2026/2485/building_2485_church-outside-2_d94a309e1223ad2efd36f7b2a407d085.jpg",
                        "title": "Photo of St Andrew's Kingsbury (new church)"
                    },
                    {
                        "archive_url": "https://raw.githubusercontent.com/infrastructureclub/open-house-london-images/master/images/2026/2485/building_2485_church-inside_fe528ff6b01dd6f238aa8f330b3523ba.jpg",
                        "title": "Photo of St Andrew's Kingsbury (new church)"
                    },
                    {
                        "archive_url": "https://raw.githubusercontent.com/infrastructureclub/open-house-london-images/master/images/2026/2485/building_2485_animal_d739962d4817f3488f540827945a9902.jpg",
                        "title": "Photo of St Andrew's Kingsbury (new church)"
                    },
                    {
                        "archive_url": "https://raw.githubusercontent.com/infrastructureclub/open-house-london-images/master/images/2026/2485/building_2485_font-english-heritage_1c8ea9c804d811a95a608e194a00eef4.jpg",
                        "title": "Photo of St Andrew's Kingsbury (new church)"
                    },
                    {
                        "archive_url": "https://raw.githubusercontent.com/infrastructureclub/open-house-london-images/master/images/2026/2485/building_2485_altar-oh_8efbeefa039963bd0f259b482f207153.jpg",
                        "title": "Photo of St Andrew's Kingsbury (new church)"
                    },
                    {
                        "archive_url": "https://raw.githubusercontent.com/infrastructureclub/open-house-london-images/master/images/2026/2485/building_2485_old-church-graveyard_157fab356e3bc65adf16b33fcee2201e.jpg",
                        "title": "Photo of St Andrew's Kingsbury (new church)"
                    },
                    {
                        "archive_url": "https://raw.githubusercontent.com/infrastructureclub/open-house-london-images/master/images/2026/2485/building_2485_view-from-graveyard_f55f6240620371b29a4bc870c093cf3c.jpg",
                        "title": "Photo of St Andrew's Kingsbury (new church)"
                    },
                    {
                        "archive_url": "https://raw.githubusercontent.com/infrastructureclub/open-house-london-images/master/images/2026/2485/building_2485_west-window_808b195f61a11fc2352a1541541e2849.jpg",
                        "title": "Photo of St Andrew's Kingsbury (new church)"
                    },
                    {
                        "archive_url": "https://raw.githubusercontent.com/infrastructureclub/open-house-london-images/master/images/2026/2485/building_2485_img_8470_11bd34f7a20f69a4c0e1be8bbd4aa8c0.jpg",
                        "title": "Photo of St Andrew's Kingsbury (new church)"
                    }
                ],
                "name": "St Andrew's Kingsbury (new church)",
                "new_venue_this_year": "No",
                "start": "11:00:00",
                "ticketed_events": "No",
                "url": "https://programme.openhouse.org.uk/listings/2485"
            },
            "type": "Feature"
        },
        {
            "geometry": {
                "coordinates": [
                    -0.1916647,
                    51.53353509999999
                ],
                "type": "Point"
            },
            "properties": {
                "balloted": "No",
                "description": "St. Augustine's, Kilburn affectionately known as 'The Cathedral of North London' was established in 1870. Fr. Kirkpatrick, the first Vicar, engaged John Loughborough Pearson as the architect with the result being what many consider one of his finest works. Externally in 1890 with the tower and spire it became the 2nd tallest building in London (now ecclesiastically 2nd to St. Paul's Cathedral).",
                "end": "16:00:00",
                "fully_booked": "No",
                "images": [
                    {
                        "archive_url": "https://raw.githubusercontent.com/infrastructureclub/open-house-london-images/master/images/2026/2490/building_2490_4444_2655fdea7a05994093f41aec7202ab94.jpg",
                        "title": "Photo of St Augustine's Church"
                    },
                    {
                        "archive_url": "https://raw.githubusercontent.com/infrastructureclub/open-house-london-images/master/images/2026/2490/building_2490_222-1_70cec86469aa256758388aff55a5d630.jpg",
                        "title": "Photo of St Augustine's Church"
                    }
                ],
                "name": "St Augustine's Church",
                "new_venue_this_year": "No",
                "start": "10:00:00",
                "ticketed_events": "Yes",
                "url": "https://programme.openhouse.org.uk/listings/2490"
            },
            "type": "Feature"
        },
        {
            "geometry": {
                "coordinates": [
                    -0.1088368,
                    51.4982463
                ],
                "type": "Point"
            },
            "properties": {
                "balloted": "No",
                "description": "A stunning cathedral in the heart of London. Discover the story of a forgotten masterpiece. Designed by Augustus Pugin and opened in 1848, the original cathedral was hailed as England's foremost Catholic church before an incendiary bomb devastated the building in 1941. Explore the history, architecture and legacy that shaped the Cathedral you see today—and discover its remarkable story.",
                "end": "17:00:00",
                "fully_booked": "",
                "images": [
                    {
                        "archive_url": "https://raw.githubusercontent.com/infrastructureclub/open-house-london-images/master/images/2026/2502/building_2502_img_0187_4febec197ee63a29b7807ca5e339120a.jpg",
                        "title": "Photo of St George's Cathedral"
                    },
                    {
                        "archive_url": "https://raw.githubusercontent.com/infrastructureclub/open-house-london-images/master/images/2026/2502/building_2502_main-window_11f4f975224831ec2e5fa997e412aafb.jpg",
                        "title": "Photo of St George's Cathedral"
                    },
                    {
                        "archive_url": "https://raw.githubusercontent.com/infrastructureclub/open-house-london-images/master/images/2026/2502/building_2502_img_0061_32417627487755744b2ec347dbcdf6b8.jpg",
                        "title": "Photo of St George's Cathedral"
                    },
                    {
                        "archive_url": "https://raw.githubusercontent.com/infrastructureclub/open-house-london-images/master/images/2026/2502/building_2502_img_9677_47352922219bd3a7561a8304ca4d81fd.jpg",
                        "title": "Photo of St George's Cathedral"
                    }
                ],
                "name": "St George's Cathedral",
                "new_venue_this_year": "Yes",
                "start": "10:00:00",
                "ticketed_events": "No",
                "url": "https://programme.openhouse.org.uk/listings/2502"
            },
            "type": "Feature"
        },
        {
            "geometry": {
                "coordinates": [
                    -0.08982,
                    51.47387
                ],
                "type": "Point"
            },
            "properties": {
                "balloted": "No",
                "description": "A large Grade II* listed parish church - built in 1844 it was one of the first churches designed by George Gilbert Scott (St Pancras Station), grandfather of Giles Gilbert Scott (Tate Modern). The church replaced an older medieval church which burned down. \r\n\r\nKey features include the magnificent east window by Ruskin and a Wesley designed organ that is most famous as the origin of ORGANOKE.",
                "end": "15:00:00",
                "fully_booked": "",
                "images": [
                    {
                        "archive_url": "https://raw.githubusercontent.com/infrastructureclub/open-house-london-images/master/images/2026/2505/building_2505_st-giles-parish-church_1_2a1b11778f9e3c2879ca8e2aa396e019.jpg",
                        "title": "Photo of St Giles Parish Church, Camberwell"
                    },
                    {
                        "archive_url": "https://raw.githubusercontent.com/infrastructureclub/open-house-london-images/master/images/2026/2505/building_2505_web_st-giles-parish-church_2_9c7052ef87ed0944d5d032f7df57171c.jpg",
                        "title": "Photo of St Giles Parish Church, Camberwell"
                    },
                    {
                        "archive_url": "https://raw.githubusercontent.com/infrastructureclub/open-house-london-images/master/images/2026/2505/building_2505_web_st-giles-parish-church_17_39eda9898e100ebb4eb0ac821352f4ac.jpg",
                        "title": "Photo of St Giles Parish Church, Camberwell"
                    },
                    {
                        "archive_url": "https://raw.githubusercontent.com/infrastructureclub/open-house-london-images/master/images/2026/2505/building_2505_web_st-giles-parish-church_5_d934d6202852586d922bbade46ffaccb.jpg",
                        "title": "Photo of St Giles Parish Church, Camberwell"
                    },
                    {
                        "archive_url": "https://raw.githubusercontent.com/infrastructureclub/open-house-london-images/master/images/2026/2505/building_2505_web_st-giles-parish-church_18_3a277797c59539469fce8f4dab2d09bb.jpg",
                        "title": "Photo of St Giles Parish Church, Camberwell"
                    },
                    {
                        "archive_url": "https://raw.githubusercontent.com/infrastructureclub/open-house-london-images/master/images/2026/2505/building_2505_web_st-giles-parish-church_11_3856c87e5661c4140193b123dfd1d08b.jpg",
                        "title": "Photo of St Giles Parish Church, Camberwell"
                    },
                    {
                        "archive_url": "https://raw.githubusercontent.com/infrastructureclub/open-house-london-images/master/images/2026/2505/building_2505_web_st-giles-parish-church_13_c1362a7bf7e9aef7b81216820875ce68.jpg",
                        "title": "Photo of St Giles Parish Church, Camberwell"
                    },
                    {
                        "archive_url": "https://raw.githubusercontent.com/infrastructureclub/open-house-london-images/master/images/2026/2505/building_2505_web_st-giles-parish-church_22_2b85615765b96d743c9b3cfacd1d23d1.jpg",
                        "title": "Photo of St Giles Parish Church, Camberwell"
                    },
                    {
                        "archive_url": "https://raw.githubusercontent.com/infrastructureclub/open-house-london-images/master/images/2026/2505/building_2505_img_2095_77de2d69cfd5d49eddc7722d59aecba3.jpg",
                        "title": "Photo of St Giles Parish Church, Camberwell"
                    },
                    {
                        "archive_url": "https://raw.githubusercontent.com/infrastructureclub/open-house-london-images/master/images/2026/2505/building_2505_clock-workings-2v2_e39432e2f99dcf9b580a528bfd26de9f.jpg",
                        "title": "Photo of St Giles Parish Church, Camberwell"
                    }
                ],
                "name": "St Giles Parish Church, Camberwell",
                "new_venue_this_year": "No",
                "start": "10:00:00",
                "ticketed_events": "No",
                "url": "https://programme.openhouse.org.uk/listings/2505"
            },
            "type": "Feature"
        },
        {
            "geometry": {
                "coordinates": [
                    0.19029,
                    51.51843
                ],
                "type": "Point"
            },
            "properties": {
                "balloted": "No",
                "description": "Grade I listed Norman church with notable chancel arch with chevron and nailhead ornament, built by Richard De Lucy.",
                "end": "16:00:00",
                "fully_booked": "",
                "images": [
                    {
                        "archive_url": "https://raw.githubusercontent.com/infrastructureclub/open-house-london-images/master/images/2026/2507/building_2507_rainham-parish-church_28_06639682dfb3d5647ed4972ded5c1447.jpg",
                        "title": "Alan Dell"
                    },
                    {
                        "archive_url": "https://raw.githubusercontent.com/infrastructureclub/open-house-london-images/master/images/2026/2507/building_2507_rainham-church-for-puzzle_b023100451d8c1100049cf3c3394c568.jpg",
                        "title": "Alan Dell"
                    },
                    {
                        "archive_url": "https://raw.githubusercontent.com/infrastructureclub/open-house-london-images/master/images/2026/2507/building_2507_rainham-parish-church_12_bbe588586c1573866d7eaa660f5f627a.jpg",
                        "title": "Alan Dell"
                    },
                    {
                        "archive_url": "https://raw.githubusercontent.com/infrastructureclub/open-house-london-images/master/images/2026/2507/building_2507_rainham-parish-church_7_8hdr-web_d8b78e29175ec7f92491ccc7cbacb6a2.jpg",
                        "title": "Alan Dell"
                    },
                    {
                        "archive_url": "https://raw.githubusercontent.com/infrastructureclub/open-house-london-images/master/images/2026/2507/building_2507_rainham-parish-church_9_7e624271578fb2b8c3f148847cbbcefc.jpg",
                        "title": "Alan Dell"
                    },
                    {
                        "archive_url": "https://raw.githubusercontent.com/infrastructureclub/open-house-london-images/master/images/2026/2507/building_2507_rainham-parish-church_d1a8ad90f8f6d9cad779e40300c489be.jpg",
                        "title": "Alan Dell"
                    },
                    {
                        "archive_url": "https://raw.githubusercontent.com/infrastructureclub/open-house-london-images/master/images/2026/2507/building_2507_rainham-parish-church_2_051697bef090efff22e7c37a67b5e353.jpg",
                        "title": "Alan Dell"
                    },
                    {
                        "archive_url": "https://raw.githubusercontent.com/infrastructureclub/open-house-london-images/master/images/2026/2507/building_2507_rainham-parish-church_32_66b70a7c22d1b54b1e48deedfaa86f46.jpg",
                        "title": "Alan Dell"
                    },
                    {
                        "archive_url": "https://raw.githubusercontent.com/infrastructureclub/open-house-london-images/master/images/2026/2507/building_2507_rainham-parish-church_25_5c220c38013129efafd49e22f427af52.jpg",
                        "title": "Alan Dell"
                    }
                ],
                "name": "Rainham Parish Church of St Helen and St Giles",
                "new_venue_this_year": "No",
                "start": "10:00:00",
                "ticketed_events": "No",
                "url": "https://programme.openhouse.org.uk/listings/2507"
            },
            "type": "Feature"
        },
        {
            "geometry": {
                "coordinates": [
                    -0.13496,
                    51.49082
                ],
                "type": "Point"
            },
            "properties": {
                "balloted": "No",
                "description": "One of London's best Victorian churches and a key building in the history of the Gothic Revival. Polychromatic brickwork, with interior art work by G.F. Watts and Thomas Earp, and stained glass windows and painted ceiling by Clayton and Bell. The building is Grade I listed.",
                "end": "15:00:00",
                "fully_booked": "",
                "images": [
                    {
                        "archive_url": "https://raw.githubusercontent.com/infrastructureclub/open-house-london-images/master/images/2026/2508/building_2508_pimlico-ext-10-from-sw-2-2000x2000_18f05bb8d928e42ac567f28e1db2fbab.jpg",
                        "title": "Colin Kerr"
                    },
                    {
                        "archive_url": "https://raw.githubusercontent.com/infrastructureclub/open-house-london-images/master/images/2026/2508/building_2508_pimlico-ext-7-tower-base-entr-to-church-2000x2000_f3da4825c3402d13a05bef7715551cb5.jpg",
                        "title": "Colin Kerr"
                    },
                    {
                        "archive_url": "https://raw.githubusercontent.com/infrastructureclub/open-house-london-images/master/images/2026/2508/building_2508_i-must-be-about-my-father-s-business_314b4b16b0ce2594b895a5ad816a6897.jpg",
                        "title": "Lis Goddard"
                    },
                    {
                        "archive_url": "https://raw.githubusercontent.com/infrastructureclub/open-house-london-images/master/images/2026/2508/building_2508_sjtlmosaic_ddb788cf7f71d5948fdc42a3e48c046d.jpg",
                        "title": "Photo of St James the Less Church"
                    },
                    {
                        "archive_url": "https://raw.githubusercontent.com/infrastructureclub/open-house-london-images/master/images/2026/2508/building_2508_sanctuary_6a5dae4688d6972a9b920662a0343c07.jpg",
                        "title": "Photo of St James the Less Church"
                    },
                    {
                        "archive_url": "https://raw.githubusercontent.com/infrastructureclub/open-house-london-images/master/images/2026/2508/building_2508_st_james_the_less_church_pimlico_-_london-547x1024_30a1549a2ade17469a8cc5e0a0bace09.jpg",
                        "title": "Photo of St James the Less Church"
                    }
                ],
                "name": "St James the Less Church",
                "new_venue_this_year": "No",
                "start": "10:00:00",
                "ticketed_events": "No",
                "url": "https://programme.openhouse.org.uk/listings/2508"
            },
            "type": "Feature"
        },
        {
            "geometry": {
                "coordinates": [
                    0.05883790000000001,
                    51.5222513
                ],
                "type": "Point"
            },
            "properties": {
                "balloted": "No",
                "description": "Grade I listed 12C church, with London's largest churchyard and one of the best-preserved Norman archways in the country, as well as other interesting features, including an anchorite's cell and 750-year-old wall paintings.",
                "end": "15:00:00",
                "fully_booked": "",
                "images": [
                    {
                        "archive_url": "https://raw.githubusercontent.com/infrastructureclub/open-house-london-images/master/images/2026/2526/building_2526_st-marys-external-from-the-south_0c9470b8abf5ad83a941b51e299386a2.jpg",
                        "title": "Photo of St Mary Magdalene Church & Nature Reserve"
                    },
                    {
                        "archive_url": "https://raw.githubusercontent.com/infrastructureclub/open-house-london-images/master/images/2026/2526/building_2526_on-the-tower_2e5bed69a2b116d2b89756fc8c7d252d.jpg",
                        "title": "Photo of St Mary Magdalene Church & Nature Reserve"
                    },
                    {
                        "archive_url": "https://raw.githubusercontent.com/infrastructureclub/open-house-london-images/master/images/2026/2526/building_2526_high-street-south-gate-open-house-2025_8cc5e4eb088f3c29ac1d4c02b645cc48.jpg",
                        "title": "Photo of St Mary Magdalene Church & Nature Reserve"
                    },
                    {
                        "archive_url": "https://raw.githubusercontent.com/infrastructureclub/open-house-london-images/master/images/2026/2526/building_2526_interior-open-house-2025_50516b5e048406f0731e553e5fdf8803.jpg",
                        "title": "Photo of St Mary Magdalene Church & Nature Reserve"
                    },
                    {
                        "archive_url": "https://raw.githubusercontent.com/infrastructureclub/open-house-london-images/master/images/2026/2526/building_2526_north-jan-2025_e61ca6b837b421d8624578ca45b1a3b4.jpg",
                        "title": "Photo of St Mary Magdalene Church & Nature Reserve"
                    },
                    {
                        "archive_url": "https://raw.githubusercontent.com/infrastructureclub/open-house-london-images/master/images/2026/2526/building_2526_from-the-west-march-2026_3a5a2767b74dd99fbc9feef6769364c0.jpg",
                        "title": "Photo of St Mary Magdalene Church & Nature Reserve"
                    },
                    {
                        "archive_url": "https://raw.githubusercontent.com/infrastructureclub/open-house-london-images/master/images/2026/2526/building_2526_norman-west-door-1_5b570ff0c6fbd5e4923f1d04bf374811.jpg",
                        "title": "Photo of St Mary Magdalene Church & Nature Reserve"
                    },
                    {
                        "archive_url": "https://raw.githubusercontent.com/infrastructureclub/open-house-london-images/master/images/2026/2526/building_2526_norman-west-door-2_02113cb83943afaf2feb6696ab252630.jpg",
                        "title": "Photo of St Mary Magdalene Church & Nature Reserve"
                    },
                    {
                        "archive_url": "https://raw.githubusercontent.com/infrastructureclub/open-house-london-images/master/images/2026/2526/building_2526_norman-window-on-north-wall_3aabb214931e749eb11a486a21c90331.jpg",
                        "title": "Photo of St Mary Magdalene Church & Nature Reserve"
                    },
                    {
                        "archive_url": "https://raw.githubusercontent.com/infrastructureclub/open-house-london-images/master/images/2026/2526/building_2526_sanctuary_d262c1132191c4d04cdd277b3030c23b.jpg",
                        "title": "Photo of St Mary Magdalene Church & Nature Reserve"
                    },
                    {
                        "archive_url": "https://raw.githubusercontent.com/infrastructureclub/open-house-london-images/master/images/2026/2526/building_2526_statue-mary-magdalene-and-neville-monument_e8e72cb7ea1ee4f0de21eef5d2cac2be.jpg",
                        "title": "Photo of St Mary Magdalene Church & Nature Reserve"
                    },
                    {
                        "archive_url": "https://raw.githubusercontent.com/infrastructureclub/open-house-london-images/master/images/2026/2526/building_2526_norman-west-doorway-arch-detail_f81a253c0ecc71641bc12fda9bc95567.jpg",
                        "title": "Photo of St Mary Magdalene Church & Nature Reserve"
                    },
                    {
                        "archive_url": "https://raw.githubusercontent.com/infrastructureclub/open-house-london-images/master/images/2026/2526/building_2526_organ_6146d32e646f6c2db8c48a8a65d1b939.jpg",
                        "title": "Photo of St Mary Magdalene Church & Nature Reserve"
                    }
                ],
                "name": "St Mary Magdalene Church & Nature Reserve",
                "new_venue_this_year": "No",
                "start": "10:00:00",
                "ticketed_events": "No",
                "url": "https://programme.openhouse.org.uk/listings/2526"
            },
            "type": "Feature"
        },
        {
            "geometry": {
                "coordinates": [
                    -0.18939,
                    51.5224
                ],
                "type": "Point"
            },
            "properties": {
                "balloted": "No",
                "description": "Grade I Victorian Gothic church by G E Street, architect of the Royal Courts of Justice. The recent conservation project reveals the majestic colours of Daniel Bell's painted ceiling, plus Dow Jones Architects' contemporary heritage wing.",
                "end": "16:00:00",
                "fully_booked": "",
                "images": [
                    {
                        "archive_url": "https://raw.githubusercontent.com/infrastructureclub/open-house-london-images/master/images/2026/2527/building_2527_170123-rendered-smaller_33ba5bddf4171296ae569cfb7b137607.jpg",
                        "title": "Dow Jones Architects"
                    },
                    {
                        "archive_url": "https://raw.githubusercontent.com/infrastructureclub/open-house-london-images/master/images/2026/2527/building_2527_anthony-coleman-1-2019_676568314e0a05102349d41ae714c565.jpg",
                        "title": "Anthony Coleman"
                    },
                    {
                        "archive_url": "https://raw.githubusercontent.com/infrastructureclub/open-house-london-images/master/images/2026/2527/building_2527_anna-kunst-2019_e28376995bb75bdfd56d38c414f99594.jpg",
                        "title": "Anna Kunst"
                    },
                    {
                        "archive_url": "https://raw.githubusercontent.com/infrastructureclub/open-house-london-images/master/images/2026/2527/building_2527_anthony-coleman-2-2019_adb68c7cfde9337db6d1ebe3e6afbc97.jpg",
                        "title": "Anthony Coleman"
                    },
                    {
                        "archive_url": "https://raw.githubusercontent.com/infrastructureclub/open-house-london-images/master/images/2026/2527/building_2527_lloyd-evans-2-2019_bdc271975be4c58368539b6e60c8f238.jpg",
                        "title": "Lloyd Evans"
                    },
                    {
                        "archive_url": "https://raw.githubusercontent.com/infrastructureclub/open-house-london-images/master/images/2026/2527/building_2527_lloyd-evans-1-2019_d7138b680f2be9501eeea3416b18d818.jpg",
                        "title": "Lloyd Evans"
                    },
                    {
                        "archive_url": "https://raw.githubusercontent.com/infrastructureclub/open-house-london-images/master/images/2026/2527/building_2527__dsf7174_14dad90f8030a36e23bf7ef2e27d82e5.jpg",
                        "title": "Anthony Coleman"
                    },
                    {
                        "archive_url": "https://raw.githubusercontent.com/infrastructureclub/open-house-london-images/master/images/2026/2527/building_2527__dsc5123-2_2c3586a43d95098deaddce425520c9d9.jpg",
                        "title": "Anthony Coleman"
                    }
                ],
                "name": "Grand Junction at St Mary Magdalene Church, Paddington",
                "new_venue_this_year": "No",
                "start": "13:00:00",
                "ticketed_events": "No",
                "url": "https://programme.openhouse.org.uk/listings/2527"
            },
            "type": "Feature"
        },
        {
            "geometry": {
                "coordinates": [
                    -0.17138,
                    51.47864
                ],
                "type": "Point"
            },
            "properties": {
                "balloted": "No",
                "description": "During Open House, the Friends of Battersea Parish Church present a Floral Festival, organ recitals, historical displays, alongside 3 talks exploring history, creativity, sanctuary & Battersea’s radical past. Sat 12 Sept Dr. Peter Rumley at 6pm, Tues 15 Guy Stagg at 6.30pm,  Thurs 17 at 6.30pm Rory Walsh & Mike Squires.  Plus Join us for Choral Evensong amidst the flowers at St Mary’s Battersea.",
                "end": "16:00:00",
                "fully_booked": "No",
                "images": [
                    {
                        "archive_url": "https://raw.githubusercontent.com/infrastructureclub/open-house-london-images/master/images/2026/2533/building_2533_st-marys_a2b7ed70bb7cc4a5a26a096fb882503d.jpeg",
                        "title": "Photo of St Mary's Church, Battersea"
                    },
                    {
                        "archive_url": "https://raw.githubusercontent.com/infrastructureclub/open-house-london-images/master/images/2026/2533/building_2533_untitled-2-of-29_02c2a647df4611b359f3fff31d48a443.jpeg",
                        "title": "Photo of St Mary's Church, Battersea"
                    }
                ],
                "name": "St Mary's Church, Battersea",
                "new_venue_this_year": "No",
                "start": "10:00:00",
                "ticketed_events": "Yes",
                "url": "https://programme.openhouse.org.uk/listings/2533"
            },
            "type": "Feature"
        },
        {
            "geometry": {
                "coordinates": [
                    -0.13005,
                    51.53443
                ],
                "type": "Point"
            },
            "properties": {
                "balloted": "No",
                "description": "Dating from 11/12C and standing on the oldest site of Christian worship in London (3C). Inside is much 17C ornamentation and outstanding 6C Altar Stone, reputed to have belonged to St Augustine. Surrounding Churchyard, containing tombs of Sir John Soane, Mary Wollstonecraft and others, has been extensively restored and recently refurbished.",
                "end": "17:00:00",
                "fully_booked": "",
                "images": [
                    {
                        "archive_url": "https://raw.githubusercontent.com/infrastructureclub/open-house-london-images/master/images/2026/2552/building_2552_486415379_947815527516689_2532688105123204603_n_f7ce1d655b50c1c0f907ebd664397497.jpg",
                        "title": "Photo of St Pancras Old Church"
                    },
                    {
                        "archive_url": "https://raw.githubusercontent.com/infrastructureclub/open-house-london-images/master/images/2026/2552/building_2552_496255497_982100460754862_4944853070649324483_n_a0ba66c4a3880b912594e9d5826a2a14.jpg",
                        "title": "Photo of St Pancras Old Church"
                    },
                    {
                        "archive_url": "https://raw.githubusercontent.com/infrastructureclub/open-house-london-images/master/images/2026/2552/building_2552_whatsapp-image-2026-03-12-at-17-09-53_99dae6dbde0cccbc2c7d7ba63c439d3d.jpeg",
                        "title": "Photo of St Pancras Old Church"
                    }
                ],
                "name": "St Pancras Old Church",
                "new_venue_this_year": "No",
                "start": "10:00:00",
                "ticketed_events": "No",
                "url": "https://programme.openhouse.org.uk/listings/2552"
            },
            "type": "Feature"
        },
        {
            "geometry": {
                "coordinates": [
                    -0.10166,
                    51.48463
                ],
                "type": "Point"
            },
            "properties": {
                "balloted": "No",
                "description": "Modern architecture church with large copper and lead roof and concrete, brick and stained glass external structure. Marble, wood and plaster interior and artwork by Sculptor Freda Pinto and Gerald Holtom.",
                "end": "14:00:00",
                "fully_booked": "",
                "images": [
                    {
                        "archive_url": "https://raw.githubusercontent.com/infrastructureclub/open-house-london-images/master/images/2026/2556/building_2556_exteriorside_963b49c8b8f5fbe81f216efad67a1061.jpg",
                        "title": "St Paul's Church"
                    },
                    {
                        "archive_url": "https://raw.githubusercontent.com/infrastructureclub/open-house-london-images/master/images/2026/2556/building_2556_figure0741-084-b_25fc81df6e95d19183d756f2012b2aab.gif",
                        "title": "Photo of St Paul's, Newington"
                    },
                    {
                        "archive_url": "https://raw.githubusercontent.com/infrastructureclub/open-house-london-images/master/images/2026/2556/building_2556_stpaulsaltar_oh_04c71fb02cf0289f5ab5463ed23bda74.jpg",
                        "title": "St Paul's Church "
                    },
                    {
                        "archive_url": "https://raw.githubusercontent.com/infrastructureclub/open-house-london-images/master/images/2026/2556/building_2556_stpinner2-oh_c06683beb34b10e3ba058208f65b2a8f.jpg",
                        "title": "St Paul's Church"
                    },
                    {
                        "archive_url": "https://raw.githubusercontent.com/infrastructureclub/open-house-london-images/master/images/2026/2556/building_2556_img_20200117_134620_903622a70744f68faf532134d40b4c76.jpg",
                        "title": "Photo of St Paul's, Newington"
                    },
                    {
                        "archive_url": "https://raw.githubusercontent.com/infrastructureclub/open-house-london-images/master/images/2026/2556/building_2556_mainbalconyinterior_c06826737a50a8be55008d4ce145582e.jpg",
                        "title": "St Paul's Church"
                    },
                    {
                        "archive_url": "https://raw.githubusercontent.com/infrastructureclub/open-house-london-images/master/images/2026/2556/building_2556_windowcrossinterior_f3810e880960009d24f364bbd6051af3.jpg",
                        "title": "St Paul's Church"
                    },
                    {
                        "archive_url": "https://raw.githubusercontent.com/infrastructureclub/open-house-london-images/master/images/2026/2556/building_2556_christinglory_6a93fc1ba2b024e8129c32067f21f988.jpg",
                        "title": "Freda Skinner"
                    }
                ],
                "name": "St Paul's, Newington",
                "new_venue_this_year": "No",
                "start": "10:30:00",
                "ticketed_events": "No",
                "url": "https://programme.openhouse.org.uk/listings/2556"
            },
            "type": "Feature"
        },
        {
            "geometry": {
                "coordinates": [
                    -0.309085,
                    51.5287856
                ],
                "type": "Point"
            },
            "properties": {
                "balloted": "No",
                "description": "Britain's first co-partnership garden suburb, first houses built in 1901. Parker and Unwin's plan introduced in 1907, mainly Arts and Crafts style; fascinating social history.",
                "end": "12:30:00",
                "fully_booked": "No",
                "images": [
                    {
                        "archive_url": "https://raw.githubusercontent.com/infrastructureclub/open-house-london-images/master/images/2026/2571/building_2571_lud10lud4rusk09july-f_0511bf448f8a4f99d0b256936538e7a9.jpg",
                        "title": "Brentham Society"
                    },
                    {
                        "archive_url": "https://raw.githubusercontent.com/infrastructureclub/open-house-london-images/master/images/2026/2571/building_2571_club12jan04fc_912da5242e7a224383b689bf199c514d.jpg",
                        "title": "Brentham Society"
                    },
                    {
                        "archive_url": "https://raw.githubusercontent.com/infrastructureclub/open-house-london-images/master/images/2026/2571/building_2571_fow38-48fow19junefc_6277cc134349e0a0a38243b5c1af66e9.jpg",
                        "title": "Brentham Society"
                    }
                ],
                "name": "Brentham Garden Suburb",
                "new_venue_this_year": "No",
                "start": "10:30:00",
                "ticketed_events": "Yes",
                "url": "https://programme.openhouse.org.uk/listings/2571"
            },
            "type": "Feature"
        },
        {
            "geometry": {
                "coordinates": [
                    -0.32588,
                    51.47912
                ],
                "type": "Point"
            },
            "properties": {
                "balloted": "No",
                "description": "Come explore a unique example of early Quaker and Georgian architecture. Built in 1785, our Grade II* listed Meeting House is surrounded by quiet and natural grounds, in unbroken use since its founding. Expanded since with new rooms & accessibility features, we invite visitors to enjoy our space, roam in our gardens and take part in a variety of activities and displays by local creatives.",
                "end": "17:00:00",
                "fully_booked": "No",
                "images": [
                    {
                        "archive_url": "https://raw.githubusercontent.com/infrastructureclub/open-house-london-images/master/images/2026/2688/building_2688_open-house-2_8096f5f63c1f18000bf57d73e29a94a2.jpeg",
                        "title": "Quaker Meeting House - Brentford & Isleworth"
                    },
                    {
                        "archive_url": "https://raw.githubusercontent.com/infrastructureclub/open-house-london-images/master/images/2026/2688/building_2688_b-i-meeting-house-doorway-2_83d336ba06ecbafd2d0fee759384b12b.jpg",
                        "title": "Quaker Meeting House - Brentford & Isleworth"
                    },
                    {
                        "archive_url": "https://raw.githubusercontent.com/infrastructureclub/open-house-london-images/master/images/2026/2688/building_2688_eco-loo-and-garden-room-28-july_0742dc5153ef1e7878103fec537b37c5.jpg",
                        "title": "Quaker Meeting House - Brentford & Isleworth"
                    },
                    {
                        "archive_url": "https://raw.githubusercontent.com/infrastructureclub/open-house-london-images/master/images/2026/2688/building_2688_open-house-4_bd0058650df8efbf106c3a12d3679a33.jpeg",
                        "title": "Quaker Meeting House - Brentford & Isleworth"
                    },
                    {
                        "archive_url": "https://raw.githubusercontent.com/infrastructureclub/open-house-london-images/master/images/2026/2688/building_2688_open-house-3_9f17515424905c4820a12538d502f7a0.jpeg",
                        "title": "Quaker Meeting House - Brentford & Isleworth"
                    }
                ],
                "name": "Quaker Meeting House - Brentford & Isleworth",
                "new_venue_this_year": "No",
                "start": "10:00:00",
                "ticketed_events": "Yes",
                "url": "https://programme.openhouse.org.uk/listings/2688"
            },
            "type": "Feature"
        },
        {
            "geometry": {
                "coordinates": [
                    -0.05212,
                    51.50121
                ],
                "type": "Point"
            },
            "properties": {
                "balloted": "No",
                "description": "London's story of an engineering family that changed the world. Dramatic new staircase below sculpture garden leads to underground chamber. Travel by train through first underwater shopping arcade & fairground to view Thames Tunnel portico.",
                "end": "14:45:00",
                "fully_booked": "",
                "images": [
                    {
                        "archive_url": "https://raw.githubusercontent.com/infrastructureclub/open-house-london-images/master/images/2026/2731/building_2731_2020-09-07_brunelmuseumaerialview-1_53a8523881031d9fbf21ce458586168c.jpg",
                        "title": "Photo of The Brunel Museum"
                    },
                    {
                        "archive_url": "https://raw.githubusercontent.com/infrastructureclub/open-house-london-images/master/images/2026/2731/building_2731_brunel-museum-tate-harmer-thames-tunnel-london_dezeen_1568_9_9f4a4079574f1374a3b74c1511937d13.jpg",
                        "title": "Photo of The Brunel Museum"
                    },
                    {
                        "archive_url": "https://raw.githubusercontent.com/infrastructureclub/open-house-london-images/master/images/2026/2731/building_2731_bm_melissa_maynard_heritage_scouts_141221_gabriella_codastefano-26_237b6b492037ed032cd8a39447edb998.jpg",
                        "title": "Photo of The Brunel Museum"
                    },
                    {
                        "archive_url": "https://raw.githubusercontent.com/infrastructureclub/open-house-london-images/master/images/2026/2731/building_2731_2024_04_10_holiday_camp_by_gabriella_codastefano-34-1_13616e3a240c1ae388939dd150958e43.jpg",
                        "title": "Photo of The Brunel Museum"
                    },
                    {
                        "archive_url": "https://raw.githubusercontent.com/infrastructureclub/open-house-london-images/master/images/2026/2731/building_2731_25092023_walking_tours_by_gabriella_codastefano-5-1_8e08e2e9eaaf006d92ed6fc197cc3b7f.jpg",
                        "title": "Photo of The Brunel Museum"
                    }
                ],
                "name": "The Brunel Museum",
                "new_venue_this_year": "No",
                "start": "10:45:00",
                "ticketed_events": "No",
                "url": "https://programme.openhouse.org.uk/listings/2731"
            },
            "type": "Feature"
        },
        {
            "geometry": {
                "coordinates": [
                    -0.13901,
                    51.52139
                ],
                "type": "Point"
            },
            "properties": {
                "balloted": "No",
                "description": "An enduring, distinctive feature of the London skyline for the last 54 years, this is a rare opportunity for members of the public to visit the famous revolving floor, 158m above the capital. After the flight the guests can watch a history of the BT Tower film in our auditorium.",
                "end": "19:15:00",
                "fully_booked": "Yes",
                "images": [
                    {
                        "archive_url": "https://raw.githubusercontent.com/infrastructureclub/open-house-london-images/master/images/2026/2735/building_2735_bt_tower_maja_smiejkowska_23_5a94a3235dd0b2e79cee9c53e05b8b48.jpg",
                        "title": "Photo of BT Tower"
                    },
                    {
                        "archive_url": "https://raw.githubusercontent.com/infrastructureclub/open-house-london-images/master/images/2026/2735/building_2735_wp_20150707_21_48_59_pro-2_92217ffa88764baa5f3ce9d806f45d21.jpg",
                        "title": "BT"
                    },
                    {
                        "archive_url": "https://raw.githubusercontent.com/infrastructureclub/open-house-london-images/master/images/2026/2735/building_2735_screenshot-2023-08-16-at-15-57-46_f1e5d2c5b84b3cd89e63ab3286e14d97.png",
                        "title": "Photo of BT Tower"
                    },
                    {
                        "archive_url": "https://raw.githubusercontent.com/infrastructureclub/open-house-london-images/master/images/2026/2735/building_2735_screenshot-2023-08-16-at-15-59-03_7d45d14f8ccbc369a34553be7976d52d.png",
                        "title": "Photo of BT Tower"
                    }
                ],
                "name": "BT Tower",
                "new_venue_this_year": "No",
                "start": "09:30:00",
                "ticketed_events": "Yes",
                "url": "https://programme.openhouse.org.uk/listings/2735"
            },
            "type": "Feature"
        },
        {
            "geometry": {
                "coordinates": [
                    0.0449388,
                    51.4082358
                ],
                "type": "Point"
            },
            "properties": {
                "balloted": "No",
                "description": "Typical mid-Victorian stucco-fronted house built on a grassy hillside, extended in 1888 by Ernest Newton with William Morris redesigning the interiors. The library, formerly drawing room, has a unique William Morris hand-painted ceiling.\r\nThe school itself has a range of older and newer buildings, including Inglewood House. The grounds will be open during the Open House festival.",
                "end": "13:00:00",
                "fully_booked": "",
                "images": [
                    {
                        "archive_url": "https://raw.githubusercontent.com/infrastructureclub/open-house-london-images/master/images/2026/2740/building_2740_bw-house_504c212ebd5f36f86fd96cd68cf0e1a6.jpg",
                        "title": "Photo of Bullers Wood School for Girls"
                    },
                    {
                        "archive_url": "https://raw.githubusercontent.com/infrastructureclub/open-house-london-images/master/images/2026/2740/building_2740_img_1020_a2bd058eec17211913f0cd628e6129ad.jpg",
                        "title": "Photo of Bullers Wood School for Girls"
                    },
                    {
                        "archive_url": "https://raw.githubusercontent.com/infrastructureclub/open-house-london-images/master/images/2026/2740/building_2740_dsc_0130_a8b61910ca6dcd205138668c4e530284.jpg",
                        "title": "Photo of Bullers Wood School for Girls"
                    }
                ],
                "name": "Bullers Wood School for Girls",
                "new_venue_this_year": "No",
                "start": "10:00:00",
                "ticketed_events": "No",
                "url": "https://programme.openhouse.org.uk/listings/2740"
            },
            "type": "Feature"
        },
        {
            "geometry": {
                "coordinates": [
                    -0.086,
                    51.51667
                ],
                "type": "Point"
            },
            "properties": {
                "balloted": "No",
                "description": "Livery Hall first built in 1429, much altered then demolished and rebuilt in 1880, destroyed in 1941 except for external walls (W W Pocock). Designed as a showpiece for the craft of carpentry, the third Hall on the site.",
                "end": "15:30:00",
                "fully_booked": "",
                "images": [
                    {
                        "archive_url": "https://raw.githubusercontent.com/infrastructureclub/open-house-london-images/master/images/2026/2808/building_2808__dsc1944_3c070b9bc6ddddb11f05ea05feda3cb4.jpg",
                        "title": "Julie Tancell"
                    },
                    {
                        "archive_url": "https://raw.githubusercontent.com/infrastructureclub/open-house-london-images/master/images/2026/2808/building_2808_carpenters_21_716bf0a5b639a07117ff3a88932fedaa.jpg",
                        "title": "Julie Tancell"
                    }
                ],
                "name": "Carpenters' Hall",
                "new_venue_this_year": "No",
                "start": "10:00:00",
                "ticketed_events": "No",
                "url": "https://programme.openhouse.org.uk/listings/2808"
            },
            "type": "Feature"
        },
        {
            "geometry": {
                "coordinates": [
                    -0.1493065,
                    51.5381546
                ],
                "type": "Point"
            },
            "properties": {
                "balloted": "No",
                "description": "Purpose built to house the English Folk Dance and Song Society, this Grade II listed building was designed by members of the Art Workers Guild of the time. Bomb damaged in 1940, rebuilt and reopened in 1950. Iconic Ivon Hitchins mural.",
                "end": "13:15:00",
                "fully_booked": "Yes",
                "images": [
                    {
                        "archive_url": "https://raw.githubusercontent.com/infrastructureclub/open-house-london-images/master/images/2026/2822/building_2822_outside_low-res_4cedb81197daa33850981033e2274dc0.jpg",
                        "title": "Andi Sapey"
                    },
                    {
                        "archive_url": "https://raw.githubusercontent.com/infrastructureclub/open-house-london-images/master/images/2026/2822/building_2822_cecilsharpehousept3hr-74_f50069a8db5781e43bf91ebbc659b05e.jpg",
                        "title": "Andi Sapey"
                    },
                    {
                        "archive_url": "https://raw.githubusercontent.com/infrastructureclub/open-house-london-images/master/images/2026/2822/building_2822_cshblitzed_ef45c2627b4b3e5dd7c9af49ce2e3967.jpg",
                        "title": "Photo of Cecil Sharp House"
                    },
                    {
                        "archive_url": "https://raw.githubusercontent.com/infrastructureclub/open-house-london-images/master/images/2026/2822/building_2822_c-house-1930s_7e244eea65aaea501b5722e88fe8a16e.jpg",
                        "title": "Photo of Cecil Sharp House"
                    }
                ],
                "name": "Cecil Sharp House",
                "new_venue_this_year": "No",
                "start": "10:30:00",
                "ticketed_events": "Yes",
                "url": "https://programme.openhouse.org.uk/listings/2822"
            },
            "type": "Feature"
        },
        {
            "geometry": {
                "coordinates": [
                    -0.15057,
                    51.57494
                ],
                "type": "Point"
            },
            "properties": {
                "balloted": "No",
                "description": "Grade I listed Modernist apartment blocks retaining many original features.",
                "end": "17:30:00",
                "fully_booked": "Yes",
                "images": [
                    {
                        "archive_url": "https://raw.githubusercontent.com/infrastructureclub/open-house-london-images/master/images/2026/3069/building_3069_unadjustednonraw_thumb_96ee_eeb233038560cf40e4dc52006dff8ce3.jpg",
                        "title": "Carolyn Parmeter"
                    }
                ],
                "name": "Highpoint",
                "new_venue_this_year": "No",
                "start": "10:00:00",
                "ticketed_events": "Yes",
                "url": "https://programme.openhouse.org.uk/listings/3069"
            },
            "type": "Feature"
        },
        {
            "geometry": {
                "coordinates": [
                    -0.1391903,
                    51.50893
                ],
                "type": "Point"
            },
            "properties": {
                "balloted": "No",
                "description": "Experience the history, architecture and science of the east wing of Burlington House that's been home to the Royal Society of Chemistry (formerly The Chemical Society) since 1967.\r\n\r\nThe east and west wings, along with the facade along Piccadilly were built in 1873 as an addition to the existing house that was originally built in 1664.",
                "end": "16:40:00",
                "fully_booked": "",
                "images": [
                    {
                        "archive_url": "https://raw.githubusercontent.com/infrastructureclub/open-house-london-images/master/images/2026/3091/building_3091_tcc-d1-001_b14b9a83a3760504afbe785379129c10.jpg",
                        "title": "© Royal Society of Chemistry / Media Wisdom"
                    },
                    {
                        "archive_url": "https://raw.githubusercontent.com/infrastructureclub/open-house-london-images/master/images/2026/3091/building_3091_tcc-d1-003_f0f8bef87242f500a2bd1d458a88a4d4.jpg",
                        "title": "© Royal Society of Chemistry / Media Wisdom"
                    },
                    {
                        "archive_url": "https://raw.githubusercontent.com/infrastructureclub/open-house-london-images/master/images/2026/3091/building_3091_tcc-d2-076_7d43b9db8afbada78be527b26411ad0b.jpg",
                        "title": "© Royal Society of Chemistry / Media Wisdom"
                    },
                    {
                        "archive_url": "https://raw.githubusercontent.com/infrastructureclub/open-house-london-images/master/images/2026/3091/building_3091_tcc-d2-077_7da54f7dcde5bca99a09838c453ac75b.jpg",
                        "title": "© Royal Society of Chemistry / Media Wisdom"
                    },
                    {
                        "archive_url": "https://raw.githubusercontent.com/infrastructureclub/open-house-london-images/master/images/2026/3091/building_3091_4_2b78206b0fed87330f1710ed676b3a63.jpg",
                        "title": "© Royal Society of Chemistry / Spencer du Bois"
                    }
                ],
                "name": "Burlington House: Royal Society of Chemistry",
                "new_venue_this_year": "No",
                "start": "10:00:00",
                "ticketed_events": "No",
                "url": "https://programme.openhouse.org.uk/listings/3091"
            },
            "type": "Feature"
        },
        {
            "geometry": {
                "coordinates": [
                    -0.12707,
                    51.50883
                ],
                "type": "Point"
            },
            "properties": {
                "balloted": "No",
                "description": "One of Britain's finest churches, built in the Italian Baroque tradition and beautifully restored in 2008. Sustainable features include new heating and management systems and lightwell. RIBA Award Winner 2009. Civic Trust Award Winner 2010.",
                "end": "17:00:00",
                "fully_booked": "",
                "images": [
                    {
                        "archive_url": "https://raw.githubusercontent.com/infrastructureclub/open-house-london-images/master/images/2026/3205/building_3205_st-martin-in-the-fields_c117d6d5013fb8e66db47420b432230f.jpg",
                        "title": "Phil Ashley"
                    },
                    {
                        "archive_url": "https://raw.githubusercontent.com/infrastructureclub/open-house-london-images/master/images/2026/3205/building_3205_trafalgar-064-nr_1d53123920fa7002c5c4b9a8a89696fc.jpg",
                        "title": "Phil Ashley"
                    },
                    {
                        "archive_url": "https://raw.githubusercontent.com/infrastructureclub/open-house-london-images/master/images/2026/3205/building_3205_trafalgar_day-7_email_91f1fdf6cfd2094f96d3d8ab42832e2c.jpg",
                        "title": "Phil Ashley"
                    },
                    {
                        "archive_url": "https://raw.githubusercontent.com/infrastructureclub/open-house-london-images/master/images/2026/3205/building_3205_st-martin-s-trafalgar-squa_8a1e39aeb46261936480fb136e29eb68.jpg",
                        "title": "Phil Ashley"
                    },
                    {
                        "archive_url": "https://raw.githubusercontent.com/infrastructureclub/open-house-london-images/master/images/2026/3205/building_3205_bailey_111126_0120_24d5cbb2108500f3328a0eec46fa038c.jpg",
                        "title": "Liam Bailey"
                    },
                    {
                        "archive_url": "https://raw.githubusercontent.com/infrastructureclub/open-house-london-images/master/images/2026/3205/building_3205_bailey_111126_0156_1153ae696d1c6fbd0ad21d6c04441b7c.jpg",
                        "title": "Liam Bailey"
                    },
                    {
                        "archive_url": "https://raw.githubusercontent.com/infrastructureclub/open-house-london-images/master/images/2026/3205/building_3205__mg_5934_5_6_fused_1mb_4da3259ad5762608ade673f585d3f941.jpg",
                        "title": "Marc Gascoigne"
                    },
                    {
                        "archive_url": "https://raw.githubusercontent.com/infrastructureclub/open-house-london-images/master/images/2026/3205/building_3205_st-martins0101_6677553b7bb1a00e932970a1097f1495.jpg",
                        "title": "Phil Ashley"
                    },
                    {
                        "archive_url": "https://raw.githubusercontent.com/infrastructureclub/open-house-london-images/master/images/2026/3205/building_3205_bailey_111126_0156_75ae4d4b39da095e6312d9c69f8f4d64.jpg",
                        "title": "Photo of St Martin-in-the-Fields"
                    }
                ],
                "name": "St Martin-in-the-Fields",
                "new_venue_this_year": "No",
                "start": "11:00:00",
                "ticketed_events": "No",
                "url": "https://programme.openhouse.org.uk/listings/3205"
            },
            "type": "Feature"
        },
        {
            "geometry": {
                "coordinates": [
                    -0.12106,
                    51.51341
                ],
                "type": "Point"
            },
            "properties": {
                "balloted": "No",
                "description": "A Church of Scotland in London, home to the longest-established Presbyterian congregation in London, worshipping in this location in Covent Garden since 1719. The current building is red brick with Portland stone dressings in a restrained, finely crafted Free Style. Three storeys, recessed slated attic, mullioned and transomed windows. Fine stained glass, most of which is by Farrar Bell.",
                "end": "17:00:00",
                "fully_booked": "",
                "images": [
                    {
                        "archive_url": "https://raw.githubusercontent.com/infrastructureclub/open-house-london-images/master/images/2026/3284/building_3284_crown-court-church-8100154_427819fdd0307a7edac29552d5b7ac69.jpg",
                        "title": "Mary-Jannet Leith"
                    },
                    {
                        "archive_url": "https://raw.githubusercontent.com/infrastructureclub/open-house-london-images/master/images/2026/3284/building_3284_crown-court-church-8109734_febb601afa578a510328762e3e7e8f56.jpg",
                        "title": "Mary-Jannet Leith"
                    }
                ],
                "name": "Crown Court Church of Scotland",
                "new_venue_this_year": "No",
                "start": "10:00:00",
                "ticketed_events": "No",
                "url": "https://programme.openhouse.org.uk/listings/3284"
            },
            "type": "Feature"
        },
        {
            "geometry": {
                "coordinates": [
                    -0.08505,
                    51.51207
                ],
                "type": "Point"
            },
            "properties": {
                "balloted": "No",
                "description": "Iconic Victorian covered market, with roots in Roman Londinium. Today, more than 40 renowned retail brands and outstanding food and drink venues are set within the stunning market place.",
                "end": "15:00:00",
                "fully_booked": "Yes",
                "images": [
                    {
                        "archive_url": "https://raw.githubusercontent.com/infrastructureclub/open-house-london-images/master/images/2026/3348/building_3348_lh-oh_9cee7eaed5beaf33de2eb4443ec16138.jpg",
                        "title": "Jack Batey"
                    },
                    {
                        "archive_url": "https://raw.githubusercontent.com/infrastructureclub/open-house-london-images/master/images/2026/3348/building_3348_lh-oh2_2053357eafcad357f2d6ad27d5b9503c.jpg",
                        "title": "Jack Batey"
                    },
                    {
                        "archive_url": "https://raw.githubusercontent.com/infrastructureclub/open-house-london-images/master/images/2026/3348/building_3348_lh-oh3_5df1376313d4798a856a8639c34f1e00.jpg",
                        "title": "Jack Batey"
                    },
                    {
                        "archive_url": "https://raw.githubusercontent.com/infrastructureclub/open-house-london-images/master/images/2026/3348/building_3348_lh-p_5675003eb4d925d0ff78d9e17c2585c0.jpg",
                        "title": "Jack Batey"
                    }
                ],
                "name": "Leadenhall Market",
                "new_venue_this_year": "No",
                "start": "14:00:00",
                "ticketed_events": "Yes",
                "url": "https://programme.openhouse.org.uk/listings/3348"
            },
            "type": "Feature"
        },
        {
            "geometry": {
                "coordinates": [
                    -0.37068,
                    51.57401
                ],
                "type": "Point"
            },
            "properties": {
                "balloted": "No",
                "description": "Grade II* listed Art Deco building with well-preserved interior. Auditorium with deep coved ribs; proscenium arch flanked by fluted columns. Restoration fully funded by in house donations from Zoroastrian faith community, without government grants.",
                "end": "16:00:00",
                "fully_booked": "",
                "images": [
                    {
                        "archive_url": "https://raw.githubusercontent.com/infrastructureclub/open-house-london-images/master/images/2026/3433/building_3433_z-centre-entrance_93d9fba39571894da044c0ba1c703721.jpg",
                        "title": "Photo of Zoroastrian Centre For Europe (formerly Grosvenor Cinema)"
                    }
                ],
                "name": "Zoroastrian Centre For Europe (formerly Grosvenor Cinema)",
                "new_venue_this_year": "No",
                "start": "10:00:00",
                "ticketed_events": "No",
                "url": "https://programme.openhouse.org.uk/listings/3433"
            },
            "type": "Feature"
        },
        {
            "geometry": {
                "coordinates": [
                    -0.08128,
                    51.51516
                ],
                "type": "Point"
            },
            "properties": {
                "balloted": "No",
                "description": "New Livery Hall behind a retained early 20th century façade. This is the seventh Hall in the Leathersellers' Company's history since its foundation in the Middle Ages, and is located on the site of its second Hall.",
                "end": "17:00:00",
                "fully_booked": "Yes",
                "images": [
                    {
                        "archive_url": "https://raw.githubusercontent.com/infrastructureclub/open-house-london-images/master/images/2026/3489/building_3489_hall2_7d968bef9e74b7a971524f5f6ead1f16.jpg",
                        "title": "Jerome Farrell"
                    },
                    {
                        "archive_url": "https://raw.githubusercontent.com/infrastructureclub/open-house-london-images/master/images/2026/3489/building_3489_colfe-library_090efb821a48d3f37ca55d550c7151a6.jpg",
                        "title": "Kate Higgins"
                    },
                    {
                        "archive_url": "https://raw.githubusercontent.com/infrastructureclub/open-house-london-images/master/images/2026/3489/building_3489_img_9485_30992397f380e208b1a5dcf2c299c6b4.jpg",
                        "title": "Kate Higgins"
                    },
                    {
                        "archive_url": "https://raw.githubusercontent.com/infrastructureclub/open-house-london-images/master/images/2026/3489/building_3489_img_9479_907fd98e0345663b29cf18102f3d3519.jpg",
                        "title": "Kate Higgins"
                    },
                    {
                        "archive_url": "https://raw.githubusercontent.com/infrastructureclub/open-house-london-images/master/images/2026/3489/building_3489_img_9482_fc428f0410d0af9846f2e4c45a6808fc.jpg",
                        "title": "Kate Higgins"
                    }
                ],
                "name": "Leathersellers' Hall",
                "new_venue_this_year": "No",
                "start": "10:00:00",
                "ticketed_events": "Yes",
                "url": "https://programme.openhouse.org.uk/listings/3489"
            },
            "type": "Feature"
        },
        {
            "geometry": {
                "coordinates": [
                    -0.12677,
                    51.51077
                ],
                "type": "Point"
            },
            "properties": {
                "balloted": "No",
                "description": "Three centuries of Quakers in Westminster.  Opened in 1883, with front doors added in the 1920s. It was bomb-damaged in 1941 and rebuilt in 1956. Grade II listed registered place of worship, it contains a peaceful meeting room and 1950s wood panelling and fittings.",
                "end": "17:00:00",
                "fully_booked": "",
                "images": [
                    {
                        "archive_url": "https://raw.githubusercontent.com/infrastructureclub/open-house-london-images/master/images/2026/3523/building_3523_interior-photo_fde21ed50e53760bb3f7af3462b87eff.jpg",
                        "title": "Photo of Westminster Quaker Meeting House"
                    },
                    {
                        "archive_url": "https://raw.githubusercontent.com/infrastructureclub/open-house-london-images/master/images/2026/3523/building_3523_exterior-photo_cef0ad9f2ba784b0ef2375a86da49b61.JPG",
                        "title": "Photo of Westminster Quaker Meeting House"
                    }
                ],
                "name": "Westminster Quaker Meeting House",
                "new_venue_this_year": "No",
                "start": "09:00:00",
                "ticketed_events": "No",
                "url": "https://programme.openhouse.org.uk/listings/3523"
            },
            "type": "Feature"
        },
        {
            "geometry": {
                "coordinates": [
                    -0.09601,
                    51.3722
                ],
                "type": "Point"
            },
            "properties": {
                "balloted": "No",
                "description": "Step inside Fairfield Halls for Open House Festival and explore one of Croydon’s most iconic buildings. Discover its history, uncover what happens behind the scenes, learn how productions and events are delivered across the venue, enjoy guided tours, and take part in activities throughout the day.",
                "end": "17:00:00",
                "fully_booked": "No",
                "images": [
                    {
                        "archive_url": "https://raw.githubusercontent.com/infrastructureclub/open-house-london-images/master/images/2026/3557/building_3557_fairfield_halls_resized_76356091b2d3d575996363bc608be9e3.jpg",
                        "title": "Photo of Fairfield Halls"
                    },
                    {
                        "archive_url": "https://raw.githubusercontent.com/infrastructureclub/open-house-london-images/master/images/2026/3557/building_3557_002_ffh_viewe-gc_long-160223-9pm-1_b47a49f0d40d4a4f7fb32e025521eebc.JPG",
                        "title": "Rick Mather architects"
                    },
                    {
                        "archive_url": "https://raw.githubusercontent.com/infrastructureclub/open-house-london-images/master/images/2026/3557/building_3557_629-fair-field-fairfield-halls-mica-visual-cloister_165e19398f91c57d54f7c219cc7874a6.jpg",
                        "title": "MICA"
                    }
                ],
                "name": "Fairfield Halls",
                "new_venue_this_year": "Yes",
                "start": "11:00:00",
                "ticketed_events": "Yes",
                "url": "https://programme.openhouse.org.uk/listings/3557"
            },
            "type": "Feature"
        },
        {
            "geometry": {
                "coordinates": [
                    -0.1995107,
                    51.3976407
                ],
                "type": "Point"
            },
            "properties": {
                "balloted": "No",
                "description": "Guided tours of the largest purpose-built mosque in Western Europe accommodating 14,000 worshippers blending of Islamic and modern British architecture. Recent developments, involving reconstruction after a fire were completed and the magnificent new complex was opened on 4th March 2023.",
                "end": "17:00:00",
                "fully_booked": "",
                "images": [
                    {
                        "archive_url": "https://raw.githubusercontent.com/infrastructureclub/open-house-london-images/master/images/2026/3600/building_3600_baitul-futuh-_1829_2a071cdf87df44547ad4cbded410bec9.jpg",
                        "title": "Photo of Baitul Futuh Mosque"
                    },
                    {
                        "archive_url": "https://raw.githubusercontent.com/infrastructureclub/open-house-london-images/master/images/2026/3600/building_3600_baitul-futuh-dome_minaret_e2df92378b4d01809683a448534cca59.jpg",
                        "title": "Photo of Baitul Futuh Mosque"
                    },
                    {
                        "archive_url": "https://raw.githubusercontent.com/infrastructureclub/open-house-london-images/master/images/2026/3600/building_3600_baitul-futuh_f2222246dc72840b9e569a19ba87ea01.jpg",
                        "title": "Photo of Baitul Futuh Mosque"
                    },
                    {
                        "archive_url": "https://raw.githubusercontent.com/infrastructureclub/open-house-london-images/master/images/2026/3600/building_3600_calendar-1_32fcb269b2c071f93d0e46c9a5c7ac28.jpg",
                        "title": "Photo of Baitul Futuh Mosque"
                    },
                    {
                        "archive_url": "https://raw.githubusercontent.com/infrastructureclub/open-house-london-images/master/images/2026/3600/building_3600_london-baitul-futuh_cdc3c9cb3c05668999bb72b57b962787.jpg",
                        "title": "Photo of Baitul Futuh Mosque"
                    },
                    {
                        "archive_url": "https://raw.githubusercontent.com/infrastructureclub/open-house-london-images/master/images/2026/3600/building_3600_baitul-futuh-prayer-area_509386be8df1562418b83540ad6ebcbf.jpg",
                        "title": "Photo of Baitul Futuh Mosque"
                    },
                    {
                        "archive_url": "https://raw.githubusercontent.com/infrastructureclub/open-house-london-images/master/images/2026/3600/building_3600_pano-mta-library-2_870e69366dc4b49d600f0921a55498e9.jpg",
                        "title": "Photo of Baitul Futuh Mosque"
                    },
                    {
                        "archive_url": "https://raw.githubusercontent.com/infrastructureclub/open-house-london-images/master/images/2026/3600/building_3600_front-image-of-new-complex-1_43dfd7d4860c67102cc9413093ca97e1.jpg",
                        "title": "Photo of Baitul Futuh Mosque"
                    },
                    {
                        "archive_url": "https://raw.githubusercontent.com/infrastructureclub/open-house-london-images/master/images/2026/3600/building_3600_front-image-of-new-complex-3_cd974715364646c2fbc5932df7836f37.jpg",
                        "title": "Photo of Baitul Futuh Mosque"
                    },
                    {
                        "archive_url": "https://raw.githubusercontent.com/infrastructureclub/open-house-london-images/master/images/2026/3600/building_3600_front-image-of-new-complex-2_3a55c4d8de4a7a837e9bfcf98ab61557.jpg",
                        "title": "Photo of Baitul Futuh Mosque"
                    }
                ],
                "name": "Baitul Futuh Mosque",
                "new_venue_this_year": "No",
                "start": "10:00:00",
                "ticketed_events": "No",
                "url": "https://programme.openhouse.org.uk/listings/3600"
            },
            "type": "Feature"
        },
        {
            "geometry": {
                "coordinates": [
                    -0.13075,
                    51.52727
                ],
                "type": "Point"
            },
            "properties": {
                "balloted": "No",
                "description": "The church (1822 - Grade I listed) is an early and important example of Greek Revival architecture in London. Significant features include the caryatids and tower copied from models in Athens, and the atmospheric crypt.",
                "end": "15:15:00",
                "fully_booked": "",
                "images": [
                    {
                        "archive_url": "https://raw.githubusercontent.com/infrastructureclub/open-house-london-images/master/images/2026/3678/building_3678_untitled-design-1_6e928cad7b9552ae8c92d3384d37a1f8.png",
                        "title": "Photo of St Pancras Church & Crypt"
                    },
                    {
                        "archive_url": "https://raw.githubusercontent.com/infrastructureclub/open-house-london-images/master/images/2026/3678/building_3678_crypt-edited_96b2a45506ab10a88b8d867af8b1f0ca.jpg",
                        "title": "Photo of St Pancras Church & Crypt"
                    },
                    {
                        "archive_url": "https://raw.githubusercontent.com/infrastructureclub/open-house-london-images/master/images/2026/3678/building_3678_untitled-design-2_179538f69d1dd8bc695771f63af64d61.png",
                        "title": "Photo of St Pancras Church & Crypt"
                    }
                ],
                "name": "St Pancras Church & Crypt",
                "new_venue_this_year": "No",
                "start": "10:00:00",
                "ticketed_events": "No",
                "url": "https://programme.openhouse.org.uk/listings/3678"
            },
            "type": "Feature"
        },
        {
            "geometry": {
                "coordinates": [
                    -0.0923729,
                    51.51554640000001
                ],
                "type": "Point"
            },
            "properties": {
                "balloted": "No",
                "description": "First built in c.1136, St. Lawrence Jewry was destroyed in the Great Fire of 1666. The present church was designed by Sir Christopher Wren in 1671. The interiors were destroyed in December 1940 during the World War Two and restored in 1957, faithful to Wren’s original design. Extensive conservation works were completed in 2023.\r\nThe official church to the City of London Corporation.",
                "end": "17:00:00",
                "fully_booked": "",
                "images": [
                    {
                        "archive_url": "https://raw.githubusercontent.com/infrastructureclub/open-house-london-images/master/images/2026/3866/building_3866_slj-from-yard_90de6328600834a6a8f044260b15272d.jpg",
                        "title": "Fr James Titley"
                    },
                    {
                        "archive_url": "https://raw.githubusercontent.com/infrastructureclub/open-house-london-images/master/images/2026/3866/building_3866_sljchurch_d94f23ba47a5b05b70a0d9fe7bd6189e.jpg",
                        "title": "Fr James Titley"
                    },
                    {
                        "archive_url": "https://raw.githubusercontent.com/infrastructureclub/open-house-london-images/master/images/2026/3866/building_3866_screenshot-2026-04-28-141526_aef7ef85b371d51509ce9acf4af1a0d1.png",
                        "title": "Fr James Titley"
                    }
                ],
                "name": "St Lawrence Jewry",
                "new_venue_this_year": "No",
                "start": "10:00:00",
                "ticketed_events": "No",
                "url": "https://programme.openhouse.org.uk/listings/3866"
            },
            "type": "Feature"
        },
        {
            "geometry": {
                "coordinates": [
                    -0.09886,
                    51.5131
                ],
                "type": "Point"
            },
            "properties": {
                "balloted": "No",
                "description": "London's main tourist information centre is clad in a specially manufactured system of 220 pre-finished stainless steel panels. The subtly reflective surface provides a striking counterpoint to St Paul's.",
                "end": "17:30:00",
                "fully_booked": "",
                "images": [
                    {
                        "archive_url": "https://raw.githubusercontent.com/infrastructureclub/open-house-london-images/master/images/2026/4009/building_4009_totman_080213_001_d748bb54f5f3d1215a873893b5810cba.jpg",
                        "title": "Clive Totman"
                    },
                    {
                        "archive_url": "https://raw.githubusercontent.com/infrastructureclub/open-house-london-images/master/images/2026/4009/building_4009_cic-exterior-20_a54ad8f670912d334eb213bfc5ecf17e.jpg",
                        "title": "City of London"
                    },
                    {
                        "archive_url": "https://raw.githubusercontent.com/infrastructureclub/open-house-london-images/master/images/2026/4009/building_4009_cic-credit-ben-broomfield-1_7fdd531e22dca5b9a834beb028f50ee2.jpg",
                        "title": "Ben Broomfield"
                    }
                ],
                "name": "City Information Centre",
                "new_venue_this_year": "No",
                "start": "09:30:00",
                "ticketed_events": "No",
                "url": "https://programme.openhouse.org.uk/listings/4009"
            },
            "type": "Feature"
        },
        {
            "geometry": {
                "coordinates": [
                    0.007056300000000001,
                    51.4650118
                ],
                "type": "Point"
            },
            "properties": {
                "balloted": "No",
                "description": "\"A brutalist jewel\", the meeting house was designed by Trevor Dannatt, who worked on the Royal Festival Hall.  \r\nA 1970s concrete building with a raised lantern, it was designed to fit in with older buildings in the conservation area and to make the most of its split-level site. \r\nGrade ll Listed for its original design, it is used for Quaker worship and by community groups.",
                "end": "16:00:00",
                "fully_booked": "",
                "images": [
                    {
                        "archive_url": "https://raw.githubusercontent.com/infrastructureclub/open-house-london-images/master/images/2026/4022/building_4022_b55b48c5-ea24-4a30-ae3e-59375ff21bd0_79c1b372306710e1d0bb190b0881d7bc.jpeg",
                        "title": "Blackheath Quaker Meeting"
                    },
                    {
                        "archive_url": "https://raw.githubusercontent.com/infrastructureclub/open-house-london-images/master/images/2026/4022/building_4022_aed51951-fc7d-4f60-8917-f4a8326db150_df06f292ccba52e0c347900b5f6a4454.jpeg",
                        "title": "Blackheath Quaker Meeting"
                    },
                    {
                        "archive_url": "https://raw.githubusercontent.com/infrastructureclub/open-house-london-images/master/images/2026/4022/building_4022_d1351552-d92e-4eff-b74c-7928e844595e_9fc13ac2c18f4def053338a8bbe3600a.jpeg",
                        "title": "Blackheath Quaker Meeting"
                    }
                ],
                "name": "Blackheath Quaker Meeting House",
                "new_venue_this_year": "No",
                "start": "10:00:00",
                "ticketed_events": "No",
                "url": "https://programme.openhouse.org.uk/listings/4022"
            },
            "type": "Feature"
        },
        {
            "geometry": {
                "coordinates": [
                    -0.0488433,
                    51.52875179999999
                ],
                "type": "Point"
            },
            "properties": {
                "balloted": "No",
                "description": "Refurbished extended building, a centre for film and photography. Central courtyard integrated 'hub' allows light and air to filter through. Loft conversion to create studio and work space. Sustainable features include sedum roof.",
                "end": "17:30:00",
                "fully_booked": "",
                "images": [
                    {
                        "archive_url": "https://raw.githubusercontent.com/infrastructureclub/open-house-london-images/master/images/2026/4215/building_4215_front-gallery-version-2_34868cb63b9ec71d637feacf7f03c182.jpg",
                        "title": "OWEN THOMAS"
                    },
                    {
                        "archive_url": "https://raw.githubusercontent.com/infrastructureclub/open-house-london-images/master/images/2026/4215/building_4215_sedum-roof-and-courtyard_ea19b9a5d4d37295a250332cb03cbc61.jpg",
                        "title": "OWEN THOMAS"
                    },
                    {
                        "archive_url": "https://raw.githubusercontent.com/infrastructureclub/open-house-london-images/master/images/2026/4215/building_4215_loft-desk-spaces_9c864102ecaf17b85437b20b425fda9e.jpg",
                        "title": "OWEN THOMAS"
                    },
                    {
                        "archive_url": "https://raw.githubusercontent.com/infrastructureclub/open-house-london-images/master/images/2026/4215/building_4215_stairwell_2007-resized_b9942ecfd69f516732d2c173b739ecb3.jpeg",
                        "title": "FOUR CORNERS"
                    }
                ],
                "name": "Four Corners",
                "new_venue_this_year": "No",
                "start": "11:00:00",
                "ticketed_events": "No",
                "url": "https://programme.openhouse.org.uk/listings/4215"
            },
            "type": "Feature"
        },
        {
            "geometry": {
                "coordinates": [
                    -0.10789,
                    51.52497
                ],
                "type": "Point"
            },
            "properties": {
                "balloted": "No",
                "description": "The London Archives' older building was built in the late 1930s for the Temple Press and has many original features. Purpose built extension in early 1990s for archival storage. Public rooms remodelled by Bisset Adams in 2000s.",
                "end": "15:05:00",
                "fully_booked": "Yes",
                "images": [
                    {
                        "archive_url": "https://raw.githubusercontent.com/infrastructureclub/open-house-london-images/master/images/2026/4294/building_4294_new-the-london-archives-sign-1_17033b3bb76aa906e7e4e9f79bd07ef1.jpg",
                        "title": "Photo of The London Archives"
                    },
                    {
                        "archive_url": "https://raw.githubusercontent.com/infrastructureclub/open-house-london-images/master/images/2026/4294/building_4294_views-of-the-archive-study-area_1d598118f2bf8a25a7577bf819ec0601.jpg",
                        "title": "Photo of The London Archives"
                    },
                    {
                        "archive_url": "https://raw.githubusercontent.com/infrastructureclub/open-house-london-images/master/images/2026/4294/building_4294_view-of-the-gallery-in-the-information-area_f12a37c143a5203babe3cabb579befb2.jpg",
                        "title": "Photo of The London Archives"
                    },
                    {
                        "archive_url": "https://raw.githubusercontent.com/infrastructureclub/open-house-london-images/master/images/2026/4294/building_4294_researchers-in-information-area_8505498836d798cc7d5af20076abad64.jpg",
                        "title": "Photo of The London Archives"
                    }
                ],
                "name": "The London Archives",
                "new_venue_this_year": "No",
                "start": "10:05:00",
                "ticketed_events": "Yes",
                "url": "https://programme.openhouse.org.uk/listings/4294"
            },
            "type": "Feature"
        },
        {
            "geometry": {
                "coordinates": [
                    -0.139365,
                    51.5082999
                ],
                "type": "Point"
            },
            "properties": {
                "balloted": "No",
                "description": "The Royal Astronomical Society (RAS) moved into Burlington House in 1874. Part of the extension to Burlington House, to provide accommodation for learned societies, the building was refurbished in 2007. The RAS is the oldest astronomical society in the world and has been encouraging and promoting the study of astronomy and geophysics since 1820.",
                "end": "16:30:00",
                "fully_booked": "",
                "images": [
                    {
                        "archive_url": "https://raw.githubusercontent.com/infrastructureclub/open-house-london-images/master/images/2026/4496/building_4496_img_3960_0dded3152f94de1525969be7b6ea5c97.jpg",
                        "title": "Lucinda Offer/ Royal Astronomical Society"
                    },
                    {
                        "archive_url": "https://raw.githubusercontent.com/infrastructureclub/open-house-london-images/master/images/2026/4496/building_4496_856v8942-edit_8694b1460958e74343edef7b6de75f5d.jpg",
                        "title": "Royal Astronomical Society"
                    },
                    {
                        "archive_url": "https://raw.githubusercontent.com/infrastructureclub/open-house-london-images/master/images/2026/4496/building_4496_pb_-8991_f0dc108a83a1ffde760da9f4a210053a.jpg",
                        "title": "Royal Astronomical Society"
                    },
                    {
                        "archive_url": "https://raw.githubusercontent.com/infrastructureclub/open-house-london-images/master/images/2026/4496/building_4496_open-house-2015-084_47788a7f8cab3f02f3c678792726a597.jpg",
                        "title": "Royal Astronomical Society"
                    },
                    {
                        "archive_url": "https://raw.githubusercontent.com/infrastructureclub/open-house-london-images/master/images/2026/4496/building_4496_library-001_6d0c195d7151298a305a1aa3348850cb.JPG",
                        "title": "Royal Astronomical Society"
                    },
                    {
                        "archive_url": "https://raw.githubusercontent.com/infrastructureclub/open-house-london-images/master/images/2026/4496/building_4496_img_3965_7f5a1e0378ee8801bc64d756e1351d15.jpg",
                        "title": "Lucinda Offer/ Royal Astronomical Society"
                    },
                    {
                        "archive_url": "https://raw.githubusercontent.com/infrastructureclub/open-house-london-images/master/images/2026/4496/building_4496_img_3966_e9eecb010374c08185a712c56e5bfad3.jpg",
                        "title": "Lucinda Offer/ Royal Astronomical Society"
                    },
                    {
                        "archive_url": "https://raw.githubusercontent.com/infrastructureclub/open-house-london-images/master/images/2026/4496/building_4496_library-open-house-2016_9bbdaffb835c16a74881731e7191e680.jpg",
                        "title": "Fern Storey/ Royal Astronomical Society"
                    },
                    {
                        "archive_url": "https://raw.githubusercontent.com/infrastructureclub/open-house-london-images/master/images/2026/4496/building_4496_856v8976-edit_35a9c8dd1b5600202437322b083eac02.jpg",
                        "title": "Royal Astronomical Society"
                    }
                ],
                "name": "Burlington House: Royal Astronomical Society",
                "new_venue_this_year": "No",
                "start": "10:00:00",
                "ticketed_events": "No",
                "url": "https://programme.openhouse.org.uk/listings/4496"
            },
            "type": "Feature"
        },
        {
            "geometry": {
                "coordinates": [
                    0.1242316,
                    51.5009688
                ],
                "type": "Point"
            },
            "properties": {
                "balloted": "No",
                "description": "Iconic brutalist building in the heart of Thamesmead, renovation led by Bow Arts Trust in partnership with Peabody, supported by the Mayor’s London Regeneration Fund (LEAP). The centre has opened as a cultural hub for Thamesmead.",
                "end": "18:00:00",
                "fully_booked": "",
                "images": [
                    {
                        "archive_url": "https://raw.githubusercontent.com/infrastructureclub/open-house-london-images/master/images/2026/4547/building_4547_2023_09_16-lakeside-centre-open-studios-2023-bow-arts-_301_1490cfa881bfad9bb15701420cfbcdd0.jpg",
                        "title": "Photo of Lakeside Centre: Open Art Studios"
                    },
                    {
                        "archive_url": "https://raw.githubusercontent.com/infrastructureclub/open-house-london-images/master/images/2026/4547/building_4547_thamesmead_256-1_12378a9207001623996dca9db98f21ea.jpg",
                        "title": "Photo of Lakeside Centre: Open Art Studios"
                    },
                    {
                        "archive_url": "https://raw.githubusercontent.com/infrastructureclub/open-house-london-images/master/images/2026/4547/building_4547_2023_09_16-lakeside-centre-open-studios-2023-bow-arts-_201_086e85865e0d343dca63ce2ba70cf723.jpg",
                        "title": "Photo of Lakeside Centre: Open Art Studios"
                    },
                    {
                        "archive_url": "https://raw.githubusercontent.com/infrastructureclub/open-house-london-images/master/images/2026/4547/building_4547_open-house-lakeside-open-studios-2025-photo-alberto-romano-courtesy-of-bow-arts-68_c9042d29152d21edf18cee28f7a5454d.jpg",
                        "title": "Photo of Lakeside Centre: Open Art Studios"
                    }
                ],
                "name": "Lakeside Centre: Open Art Studios",
                "new_venue_this_year": "No",
                "start": "12:00:00",
                "ticketed_events": "No",
                "url": "https://programme.openhouse.org.uk/listings/4547"
            },
            "type": "Feature"
        },
        {
            "geometry": {
                "coordinates": [
                    0.09542,
                    51.53441
                ],
                "type": "Point"
            },
            "properties": {
                "balloted": "No",
                "description": "Built thanks to a generous gift from local benefactress, Mrs Lavinia Keene, St Patrick's was consecrated in July 1940 and is unusual in style. The concrete and brick interior contrasts with the dramatic, colourful reredos. Grade II listed.",
                "end": "16:30:00",
                "fully_booked": "",
                "images": [
                    {
                        "archive_url": "https://raw.githubusercontent.com/infrastructureclub/open-house-london-images/master/images/2026/4597/building_4597_img_0646_4f6cf687982d58bb8d3a44d6f8401f1f.jpg",
                        "title": "Marion Hull"
                    },
                    {
                        "archive_url": "https://raw.githubusercontent.com/infrastructureclub/open-house-london-images/master/images/2026/4597/building_4597_img_0644_0bcdcbd29bff478bf1e19a5675b2f6d6.jpg",
                        "title": "Marion Hull"
                    },
                    {
                        "archive_url": "https://raw.githubusercontent.com/infrastructureclub/open-house-london-images/master/images/2026/4597/building_4597_img_0648_19302943e5ecbc248063fadb5d6d0cfb.jpg",
                        "title": "Marion Hull"
                    },
                    {
                        "archive_url": "https://raw.githubusercontent.com/infrastructureclub/open-house-london-images/master/images/2026/4597/building_4597_img_0637_9b0bec410c7a1e0d271aebfad1c13d29.jpg",
                        "title": "Marion Hull"
                    },
                    {
                        "archive_url": "https://raw.githubusercontent.com/infrastructureclub/open-house-london-images/master/images/2026/4597/building_4597_img_0638_848776550bb71e7a6aa8961246c56a63.jpg",
                        "title": "Marion Hull"
                    },
                    {
                        "archive_url": "https://raw.githubusercontent.com/infrastructureclub/open-house-london-images/master/images/2026/4597/building_4597_img_0639_6a514e713e6825d60bd0ab30d415f3be.jpg",
                        "title": "Marion Hull"
                    },
                    {
                        "archive_url": "https://raw.githubusercontent.com/infrastructureclub/open-house-london-images/master/images/2026/4597/building_4597_img_0643_a1656a4c602e6435f38f3fd16ec221f7.jpg",
                        "title": "Marion Hull"
                    },
                    {
                        "archive_url": "https://raw.githubusercontent.com/infrastructureclub/open-house-london-images/master/images/2026/4597/building_4597_f2e90d6f-375e-4122-b971-7a3cad002807_2e6d2eef64da684059813fdb3556d85a.jpeg",
                        "title": "Photo of St Patrick's Church"
                    }
                ],
                "name": "St Patrick's Church",
                "new_venue_this_year": "No",
                "start": "10:30:00",
                "ticketed_events": "No",
                "url": "https://programme.openhouse.org.uk/listings/4597"
            },
            "type": "Feature"
        },
        {
            "geometry": {
                "coordinates": [
                    -0.0665883,
                    51.5044166
                ],
                "type": "Point"
            },
            "properties": {
                "balloted": "No",
                "description": "A development of residential and recreational moorings for historic vessels on the Thames. The unique Pier House, built to a high specification, provides a floating community centre just downstream from Tower Bridge.",
                "end": "16:00:00",
                "fully_booked": "",
                "images": [
                    {
                        "archive_url": "https://raw.githubusercontent.com/infrastructureclub/open-house-london-images/master/images/2026/4642/building_4642_hermitagemoorings-1_799bd7dfc733796d5ea4a981042feea0.jpeg",
                        "title": "Photo of Hermitage Community Moorings"
                    },
                    {
                        "archive_url": "https://raw.githubusercontent.com/infrastructureclub/open-house-london-images/master/images/2026/4642/building_4642_img_1027_3280e0477775d1d0c955e6d83c70700c.JPG",
                        "title": "Tom Cochrane"
                    }
                ],
                "name": "Hermitage Community Moorings",
                "new_venue_this_year": "No",
                "start": "11:00:00",
                "ticketed_events": "No",
                "url": "https://programme.openhouse.org.uk/listings/4642"
            },
            "type": "Feature"
        },
        {
            "geometry": {
                "coordinates": [
                    -0.27587,
                    51.49461
                ],
                "type": "Point"
            },
            "properties": {
                "balloted": "No",
                "description": "Ruskinian walk from RIBA award-winning Chiswick Business Park, Gunnersbury Triangle Nature Reserve through South Acton Estate, birthplace of artist Patrick Caulfield; Woodlands Park Ice House; to home of William Willett, initiator of Daylight Saving Time.",
                "end": "14:30:00",
                "fully_booked": "Yes",
                "images": [
                    {
                        "archive_url": "https://raw.githubusercontent.com/infrastructureclub/open-house-london-images/master/images/2026/4686/building_4686_beaumaris-tower-2-may-17_de61ba51f03f6da2c3b9f60eab3b54b7.jpg",
                        "title": "Photo of A Ruskinian Walk Through Shared Heritage"
                    },
                    {
                        "archive_url": "https://raw.githubusercontent.com/infrastructureclub/open-house-london-images/master/images/2026/4686/building_4686_harlech-tower_90a043390fc2715e6376b277dc461cba.jpg",
                        "title": "Bertilla Cappelletti "
                    },
                    {
                        "archive_url": "https://raw.githubusercontent.com/infrastructureclub/open-house-london-images/master/images/2026/4686/building_4686_19th-20th-century_4099730a0a02bf883553eb5136c37d82.jpg",
                        "title": "SCBC"
                    },
                    {
                        "archive_url": "https://raw.githubusercontent.com/infrastructureclub/open-house-london-images/master/images/2026/4686/building_4686_open-house-banner-2017_dd6531e1546f5585c4d71b34bf332539.jpg",
                        "title": "SCBC"
                    },
                    {
                        "archive_url": "https://raw.githubusercontent.com/infrastructureclub/open-house-london-images/master/images/2026/4686/building_4686_home-of-richard-white_6441d3b56b7c0fff555e2cddbe916ade.jpg",
                        "title": "SCBC"
                    },
                    {
                        "archive_url": "https://raw.githubusercontent.com/infrastructureclub/open-house-london-images/master/images/2026/4686/building_4686_home-of-william-willett_ee90027ef094ab13634ab9fb410bf6ec.jpg",
                        "title": "SCBC"
                    },
                    {
                        "archive_url": "https://raw.githubusercontent.com/infrastructureclub/open-house-london-images/master/images/2026/4686/building_4686_the-south-acton-rec-1889-90_59b99ba9a1c179a36f03644190dd956a.jpg",
                        "title": "SCBC"
                    },
                    {
                        "archive_url": "https://raw.githubusercontent.com/infrastructureclub/open-house-london-images/master/images/2026/4686/building_4686_21st-c-all-saints-road_1648a42a7346a328fbb671be733f7b40.jpg",
                        "title": "SCBC"
                    },
                    {
                        "archive_url": "https://raw.githubusercontent.com/infrastructureclub/open-house-london-images/master/images/2026/4686/building_4686_jerome-tower_8f3e30256560715549f0b695d8773fcf.jpg",
                        "title": "SARAG"
                    },
                    {
                        "archive_url": "https://raw.githubusercontent.com/infrastructureclub/open-house-london-images/master/images/2026/4686/building_4686_eib-corfe-twr-3-2009_e648c3d6e2549cefef1f1e53b2ec59e3.JPG",
                        "title": "SARAG"
                    },
                    {
                        "archive_url": "https://raw.githubusercontent.com/infrastructureclub/open-house-london-images/master/images/2026/4686/building_4686_walking-workshop-from-chiswick-park-business-estate_e8e40afe51afadc9e91877119afa83ce.jpg",
                        "title": "Bertilla Cappelletti"
                    },
                    {
                        "archive_url": "https://raw.githubusercontent.com/infrastructureclub/open-house-london-images/master/images/2026/4686/building_4686_scbc-office-william-morris-house_26868597145018c12008ed18f76503f6.jpg",
                        "title": "Thomas Alawode"
                    },
                    {
                        "archive_url": "https://raw.githubusercontent.com/infrastructureclub/open-house-london-images/master/images/2026/4686/building_4686_south-acton-estate-s-green-lung_4b5791db71b5927846e79eb3ac430540.jpg",
                        "title": "Thomas Alawode"
                    },
                    {
                        "archive_url": "https://raw.githubusercontent.com/infrastructureclub/open-house-london-images/master/images/2026/4686/building_4686_william-willett-s-wall-peeps-through-the-foliage_ea40b33825cb0b689e576875a0c2d517.jpg",
                        "title": "Thomas Alawode"
                    },
                    {
                        "archive_url": "https://raw.githubusercontent.com/infrastructureclub/open-house-london-images/master/images/2026/4686/building_4686_img_1545_e34a8533614eb7a1841ac81be097a3ac.jpg",
                        "title": "Thomas Alawode"
                    },
                    {
                        "archive_url": "https://raw.githubusercontent.com/infrastructureclub/open-house-london-images/master/images/2026/4686/building_4686_img_8116_de7e6f5e2b806a1a318db4c0afa03080.jpg",
                        "title": "Thomas Alawode"
                    },
                    {
                        "archive_url": "https://raw.githubusercontent.com/infrastructureclub/open-house-london-images/master/images/2026/4686/building_4686_img_8084_04f906e70f52591acfad3c7fd9ae9247.jpg",
                        "title": "Thomas Alawode"
                    },
                    {
                        "archive_url": "https://raw.githubusercontent.com/infrastructureclub/open-house-london-images/master/images/2026/4686/building_4686_img_8093_fcaefe7a22fac1f367c74dd4852b7938.jpg",
                        "title": "Thomas Alawode"
                    },
                    {
                        "archive_url": "https://raw.githubusercontent.com/infrastructureclub/open-house-london-images/master/images/2026/4686/building_4686_img_8129_9eb5697d4fa8d05bdb4002842e3bf9e5.jpg",
                        "title": "Thomas Alawode"
                    },
                    {
                        "archive_url": "https://raw.githubusercontent.com/infrastructureclub/open-house-london-images/master/images/2026/4686/building_4686_img_8132_f6aaf510c7f636d0c6058f531eada6a2.jpg",
                        "title": "Thomas Alawode"
                    },
                    {
                        "archive_url": "https://raw.githubusercontent.com/infrastructureclub/open-house-london-images/master/images/2026/4686/building_4686_img_8151_f8015c7e703a2bee4fac9f274f93ed88.jpg",
                        "title": "Thomas Alawode"
                    },
                    {
                        "archive_url": "https://raw.githubusercontent.com/infrastructureclub/open-house-london-images/master/images/2026/4686/building_4686_img_8145-v2_aab66f14654f4c79618d668a69df3387.jpg",
                        "title": "Thomas Alawode"
                    },
                    {
                        "archive_url": "https://raw.githubusercontent.com/infrastructureclub/open-house-london-images/master/images/2026/4686/building_4686_img_8146-v2_7ea204cccfb2ec1ae4a84567d02fa81d.jpg",
                        "title": "Thomas Alawode"
                    },
                    {
                        "archive_url": "https://raw.githubusercontent.com/infrastructureclub/open-house-london-images/master/images/2026/4686/building_4686_img_8109-v2_fb835285a09c3cf4bdbcb25f8b3598f5.jpg",
                        "title": "Thomas Alawode"
                    },
                    {
                        "archive_url": "https://raw.githubusercontent.com/infrastructureclub/open-house-london-images/master/images/2026/4686/building_4686_img_8125-v2_7d0309109ca01ac54634a19dacebdc57.jpg",
                        "title": "Thomas Alawode"
                    },
                    {
                        "archive_url": "https://raw.githubusercontent.com/infrastructureclub/open-house-london-images/master/images/2026/4686/building_4686_acton-working-mens-club-plaque-cropped_d6b2f8d8c3d1d5903bd6189153423d95.jpg",
                        "title": "Chisanga Passwell"
                    },
                    {
                        "archive_url": "https://raw.githubusercontent.com/infrastructureclub/open-house-london-images/master/images/2026/4686/building_4686_6-wp_20210729_15_56_48_pro_5af123af40746c22d7531a722f2e3e4b.jpg",
                        "title": "Bertilla Cappelletti"
                    },
                    {
                        "archive_url": "https://raw.githubusercontent.com/infrastructureclub/open-house-london-images/master/images/2026/4686/building_4686_9-wp_20210729_16_12_05_pro_b7ffe82c544aeec39ed7ace2ebaef80c.jpg",
                        "title": "Bertilla Cappelletti"
                    },
                    {
                        "archive_url": "https://raw.githubusercontent.com/infrastructureclub/open-house-london-images/master/images/2026/4686/building_4686_acton-coat-arms-sculpture-large_2796e1ae132452dfab844bb08067b702.jpg",
                        "title": "John Aldus"
                    }
                ],
                "name": "A Ruskinian Walk Through Shared Heritage",
                "new_venue_this_year": "No",
                "start": "12:00:00",
                "ticketed_events": "Yes",
                "url": "https://programme.openhouse.org.uk/listings/4686"
            },
            "type": "Feature"
        },
        {
            "geometry": {
                "coordinates": [
                    -0.13875,
                    51.50869
                ],
                "type": "Point"
            },
            "properties": {
                "balloted": "No",
                "description": "Home to the oldest geological society in the world, founded in 1807. The Society has been based at Burlington House since 1874, and now has over 12,000 members worldwide.",
                "end": "17:00:00",
                "fully_booked": "",
                "images": [
                    {
                        "archive_url": "https://raw.githubusercontent.com/infrastructureclub/open-house-london-images/master/images/2026/4938/building_4938_upperlibrary_4-4mp-cropped_cf1291da26837dcc74c300c332ef393a.jpg",
                        "title": "Geological Society of London"
                    },
                    {
                        "archive_url": "https://raw.githubusercontent.com/infrastructureclub/open-house-london-images/master/images/2026/4938/building_4938_burlingtonhousepostrefurb_dc58404296a682d0903af70766bf1a50.jpg",
                        "title": "Geological Society of London"
                    },
                    {
                        "archive_url": "https://raw.githubusercontent.com/infrastructureclub/open-house-london-images/master/images/2026/4938/building_4938_grandstaircase_2-6mb_c5e3359d8f27ba7a7bf69879f319cbfd.jpg",
                        "title": "Geological Society of London"
                    },
                    {
                        "archive_url": "https://raw.githubusercontent.com/infrastructureclub/open-house-london-images/master/images/2026/4938/building_4938_dsc_0003-resized_198af02f30a535bf43c72a8d495e6c88.jpg",
                        "title": "Geological Society of London"
                    }
                ],
                "name": "Burlington House: The Geological Society of London",
                "new_venue_this_year": "No",
                "start": "10:00:00",
                "ticketed_events": "No",
                "url": "https://programme.openhouse.org.uk/listings/4938"
            },
            "type": "Feature"
        },
        {
            "geometry": {
                "coordinates": [
                    -0.0733723,
                    51.5469316
                ],
                "type": "Point"
            },
            "properties": {
                "balloted": "No",
                "description": "A vital community garden offering a model for maximum good for communities and for the environment on a small urban plot. It is now recognised as a site of Local Importance for Nature Conservation. Winner of an Open City Stewardship Award 2021.",
                "end": "15:30:00",
                "fully_booked": "Yes",
                "images": [
                    {
                        "archive_url": "https://raw.githubusercontent.com/infrastructureclub/open-house-london-images/master/images/2026/5006/building_5006_rs4866_26062021_ab-3_lpr_d4431ea0b1cd0108a0b5eecb7286c711.jpg",
                        "title": "Photo of Dalston Eastern Curve Garden"
                    },
                    {
                        "archive_url": "https://raw.githubusercontent.com/infrastructureclub/open-house-london-images/master/images/2026/5006/building_5006_decg-pavilion_a9844a8a9c09183b6c81a035b2a7df2f.jpg",
                        "title": "Photo of Dalston Eastern Curve Garden"
                    }
                ],
                "name": "Dalston Eastern Curve Garden",
                "new_venue_this_year": "No",
                "start": "12:00:00",
                "ticketed_events": "Yes",
                "url": "https://programme.openhouse.org.uk/listings/5006"
            },
            "type": "Feature"
        },
        {
            "geometry": {
                "coordinates": [
                    -0.15398,
                    51.50024
                ],
                "type": "Point"
            },
            "properties": {
                "balloted": "No",
                "description": "Situated in one of the largest and grandest 19th century squares in London, 1 Belgrave Square was acquired by Romania in 1936 and is now home to the Romanian Cultural Institute.",
                "end": "18:00:00",
                "fully_booked": "No",
                "images": [
                    {
                        "archive_url": "https://raw.githubusercontent.com/infrastructureclub/open-house-london-images/master/images/2026/5056/building_5056__alx5876_0a42d5aa3d9907a84f9a596923c628ae.jpg",
                        "title": "Photo of Romanian Cultural Institute"
                    },
                    {
                        "archive_url": "https://raw.githubusercontent.com/infrastructureclub/open-house-london-images/master/images/2026/5056/building_5056_foto-pagina-about_fa6f357132b408abdf9a8fc8e770b1b3.jpg",
                        "title": "Photo of Romanian Cultural Institute"
                    },
                    {
                        "archive_url": "https://raw.githubusercontent.com/infrastructureclub/open-house-london-images/master/images/2026/5056/building_5056__alx6020_e74badf7dd3804995d2bb2bd45e4a8d1.jpg",
                        "title": "Photo of Romanian Cultural Institute"
                    },
                    {
                        "archive_url": "https://raw.githubusercontent.com/infrastructureclub/open-house-london-images/master/images/2026/5056/building_5056_1_55ca72db6478e4ae4da5d7689ad17609.jpg",
                        "title": "Photo of Romanian Cultural Institute"
                    },
                    {
                        "archive_url": "https://raw.githubusercontent.com/infrastructureclub/open-house-london-images/master/images/2026/5056/building_5056_2_543253d9970a3c5aaaca4ae3518a8bae.jpg",
                        "title": "Photo of Romanian Cultural Institute"
                    },
                    {
                        "archive_url": "https://raw.githubusercontent.com/infrastructureclub/open-house-london-images/master/images/2026/5056/building_5056_4_53e0ef2d1b77d11fe2d6eb207d63ba12.jpg",
                        "title": "Photo of Romanian Cultural Institute"
                    },
                    {
                        "archive_url": "https://raw.githubusercontent.com/infrastructureclub/open-house-london-images/master/images/2026/5056/building_5056_3_08b05a0f56d3fcb69a3a392b803c7718.jpg",
                        "title": "Photo of Romanian Cultural Institute"
                    }
                ],
                "name": "Romanian Cultural Institute",
                "new_venue_this_year": "No",
                "start": "11:00:00",
                "ticketed_events": "Yes",
                "url": "https://programme.openhouse.org.uk/listings/5056"
            },
            "type": "Feature"
        },
        {
            "geometry": {
                "coordinates": [
                    -0.12838,
                    51.62466
                ],
                "type": "Point"
            },
            "properties": {
                "balloted": "No",
                "description": "Grade II* listed church with fine collection of Pre-Raphaelite stained glass windows by Morris & Co. including Burne Jones and Rossetti. Wall paintings. Mosaic reredos of the Last Supper by Antonio Salviati. Minchenden Oak  - ancient pollarded oak more than 800 years old.",
                "end": "16:00:00",
                "fully_booked": "",
                "images": [
                    {
                        "archive_url": "https://raw.githubusercontent.com/infrastructureclub/open-house-london-images/master/images/2026/5128/building_5128_01-church-exterior-from-the-walker-ground_d9dd928f4e7fb9eb368e58542a322540.jpg",
                        "title": "Phillip Dawson"
                    },
                    {
                        "archive_url": "https://raw.githubusercontent.com/infrastructureclub/open-house-london-images/master/images/2026/5128/building_5128_02-lady-chapel_e446ff608b202fe9ea7fb05518669ef0.jpg",
                        "title": "Christine Matthews"
                    },
                    {
                        "archive_url": "https://raw.githubusercontent.com/infrastructureclub/open-house-london-images/master/images/2026/5128/building_5128_05-temperance-charity-by-edward-burne-jones_96c797339a1d6a46caef171bfbc65e51.jpg",
                        "title": "John Salmon"
                    },
                    {
                        "archive_url": "https://raw.githubusercontent.com/infrastructureclub/open-house-london-images/master/images/2026/5128/building_5128_03-interior-of-church-george-gilbert-scott_c28787a04cfde48db821fd73fc27d453.jpg",
                        "title": "Phillip Dawson"
                    },
                    {
                        "archive_url": "https://raw.githubusercontent.com/infrastructureclub/open-house-london-images/master/images/2026/5128/building_5128_04-justice-by-edward-burne-jones-detail_31d7dbddd2e5a5d5f0ba5846467cebe8.jpg",
                        "title": "Phillip Dawson"
                    },
                    {
                        "archive_url": "https://raw.githubusercontent.com/infrastructureclub/open-house-london-images/master/images/2026/5128/building_5128_06-mosaic-reredos-by-salviati-detail_76500a26b8a5ba2b5ade5827f495c371.jpg",
                        "title": "Phillip Dawson"
                    }
                ],
                "name": "Christ Church Southgate and the Minchenden Oak Garden",
                "new_venue_this_year": "No",
                "start": "10:00:00",
                "ticketed_events": "No",
                "url": "https://programme.openhouse.org.uk/listings/5128"
            },
            "type": "Feature"
        },
        {
            "geometry": {
                "coordinates": [
                    -0.05393,
                    51.52869
                ],
                "type": "Point"
            },
            "properties": {
                "balloted": "No",
                "description": "Grade II* listed building designed by Edward Goldie, built in 1911 in the Gothic style with five buttressed bays. Church interior is simple consisting of large nave and high & deep chancel. Nave side walls show shallow-arched recesses into which are fitted finely carved oak confessional boxes and colourful altars and statues throughout. One of only two Assumptionist Parishes in the UK.",
                "end": "17:00:00",
                "fully_booked": "",
                "images": [
                    {
                        "archive_url": "https://raw.githubusercontent.com/infrastructureclub/open-house-london-images/master/images/2026/5135/building_5135_img_1448-large_51ff3603ef89417d8b6318cffd7cecb4.jpeg",
                        "title": "Photo of Our Lady of the Assumption Church"
                    },
                    {
                        "archive_url": "https://raw.githubusercontent.com/infrastructureclub/open-house-london-images/master/images/2026/5135/building_5135_img_1443-large_515e8f4dd89767a237509e8d4390cbb3.jpeg",
                        "title": "Photo of Our Lady of the Assumption Church"
                    },
                    {
                        "archive_url": "https://raw.githubusercontent.com/infrastructureclub/open-house-london-images/master/images/2026/5135/building_5135_img_1400-large_1e8434cd348e66eaa7c6954eff2c9021.jpeg",
                        "title": "Photo of Our Lady of the Assumption Church"
                    },
                    {
                        "archive_url": "https://raw.githubusercontent.com/infrastructureclub/open-house-london-images/master/images/2026/5135/building_5135_img_1398-large_c1a3a96c5ec8b8389e4f639ef32c9713.jpeg",
                        "title": "Photo of Our Lady of the Assumption Church"
                    },
                    {
                        "archive_url": "https://raw.githubusercontent.com/infrastructureclub/open-house-london-images/master/images/2026/5135/building_5135_img_1424-large_7604f8d27f85c11226083180bb675ba3.jpeg",
                        "title": "Photo of Our Lady of the Assumption Church"
                    },
                    {
                        "archive_url": "https://raw.githubusercontent.com/infrastructureclub/open-house-london-images/master/images/2026/5135/building_5135_img_1407-large_940e96c7834e62e03e2a1d891b382ed2.jpeg",
                        "title": "Photo of Our Lady of the Assumption Church"
                    }
                ],
                "name": "Our Lady of the Assumption Church",
                "new_venue_this_year": "Yes",
                "start": "10:00:00",
                "ticketed_events": "No",
                "url": "https://programme.openhouse.org.uk/listings/5135"
            },
            "type": "Feature"
        },
        {
            "geometry": {
                "coordinates": [
                    -0.01599,
                    51.45567
                ],
                "type": "Point"
            },
            "properties": {
                "balloted": "No",
                "description": "The church was rebuilt in late 15th century with some of that work still remaining to this day.\t\t\t\t\t\t\t\r\nDuring the Festival there will be opportunities to self-guide or to join a group tour which will include access to restricted areas such as the crypt and tower. These last about 30 min and will start on each hour with the last starting at 3 pm",
                "end": "16:00:00",
                "fully_booked": "",
                "images": [
                    {
                        "archive_url": "https://raw.githubusercontent.com/infrastructureclub/open-house-london-images/master/images/2026/5160/building_5160_st-mary-the-virgin_08b2a4ec02b39a4d98875cf5f20a47a7.jpg",
                        "title": "Mark Symons"
                    }
                ],
                "name": "Parish Church of St Mary The Virgin Lewisham",
                "new_venue_this_year": "Yes",
                "start": "11:00:00",
                "ticketed_events": "No",
                "url": "https://programme.openhouse.org.uk/listings/5160"
            },
            "type": "Feature"
        },
        {
            "geometry": {
                "coordinates": [
                    -0.28954,
                    51.48394
                ],
                "type": "Point"
            },
            "properties": {
                "balloted": "No",
                "description": "St Anne's Church, Kew Green was consecrated in 1714. Built with the support of Queen Anne it has been a place of worship for the Royal Families over the centuries. The original 'chapel' has been extended many times and the church is now a little known gem in South West London with a fascinating past.",
                "end": "16:00:00",
                "fully_booked": "",
                "images": [
                    {
                        "archive_url": "https://raw.githubusercontent.com/infrastructureclub/open-house-london-images/master/images/2026/5163/building_5163_st-anne-s-side_39593eefa0076f1314379442ab0ca54e.jpg",
                        "title": "Robert Anderson"
                    },
                    {
                        "archive_url": "https://raw.githubusercontent.com/infrastructureclub/open-house-london-images/master/images/2026/5163/building_5163_st-anne-s-interior_0228a351135c8db1750c22a844b31fbc.jpg",
                        "title": "Robert Anderson"
                    },
                    {
                        "archive_url": "https://raw.githubusercontent.com/infrastructureclub/open-house-london-images/master/images/2026/5163/building_5163_st-anne-s-front_89442d9e6fc7bacdba5776a3f7da2410.jpg",
                        "title": "Robert Anderson"
                    }
                ],
                "name": "St Anne's Church, Kew Green",
                "new_venue_this_year": "No",
                "start": "10:00:00",
                "ticketed_events": "No",
                "url": "https://programme.openhouse.org.uk/listings/5163"
            },
            "type": "Feature"
        },
        {
            "geometry": {
                "coordinates": [
                    -0.102746,
                    51.5219889
                ],
                "type": "Point"
            },
            "properties": {
                "balloted": "No",
                "description": "St John's Gate and the Priory Church are the remaining buildings from the medieval priory of the Knights Hospitaller and are both Grade I listed. St John’s Gate dates from 1504 and features stunning Victorian and Edwardian interiors. The Priory Church was reconstructed by Seely & Paget after the Second World War, but its 11th-century crypt survives.",
                "end": "18:00:00",
                "fully_booked": "",
                "images": [
                    {
                        "archive_url": "https://raw.githubusercontent.com/infrastructureclub/open-house-london-images/master/images/2026/5214/building_5214_sunny-gate-and-archway_b0bfbf2dbfb28242cef3b3f47c11095f.jpg",
                        "title": "Museum of the Order of St John"
                    },
                    {
                        "archive_url": "https://raw.githubusercontent.com/infrastructureclub/open-house-london-images/master/images/2026/5214/building_5214_ch-empty-room-wide-view-1-credit-harriet-langford_faead299b35852504a1b7971053cb872.jpg",
                        "title": "Harriet Langford "
                    },
                    {
                        "archive_url": "https://raw.githubusercontent.com/infrastructureclub/open-house-london-images/master/images/2026/5214/building_5214_ch-door-detailing-view-2-credit-harriet-langford_da556ce30b094b831380a4a986702a9c.gif",
                        "title": "Harriet Langford "
                    },
                    {
                        "archive_url": "https://raw.githubusercontent.com/infrastructureclub/open-house-london-images/master/images/2026/5214/building_5214_cc-empty-room-wide-view-1-harriet-langford_49de2b89108a9c73992ae929cb589288.gif",
                        "title": "Harriet Langford "
                    },
                    {
                        "archive_url": "https://raw.githubusercontent.com/infrastructureclub/open-house-london-images/master/images/2026/5214/building_5214_the-crypt_st-john_02_f234af1fe0589c7991736fd924f4e822.jpg",
                        "title": "Museum of the Order of St John"
                    }
                ],
                "name": "Museum of the Order of St John",
                "new_venue_this_year": "No",
                "start": "13:00:00",
                "ticketed_events": "No",
                "url": "https://programme.openhouse.org.uk/listings/5214"
            },
            "type": "Feature"
        },
        {
            "geometry": {
                "coordinates": [
                    -0.08305,
                    51.50928
                ],
                "type": "Point"
            },
            "properties": {
                "balloted": "No",
                "description": "Some of London's best Roman remains, comprising late 2C house with a 3C bath house built within its courtyard. First discovered in 1848.",
                "end": "14:45:00",
                "fully_booked": "Yes",
                "images": [
                    {
                        "archive_url": "https://raw.githubusercontent.com/infrastructureclub/open-house-london-images/master/images/2026/5296/building_5296_low-res-billingsgate-bathhouse-1_b203a43c0c5609f9e32f2e658b510b8a.jpg",
                        "title": "City of London"
                    },
                    {
                        "archive_url": "https://raw.githubusercontent.com/infrastructureclub/open-house-london-images/master/images/2026/5296/building_5296_billingsgate-roman-house-baths-credit-city-of-london-corporation-image-by-jamie-smith-2_e65ee301f300f600c21161c2326034bb.jpg",
                        "title": "City of London"
                    }
                ],
                "name": "Billingsgate Roman House & Baths",
                "new_venue_this_year": "No",
                "start": "11:00:00",
                "ticketed_events": "Yes",
                "url": "https://programme.openhouse.org.uk/listings/5296"
            },
            "type": "Feature"
        },
        {
            "geometry": {
                "coordinates": [
                    -0.10448,
                    51.43295
                ],
                "type": "Point"
            },
            "properties": {
                "balloted": "No",
                "description": "The Clockworks is the only museum in the world dedicated to electrical horology. A major collection of clocks and timekeepers charts the development of networked and precision timekeeping, from 1840-1970, while an onsite workshop showcases modern and heritage clock conservation in action.",
                "end": "17:00:00",
                "fully_booked": "No",
                "images": [
                    {
                        "archive_url": "https://raw.githubusercontent.com/infrastructureclub/open-house-london-images/master/images/2026/5457/building_5457_alex_jeffrey_lumen_0077_compressed_bd134e1f35d7f41e3e7fed0faf1fb4b0.jpg",
                        "title": "The Clockworks"
                    },
                    {
                        "archive_url": "https://raw.githubusercontent.com/infrastructureclub/open-house-london-images/master/images/2026/5457/building_5457_js1_2341-2_e7f3c38687d4cb26b9b7f30f291a8a27.jpg",
                        "title": "The Clockworks"
                    },
                    {
                        "archive_url": "https://raw.githubusercontent.com/infrastructureclub/open-house-london-images/master/images/2026/5457/building_5457_bett_eef1d3b279f0e9d84816ce67275c1a3f.jpg",
                        "title": "The Clockworks"
                    },
                    {
                        "archive_url": "https://raw.githubusercontent.com/infrastructureclub/open-house-london-images/master/images/2026/5457/building_5457_sc3_7419_27b12eb6b1398420a51c1b0d62eb29db.jpg",
                        "title": "The Clockworks"
                    },
                    {
                        "archive_url": "https://raw.githubusercontent.com/infrastructureclub/open-house-london-images/master/images/2026/5457/building_5457_img_1788_eda6b10197359b1fdadf872a2cb02084.jpeg",
                        "title": "The Clockworks"
                    },
                    {
                        "archive_url": "https://raw.githubusercontent.com/infrastructureclub/open-house-london-images/master/images/2026/5457/building_5457_sc3_7459_48243bfbcaab4053dd2bdf96f074fa81.jpg",
                        "title": "The Clockworks"
                    },
                    {
                        "archive_url": "https://raw.githubusercontent.com/infrastructureclub/open-house-london-images/master/images/2026/5457/building_5457_sc3_7444_e67d8af1864e0e6fb25a6c650664d9cc.jpg",
                        "title": "The Clockworks"
                    },
                    {
                        "archive_url": "https://raw.githubusercontent.com/infrastructureclub/open-house-london-images/master/images/2026/5457/building_5457_img_1442_4aa3893b3b31ac1239fa5a5fa4b37846.jpeg",
                        "title": "The Clockworks"
                    }
                ],
                "name": "The Clockworks",
                "new_venue_this_year": "No",
                "start": "10:00:00",
                "ticketed_events": "Yes",
                "url": "https://programme.openhouse.org.uk/listings/5457"
            },
            "type": "Feature"
        },
        {
            "geometry": {
                "coordinates": [
                    -0.30158,
                    51.46024
                ],
                "type": "Point"
            },
            "properties": {
                "balloted": "No",
                "description": "An historic living parish church, progressively shaped from the Tudor to the Edwardian period. St Mary's has recently undergone a major refurbishment and the newly restored windows recapture the original airiness of the C18 nave.",
                "end": "12:00:00",
                "fully_booked": "",
                "images": [
                    {
                        "archive_url": "https://raw.githubusercontent.com/infrastructureclub/open-house-london-images/master/images/2026/5810/building_5810_st-mary-magdalene_06a58c5c1334aa5581d7661b6575ff9b.jpg",
                        "title": "Photo of St Mary Magdalene"
                    },
                    {
                        "archive_url": "https://raw.githubusercontent.com/infrastructureclub/open-house-london-images/master/images/2026/5810/building_5810_img-1683_200dfed2d2553953ae622104198b11ee.jpg",
                        "title": "Photo of St Mary Magdalene"
                    },
                    {
                        "archive_url": "https://raw.githubusercontent.com/infrastructureclub/open-house-london-images/master/images/2026/5810/building_5810_img-1699_f57e11da0f9f3c8c89b13e98b79a5cf3.jpg",
                        "title": "Photo of St Mary Magdalene"
                    },
                    {
                        "archive_url": "https://raw.githubusercontent.com/infrastructureclub/open-house-london-images/master/images/2026/5810/building_5810_img-1686_0bbe0492e9f2729cab1da41947434437.jpg",
                        "title": "Photo of St Mary Magdalene"
                    },
                    {
                        "archive_url": "https://raw.githubusercontent.com/infrastructureclub/open-house-london-images/master/images/2026/5810/building_5810_east-window-full-02_a8f5206f0a3e36c72ee0a6e6ef0b876d.jpg",
                        "title": "Peter Moore"
                    },
                    {
                        "archive_url": "https://raw.githubusercontent.com/infrastructureclub/open-house-london-images/master/images/2026/5810/building_5810_smm-1_f3d160c93b365728c11fb8351f8967fd.jpg",
                        "title": "Photo of St Mary Magdalene"
                    }
                ],
                "name": "St Mary Magdalene",
                "new_venue_this_year": "No",
                "start": "11:00:00",
                "ticketed_events": "No",
                "url": "https://programme.openhouse.org.uk/listings/5810"
            },
            "type": "Feature"
        },
        {
            "geometry": {
                "coordinates": [
                    -0.23189,
                    51.49553
                ],
                "type": "Point"
            },
            "properties": {
                "balloted": "No",
                "description": "Recently designated as a Building of Cultural Interest by the Council, the Quaker Meeting House is designed to be a highly sustainable building to embody the Quaker values of simplicity and equality.  The award winning building promotes a sense of calm and tranquility.",
                "end": "15:00:00",
                "fully_booked": "",
                "images": [
                    {
                        "archive_url": "https://raw.githubusercontent.com/infrastructureclub/open-house-london-images/master/images/2026/5929/building_5929_ell6zowwoaa4cw9_f592cb3ce9305a4dcbbfe20eca33a3df.jpg",
                        "title": "Hammersmith Quakers"
                    },
                    {
                        "archive_url": "https://raw.githubusercontent.com/infrastructureclub/open-house-london-images/master/images/2026/5929/building_5929_blossom_front_3_a8d761fd28460a64ec6d8ef71efe67c1.jpeg",
                        "title": "Hammersmith Quakers"
                    },
                    {
                        "archive_url": "https://raw.githubusercontent.com/infrastructureclub/open-house-london-images/master/images/2026/5929/building_5929_qmh_april21-13-of-180_caac4ce7d07cb99ccd798e3a938dd1b7.jpg",
                        "title": "Hammersmith Quakers"
                    },
                    {
                        "archive_url": "https://raw.githubusercontent.com/infrastructureclub/open-house-london-images/master/images/2026/5929/building_5929_img_5045-rotated-meeting-room_a2f75b3d9964e7afe859e13a4796250d.jpg",
                        "title": "Hammersmith Quakers"
                    }
                ],
                "name": "Hammersmith Quaker Meeting House",
                "new_venue_this_year": "No",
                "start": "10:00:00",
                "ticketed_events": "No",
                "url": "https://programme.openhouse.org.uk/listings/5929"
            },
            "type": "Feature"
        },
        {
            "geometry": {
                "coordinates": [
                    -0.14596,
                    51.51594
                ],
                "type": "Point"
            },
            "properties": {
                "balloted": "No",
                "description": "A cleverly integrated mixture of architectural styles and periods, incorporating a late 1720s house (later home to Herbert Henry Asquith) and the purpose-built College of Nursing (1926). Access to main building via guided tour only.",
                "end": "16:15:00",
                "fully_booked": "Yes",
                "images": [
                    {
                        "archive_url": "https://raw.githubusercontent.com/infrastructureclub/open-house-london-images/master/images/2026/6151/building_6151_external-2_06e1c11c4f9913f6b00a6f55fe35679f.jpg",
                        "title": "Photo of Royal College of Nursing"
                    },
                    {
                        "archive_url": "https://raw.githubusercontent.com/infrastructureclub/open-house-london-images/master/images/2026/6151/building_6151_buildings-in-1919_98799658e511ac3102b7e03ba7881a7e.jpg",
                        "title": "Photo of Royal College of Nursing"
                    },
                    {
                        "archive_url": "https://raw.githubusercontent.com/infrastructureclub/open-house-london-images/master/images/2026/6151/building_6151_4007_6e43bf285b83cf7aa376c2a1e75f9c3c.jpg",
                        "title": "Photo of Royal College of Nursing"
                    }
                ],
                "name": "Royal College of Nursing",
                "new_venue_this_year": "No",
                "start": "10:00:00",
                "ticketed_events": "Yes",
                "url": "https://programme.openhouse.org.uk/listings/6151"
            },
            "type": "Feature"
        },
        {
            "geometry": {
                "coordinates": [
                    -0.09265029999999999,
                    51.5161211
                ],
                "type": "Point"
            },
            "properties": {
                "balloted": "No",
                "description": "Purpose built over 5 floors to house printed books and manuscripts. Features include former pneumatic tube ticket delivery system and 56 listed translucent pyramid roof lights.",
                "end": "16:00:00",
                "fully_booked": "",
                "images": [
                    {
                        "archive_url": "https://raw.githubusercontent.com/infrastructureclub/open-house-london-images/master/images/2026/6204/building_6204_guildhall-library-24_1edf16aeb41ed5f44825abddfef47985.jpg",
                        "title": "Isabelle Chevallot"
                    },
                    {
                        "archive_url": "https://raw.githubusercontent.com/infrastructureclub/open-house-london-images/master/images/2026/6204/building_6204_image-to-accompany-london-festival-of-architecture-event-6th-june_6d91dcebf87f1bf07bbdaa9036e4c922.png",
                        "title": "Isabelle Chevallot"
                    },
                    {
                        "archive_url": "https://raw.githubusercontent.com/infrastructureclub/open-house-london-images/master/images/2026/6204/building_6204_tower-of-london-rowlandson-lfa_1e6690398788b5838027cf2243b25c0e.png",
                        "title": "Isabelle Chevallot"
                    }
                ],
                "name": "Guildhall Library",
                "new_venue_this_year": "No",
                "start": "13:00:00",
                "ticketed_events": "No",
                "url": "https://programme.openhouse.org.uk/listings/6204"
            },
            "type": "Feature"
        },
        {
            "geometry": {
                "coordinates": [
                    -0.03039,
                    51.5107
                ],
                "type": "Point"
            },
            "properties": {
                "balloted": "No",
                "description": "St Anne's Limehouse has been described as 'the finest parish church in England.' Designed by Nicholas Hawksmoor, it is Grade I listed and one of the Major Churches in the Church of England. It is home to a thriving Christian congregation.",
                "end": "16:00:00",
                "fully_booked": "No",
                "images": [
                    {
                        "archive_url": "https://raw.githubusercontent.com/infrastructureclub/open-house-london-images/master/images/2026/6270/building_6270_churchandpyramid_ec44e4b75c727ae4fede91807bff6b57.jpg",
                        "title": "St Anne's Limehouse"
                    },
                    {
                        "archive_url": "https://raw.githubusercontent.com/infrastructureclub/open-house-london-images/master/images/2026/6270/building_6270_image1_1d815f5203b13c31f9efb3223ed33e58.jpeg",
                        "title": "Greywolf Studios London"
                    },
                    {
                        "archive_url": "https://raw.githubusercontent.com/infrastructureclub/open-house-london-images/master/images/2026/6270/building_6270_2-2_e1ba49d4d5ec2bbcfcc33dd6a7eb2a8b.jpg",
                        "title": "Photo of St Anne's Church, Limehouse"
                    },
                    {
                        "archive_url": "https://raw.githubusercontent.com/infrastructureclub/open-house-london-images/master/images/2026/6270/building_6270_1000043947_23fd6baf8ef3ee741bd6105a49f5eb50.jpg",
                        "title": "Photo of St Anne's Church, Limehouse"
                    }
                ],
                "name": "St Anne's Church, Limehouse",
                "new_venue_this_year": "No",
                "start": "10:00:00",
                "ticketed_events": "Yes",
                "url": "https://programme.openhouse.org.uk/listings/6270"
            },
            "type": "Feature"
        },
        {
            "geometry": {
                "coordinates": [
                    -0.06727,
                    51.51579
                ],
                "type": "Point"
            },
            "properties": {
                "balloted": "No",
                "description": "Centre of German religious and cultural life for more than 200 years. Impressive 20th century church building with contributions from various German artists. Exhibition of German émigré artist Hans Feibusch \"Five Stories from the Old Testament\" (courtesy of Ben Uri Gallery). Demonstration of the organ by resident organist Paul Dichtl.",
                "end": "16:00:00",
                "fully_booked": "",
                "images": [
                    {
                        "archive_url": "https://raw.githubusercontent.com/infrastructureclub/open-house-london-images/master/images/2026/6768/building_6768_img_5191-hdr_bef50d3f32f11e60fc7eada619b81286.jpg",
                        "title": "Photo of St Bonifatius RC German Church"
                    },
                    {
                        "archive_url": "https://raw.githubusercontent.com/infrastructureclub/open-house-london-images/master/images/2026/6768/building_6768_20210402_142805_b075eaee293a93aaba790c51b009f007.jpg",
                        "title": "Photo of St Bonifatius RC German Church"
                    },
                    {
                        "archive_url": "https://raw.githubusercontent.com/infrastructureclub/open-house-london-images/master/images/2026/6768/building_6768_img_6374-hdr_f8073a59f9c6e55a02f6098072216f32.jpg",
                        "title": "Photo of St Bonifatius RC German Church"
                    },
                    {
                        "archive_url": "https://raw.githubusercontent.com/infrastructureclub/open-house-london-images/master/images/2026/6768/building_6768_st-boniface-church-9_e9d731ed863cc098153be9985c3b501a.jpg",
                        "title": "Photo of St Bonifatius RC German Church"
                    },
                    {
                        "archive_url": "https://raw.githubusercontent.com/infrastructureclub/open-house-london-images/master/images/2026/6768/building_6768_moses_ae695301a13d4bd65bdeecf0b5bd95c3.jpg",
                        "title": "Photo of St Bonifatius RC German Church"
                    },
                    {
                        "archive_url": "https://raw.githubusercontent.com/infrastructureclub/open-house-london-images/master/images/2026/6768/building_6768_naomi_7711cdfd383a08962596fc09ba18cfa5.jpg",
                        "title": "Photo of St Bonifatius RC German Church"
                    },
                    {
                        "archive_url": "https://raw.githubusercontent.com/infrastructureclub/open-house-london-images/master/images/2026/6768/building_6768_img_6386-hdr_813b1c1fffca748b5722fe4c0cda6ea4.jpg",
                        "title": "Photo of St Bonifatius RC German Church"
                    }
                ],
                "name": "St Bonifatius RC German Church",
                "new_venue_this_year": "No",
                "start": "10:00:00",
                "ticketed_events": "No",
                "url": "https://programme.openhouse.org.uk/listings/6768"
            },
            "type": "Feature"
        },
        {
            "geometry": {
                "coordinates": [
                    -0.0710449,
                    51.48474239999999
                ],
                "type": "Point"
            },
            "properties": {
                "balloted": "No",
                "description": "The operational factory of Kaymet, a maker of trays and trolleys since 1947. A hidden 1950s building with a small yard, originally a printing works. It is brick built, with clear-storey glazing and tubular truss north-light main shed roof.",
                "end": "16:00:00",
                "fully_booked": "",
                "images": [
                    {
                        "archive_url": "https://raw.githubusercontent.com/infrastructureclub/open-house-london-images/master/images/2026/6826/building_6826_1-img_7919_2f58d451f2821c88739d78489e21b77a.jpg",
                        "title": "Mark Brearley"
                    },
                    {
                        "archive_url": "https://raw.githubusercontent.com/infrastructureclub/open-house-london-images/master/images/2026/6826/building_6826_2-img_7949_ab2c3c15ea6de20d8f5cc2027d9c7702.jpg",
                        "title": "Mark Brearley"
                    },
                    {
                        "archive_url": "https://raw.githubusercontent.com/infrastructureclub/open-house-london-images/master/images/2026/6826/building_6826_3-img_7932_ac753adb0b7131d19819994b2f4e7013.jpg",
                        "title": "Mark Brearley"
                    },
                    {
                        "archive_url": "https://raw.githubusercontent.com/infrastructureclub/open-house-london-images/master/images/2026/6826/building_6826_4-img_7954_a4b2e4d9b7819de2935cae88dec994ad.jpg",
                        "title": "Mark Brearley"
                    },
                    {
                        "archive_url": "https://raw.githubusercontent.com/infrastructureclub/open-house-london-images/master/images/2026/6826/building_6826_5-img_7945_e783c813d62bfba4ad9d5f33095a4b2f.jpg",
                        "title": "Mark Brearley"
                    }
                ],
                "name": "Kaymet Factory",
                "new_venue_this_year": "No",
                "start": "10:00:00",
                "ticketed_events": "No",
                "url": "https://programme.openhouse.org.uk/listings/6826"
            },
            "type": "Feature"
        },
        {
            "geometry": {
                "coordinates": [
                    -0.1286,
                    51.51464
                ],
                "type": "Point"
            },
            "properties": {
                "balloted": "No",
                "description": "The first purpose-built new-build community centre to be built in the heart of Soho for generations, located within the renowned Phoenix Gardens. Winner: RIBA London Award. Designed by RIBA London Architect of the Year Winner.",
                "end": "17:00:00",
                "fully_booked": "",
                "images": [
                    {
                        "archive_url": "https://raw.githubusercontent.com/infrastructureclub/open-house-london-images/master/images/2026/6841/building_6841_2-pheonix_b7ea32597f5fe33b5e6445b19dd3346d.png",
                        "title": "Photo of Phoenix Gardens Community Building"
                    },
                    {
                        "archive_url": "https://raw.githubusercontent.com/infrastructureclub/open-house-london-images/master/images/2026/6841/building_6841_2_4d0309afc0e52d9bdd5f84d40a7275f3.jpg",
                        "title": "Richard Chivers"
                    },
                    {
                        "archive_url": "https://raw.githubusercontent.com/infrastructureclub/open-house-london-images/master/images/2026/6841/building_6841_3_ea5e89f518326cf3dee23fd096f6c620.jpg",
                        "title": "Richard Chivers"
                    },
                    {
                        "archive_url": "https://raw.githubusercontent.com/infrastructureclub/open-house-london-images/master/images/2026/6841/building_6841_4_0272925908a1371ee414b97bc96adcf6.jpg",
                        "title": "Richard Chivers"
                    },
                    {
                        "archive_url": "https://raw.githubusercontent.com/infrastructureclub/open-house-london-images/master/images/2026/6841/building_6841_5_f79616af8d60234498f855d8985bde25.jpg",
                        "title": "Elliot Sheppard"
                    },
                    {
                        "archive_url": "https://raw.githubusercontent.com/infrastructureclub/open-house-london-images/master/images/2026/6841/building_6841_6_b4787cdfd0633b326894ad2fb98aebc9.jpg",
                        "title": "Richard Chivers"
                    },
                    {
                        "archive_url": "https://raw.githubusercontent.com/infrastructureclub/open-house-london-images/master/images/2026/6841/building_6841_7_a364cbbfb91006c3df53a1fb5830e4a4.jpg",
                        "title": "Richard Chivers"
                    },
                    {
                        "archive_url": "https://raw.githubusercontent.com/infrastructureclub/open-house-london-images/master/images/2026/6841/building_6841_8_976ff58ed0dda8594483b49a40fd76ed.jpg",
                        "title": "Richard Chivers"
                    },
                    {
                        "archive_url": "https://raw.githubusercontent.com/infrastructureclub/open-house-london-images/master/images/2026/6841/building_6841_19-phoenix-aug_3869c5e6170e45717b6bd3cfecec3f5c.jpg",
                        "title": "Photo of Phoenix Gardens Community Building"
                    },
                    {
                        "archive_url": "https://raw.githubusercontent.com/infrastructureclub/open-house-london-images/master/images/2026/6841/building_6841_17-e1505819877596-copy_754f1b7085be92b44b060857607dd1bf.jpg",
                        "title": "Photo of Phoenix Gardens Community Building"
                    }
                ],
                "name": "Phoenix Gardens Community Building",
                "new_venue_this_year": "No",
                "start": "12:00:00",
                "ticketed_events": "No",
                "url": "https://programme.openhouse.org.uk/listings/6841"
            },
            "type": "Feature"
        },
        {
            "geometry": {
                "coordinates": [
                    -0.03902129999999999,
                    51.59183840000001
                ],
                "type": "Point"
            },
            "properties": {
                "balloted": "No",
                "description": "A makerspace offering open access to a fully equipped wood and metal workshop with bench space, tools and machinery. Includes an education space, community café, and studios for creative businesses and artists.",
                "end": "17:00:00",
                "fully_booked": "",
                "images": [
                    {
                        "archive_url": "https://raw.githubusercontent.com/infrastructureclub/open-house-london-images/master/images/2026/6882/building_6882_blackhorse-workshop_01_13bf4b8e480f3b93be470fad45c324b9.jpg",
                        "title": "Agnese Sanvito"
                    },
                    {
                        "archive_url": "https://raw.githubusercontent.com/infrastructureclub/open-house-london-images/master/images/2026/6882/building_6882_make-mend-do-scaled2_000796372a7296bd2d07e8bdc9ec810d.jpg",
                        "title": "Boya Latumahina"
                    },
                    {
                        "archive_url": "https://raw.githubusercontent.com/infrastructureclub/open-house-london-images/master/images/2026/6882/building_6882_blackhorse-workshop_53-agnese-sanvito_63765d079dc05a74718b30d7cb956659.jpg",
                        "title": "Agnese Sanvito"
                    },
                    {
                        "archive_url": "https://raw.githubusercontent.com/infrastructureclub/open-house-london-images/master/images/2026/6882/building_6882_blackhorse-workshop_02-agnese-sanvito_2e6e0c71051cc90785832de3a8180c8e.jpg",
                        "title": "Agnese Sanvito"
                    },
                    {
                        "archive_url": "https://raw.githubusercontent.com/infrastructureclub/open-house-london-images/master/images/2026/6882/building_6882_open-house_welding_jenna-selby_57bcd5ae4e8618da373f6df3040fef2a.jpg",
                        "title": "Photo of Blackhorse Workshop"
                    },
                    {
                        "archive_url": "https://raw.githubusercontent.com/infrastructureclub/open-house-london-images/master/images/2026/6882/building_6882_blackhorse-workshop-birthday_0741f0779c037e9c8803da5f020673e5.jpg",
                        "title": "Photo of Blackhorse Workshop"
                    }
                ],
                "name": "Blackhorse Workshop",
                "new_venue_this_year": "No",
                "start": "12:00:00",
                "ticketed_events": "No",
                "url": "https://programme.openhouse.org.uk/listings/6882"
            },
            "type": "Feature"
        },
        {
            "geometry": {
                "coordinates": [
                    0.10407,
                    51.37865
                ],
                "type": "Point"
            },
            "properties": {
                "balloted": "No",
                "description": "Grade II listed building dating back to 1270. Following the dissolution of Christ Church Priory in Orpington in the 1530s, the house became a rectory. Additions were built in 1959 to put in a library.",
                "end": "17:00:00",
                "fully_booked": "",
                "images": [
                    {
                        "archive_url": "https://raw.githubusercontent.com/infrastructureclub/open-house-london-images/master/images/2026/6935/building_6935_priory_external_02_0fdb52553b8a2f411432f9c8d9357976.jpg",
                        "title": "Photo of The Priory and Old Library, Orpington"
                    },
                    {
                        "archive_url": "https://raw.githubusercontent.com/infrastructureclub/open-house-london-images/master/images/2026/6935/building_6935_orpington_priory_o2_9eaed2c8aa57e2e60868d95e86f30ead.jpg",
                        "title": "Photo of The Priory and Old Library, Orpington"
                    },
                    {
                        "archive_url": "https://raw.githubusercontent.com/infrastructureclub/open-house-london-images/master/images/2026/6935/building_6935_priory_external_01_2556f8275c9c6cc72293931bfc19a472.jpg",
                        "title": "Photo of The Priory and Old Library, Orpington"
                    },
                    {
                        "archive_url": "https://raw.githubusercontent.com/infrastructureclub/open-house-london-images/master/images/2026/6935/building_6935_priory_gardens_2aa97480c82f27ae673d73fae9627204.jpg",
                        "title": "Photo of The Priory and Old Library, Orpington"
                    },
                    {
                        "archive_url": "https://raw.githubusercontent.com/infrastructureclub/open-house-london-images/master/images/2026/6935/building_6935_priory_great_hall01_8a5c375a6bb7a3391db78e360fd84231.jpg",
                        "title": "Photo of The Priory and Old Library, Orpington"
                    },
                    {
                        "archive_url": "https://raw.githubusercontent.com/infrastructureclub/open-house-london-images/master/images/2026/6935/building_6935_suzy_dunford-gent_open_house_5fdf3b1d423dcae2026b5bdd789aa6ac.jpg",
                        "title": "Suzy Dunford-Gent"
                    },
                    {
                        "archive_url": "https://raw.githubusercontent.com/infrastructureclub/open-house-london-images/master/images/2026/6935/building_6935_img_4963_4563d57e678a3025ef543d8d51dc20a7.jpg",
                        "title": "Photo of The Priory and Old Library, Orpington"
                    },
                    {
                        "archive_url": "https://raw.githubusercontent.com/infrastructureclub/open-house-london-images/master/images/2026/6935/building_6935_screenshot-2025-08-31-at-20-34-36_a679ab88767f4c6f04370cf48ea0bcef.png",
                        "title": "Photo of The Priory and Old Library, Orpington"
                    }
                ],
                "name": "The Priory and Old Library, Orpington",
                "new_venue_this_year": "No",
                "start": "11:00:00",
                "ticketed_events": "No",
                "url": "https://programme.openhouse.org.uk/listings/6935"
            },
            "type": "Feature"
        },
        {
            "geometry": {
                "coordinates": [
                    0.07296,
                    51.47345
                ],
                "type": "Point"
            },
            "properties": {
                "balloted": "No",
                "description": "Built in 1923, to replace its 18C namesake, Grade ll listed Shrewsbury House is the focus of the Shrewsbury Park Estate conservation area, built 1934-1936 by John Laing and Sons. Two 20th Century Civil Defence buildings are situated within the grounds as well as listed garden features including a recently restored summer house.",
                "end": "16:30:00",
                "fully_booked": "No",
                "images": [
                    {
                        "archive_url": "https://raw.githubusercontent.com/infrastructureclub/open-house-london-images/master/images/2026/7175/building_7175_20180406_154950_f3f93ca33c5eb7878c2add22c8726305.jpg",
                        "title": "Shrewsbury House Charitable Trust"
                    },
                    {
                        "archive_url": "https://raw.githubusercontent.com/infrastructureclub/open-house-london-images/master/images/2026/7175/building_7175_20180406_151150_e1dde5e1d77e8e5579fcbc5426738322.jpg",
                        "title": "Photo of Shrewsbury House"
                    },
                    {
                        "archive_url": "https://raw.githubusercontent.com/infrastructureclub/open-house-london-images/master/images/2026/7175/building_7175_20180406_154557_a2dba173a4eeece15a1212c28a1df4ce.jpg",
                        "title": "Shrewsbury House Charitable Trust"
                    },
                    {
                        "archive_url": "https://raw.githubusercontent.com/infrastructureclub/open-house-london-images/master/images/2026/7175/building_7175_20180406_154626_72928542bcf96832266b523cfea6efa6.jpg",
                        "title": "Shrewsbury House Charitable Trust"
                    },
                    {
                        "archive_url": "https://raw.githubusercontent.com/infrastructureclub/open-house-london-images/master/images/2026/7175/building_7175_20180406_153050_15c4414e43b1942f821876f52618e01b.jpg",
                        "title": "Shrewsbury House Charitable Trust"
                    },
                    {
                        "archive_url": "https://raw.githubusercontent.com/infrastructureclub/open-house-london-images/master/images/2026/7175/building_7175_20180406_152935_b6eea412481c7239d22a11ba0bb8a923.jpg",
                        "title": "Shrewbury House Charitable Trust"
                    },
                    {
                        "archive_url": "https://raw.githubusercontent.com/infrastructureclub/open-house-london-images/master/images/2026/7175/building_7175_20180406_153036_b7711c08273a18850f93d64c95af440b.jpg",
                        "title": "Shrewsbury House Charitable Trust"
                    },
                    {
                        "archive_url": "https://raw.githubusercontent.com/infrastructureclub/open-house-london-images/master/images/2026/7175/building_7175_20180406_154846_b6d1d8e9b0903f1aa21637823f649340.jpg",
                        "title": "Shrewsbury House Charitable Trust"
                    },
                    {
                        "archive_url": "https://raw.githubusercontent.com/infrastructureclub/open-house-london-images/master/images/2026/7175/building_7175_20180406_154356_6eb6f377b4b7cae7288ef9195027716b.jpg",
                        "title": "Shrewsbury House Charitable Trust"
                    }
                ],
                "name": "Shrewsbury House",
                "new_venue_this_year": "No",
                "start": "10:00:00",
                "ticketed_events": "Yes",
                "url": "https://programme.openhouse.org.uk/listings/7175"
            },
            "type": "Feature"
        },
        {
            "geometry": {
                "coordinates": [
                    -0.06841,
                    51.50898
                ],
                "type": "Point"
            },
            "properties": {
                "balloted": "No",
                "description": "Join us for a free guided tour of the RCPharm Museum and Library and find out what crocodiles have to do with pharmacy!\r\nOver 180 years old, the RCPharm Museum and Library is a hidden gem in East London, full of the weird and wonderful world of pharmacy history.\r\nFind out how best to use bear’s grease and explore a collection of poisons even Agatha Christie would swoon at!",
                "end": "16:00:00",
                "fully_booked": "No",
                "images": [
                    {
                        "archive_url": "https://raw.githubusercontent.com/infrastructureclub/open-house-london-images/master/images/2026/7230/building_7230_vil_7781_wb_outsidetree-1024x515_fa0c45a4369278dd886bd70d59433450.jpg",
                        "title": "Photo of Royal College of Pharmacy Museum"
                    },
                    {
                        "archive_url": "https://raw.githubusercontent.com/infrastructureclub/open-house-london-images/master/images/2026/7230/building_7230_07-society-with-stained-glass-and-busts_a34c9ce633312a254c981f18b9768986.jpg",
                        "title": "Royal Pharmaceutical Society Museum"
                    },
                    {
                        "archive_url": "https://raw.githubusercontent.com/infrastructureclub/open-house-london-images/master/images/2026/7230/building_7230_04-05-06-georgian-pharmacy-etc_a9e24e58f1896a1a4bfc4afc31ef8b40.jpg",
                        "title": "Royal Pharmaceutical Society Museum"
                    },
                    {
                        "archive_url": "https://raw.githubusercontent.com/infrastructureclub/open-house-london-images/master/images/2026/7230/building_7230_vil_7934_2d7c627fca61243ae2760d23d872cedb.jpg",
                        "title": "Photo of Royal College of Pharmacy Museum"
                    }
                ],
                "name": "Royal College of Pharmacy Museum",
                "new_venue_this_year": "No",
                "start": "10:00:00",
                "ticketed_events": "Yes",
                "url": "https://programme.openhouse.org.uk/listings/7230"
            },
            "type": "Feature"
        },
        {
            "geometry": {
                "coordinates": [
                    -0.1248,
                    51.53757
                ],
                "type": "Point"
            },
            "properties": {
                "balloted": "No",
                "description": "The Aga Khan Centre, designed by Pritzker prize winning architect Fumihiko Maki, houses the UK institutions of the Aga Khan Development Network. A unique feature is its six gardens inspired by different regions of the Muslim world.",
                "end": "17:00:00",
                "fully_booked": "Yes",
                "images": [
                    {
                        "archive_url": "https://raw.githubusercontent.com/infrastructureclub/open-house-london-images/master/images/2026/7273/building_7273_fma-agaedmund-sumner-0005-lower-res_6a4339874e0937766619f70f4f8267af.jpg",
                        "title": "Edmund Sumner"
                    },
                    {
                        "archive_url": "https://raw.githubusercontent.com/infrastructureclub/open-house-london-images/master/images/2026/7273/building_7273_akdn_aga-khan-centre_kings-cross_-hufton-crow_017-low-res_6ebd85161755631ce66917c5395be840.jpg",
                        "title": "Edmund Sumner"
                    }
                ],
                "name": "Aga Khan Centre",
                "new_venue_this_year": "No",
                "start": "10:00:00",
                "ticketed_events": "Yes",
                "url": "https://programme.openhouse.org.uk/listings/7273"
            },
            "type": "Feature"
        },
        {
            "geometry": {
                "coordinates": [
                    -0.09628,
                    51.51499
                ],
                "type": "Point"
            },
            "properties": {
                "balloted": "No",
                "description": "12C church. During the Great Fire of 1666 the church building escaped total destruction, and was restored. Christopher Wren was eventually called in to rebuild St Vedast, completing the work in October 1673.",
                "end": "16:00:00",
                "fully_booked": "",
                "images": [
                    {
                        "archive_url": "https://raw.githubusercontent.com/infrastructureclub/open-house-london-images/master/images/2026/7369/building_7369_k-nave-to-e-6_c716cf9b29d88bb9b1d8aa70fd74272b.JPG",
                        "title": "Paula Campos"
                    }
                ],
                "name": "St Vedast alias Foster",
                "new_venue_this_year": "No",
                "start": "10:00:00",
                "ticketed_events": "No",
                "url": "https://programme.openhouse.org.uk/listings/7369"
            },
            "type": "Feature"
        },
        {
            "geometry": {
                "coordinates": [
                    -0.08944,
                    51.50305
                ],
                "type": "Point"
            },
            "properties": {
                "balloted": "No",
                "description": "This rarely opened space began in 1902 as Guy's Hospital Medical School Library. In 2009 part of it  became the Museum of Life Sciences which houses some rare specimens and part of an historic dental teaching collection..  The building is red brick  with additional stonework and is partially covered in creeper. Internally are original carved oak cabinets and ornate columns.",
                "end": "16:00:00",
                "fully_booked": "",
                "images": [
                    {
                        "archive_url": "https://raw.githubusercontent.com/infrastructureclub/open-house-london-images/master/images/2026/7471/building_7471_481px-hodgkin_building_guys1_9700e902be8b5b21543ebf76ad48c9a6.jpg",
                        "title": "Photo of King's College London: Museum of Life Sciences"
                    },
                    {
                        "archive_url": "https://raw.githubusercontent.com/infrastructureclub/open-house-london-images/master/images/2026/7471/building_7471_carved-end-2_89931bd83bf04c28f194d3e3b1ab0b82.jpg",
                        "title": "G Sales, King's College London"
                    },
                    {
                        "archive_url": "https://raw.githubusercontent.com/infrastructureclub/open-house-london-images/master/images/2026/7471/building_7471_wilkins-cupboards-and-dna_232d1850077c8f6b1ec4dee3a56c4113.jpg",
                        "title": "G. Sales, King's College London"
                    },
                    {
                        "archive_url": "https://raw.githubusercontent.com/infrastructureclub/open-house-london-images/master/images/2026/7471/building_7471_laurence-bragg_0e67f58ff01ea88039cc9818d480f567.jpg",
                        "title": "G.Sales, King's College London"
                    },
                    {
                        "archive_url": "https://raw.githubusercontent.com/infrastructureclub/open-house-london-images/master/images/2026/7471/building_7471_museum-interior_9351cedffeeb1b5c47fbabc7caf613dc.jpg",
                        "title": "GDS"
                    },
                    {
                        "archive_url": "https://raw.githubusercontent.com/infrastructureclub/open-house-london-images/master/images/2026/7471/building_7471_exterior-view-of-museum_e279ed60304556045d80651b79ca50b1.jpg",
                        "title": "GDS"
                    }
                ],
                "name": "King's College London: Museum of Life Sciences",
                "new_venue_this_year": "No",
                "start": "11:00:00",
                "ticketed_events": "No",
                "url": "https://programme.openhouse.org.uk/listings/7471"
            },
            "type": "Feature"
        },
        {
            "geometry": {
                "coordinates": [
                    -0.14556,
                    51.52081
                ],
                "type": "Point"
            },
            "properties": {
                "balloted": "No",
                "description": "Georgian townhouse designed by the Adam Brothers in 1777-1778 and a fine example of Neoclassical interior design. It houses a collection of European artworks and includes a unique Edwardian Anglo-Japanese drawing room.  \r\n\r\nIndividual pre-booking is essential, a photo ID will be required upon entry. Airport-style security checks will also be in place, so please do not bring any heavy luggage.",
                "end": "15:00:00",
                "fully_booked": "Yes",
                "images": [
                    {
                        "archive_url": "https://raw.githubusercontent.com/infrastructureclub/open-house-london-images/master/images/2026/7544/building_7544_polish-embassy-main-entrance_65323a5c45a950b5433611cc4d0e74f8.jpeg",
                        "title": "Polish Embassy in London"
                    },
                    {
                        "archive_url": "https://raw.githubusercontent.com/infrastructureclub/open-house-london-images/master/images/2026/7544/building_7544_polish-embassy-main-hall_6ecf9aaaf33d914f79d62347a0c9be80.jpeg",
                        "title": "Polish Embassy in London"
                    },
                    {
                        "archive_url": "https://raw.githubusercontent.com/infrastructureclub/open-house-london-images/master/images/2026/7544/building_7544_polish-embassy-drawing-room_73033281ab1c5c7bd672345069c53ee0.jpeg",
                        "title": "Polish Embassy in London"
                    },
                    {
                        "archive_url": "https://raw.githubusercontent.com/infrastructureclub/open-house-london-images/master/images/2026/7544/building_7544_polish-embassy-dining-room_27b1ac017aeb3708c755ecbc2cc1e3b4.jpeg",
                        "title": "Polish Embassy in London"
                    },
                    {
                        "archive_url": "https://raw.githubusercontent.com/infrastructureclub/open-house-london-images/master/images/2026/7544/building_7544_polish-embassy-music-room_eabcf03e04979d04b6263d118bca60bd.jpg",
                        "title": "Polish Embassy in London"
                    },
                    {
                        "archive_url": "https://raw.githubusercontent.com/infrastructureclub/open-house-london-images/master/images/2026/7544/building_7544_polish-embassy-small-drawing-room_2988a1e22e117965b1025c933b93b544.jpeg",
                        "title": "Polish Embassy in London"
                    }
                ],
                "name": "Embassy of the Republic of Poland",
                "new_venue_this_year": "No",
                "start": "11:00:00",
                "ticketed_events": "Yes",
                "url": "https://programme.openhouse.org.uk/listings/7544"
            },
            "type": "Feature"
        },
        {
            "geometry": {
                "coordinates": [
                    -0.05327,
                    51.63397
                ],
                "type": "Point"
            },
            "properties": {
                "balloted": "No",
                "description": "The Church of St Alphege is Grade II listed, combining modernist Scandinavian and traditional ecclesiastical forms with good-quality sculptural enrichment; graceful, lofty interiors, with subtle detailing applied consistently throughout.",
                "end": "15:00:00",
                "fully_booked": "",
                "images": [
                    {
                        "archive_url": "https://raw.githubusercontent.com/infrastructureclub/open-house-london-images/master/images/2026/7618/building_7618_edmonton_st_alphege130613_4_7ca64ddab00f3c7294680d9b3b93795e.jpg",
                        "title": "Photo of St Alphege Church, Edmonton"
                    },
                    {
                        "archive_url": "https://raw.githubusercontent.com/infrastructureclub/open-house-london-images/master/images/2026/7618/building_7618_st-alphege-church-edmonton_ecc5ec69d372d71e46f4647798b868dc.jpg",
                        "title": "Photo of St Alphege Church, Edmonton"
                    },
                    {
                        "archive_url": "https://raw.githubusercontent.com/infrastructureclub/open-house-london-images/master/images/2026/7618/building_7618_internal-front_072a85710df28eef00ed4a2b69ad015a.jpg",
                        "title": "Photo of St Alphege Church, Edmonton"
                    },
                    {
                        "archive_url": "https://raw.githubusercontent.com/infrastructureclub/open-house-london-images/master/images/2026/7618/building_7618_internal-rear_fde1326a51544effa9fc4d6df51c486c.jpg",
                        "title": "Photo of St Alphege Church, Edmonton"
                    },
                    {
                        "archive_url": "https://raw.githubusercontent.com/infrastructureclub/open-house-london-images/master/images/2026/7618/building_7618_img_5207_dfc6a33c3d1b455a1fff378b30bfa9b1.jpg",
                        "title": "Stuart Tappin"
                    },
                    {
                        "archive_url": "https://raw.githubusercontent.com/infrastructureclub/open-house-london-images/master/images/2026/7618/building_7618_img_5208_9151ad721b7284232a92c2fcaaf63c49.jpg",
                        "title": "Stuart Tappin"
                    }
                ],
                "name": "St Alphege Church, Edmonton",
                "new_venue_this_year": "No",
                "start": "11:00:00",
                "ticketed_events": "No",
                "url": "https://programme.openhouse.org.uk/listings/7618"
            },
            "type": "Feature"
        },
        {
            "geometry": {
                "coordinates": [
                    -0.02968,
                    51.58545
                ],
                "type": "Point"
            },
            "properties": {
                "balloted": "No",
                "description": "James Maltby Bignall (1827-1885) worked in the practice of Sir George Gilbert Scott, the architect of St Pancras Station. The style of St Michael's is late Gothic Revival, in its size and height reminiscent of Northern European churches.",
                "end": "17:00:00",
                "fully_booked": "",
                "images": [
                    {
                        "archive_url": "https://raw.githubusercontent.com/infrastructureclub/open-house-london-images/master/images/2026/7801/building_7801_st-michael-s-walthamstow_e7abc2441bc60bc7a385aa50be52e86c.jpg",
                        "title": "Photo of St Michael and All Angels Church"
                    },
                    {
                        "archive_url": "https://raw.githubusercontent.com/infrastructureclub/open-house-london-images/master/images/2026/7801/building_7801_high-altar_7af619e0d5ba4d06ea8455c7e967cf31.jpg",
                        "title": "Photo of St Michael and All Angels Church"
                    },
                    {
                        "archive_url": "https://raw.githubusercontent.com/infrastructureclub/open-house-london-images/master/images/2026/7801/building_7801_our-lady-of-walsingham_4206b3b2b2f39ba4a27dc31943245d5f.jpg",
                        "title": "Photo of St Michael and All Angels Church"
                    },
                    {
                        "archive_url": "https://raw.githubusercontent.com/infrastructureclub/open-house-london-images/master/images/2026/7801/building_7801_the-ceiling_0c1d3619b85ceddac87d60008d6e6ed0.jpg",
                        "title": "Photo of St Michael and All Angels Church"
                    },
                    {
                        "archive_url": "https://raw.githubusercontent.com/infrastructureclub/open-house-london-images/master/images/2026/7801/building_7801_the-high-altar-and-ceiling_7917f5a2d20a8aa1dbc9c6c914dfe4f9.jpg",
                        "title": "Photo of St Michael and All Angels Church"
                    },
                    {
                        "archive_url": "https://raw.githubusercontent.com/infrastructureclub/open-house-london-images/master/images/2026/7801/building_7801_the-high-altar_56550047b0b653cc9c10b7a90371c07e.jpg",
                        "title": "Photo of St Michael and All Angels Church"
                    },
                    {
                        "archive_url": "https://raw.githubusercontent.com/infrastructureclub/open-house-london-images/master/images/2026/7801/building_7801_the-memorial_ea0dafd9db255faafab5cdb93112a8c5.jpg",
                        "title": "Photo of St Michael and All Angels Church"
                    }
                ],
                "name": "St Michael and All Angels Church",
                "new_venue_this_year": "No",
                "start": "12:00:00",
                "ticketed_events": "No",
                "url": "https://programme.openhouse.org.uk/listings/7801"
            },
            "type": "Feature"
        },
        {
            "geometry": {
                "coordinates": [
                    -0.21419,
                    51.49872
                ],
                "type": "Point"
            },
            "properties": {
                "balloted": "No",
                "description": "This transformation of a derelict pub into an architecture studio doubles up as a gallery and lecture theatre. The new office is an example of the practice’s approach towards existing structures and intelligent architectural interventions.",
                "end": "17:00:00",
                "fully_booked": "",
                "images": [
                    {
                        "archive_url": "https://raw.githubusercontent.com/infrastructureclub/open-house-london-images/master/images/2026/8213/building_8213_dl-tds-25anniversary-4011-print-copy_942cbf0986f1b5b9ef70f8c117c69779.jpg",
                        "title": "Tuckey Design Studio"
                    },
                    {
                        "archive_url": "https://raw.githubusercontent.com/infrastructureclub/open-house-london-images/master/images/2026/8213/building_8213_03_jtd-model-axo-view_d828d041146d9ed4d257b1b0485e18dc.jpg",
                        "title": "Jonathan Tuckey Design"
                    },
                    {
                        "archive_url": "https://raw.githubusercontent.com/infrastructureclub/open-house-london-images/master/images/2026/8213/building_8213_05_botb_habitat67_jb_hr_6_4ff67c76e4527455434723d94d211865.jpg",
                        "title": "James Brittain"
                    },
                    {
                        "archive_url": "https://raw.githubusercontent.com/infrastructureclub/open-house-london-images/master/images/2026/8213/building_8213_06_187_jb_hr_12_1a687e0829e2f2bdb1534deab585f84b.jpg",
                        "title": "James Brittain"
                    },
                    {
                        "archive_url": "https://raw.githubusercontent.com/infrastructureclub/open-house-london-images/master/images/2026/8213/building_8213_08_187_jb_hr_19_1681c05f175b2bee21e72bfa519d3261.jpg",
                        "title": "Jame Brittain"
                    },
                    {
                        "archive_url": "https://raw.githubusercontent.com/infrastructureclub/open-house-london-images/master/images/2026/8213/building_8213_187_jb_lr_17_dcef08fe6e5c0822b8227c0155b94f78.jpg",
                        "title": "Tuckey Design Studio"
                    },
                    {
                        "archive_url": "https://raw.githubusercontent.com/infrastructureclub/open-house-london-images/master/images/2026/8213/building_8213_187_jb_lr_18_e51cecd523d30df2048b26db0a27b378.jpg",
                        "title": "Tuckey Design Studio"
                    },
                    {
                        "archive_url": "https://raw.githubusercontent.com/infrastructureclub/open-house-london-images/master/images/2026/8213/building_8213_187_ll_office_1_8cc6663698f3bb4a6d63e1789098189b.jpg",
                        "title": "Tuckey Design Studio"
                    },
                    {
                        "archive_url": "https://raw.githubusercontent.com/infrastructureclub/open-house-london-images/master/images/2026/8213/building_8213_187_js_lr_05_ab58ad262113271cf8d195957eafee6d.jpg",
                        "title": "Tuckey Design Studio"
                    },
                    {
                        "archive_url": "https://raw.githubusercontent.com/infrastructureclub/open-house-london-images/master/images/2026/8213/building_8213_09_187_am_lr_38_3c2ed757608bbaf83fd9e649ce694736.jpg",
                        "title": "Tuckey Design Studio"
                    },
                    {
                        "archive_url": "https://raw.githubusercontent.com/infrastructureclub/open-house-london-images/master/images/2026/8213/building_8213_187_jb_hr_1_fc7561956aeefd641f85521b440fa9fe.jpg",
                        "title": "Tuckey Design Studio"
                    }
                ],
                "name": "Tuckey Design Studio",
                "new_venue_this_year": "No",
                "start": "10:00:00",
                "ticketed_events": "No",
                "url": "https://programme.openhouse.org.uk/listings/8213"
            },
            "type": "Feature"
        },
        {
            "geometry": {
                "coordinates": [
                    0.0061236,
                    51.5129037
                ],
                "type": "Point"
            },
            "properties": {
                "balloted": "No",
                "description": "English National Ballet bring world-class dance to the widest possible audience, and invite you into their home, the Mulryan Centre for Dance. Book a free tour to go behind the scenes, attend a Rehearsal Insight Session, see professional dancers take class and get up close to some beautiful ballet costumes created by our wardrobe department.",
                "end": "16:15:00",
                "fully_booked": "No",
                "images": [
                    {
                        "archive_url": "https://raw.githubusercontent.com/infrastructureclub/open-house-london-images/master/images/2026/8261/building_8261_mcd_external_courtyard-view_1080x1350_67ec40d556338f494e83bdfa7046406c.jpg",
                        "title": "Photo of English National Ballet"
                    },
                    {
                        "archive_url": "https://raw.githubusercontent.com/infrastructureclub/open-house-london-images/master/images/2026/8261/building_8261_production-1-c-michael-molloy-2000x1331_cec3f9c807bf5dd6033725a0aa7b60c2.jpg",
                        "title": "Photo of English National Ballet"
                    },
                    {
                        "archive_url": "https://raw.githubusercontent.com/infrastructureclub/open-house-london-images/master/images/2026/8261/building_8261_open-house-festival-at-the-mulryan-centre-for-dance-2024-c-photography-by-ash_70bd45aef4632a2b95d987c4414c01d3.png",
                        "title": "Photo of English National Ballet"
                    },
                    {
                        "archive_url": "https://raw.githubusercontent.com/infrastructureclub/open-house-london-images/master/images/2026/8261/building_8261_2_26ba62d4d861d41d54a11fe466c5705d.png",
                        "title": "Photo of English National Ballet"
                    },
                    {
                        "archive_url": "https://raw.githubusercontent.com/infrastructureclub/open-house-london-images/master/images/2026/8261/building_8261_3_0b18c09a059f634a4ac97fbeceab6f6f.png",
                        "title": "Photo of English National Ballet"
                    },
                    {
                        "archive_url": "https://raw.githubusercontent.com/infrastructureclub/open-house-london-images/master/images/2026/8261/building_8261_4_7794b3c0c17a261093f3ba47ca56c882.png",
                        "title": "Photo of English National Ballet"
                    },
                    {
                        "archive_url": "https://raw.githubusercontent.com/infrastructureclub/open-house-london-images/master/images/2026/8261/building_8261_5_aa7da810a4be2fbd94d00a7f81f86bb1.png",
                        "title": "Photo of English National Ballet"
                    },
                    {
                        "archive_url": "https://raw.githubusercontent.com/infrastructureclub/open-house-london-images/master/images/2026/8261/building_8261_6_833e6e4eb05607819adf40faa1aca0fc.png",
                        "title": "Photo of English National Ballet"
                    }
                ],
                "name": "English National Ballet",
                "new_venue_this_year": "No",
                "start": "10:00:00",
                "ticketed_events": "Yes",
                "url": "https://programme.openhouse.org.uk/listings/8261"
            },
            "type": "Feature"
        },
        {
            "geometry": {
                "coordinates": [
                    -0.11514,
                    51.47452
                ],
                "type": "Point"
            },
            "properties": {
                "balloted": "No",
                "description": "The carefully renovated Van Gogh House seeks to share its story and inspire a new generation of artists through Van Gogh’s London story. The house curates a dynamic programme of events anchored in the artist’s practice and local heritage.",
                "end": "17:00:00",
                "fully_booked": "",
                "images": [
                    {
                        "archive_url": "https://raw.githubusercontent.com/infrastructureclub/open-house-london-images/master/images/2026/8317/building_8317_van-gogh-house-garden-view-copyright-van-gogh-house_deab00dbbbd39c34d7c12191b7297f20.jpg",
                        "title": "Van Gogh House London"
                    },
                    {
                        "archive_url": "https://raw.githubusercontent.com/infrastructureclub/open-house-london-images/master/images/2026/8317/building_8317_annas-room_b8a76a932bc76637e145e41f9ecb9dbf.png",
                        "title": "Van Gogh House London"
                    },
                    {
                        "archive_url": "https://raw.githubusercontent.com/infrastructureclub/open-house-london-images/master/images/2026/8317/building_8317_vangoghhouse_install_-webres-_ref-0222_h_c1b3ee32c91d0662926689bc32667442.jpg",
                        "title": "Photo of Van Gogh House London"
                    },
                    {
                        "archive_url": "https://raw.githubusercontent.com/infrastructureclub/open-house-london-images/master/images/2026/8317/building_8317_vangoghhouse_install_-webres-_ref-0402_4c5596af9d9c378ec7274be629b46a84.jpg",
                        "title": "Photo of Van Gogh House London"
                    },
                    {
                        "archive_url": "https://raw.githubusercontent.com/infrastructureclub/open-house-london-images/master/images/2026/8317/building_8317_vangoghhouse_install_-webres-_ref-0257_h_2e2b912abeca9eb040159fcc015f1c3b.jpg",
                        "title": "Photo of Van Gogh House London"
                    }
                ],
                "name": "Van Gogh House London",
                "new_venue_this_year": "No",
                "start": "10:00:00",
                "ticketed_events": "No",
                "url": "https://programme.openhouse.org.uk/listings/8317"
            },
            "type": "Feature"
        },
        {
            "geometry": {
                "coordinates": [
                    -0.21581,
                    51.56881
                ],
                "type": "Point"
            },
            "properties": {
                "balloted": "No",
                "description": "Come and visit this grassroots community enterprise where old meets new in the form of the historic farm buildings alongside our crowdfunded cafe. Find out how some of these historic buildings have been saved and lovingly bought back into community use, and find out about our future plans.",
                "end": "20:00:00",
                "fully_booked": "",
                "images": [
                    {
                        "archive_url": "https://raw.githubusercontent.com/infrastructureclub/open-house-london-images/master/images/2026/8339/building_8339_2-our-yard_f435cc753860b8f44d78102d0ff4e0fc.png",
                        "title": "Photo of Our Yard at Clitterhouse Farm"
                    },
                    {
                        "archive_url": "https://raw.githubusercontent.com/infrastructureclub/open-house-london-images/master/images/2026/8339/building_8339_screen-shot-2019-06-05-at-15-37-38_559440d5e8e37db032fc0fbaf9cee8e1.png",
                        "title": "Photo of Our Yard at Clitterhouse Farm"
                    },
                    {
                        "archive_url": "https://raw.githubusercontent.com/infrastructureclub/open-house-london-images/master/images/2026/8339/building_8339_cafe-model-full_d93c54b037a48e0151f8d0c0e9408506.jpg",
                        "title": "Billy Adams and Freddie Wiltshire"
                    },
                    {
                        "archive_url": "https://raw.githubusercontent.com/infrastructureclub/open-house-london-images/master/images/2026/8339/building_8339_img_7903-2-2048x1536_580d192202d1e5649f25949170e67560.jpg",
                        "title": "Thomas Ball"
                    },
                    {
                        "archive_url": "https://raw.githubusercontent.com/infrastructureclub/open-house-london-images/master/images/2026/8339/building_8339_img_0559-2-2048x1536_d46fbe4914401794e084569b504ce7cf.jpg",
                        "title": "Thomas Ball"
                    },
                    {
                        "archive_url": "https://raw.githubusercontent.com/infrastructureclub/open-house-london-images/master/images/2026/8339/building_8339_cafe-at-night_6eed7d3f0273d9b743b159e1eaca973c.jpeg",
                        "title": "Thomas Ball"
                    },
                    {
                        "archive_url": "https://raw.githubusercontent.com/infrastructureclub/open-house-london-images/master/images/2026/8339/building_8339_whatsapp-image-2025-06-12-at-16-38-46_bc0bfdab7c575c580776447c110b820d.jpeg",
                        "title": "Photo of Our Yard at Clitterhouse Farm"
                    }
                ],
                "name": "Our Yard at Clitterhouse Farm",
                "new_venue_this_year": "No",
                "start": "12:00:00",
                "ticketed_events": "No",
                "url": "https://programme.openhouse.org.uk/listings/8339"
            },
            "type": "Feature"
        },
        {
            "geometry": {
                "coordinates": [
                    -0.0990206,
                    51.5192561
                ],
                "type": "Point"
            },
            "properties": {
                "balloted": "No",
                "description": "Founders’ Hall is the home of the Worshipful Company of Founders (one of the City’s ancient livery companies). Built in the 1980s with a striking and eclectic design, the Hall preserves historic traits whilst embracing modern ideas. Drop in during Open House to explore its treasures, meet members, and enjoy activities for all ages!",
                "end": "16:00:00",
                "fully_booked": "",
                "images": [
                    {
                        "archive_url": "https://raw.githubusercontent.com/infrastructureclub/open-house-london-images/master/images/2026/8396/building_8396_pxl_20230215_122648530_2_634a9c33db11699a6aeb60e20337471a.jpg",
                        "title": "Eloise Harris"
                    },
                    {
                        "archive_url": "https://raw.githubusercontent.com/infrastructureclub/open-house-london-images/master/images/2026/8396/building_8396_ita-venues-founder-s-hall-stairwell-3-copy_50360261d1638cfc498469e76e2a3269.jpg",
                        "title": "Eloise Harris"
                    },
                    {
                        "archive_url": "https://raw.githubusercontent.com/infrastructureclub/open-house-london-images/master/images/2026/8396/building_8396_ita-founders-hall-outside-building-2_69d4fe56d52049b493bd97f916953502.jpg",
                        "title": "Eloise Harris"
                    },
                    {
                        "archive_url": "https://raw.githubusercontent.com/infrastructureclub/open-house-london-images/master/images/2026/8396/building_8396_pxl_20220110_144145659_83ea2e435b7d694e5bad064dd5107f94.jpg",
                        "title": "Art by John Ryan, Photograph by Eloise Harris"
                    },
                    {
                        "archive_url": "https://raw.githubusercontent.com/infrastructureclub/open-house-london-images/master/images/2026/8396/building_8396_coade-stone-photograph-2021_e99ecfd8df468147a6e2051584e2f572.jpg",
                        "title": "Photo by Eloise Harris"
                    },
                    {
                        "archive_url": "https://raw.githubusercontent.com/infrastructureclub/open-house-london-images/master/images/2026/8396/building_8396_pxl_20220301_133727085_b7c9b0c8722b9dc7a6301230493667b4.jpg",
                        "title": "Eloise Harris"
                    },
                    {
                        "archive_url": "https://raw.githubusercontent.com/infrastructureclub/open-house-london-images/master/images/2026/8396/building_8396_pxl_20230413_104441570_f0f994088eba037e1816b9f37ab02770.jpg",
                        "title": "Millennium Bell from the Whitechapel Bell Foundry. Photo: Eloise Harris"
                    },
                    {
                        "archive_url": "https://raw.githubusercontent.com/infrastructureclub/open-house-london-images/master/images/2026/8396/building_8396_img_2742_b047b12cb88065a434cadff500548680.jpg",
                        "title": "Activities for all ages. Photo: Eloise Harris"
                    }
                ],
                "name": "Founders' Hall",
                "new_venue_this_year": "No",
                "start": "10:15:00",
                "ticketed_events": "No",
                "url": "https://programme.openhouse.org.uk/listings/8396"
            },
            "type": "Feature"
        },
        {
            "geometry": {
                "coordinates": [
                    -0.07922,
                    51.5168
                ],
                "type": "Point"
            },
            "properties": {
                "balloted": "No",
                "description": "Coopers' Hall is a late 17th century, timber-framed merchant's house with a Georgian frontage. A Livery Hall since 1957, it features a fine Courtoom, dining room and an impressive staircase spiralling up the entire height of the building. The building displays artefacts of the coopers' trade (the making of wooden casks such as barrels) and is the home of the Worshipful Company of Coopers",
                "end": "16:00:00",
                "fully_booked": "",
                "images": [
                    {
                        "archive_url": "https://raw.githubusercontent.com/infrastructureclub/open-house-london-images/master/images/2026/8446/building_8446_img_1049_a3e45b8974ad3e72b833441c858b2ef8.jpeg",
                        "title": "The Worshipful Company of Coopers"
                    },
                    {
                        "archive_url": "https://raw.githubusercontent.com/infrastructureclub/open-house-london-images/master/images/2026/8446/building_8446_watercolour-painting-of-the-hall-2009-artist-martin-millard_de7ee93711f38fb2b280de04b7c31a78.jpg",
                        "title": "Martin Millard"
                    },
                    {
                        "archive_url": "https://raw.githubusercontent.com/infrastructureclub/open-house-london-images/master/images/2026/8446/building_8446_img_1050_d4d0221421c8d2a50f8da0f2621d2187.jpeg",
                        "title": "The Worshipful Company of Coopers"
                    },
                    {
                        "archive_url": "https://raw.githubusercontent.com/infrastructureclub/open-house-london-images/master/images/2026/8446/building_8446_img_1047_8c5c11abcb337dfeddf7be8d0ed565b8.jpeg",
                        "title": "The Worshipful Company of Coopers"
                    },
                    {
                        "archive_url": "https://raw.githubusercontent.com/infrastructureclub/open-house-london-images/master/images/2026/8446/building_8446_img_1048_953b2fa7635b87c299ba676f2679bf48.jpeg",
                        "title": "The Worshipful Company of Coopers"
                    }
                ],
                "name": "Coopers' Hall",
                "new_venue_this_year": "No",
                "start": "10:00:00",
                "ticketed_events": "No",
                "url": "https://programme.openhouse.org.uk/listings/8446"
            },
            "type": "Feature"
        },
        {
            "geometry": {
                "coordinates": [
                    -0.135,
                    51.66005
                ],
                "type": "Point"
            },
            "properties": {
                "balloted": "No",
                "description": "Trent Park House of Secrets is a new museum in a historic country house in Enfield, North London, which recently opened to the public. From glittering 1930s social hub to WWII interrogation centre, the stately home witnessed some of the most closely guarded secrets of the 20th century. This extraordinary story of espionage, courage and creative deception has remained largely untold for over 70 yea",
                "end": "14:30:00",
                "fully_booked": "Yes",
                "images": [
                    {
                        "archive_url": "https://raw.githubusercontent.com/infrastructureclub/open-house-london-images/master/images/2026/8830/building_8830_260614_tph_cafe-9951_1c2e4e609b228eb5dcc712f8c308357a.jpg",
                        "title": "Trent Park House"
                    },
                    {
                        "archive_url": "https://raw.githubusercontent.com/infrastructureclub/open-house-london-images/master/images/2026/8830/building_8830_vb1810850_bh_tp_w_0036_7a81ba48d442d04b7df5f1652aebbbd9.jpg",
                        "title": "Trent Park House"
                    },
                    {
                        "archive_url": "https://raw.githubusercontent.com/infrastructureclub/open-house-london-images/master/images/2026/8830/building_8830_untitled-design-10_625cbd35549ecebe5b55dcd7aa102283.png",
                        "title": "Trent Park House"
                    },
                    {
                        "archive_url": "https://raw.githubusercontent.com/infrastructureclub/open-house-london-images/master/images/2026/8830/building_8830_untitled-design-20_9e964de4ff9af3e10a864ac85811e241.png",
                        "title": "Trent Park House"
                    },
                    {
                        "archive_url": "https://raw.githubusercontent.com/infrastructureclub/open-house-london-images/master/images/2026/8830/building_8830_untitled-design-11_4ee4d44fde03f3ec8ca6e3e0f7f6fb28.png",
                        "title": "Trent Park House"
                    }
                ],
                "name": "Trent Park: House of Secrets",
                "new_venue_this_year": "No",
                "start": "10:00:00",
                "ticketed_events": "Yes",
                "url": "https://programme.openhouse.org.uk/listings/8830"
            },
            "type": "Feature"
        },
        {
            "geometry": {
                "coordinates": [
                    -0.1235712,
                    51.5275753
                ],
                "type": "Point"
            },
            "properties": {
                "balloted": "No",
                "description": "Grade ll listed Oxford Movement Anglican church built 1887-88. Historic England describe the exterior as ‘quirky and aggressive’ but the  interior is ‘very spare and elegant'. The building is  interesting for its 2019 conversion of a crypt area, partly rented commercially to a drama school but also used for community groups. On Historic England's Heritage at Risk register with serious cracks.",
                "end": "16:00:00",
                "fully_booked": "",
                "images": [
                    {
                        "archive_url": "https://raw.githubusercontent.com/infrastructureclub/open-house-london-images/master/images/2026/9100/building_9100_holy-cross-nave-facing-east_a0dd89ea8887a19c4e0b50d1b2055c5b.jpg",
                        "title": "Holy Cross Church"
                    },
                    {
                        "archive_url": "https://raw.githubusercontent.com/infrastructureclub/open-house-london-images/master/images/2026/9100/building_9100_good-shepherd-window-detail-cropped_404bf4d7e5471c05040efe9af2870db8.jpg",
                        "title": "Holy Cross Church"
                    },
                    {
                        "archive_url": "https://raw.githubusercontent.com/infrastructureclub/open-house-london-images/master/images/2026/9100/building_9100_pa170842_2caf1d7690a009c54d1d911880e62fd2.jpg",
                        "title": "Holy Cross Church"
                    },
                    {
                        "archive_url": "https://raw.githubusercontent.com/infrastructureclub/open-house-london-images/master/images/2026/9100/building_9100_bloomsbury-festival-2022_1d89fc0d4e8545c116684e9d6867c976.jpg",
                        "title": "Photo of Holy Cross Church, Cromer Street"
                    },
                    {
                        "archive_url": "https://raw.githubusercontent.com/infrastructureclub/open-house-london-images/master/images/2026/9100/building_9100_p5080017_667082b4aaf7e629b925a0a63297a792.jpg",
                        "title": "Photo of Holy Cross Church, Cromer Street"
                    },
                    {
                        "archive_url": "https://raw.githubusercontent.com/infrastructureclub/open-house-london-images/master/images/2026/9100/building_9100_2a5n93dh_582c43035ca34c795e4e17cea94bc927.jpeg",
                        "title": "Photo of Holy Cross Church, Cromer Street"
                    }
                ],
                "name": "Holy Cross Church, Cromer Street",
                "new_venue_this_year": "No",
                "start": "11:00:00",
                "ticketed_events": "No",
                "url": "https://programme.openhouse.org.uk/listings/9100"
            },
            "type": "Feature"
        },
        {
            "geometry": {
                "coordinates": [
                    -0.01703,
                    51.51349
                ],
                "type": "Point"
            },
            "properties": {
                "balloted": "No",
                "description": "Lansbury Lawrence (formally Susan Lawrence and Elizabeth Lansbury) opened in the 1951 Festival of Britain as a showpiece of the Live Architecture exhibition in the Lansbury Estate. An interesting mid-century design with original features.",
                "end": "11:00:00",
                "fully_booked": "Yes",
                "images": [
                    {
                        "archive_url": "https://raw.githubusercontent.com/infrastructureclub/open-house-london-images/master/images/2026/9135/building_9135_img_6021_4c73bf6957ae514cba1fdf610f320afa.jpg",
                        "title": "Kerri Sellens"
                    },
                    {
                        "archive_url": "https://raw.githubusercontent.com/infrastructureclub/open-house-london-images/master/images/2026/9135/building_9135_img_6033_fefd40592f58c2e48f366689123844ce.jpg",
                        "title": "Kerri Sellens"
                    },
                    {
                        "archive_url": "https://raw.githubusercontent.com/infrastructureclub/open-house-london-images/master/images/2026/9135/building_9135_img_6030_0d32af9491784f7ef0a154c313352ee4.jpg",
                        "title": "Kerri Sellens"
                    },
                    {
                        "archive_url": "https://raw.githubusercontent.com/infrastructureclub/open-house-london-images/master/images/2026/9135/building_9135_img_6023_bd2b4c30824bdff82801356481b24486.jpg",
                        "title": "Kerri Sellens"
                    },
                    {
                        "archive_url": "https://raw.githubusercontent.com/infrastructureclub/open-house-london-images/master/images/2026/9135/building_9135_img_6025_b126bf49001a3e7adae02fd1127b2833.jpg",
                        "title": "Kerri Sellens"
                    },
                    {
                        "archive_url": "https://raw.githubusercontent.com/infrastructureclub/open-house-london-images/master/images/2026/9135/building_9135_haidee5_a18f67e5cd7d4c0e0763d988e6746728.jpg",
                        "title": "Rob Harris"
                    },
                    {
                        "archive_url": "https://raw.githubusercontent.com/infrastructureclub/open-house-london-images/master/images/2026/9135/building_9135_microsoftteams-image_ba0a360b77e2974670bcdec6d773c802.png",
                        "title": "Photo of Lansbury Lawrence Primary School"
                    }
                ],
                "name": "Lansbury Lawrence Primary School",
                "new_venue_this_year": "No",
                "start": "10:00:00",
                "ticketed_events": "Yes",
                "url": "https://programme.openhouse.org.uk/listings/9135"
            },
            "type": "Feature"
        },
        {
            "geometry": {
                "coordinates": [
                    -0.09755,
                    51.51488
                ],
                "type": "Point"
            },
            "properties": {
                "balloted": "No",
                "description": "We will explore sites and institutions with direct links to the history of slavery and hear why the apologies were made in 2020, whilst wandering within the story packed streets and alleyways of the Square Mile.",
                "end": "13:00:00",
                "fully_booked": "Yes",
                "images": [
                    {
                        "archive_url": "https://raw.githubusercontent.com/infrastructureclub/open-house-london-images/master/images/2026/9344/building_9344_1200px-slaveshipposter_dd5f05438dd12f692164e60e3caf3886.jpg",
                        "title": "Courtney Plank"
                    },
                    {
                        "archive_url": "https://raw.githubusercontent.com/infrastructureclub/open-house-london-images/master/images/2026/9344/building_9344_open-house-version_da871a818a112995a528b2b7a522672b.jpg",
                        "title": "Courtney Plank"
                    },
                    {
                        "archive_url": "https://raw.githubusercontent.com/infrastructureclub/open-house-london-images/master/images/2026/9344/building_9344_a52b6ec2-ee47-4048-9db1-bd8fe57d153b_1097d44476a6aa2bf7b6a5cd28cee4b5.jpeg",
                        "title": "Wikicommons -  Courtney Plank"
                    }
                ],
                "name": "Slavery and the City",
                "new_venue_this_year": "No",
                "start": "11:00:00",
                "ticketed_events": "Yes",
                "url": "https://programme.openhouse.org.uk/listings/9344"
            },
            "type": "Feature"
        },
        {
            "geometry": {
                "coordinates": [
                    -0.07257999999999999,
                    51.41811000000001
                ],
                "type": "Point"
            },
            "properties": {
                "balloted": "No",
                "description": "Explore the world's first dinosaur models hidden in a south London park. The 30 Grade I listed, life-size statues of dinosaurs and other extinct animals at Crystal Palace Park have thrilled\r\nvisitors for 166 years. Tour is kids friendly.",
                "end": "13:00:00",
                "fully_booked": "Yes",
                "images": [
                    {
                        "archive_url": "https://raw.githubusercontent.com/infrastructureclub/open-house-london-images/master/images/2026/9374/building_9374_dsc_0114_adb3d98a9a28f2e755d4c9742298905f.jpg",
                        "title": "Photo of Crystal Palace Park Dinosaurs  – a tour with a London Blue Badge Tourist Guide"
                    },
                    {
                        "archive_url": "https://raw.githubusercontent.com/infrastructureclub/open-house-london-images/master/images/2026/9374/building_9374_dsc_0097_a7642bcbcac005272016f7843f9e1495.jpg",
                        "title": "Photo of Crystal Palace Park Dinosaurs  – a tour with a London Blue Badge Tourist Guide"
                    }
                ],
                "name": "Crystal Palace Park Dinosaurs  – a tour with a London Blue Badge Tourist Guide",
                "new_venue_this_year": "No",
                "start": "11:00:00",
                "ticketed_events": "Yes",
                "url": "https://programme.openhouse.org.uk/listings/9374"
            },
            "type": "Feature"
        },
        {
            "geometry": {
                "coordinates": [
                    -0.0108145,
                    51.5141859
                ],
                "type": "Point"
            },
            "properties": {
                "balloted": "No",
                "description": "Glenkerry House is a 14-storey tower block designed by Hungarian architect Ernő Goldfinger. The block is managed by its residents, who collectively form the Glenkerry Co-operative Housing Association.",
                "end": "15:45:00",
                "fully_booked": "Yes",
                "images": [
                    {
                        "archive_url": "https://raw.githubusercontent.com/infrastructureclub/open-house-london-images/master/images/2026/9437/building_9437_img_1152_800945498f0697675cefc46ae560347f.jpeg",
                        "title": "Photo of Glenkerry House "
                    },
                    {
                        "archive_url": "https://raw.githubusercontent.com/infrastructureclub/open-house-london-images/master/images/2026/9437/building_9437_2014-07-25-16-10-24-copy_e51dfd99cf3a815cacdebe556f783207.jpg",
                        "title": "Photo of Glenkerry House "
                    },
                    {
                        "archive_url": "https://raw.githubusercontent.com/infrastructureclub/open-house-london-images/master/images/2026/9437/building_9437_img_1212_f57f106cefec2d2e92381cba49755468.jpeg",
                        "title": "Photo of Glenkerry House "
                    }
                ],
                "name": "Glenkerry House",
                "new_venue_this_year": "No",
                "start": "14:30:00",
                "ticketed_events": "Yes",
                "url": "https://programme.openhouse.org.uk/listings/9437"
            },
            "type": "Feature"
        },
        {
            "geometry": {
                "coordinates": [
                    -0.19722,
                    51.46995
                ],
                "type": "Point"
            },
            "properties": {
                "balloted": "No",
                "description": "Amongst the RIBA Stirling Prize shortlist 2022 sits Mæ Architect's Sands End Arts & Community Centre in Fulham. The centre consists of a single-storey building comprising bright, airy and flexible event spaces and a community café.",
                "end": "17:30:00",
                "fully_booked": "No",
                "images": [
                    {
                        "archive_url": "https://raw.githubusercontent.com/infrastructureclub/open-house-london-images/master/images/2026/9662/building_9662_03_rorygardiner1421c_01_304cc2e322e8ffe0e7a066c119f607ff.jpg",
                        "title": "Rory Gardiner"
                    },
                    {
                        "archive_url": "https://raw.githubusercontent.com/infrastructureclub/open-house-london-images/master/images/2026/9662/building_9662_j6307_n14_high_68f1f9873d1102f20dce14077ab85aab.jpg",
                        "title": "Rory Gardiner"
                    },
                    {
                        "archive_url": "https://raw.githubusercontent.com/infrastructureclub/open-house-london-images/master/images/2026/9662/building_9662_j6307_n11_high_d493290fdde1acc3755e47603bf58737.jpg",
                        "title": "Rory Gardiner"
                    },
                    {
                        "archive_url": "https://raw.githubusercontent.com/infrastructureclub/open-house-london-images/master/images/2026/9662/building_9662_j6307_n12_high_f60bbc96d7a57e471bfbae1b5f5f54ca.jpg",
                        "title": "Rory Gardiner"
                    },
                    {
                        "archive_url": "https://raw.githubusercontent.com/infrastructureclub/open-house-london-images/master/images/2026/9662/building_9662_j6307_n13_high_7ef4fc092850625b08c162844d8e4c2c.jpg",
                        "title": "Rory Gardiner"
                    }
                ],
                "name": "Sands End Arts & Community Centre",
                "new_venue_this_year": "No",
                "start": "10:30:00",
                "ticketed_events": "Yes",
                "url": "https://programme.openhouse.org.uk/listings/9662"
            },
            "type": "Feature"
        },
        {
            "geometry": {
                "coordinates": [
                    -0.10554,
                    51.51376
                ],
                "type": "Point"
            },
            "properties": {
                "balloted": "No",
                "description": "Wren designed building of 1675, interior lost in blitz of 1940, reopened 1957 with 'Wren inspired' interior",
                "end": "15:00:00",
                "fully_booked": "",
                "images": [
                    {
                        "archive_url": "https://raw.githubusercontent.com/infrastructureclub/open-house-london-images/master/images/2026/10035/building_10035_saint-brides-slater-king-354_bb8f07c9db1f49a68fbe0607f358d945.jpg",
                        "title": "Slater King"
                    },
                    {
                        "archive_url": "https://raw.githubusercontent.com/infrastructureclub/open-house-london-images/master/images/2026/10035/building_10035__dsc5779_cd3d912e5447e35e717d236627d51849.jpg",
                        "title": "John Lamb"
                    },
                    {
                        "archive_url": "https://raw.githubusercontent.com/infrastructureclub/open-house-london-images/master/images/2026/10035/building_10035__dsc5914_179a1c91dd4d40e08e3a1850fa0f390c.jpg",
                        "title": "John Lamb"
                    },
                    {
                        "archive_url": "https://raw.githubusercontent.com/infrastructureclub/open-house-london-images/master/images/2026/10035/building_10035_saint-brides-slater-king-418_c22f6b0ed23f0c5ed4d2af75a40e3446.jpg",
                        "title": "Slater King"
                    },
                    {
                        "archive_url": "https://raw.githubusercontent.com/infrastructureclub/open-house-london-images/master/images/2026/10035/building_10035_saint-brides-slater-king-337_46871a9de60eca0f2b50cb5dbc1b3314.jpg",
                        "title": "Slater King"
                    },
                    {
                        "archive_url": "https://raw.githubusercontent.com/infrastructureclub/open-house-london-images/master/images/2026/10035/building_10035_saint-brides-slater-king-370_d2eda4854bb80af0cf057fca1dbc9b38.jpg",
                        "title": "Slater King"
                    }
                ],
                "name": "St Bride's Church, Fleet Street",
                "new_venue_this_year": "No",
                "start": "10:00:00",
                "ticketed_events": "No",
                "url": "https://programme.openhouse.org.uk/listings/10035"
            },
            "type": "Feature"
        },
        {
            "geometry": {
                "coordinates": [
                    -0.11313,
                    51.56738
                ],
                "type": "Point"
            },
            "properties": {
                "balloted": "No",
                "description": "A grand neo-classical building of 1871 with impressive interior, built as New Court Congregational Chapel. Home to a Hunter pipe organ, installed as a WW1 memorial and recently restored with National Lottery Heritage Fund support.",
                "end": "16:30:00",
                "fully_booked": "",
                "images": [
                    {
                        "archive_url": "https://raw.githubusercontent.com/infrastructureclub/open-house-london-images/master/images/2026/10105/building_10105_exteriordn_a5db18323de34da7c99a3776d797abf6.jpg",
                        "title": "David Norton"
                    },
                    {
                        "archive_url": "https://raw.githubusercontent.com/infrastructureclub/open-house-london-images/master/images/2026/10105/building_10105_about_tab_9bfecfb348e840744e7ed8086e504367.jpg",
                        "title": "Old postcard"
                    },
                    {
                        "archive_url": "https://raw.githubusercontent.com/infrastructureclub/open-house-london-images/master/images/2026/10105/building_10105_new-court-chapel-copy_88faa08d8666a8440b295efa52cdbfa8.jpg",
                        "title": "Old Postcard"
                    },
                    {
                        "archive_url": "https://raw.githubusercontent.com/infrastructureclub/open-house-london-images/master/images/2026/10105/building_10105_organ-war-memorials-copy-2_fe53fcc6fd3d2e0a76984d98a335c62e.jpg",
                        "title": "Unknown"
                    },
                    {
                        "archive_url": "https://raw.githubusercontent.com/infrastructureclub/open-house-london-images/master/images/2026/10105/building_10105_phrestoration-copy_fc7577cbda8d1f4c559b5fad4a891349.jpg",
                        "title": "Charlotte Wilson"
                    },
                    {
                        "archive_url": "https://raw.githubusercontent.com/infrastructureclub/open-house-london-images/master/images/2026/10105/building_10105_plaque_mid-copy_09e67dfcb343fed74e48ec72d735415f.jpg",
                        "title": "Charlotte Wilson"
                    },
                    {
                        "archive_url": "https://raw.githubusercontent.com/infrastructureclub/open-house-london-images/master/images/2026/10105/building_10105_organ_finished_020-copy_e495508d0babe8f56714db8c94db3132.jpg",
                        "title": "Charlotte Wilson"
                    },
                    {
                        "archive_url": "https://raw.githubusercontent.com/infrastructureclub/open-house-london-images/master/images/2026/10105/building_10105_organ_finished_023-copy_821abd3094395c8dea84bd28e0a7d063.jpg",
                        "title": "Charlotte Wilson"
                    },
                    {
                        "archive_url": "https://raw.githubusercontent.com/infrastructureclub/open-house-london-images/master/images/2026/10105/building_10105_cattardoh23prog_39b209ef19316c2fc91e1e09d4a2cdd6.jpg",
                        "title": "Photo of RC Church of St Mellitus"
                    }
                ],
                "name": "RC Church of St Mellitus",
                "new_venue_this_year": "No",
                "start": "13:00:00",
                "ticketed_events": "No",
                "url": "https://programme.openhouse.org.uk/listings/10105"
            },
            "type": "Feature"
        },
        {
            "geometry": {
                "coordinates": [
                    -0.3183739,
                    51.49191829999999
                ],
                "type": "Point"
            },
            "properties": {
                "balloted": "No",
                "description": "Boston Manor House is a Jacobean House built for Lady Mary Reade in 1623 and later owned by the Clitherow family from the 1670s until the 1920s. The House is now open to the public with free entry six days a week. Its beautifully restored historic interiors, including breath-taking ornate plasterwork, are joined by two community exhibition galleries, meeting rooms and an attractive modern café.",
                "end": "16:00:00",
                "fully_booked": "No",
                "images": [
                    {
                        "archive_url": "https://raw.githubusercontent.com/infrastructureclub/open-house-london-images/master/images/2026/10142/building_10142_boston-manor-house-summer-2_c0f61ec64b1603fb550d52f0f09a6911.png",
                        "title": "Boston Manor House"
                    },
                    {
                        "archive_url": "https://raw.githubusercontent.com/infrastructureclub/open-house-london-images/master/images/2026/10142/building_10142_portico-view_999fec832900435c60d71d0e12234533.jpg",
                        "title": "Boston Manor House"
                    },
                    {
                        "archive_url": "https://raw.githubusercontent.com/infrastructureclub/open-house-london-images/master/images/2026/10142/building_10142_boston-manor-house-view-from-park-lake_1374c93e6b177cad683819c569dfe1c8.jpg",
                        "title": "Boston Manor House"
                    }
                ],
                "name": "Boston Manor House",
                "new_venue_this_year": "No",
                "start": "11:30:00",
                "ticketed_events": "Yes",
                "url": "https://programme.openhouse.org.uk/listings/10142"
            },
            "type": "Feature"
        },
        {
            "geometry": {
                "coordinates": [
                    0.2172764,
                    51.5067131
                ],
                "type": "Point"
            },
            "properties": {
                "balloted": "No",
                "description": "Grade II listed Norman church dating from as early as 1190 and as late as 1248.",
                "end": "16:00:00",
                "fully_booked": "",
                "images": [
                    {
                        "archive_url": "https://raw.githubusercontent.com/infrastructureclub/open-house-london-images/master/images/2026/10184/building_10184_wennington-church_31_3991fdad59334365db00b2ac00ba3555.jpg",
                        "title": "Alan Dell"
                    },
                    {
                        "archive_url": "https://raw.githubusercontent.com/infrastructureclub/open-house-london-images/master/images/2026/10184/building_10184_wennington-church_17_a0dbf8c6d463a2cbbcf0c1ff3e7ac7e4.jpg",
                        "title": "Alan Dell"
                    }
                ],
                "name": "Wennington Parish Church of St Mary and St Peter",
                "new_venue_this_year": "No",
                "start": "10:00:00",
                "ticketed_events": "No",
                "url": "https://programme.openhouse.org.uk/listings/10184"
            },
            "type": "Feature"
        },
        {
            "geometry": {
                "coordinates": [
                    -0.09212,
                    51.5151
                ],
                "type": "Point"
            },
            "properties": {
                "balloted": "No",
                "description": "On Sunday, 2 September 1666, the Great Fire of London started at a bakery in Pudding Lane, destroying thousands of homes, 87 churches, and St. Paul's Cathedral.\r\nOn this walk, we will explore this dramatic story, discover the causes and outcomes of the fire and see how Christopher Wren helped rebuild the city from the ashes.",
                "end": "15:00:00",
                "fully_booked": "Yes",
                "images": [
                    {
                        "archive_url": "https://raw.githubusercontent.com/infrastructureclub/open-house-london-images/master/images/2026/10238/building_10238_great-fire_cdb623d9a7d002bfedeb091b563fbe2d.jpeg",
                        "title": "Niki  Gorrick"
                    },
                    {
                        "archive_url": "https://raw.githubusercontent.com/infrastructureclub/open-house-london-images/master/images/2026/10238/building_10238_the_great_fire_of_london-_with_ludgate_and_old_st-_paul-s_397062c4fd48f1a6b8258abb18fae746.jpg",
                        "title": "Wikicommons"
                    },
                    {
                        "archive_url": "https://raw.githubusercontent.com/infrastructureclub/open-house-london-images/master/images/2026/10238/building_10238_img_4227_4a88f507ca320c519cc62cea3e65e731.jpeg",
                        "title": "MuhsinM"
                    },
                    {
                        "archive_url": "https://raw.githubusercontent.com/infrastructureclub/open-house-london-images/master/images/2026/10238/building_10238_st-paul-s_50c39a6af456c57e3448fb3bd9a25223.jpg",
                        "title": "Wikicommons"
                    }
                ],
                "name": "The Great Fire of London",
                "new_venue_this_year": "No",
                "start": "10:00:00",
                "ticketed_events": "Yes",
                "url": "https://programme.openhouse.org.uk/listings/10238"
            },
            "type": "Feature"
        },
        {
            "geometry": {
                "coordinates": [
                    -0.09204,
                    51.51543
                ],
                "type": "Point"
            },
            "properties": {
                "balloted": "No",
                "description": "On this walk, we will see many historic & modern buildings in the City of London. We’ll look at different architecture styles having regard to the environment and sustainability, from heritage sites to pioneering green tech. Hear about famous architects, past and present, as we explore how the Square Mile preserves its legacy while evolving for a resilient, carbon-neutral tomorrow.",
                "end": "15:45:00",
                "fully_booked": "Yes",
                "images": [
                    {
                        "archive_url": "https://raw.githubusercontent.com/infrastructureclub/open-house-london-images/master/images/2026/10240/building_10240_city-guides_23393c19ee093d466698c7999167daf4.jpeg",
                        "title": "Niki Gorrick"
                    },
                    {
                        "archive_url": "https://raw.githubusercontent.com/infrastructureclub/open-house-london-images/master/images/2026/10240/building_10240_david-thompson-with-cheesegrater_c31a990f14603bc6e5b72fc7330a3b22.jpg",
                        "title": "Niki Gorrick"
                    },
                    {
                        "archive_url": "https://raw.githubusercontent.com/infrastructureclub/open-house-london-images/master/images/2026/10240/building_10240_img_4012_1aff0731f29e42761ea3607b7e498ccb.jpeg",
                        "title": "Muhsin M"
                    },
                    {
                        "archive_url": "https://raw.githubusercontent.com/infrastructureclub/open-house-london-images/master/images/2026/10240/building_10240_img_4209_be924c99b48ba6867c3f29dbfc0c23a4.jpeg",
                        "title": "Muhsin M"
                    }
                ],
                "name": "Historic & Modern Buildings in the City",
                "new_venue_this_year": "No",
                "start": "10:45:00",
                "ticketed_events": "Yes",
                "url": "https://programme.openhouse.org.uk/listings/10240"
            },
            "type": "Feature"
        },
        {
            "geometry": {
                "coordinates": [
                    -0.10861,
                    51.52895
                ],
                "type": "Point"
            },
            "properties": {
                "balloted": "No",
                "description": "An industrial heritage site that was the hub of one of London’s first major pieces of urban infrastructure.\r\nIts 18th and 19th century buildings have been restored by Tim Ronalds Architects to create the Quentin Blake Centre for Illustration which opened to the public on June 5th 2026.",
                "end": "16:00:00",
                "fully_booked": "No",
                "images": [
                    {
                        "archive_url": "https://raw.githubusercontent.com/infrastructureclub/open-house-london-images/master/images/2026/10280/building_10280_dsc_5143_e477d2a342d1614507724a741f851cf4.jpg",
                        "title": "Photo of Quentin Blake Centre for Illustration - New River Head"
                    },
                    {
                        "archive_url": "https://raw.githubusercontent.com/infrastructureclub/open-house-london-images/master/images/2026/10280/building_10280_dsc_5086_afec8d47bb05899f448e2ecf9fda4582.jpg",
                        "title": "Photo of Quentin Blake Centre for Illustration - New River Head"
                    },
                    {
                        "archive_url": "https://raw.githubusercontent.com/infrastructureclub/open-house-london-images/master/images/2026/10280/building_10280_dsc_5105_cb112dee2841fd2c82bf7d629822f4c8.jpg",
                        "title": "Photo of Quentin Blake Centre for Illustration - New River Head"
                    },
                    {
                        "archive_url": "https://raw.githubusercontent.com/infrastructureclub/open-house-london-images/master/images/2026/10280/building_10280_dsc_5136_e8839f149f6efe04d78beeaf200a34d2.jpg",
                        "title": "Photo of Quentin Blake Centre for Illustration - New River Head"
                    }
                ],
                "name": "Quentin Blake Centre for Illustration - New River Head",
                "new_venue_this_year": "No",
                "start": "11:00:00",
                "ticketed_events": "Yes",
                "url": "https://programme.openhouse.org.uk/listings/10280"
            },
            "type": "Feature"
        },
        {
            "geometry": {
                "coordinates": [
                    -0.0171736,
                    51.4573883
                ],
                "type": "Point"
            },
            "properties": {
                "balloted": "No",
                "description": "The first residents have moved into the capital’s biggest community-led self-build project, coordinated by the Rural Urban Synthesis Society (RUSS): 36 flats in two linked buildings, a new public riverside garden and shared community spaces. As a Community Land Trust, RUSS aims to create sustainable and permanently affordable homes in a community woven into the wider communities of Lewisham.",
                "end": "16:00:00",
                "fully_booked": "No",
                "images": [
                    {
                        "archive_url": "https://raw.githubusercontent.com/infrastructureclub/open-house-london-images/master/images/2026/10389/building_10389_12-church-grove-dazzle_473f08551b4d9103d1053697adf9aa89.jpg",
                        "title": "RUSS"
                    },
                    {
                        "archive_url": "https://raw.githubusercontent.com/infrastructureclub/open-house-london-images/master/images/2026/10389/building_10389_russ-church-grove-community-hub_2019_graziano-milano_2_08033b6cd79f29b750803d468b33b7e6.jpg",
                        "title": "Graziano Miliano"
                    },
                    {
                        "archive_url": "https://raw.githubusercontent.com/infrastructureclub/open-house-london-images/master/images/2026/10389/building_10389_russ-church-grove-community-hub_graziano-milano_5_8bba6f1daa4bdcf5d8abdff5e061731f.jpg",
                        "title": "Graziano Miliano"
                    },
                    {
                        "archive_url": "https://raw.githubusercontent.com/infrastructureclub/open-house-london-images/master/images/2026/10389/building_10389_exterior-of-russ-church-grove-community-hub-during-open-house-london-2019_graziano-milano_10_26d6afede2336acdb46f2a9b5bfa3cd8.jpg",
                        "title": "Graziano Miliano"
                    },
                    {
                        "archive_url": "https://raw.githubusercontent.com/infrastructureclub/open-house-london-images/master/images/2026/10389/building_10389_russ-church-grove-community-hub-during-open-house-london-2019_graziano-milano_7_8355749d90271f6ae1090051b3351661.jpg",
                        "title": "Graziano Miliano"
                    },
                    {
                        "archive_url": "https://raw.githubusercontent.com/infrastructureclub/open-house-london-images/master/images/2026/10389/building_10389_russ-church-grove-community-hub-completed_graziano-milano_3_c016547841925c86d90d3ae474cd8f9f.jpg",
                        "title": "Graziano Miliano"
                    }
                ],
                "name": "12 Church Grove",
                "new_venue_this_year": "No",
                "start": "11:00:00",
                "ticketed_events": "Yes",
                "url": "https://programme.openhouse.org.uk/listings/10389"
            },
            "type": "Feature"
        },
        {
            "geometry": {
                "coordinates": [
                    -0.06809,
                    51.50782
                ],
                "type": "Point"
            },
            "properties": {
                "balloted": "No",
                "description": "A contemporary adaptation of a 1980s office building, and home of global design firm Gensler. Each level of the building is connected by a structural timber facade and set of stairs, and the new 5th floor cantilevers from the roof.",
                "end": "16:00:00",
                "fully_booked": "Yes",
                "images": [
                    {
                        "archive_url": "https://raw.githubusercontent.com/infrastructureclub/open-house-london-images/master/images/2026/10591/building_10591_008_7535_000_n5_hip_5837118a46ae16c7e05e14452158c92c.jpg",
                        "title": "Photo of 6 Moretown (Gensler London Studio)"
                    },
                    {
                        "archive_url": "https://raw.githubusercontent.com/infrastructureclub/open-house-london-images/master/images/2026/10591/building_10591_008_7535_000_n114_medium_93a7087bd633aa224e68457e90edbf71.jpg",
                        "title": "Photo of 6 Moretown (Gensler London Studio)"
                    },
                    {
                        "archive_url": "https://raw.githubusercontent.com/infrastructureclub/open-house-london-images/master/images/2026/10591/building_10591_008_7535_000_n4_hip_f4a108a88219b209016c08e8330ec0f1.jpg",
                        "title": "Photo of 6 Moretown (Gensler London Studio)"
                    },
                    {
                        "archive_url": "https://raw.githubusercontent.com/infrastructureclub/open-house-london-images/master/images/2026/10591/building_10591_008_7535_000_n123_medium_64176c7dda16aeaf26082c1e1a5e33dd.jpg",
                        "title": "Photo of 6 Moretown (Gensler London Studio)"
                    },
                    {
                        "archive_url": "https://raw.githubusercontent.com/infrastructureclub/open-house-london-images/master/images/2026/10591/building_10591_008_7535_000_n128_hip_b7810724f9196a844d863fc5b168338f.jpg",
                        "title": "Photo of 6 Moretown (Gensler London Studio)"
                    },
                    {
                        "archive_url": "https://raw.githubusercontent.com/infrastructureclub/open-house-london-images/master/images/2026/10591/building_10591_008_7535_000_n130_medium_c08a3d137b4b46f918ee83fdcc235912.jpg",
                        "title": "Photo of 6 Moretown (Gensler London Studio)"
                    },
                    {
                        "archive_url": "https://raw.githubusercontent.com/infrastructureclub/open-house-london-images/master/images/2026/10591/building_10591_008_7535_000_n132_medium_2f4240a39d4669a241b156385eacf5b9.jpg",
                        "title": "Photo of 6 Moretown (Gensler London Studio)"
                    }
                ],
                "name": "6 Moretown (Gensler London Studio)",
                "new_venue_this_year": "No",
                "start": "10:00:00",
                "ticketed_events": "Yes",
                "url": "https://programme.openhouse.org.uk/listings/10591"
            },
            "type": "Feature"
        },
        {
            "geometry": {
                "coordinates": [
                    -0.1080343,
                    51.51412879999999
                ],
                "type": "Point"
            },
            "properties": {
                "balloted": "No",
                "description": "The Fleet Street Heritage Wall comprises 86 A3 information panels about the people, places, ideas and newspapers which made the name of Fleet Street famous throughout the world.  From 17th to 20th Sept frequent talks will be given on the sundial and the Heritage Wall, and its innovative design features which will  make it accessible to all comers through web pages, Easy Read pages, and audio files",
                "end": "16:00:00",
                "fully_booked": "",
                "images": [
                    {
                        "archive_url": "https://raw.githubusercontent.com/infrastructureclub/open-house-london-images/master/images/2026/10644/building_10644_heritagesundial1045gmts_0ce92c6a803a30bfc01bb00c91cbea10.png",
                        "title": "Piers Nicholson"
                    },
                    {
                        "archive_url": "https://raw.githubusercontent.com/infrastructureclub/open-house-london-images/master/images/2026/10644/building_10644_heritage-wall-drawing_29694abd9a173540602f9f077fe229c6.png",
                        "title": "Piers Nicholson"
                    },
                    {
                        "archive_url": "https://raw.githubusercontent.com/infrastructureclub/open-house-london-images/master/images/2026/10644/building_10644_heritagewallphoto_2505a98dce470e2e3ad34b3c52a3b8d4.png",
                        "title": "Piers Nicholson"
                    },
                    {
                        "archive_url": "https://raw.githubusercontent.com/infrastructureclub/open-house-london-images/master/images/2026/10644/building_10644_mainimage-2026redstripe_09fab54bc3be2c5bbb33680909319e27.png",
                        "title": "Piers Nicholson"
                    }
                ],
                "name": "Fleet Street Heritage Wall and Sundial",
                "new_venue_this_year": "No",
                "start": "10:00:00",
                "ticketed_events": "No",
                "url": "https://programme.openhouse.org.uk/listings/10644"
            },
            "type": "Feature"
        },
        {
            "geometry": {
                "coordinates": [
                    -0.1044575,
                    51.5523926
                ],
                "type": "Point"
            },
            "properties": {
                "balloted": "No",
                "description": "Olden Community Garden - a hidden 2.5 acre green oasis along a railway embankment in Islington. Sit beside the lawn; listen to birdsong; follow trails through the woodland, meadow and orchard; discover vegetable patches and a wildlife pond.",
                "end": "15:00:00",
                "fully_booked": "",
                "images": [
                    {
                        "archive_url": "https://raw.githubusercontent.com/infrastructureclub/open-house-london-images/master/images/2026/10727/building_10727_img_2753-olden-community-garden_d110d5608e76d6b3bcac4e4258a93a2f.jpeg",
                        "title": "Photo of Olden Community Garden"
                    },
                    {
                        "archive_url": "https://raw.githubusercontent.com/infrastructureclub/open-house-london-images/master/images/2026/10727/building_10727_img_2945-b-woodland_6a8a16d46c63eb7e351fdedc1b49830d.jpg",
                        "title": "Photo of Olden Community Garden"
                    }
                ],
                "name": "Olden Community Garden",
                "new_venue_this_year": "No",
                "start": "11:00:00",
                "ticketed_events": "No",
                "url": "https://programme.openhouse.org.uk/listings/10727"
            },
            "type": "Feature"
        },
        {
            "geometry": {
                "coordinates": [
                    -0.1390767,
                    51.51496789999999
                ],
                "type": "Point"
            },
            "properties": {
                "balloted": "No",
                "description": "Architecture studio Klaud leads a tour of the Soho Photography Quarter and The Photographers’ Gallery’s refurbished ground floor, redesigned to connect with this new public space, which features a 45m ‘Artfrieze’ at the heart of a curated public art programme. They are joined by Clare Grafik, Head of Exhibitions at The Photographers’ Gallery, who will present this year’s public space commission.",
                "end": "12:00:00",
                "fully_booked": "Yes",
                "images": [
                    {
                        "archive_url": "https://raw.githubusercontent.com/infrastructureclub/open-house-london-images/master/images/2026/10735/building_10735_spq_ala6472_f1096a656a7744c8449bfd59f7c977cb.jpg",
                        "title": "ALA"
                    },
                    {
                        "archive_url": "https://raw.githubusercontent.com/infrastructureclub/open-house-london-images/master/images/2026/10735/building_10735_spq_luke-hayes181_984dca29078b8606a48142b614f8a725.jpg",
                        "title": "Luke Hayes"
                    },
                    {
                        "archive_url": "https://raw.githubusercontent.com/infrastructureclub/open-house-london-images/master/images/2026/10735/building_10735_spq_ala6464_9f81a11de441ece751cf92c4099a4efb.jpeg",
                        "title": "ALA"
                    },
                    {
                        "archive_url": "https://raw.githubusercontent.com/infrastructureclub/open-house-london-images/master/images/2026/10735/building_10735_spq_luke-hayes293-sm_4bb0893ad3363649c1fd7c6ff59a6b6f.jpg",
                        "title": "Luke Hayes"
                    },
                    {
                        "archive_url": "https://raw.githubusercontent.com/infrastructureclub/open-house-london-images/master/images/2026/10735/building_10735_spq_luke-hayes312-sm_abdbf8611841cb522f8c31acc9866a92.jpg",
                        "title": "Luke Hayes"
                    },
                    {
                        "archive_url": "https://raw.githubusercontent.com/infrastructureclub/open-house-london-images/master/images/2026/10735/building_10735_spq_leocinicolo2273-sm_19219fc4bc5cab86e3ea643ae0277b5f.jpg",
                        "title": "Leo Cinicolo"
                    },
                    {
                        "archive_url": "https://raw.githubusercontent.com/infrastructureclub/open-house-london-images/master/images/2026/10735/building_10735_spq-map_c439dba408e7cb8978679abcc0216126.jpg",
                        "title": "ALA"
                    }
                ],
                "name": "Soho Photography Quarter",
                "new_venue_this_year": "No",
                "start": "11:00:00",
                "ticketed_events": "Yes",
                "url": "https://programme.openhouse.org.uk/listings/10735"
            },
            "type": "Feature"
        },
        {
            "geometry": {
                "coordinates": [
                    -0.1454343,
                    51.5765813
                ],
                "type": "Point"
            },
            "properties": {
                "balloted": "No",
                "description": "Jacksons Lane’s year-round programme of contemporary performance, arts participation and cultural education exists to empower, and ignite creativity within diverse communities & work tirelessly to overcome traditional barriers through art.",
                "end": "18:00:00",
                "fully_booked": "",
                "images": [
                    {
                        "archive_url": "https://raw.githubusercontent.com/infrastructureclub/open-house-london-images/master/images/2026/10874/building_10874_jacksons-lane-r5__9014-hdr_9027d7e6aa5d09a61a52222b216c0691.jpg",
                        "title": "Jacksons Lane Arts Centre"
                    },
                    {
                        "archive_url": "https://raw.githubusercontent.com/infrastructureclub/open-house-london-images/master/images/2026/10874/building_10874_jacksons_lane_foyer_553_bff78a4a3b8f9ca09fdea525d67b1e36.jpg",
                        "title": "Mark Morreau"
                    },
                    {
                        "archive_url": "https://raw.githubusercontent.com/infrastructureclub/open-house-london-images/master/images/2026/10874/building_10874_jacksons_lane_foyer_530_3d45882558662df3dd92587011ec0758.jpg",
                        "title": "Mark Morreau"
                    },
                    {
                        "archive_url": "https://raw.githubusercontent.com/infrastructureclub/open-house-london-images/master/images/2026/10874/building_10874_jacksons_lane_studio_1_387_22fbcc4e4cbb74a9ed0d0ae530340ca8.jpg",
                        "title": "Mark Morreau"
                    },
                    {
                        "archive_url": "https://raw.githubusercontent.com/infrastructureclub/open-house-london-images/master/images/2026/10874/building_10874_jacksons_lane_studio_3_278_943459148de727d8479914af788a1291.jpg",
                        "title": "Mark Morreau"
                    },
                    {
                        "archive_url": "https://raw.githubusercontent.com/infrastructureclub/open-house-london-images/master/images/2026/10874/building_10874_c-alex-brenner-no-use-without-credit-jacksons-lane-opening-weekend-_1dc9801_dx_7b0906cf9c1a8b23532ae3ceb68e624e.jpg",
                        "title": "Alex Brenner"
                    }
                ],
                "name": "Jacksons Lane Arts Centre",
                "new_venue_this_year": "No",
                "start": "10:00:00",
                "ticketed_events": "No",
                "url": "https://programme.openhouse.org.uk/listings/10874"
            },
            "type": "Feature"
        },
        {
            "geometry": {
                "coordinates": [
                    -0.11595,
                    51.54089
                ],
                "type": "Point"
            },
            "properties": {
                "balloted": "No",
                "description": "A tour of one of the largest and best preserved early Victorian squares and gardens in London, also with a magnificent and original public library of 1906, which shows Byzantine and Art Nouveau influences, and a remarkable Gothic church. Refreshments available.",
                "end": "16:45:00",
                "fully_booked": "No",
                "images": [
                    {
                        "archive_url": "https://raw.githubusercontent.com/infrastructureclub/open-house-london-images/master/images/2026/10893/building_10893_eabf12ee-f57b-4e22-9f37-aa763d767248_144ca243da7ba76b203a05d3a30ce8ab.png",
                        "title": "Photo of Thornhill Square"
                    },
                    {
                        "archive_url": "https://raw.githubusercontent.com/infrastructureclub/open-house-london-images/master/images/2026/10893/building_10893_img_1115_1e0f3a2bd87b84b6d11ea183898fcbd0.jpeg",
                        "title": "Photo of Thornhill Square"
                    }
                ],
                "name": "Thornhill Square",
                "new_venue_this_year": "No",
                "start": "10:00:00",
                "ticketed_events": "Yes",
                "url": "https://programme.openhouse.org.uk/listings/10893"
            },
            "type": "Feature"
        },
        {
            "geometry": {
                "coordinates": [
                    -0.0914547,
                    51.5155471
                ],
                "type": "Point"
            },
            "properties": {
                "balloted": "No",
                "description": "The capital’s only Roman Amphitheatre. Regular combined guided tours of Amphitheatre and Guildhall Art Gallery at 12.15pm & 1.15pm on Tuesday-Sunday. Additional Open House tours on 19 and 20 September, please see Guildhall Art Gallery listing.",
                "end": "15:45:00",
                "fully_booked": "",
                "images": [
                    {
                        "archive_url": "https://raw.githubusercontent.com/infrastructureclub/open-house-london-images/master/images/2026/10902/building_10902_roman-amphitheatre-resize-square_9ae1adc560e04bc1bca04278998749d1.jpg",
                        "title": "Clive Totman"
                    },
                    {
                        "archive_url": "https://raw.githubusercontent.com/infrastructureclub/open-house-london-images/master/images/2026/10902/building_10902_roman-amphitheatre-resize_725f114eb5a1f59bd0ce13d82cd611f6.jpg",
                        "title": "Clive Totman"
                    }
                ],
                "name": "London's Roman Amphitheatre",
                "new_venue_this_year": "No",
                "start": "11:00:00",
                "ticketed_events": "No",
                "url": "https://programme.openhouse.org.uk/listings/10902"
            },
            "type": "Feature"
        },
        {
            "geometry": {
                "coordinates": [
                    -0.13092,
                    51.53106
                ],
                "type": "Point"
            },
            "properties": {
                "balloted": "No",
                "description": "A great little museum set in the Grade 2 listed Ossulston Estate - a prime example of pre-war Social housing - based on Karl Marz Hof in Vienna.\r\nOpen Tuesday to Saturday 10am-5pm, plus Sunday 13th 12am-4pm.",
                "end": "17:00:00",
                "fully_booked": "",
                "images": [
                    {
                        "archive_url": "https://raw.githubusercontent.com/infrastructureclub/open-house-london-images/master/images/2026/10952/building_10952_img_6471_8c646e7b585214745cac2bac5d892502.jpeg",
                        "title": "Photo of People's Museum Somers Town"
                    },
                    {
                        "archive_url": "https://raw.githubusercontent.com/infrastructureclub/open-house-london-images/master/images/2026/10952/building_10952_image-15_e16b0cc04819f673c9e9f48ceb631876.jpg",
                        "title": "Photo of People's Museum Somers Town"
                    },
                    {
                        "archive_url": "https://raw.githubusercontent.com/infrastructureclub/open-house-london-images/master/images/2026/10952/building_10952_bayes_draper_7f3e5b45b5214a3678350c626287e132.jpg",
                        "title": "Photo of People's Museum Somers Town"
                    },
                    {
                        "archive_url": "https://raw.githubusercontent.com/infrastructureclub/open-house-london-images/master/images/2026/10952/building_10952_image_5190c3ba3a353bf7d685190ba20e632f.jpg",
                        "title": "Photo of People's Museum Somers Town"
                    },
                    {
                        "archive_url": "https://raw.githubusercontent.com/infrastructureclub/open-house-london-images/master/images/2026/10952/building_10952_gqh6-qgxeaarxpf_ad2f7ba8f9690a14696531d538d5cfb6.jpeg",
                        "title": "Photo of People's Museum Somers Town"
                    },
                    {
                        "archive_url": "https://raw.githubusercontent.com/infrastructureclub/open-house-london-images/master/images/2026/10952/building_10952_img_6473_392358fa284aea6acbb4f7a047ac2f52.jpeg",
                        "title": "Photo of People's Museum Somers Town"
                    }
                ],
                "name": "People's Museum Somers Town",
                "new_venue_this_year": "No",
                "start": "10:00:00",
                "ticketed_events": "No",
                "url": "https://programme.openhouse.org.uk/listings/10952"
            },
            "type": "Feature"
        },
        {
            "geometry": {
                "coordinates": [
                    -0.02099,
                    51.47686
                ],
                "type": "Point"
            },
            "properties": {
                "balloted": "No",
                "description": "Open Studios, provides a unique glimpse to the architectural spaces and working studios of APT artists.  Over the weekend, there is also the opportunity to see our Group Show in the Gallery, curated by and featuring APT artists' work.",
                "end": "18:00:00",
                "fully_booked": "",
                "images": [
                    {
                        "archive_url": "https://raw.githubusercontent.com/infrastructureclub/open-house-london-images/master/images/2026/11049/building_11049_exterior-rear_from-creekbed01-ps_feb603e811de9b0cacf60ea5b8703327.jpg",
                        "title": "APT Studios & Gallery"
                    }
                ],
                "name": "Art in Perpetuity Trust",
                "new_venue_this_year": "No",
                "start": "13:00:00",
                "ticketed_events": "No",
                "url": "https://programme.openhouse.org.uk/listings/11049"
            },
            "type": "Feature"
        },
        {
            "geometry": {
                "coordinates": [
                    -0.1411344,
                    51.5916775
                ],
                "type": "Point"
            },
            "properties": {
                "balloted": "No",
                "description": "A notable example of George Baines' work from the heyday of London free church buildings. It combines Baptist simplicity with Edwardian decor and spaciousness and is broadly unaltered.  It was built to complement the surrounding townscape.",
                "end": "15:00:00",
                "fully_booked": "",
                "images": [
                    {
                        "archive_url": "https://raw.githubusercontent.com/infrastructureclub/open-house-london-images/master/images/2026/11196/building_11196_img_0603-1_529ca5264290beff55a5c4a28fa8716d.jpeg",
                        "title": "Muswell Hill Baptist Church"
                    },
                    {
                        "archive_url": "https://raw.githubusercontent.com/infrastructureclub/open-house-london-images/master/images/2026/11196/building_11196_003_46b795e60074e6cf53cafc70bf9eac98.jpg",
                        "title": "Muswell Hill Baptist Church"
                    },
                    {
                        "archive_url": "https://raw.githubusercontent.com/infrastructureclub/open-house-london-images/master/images/2026/11196/building_11196_img_0598_fd6ed7f379c7b97ac51832b62a9abb1e.jpeg",
                        "title": "Muswell Hill Baptist Church"
                    },
                    {
                        "archive_url": "https://raw.githubusercontent.com/infrastructureclub/open-house-london-images/master/images/2026/11196/building_11196_img_0943-1_b69a926df20b54d58e794889388b519c.jpeg",
                        "title": "Muswell Hill Baptist Church"
                    },
                    {
                        "archive_url": "https://raw.githubusercontent.com/infrastructureclub/open-house-london-images/master/images/2026/11196/building_11196_012_4274dfa069cd4e0896bdb0c86d318341.jpg",
                        "title": "Muswell Hill Baptist Church"
                    },
                    {
                        "archive_url": "https://raw.githubusercontent.com/infrastructureclub/open-house-london-images/master/images/2026/11196/building_11196_img_0734_fbf4a090c63f699575a325e95c06b6f1.jpeg",
                        "title": "Muswell Hill Baptist Church"
                    },
                    {
                        "archive_url": "https://raw.githubusercontent.com/infrastructureclub/open-house-london-images/master/images/2026/11196/building_11196_img_0740_b3059ea67aa9b6eedc28cf3750d02519.jpeg",
                        "title": "Muswell Hill Baptist Church"
                    },
                    {
                        "archive_url": "https://raw.githubusercontent.com/infrastructureclub/open-house-london-images/master/images/2026/11196/building_11196_street-scene_8772699ede7b12a41b7cbd32c7d89529.jpg",
                        "title": "Muswell Hill Baptist Church"
                    }
                ],
                "name": "Muswell Hill Baptist Church",
                "new_venue_this_year": "No",
                "start": "11:00:00",
                "ticketed_events": "No",
                "url": "https://programme.openhouse.org.uk/listings/11196"
            },
            "type": "Feature"
        },
        {
            "geometry": {
                "coordinates": [
                    -0.0194102,
                    51.5828202
                ],
                "type": "Point"
            },
            "properties": {
                "balloted": "No",
                "description": "A walk around historic Walthamstow showing how this unique area grew from a village into a thriving suburb, its social history and the variety of buildings that can be found where Epping Forest meets William Morris.",
                "end": "13:00:00",
                "fully_booked": "Yes",
                "images": [
                    {
                        "archive_url": "https://raw.githubusercontent.com/infrastructureclub/open-house-london-images/master/images/2026/11296/building_11296_img_2828_8b059f0e8ad7184afcc7c0488c9ccdab.jpg",
                        "title": "Christopher Booth"
                    },
                    {
                        "archive_url": "https://raw.githubusercontent.com/infrastructureclub/open-house-london-images/master/images/2026/11296/building_11296_img_2904_c28f81b321873eb89a7d587354f71c16.jpg",
                        "title": "Christopher Booth"
                    },
                    {
                        "archive_url": "https://raw.githubusercontent.com/infrastructureclub/open-house-london-images/master/images/2026/11296/building_11296_walthamstow_cd409428c1f4d6584014d2fe25cc7c9f.jpeg",
                        "title": "Photo of From Forest to Morris: A walk around Walthamstow"
                    },
                    {
                        "archive_url": "https://raw.githubusercontent.com/infrastructureclub/open-house-london-images/master/images/2026/11296/building_11296_e17-townhall_a4dac844616068ff288f164fcaff8114.jpg",
                        "title": "Photo of From Forest to Morris: A walk around Walthamstow"
                    },
                    {
                        "archive_url": "https://raw.githubusercontent.com/infrastructureclub/open-house-london-images/master/images/2026/11296/building_11296_willam-mprros-gallery_3f8202547ebef0ca403d8d150054268b.jpeg",
                        "title": "Photo of From Forest to Morris: A walk around Walthamstow"
                    }
                ],
                "name": "From Forest to Morris: A walk around Walthamstow",
                "new_venue_this_year": "No",
                "start": "11:00:00",
                "ticketed_events": "Yes",
                "url": "https://programme.openhouse.org.uk/listings/11296"
            },
            "type": "Feature"
        },
        {
            "geometry": {
                "coordinates": [
                    -0.1224538,
                    51.51146319999999
                ],
                "type": "Point"
            },
            "properties": {
                "balloted": "No",
                "description": "This year marks the 52nd  anniversary of when the wholesale market ceased trading and moved to the Battersea/Vauxhall area . The tour charts the evolution of Covent Garden, incorporating the piazza, the wholesale produce market, social residential areas and supporting neighbourhoods, and highlighting the social and commercial highs, lows and challenges.\r\nContact tonyganio@gmail.com",
                "end": "12:30:00",
                "fully_booked": "Yes",
                "images": [
                    {
                        "archive_url": "https://raw.githubusercontent.com/infrastructureclub/open-house-london-images/master/images/2026/11313/building_11313_b0a5c0a7-7118-4970-97cc-843cc023af07_ea725b7de9868e062bc2081435e04f7e.jpeg",
                        "title": "vintage.es"
                    },
                    {
                        "archive_url": "https://raw.githubusercontent.com/infrastructureclub/open-house-london-images/master/images/2026/11313/building_11313_4a17b3c0-d469-45d7-8e06-c622163e5576_d372da12e2295965fd8c8a27e695ce24.jpeg",
                        "title": "Clive Boursnell"
                    },
                    {
                        "archive_url": "https://raw.githubusercontent.com/infrastructureclub/open-house-london-images/master/images/2026/11313/building_11313_f8f54ddb-5dd2-4101-aa3f-86586aafac07_9f8d2ba9c79046065e3901f08dbe6b37.jpeg",
                        "title": "Clive Boursnell"
                    },
                    {
                        "archive_url": "https://raw.githubusercontent.com/infrastructureclub/open-house-london-images/master/images/2026/11313/building_11313_eb9b8c87-dbea-4e04-a886-4675d554f07f_44548399a03d9fa829fbe6e6ef514d34.jpeg",
                        "title": "Clive Boursnell"
                    },
                    {
                        "archive_url": "https://raw.githubusercontent.com/infrastructureclub/open-house-london-images/master/images/2026/11313/building_11313_7dbe8738-257a-46b4-ad76-041eb2e27277_549d5b7fbfac046c9a4a18eb0e78595f.jpeg",
                        "title": "Tony Ganio"
                    },
                    {
                        "archive_url": "https://raw.githubusercontent.com/infrastructureclub/open-house-london-images/master/images/2026/11313/building_11313_2efe5610-ea5b-4040-b3e1-050cc852e969_1c5d0383afdff8fd16c4c30f8a04cedb.jpeg",
                        "title": "Tony Ganio"
                    },
                    {
                        "archive_url": "https://raw.githubusercontent.com/infrastructureclub/open-house-london-images/master/images/2026/11313/building_11313_a5499514-0aa8-4fea-a518-822e963788a1_80a6992cf83840e0cc6911add14f16c9.jpeg",
                        "title": "Tony Ganio"
                    },
                    {
                        "archive_url": "https://raw.githubusercontent.com/infrastructureclub/open-house-london-images/master/images/2026/11313/building_11313_f72be0ba-6bbf-420c-a57d-8c9359c72956_e9cd4419cb94e17a5233db90bedf3e6c.jpeg",
                        "title": "Tony Ganio"
                    }
                ],
                "name": "Fruit to Fashion: how a kitchen garden became a world famous piazza",
                "new_venue_this_year": "No",
                "start": "10:30:00",
                "ticketed_events": "Yes",
                "url": "https://programme.openhouse.org.uk/listings/11313"
            },
            "type": "Feature"
        },
        {
            "geometry": {
                "coordinates": [
                    -0.07931,
                    51.41148
                ],
                "type": "Point"
            },
            "properties": {
                "balloted": "No",
                "description": "St John's is a Grade II* listed church, designed by John Loughborough Pearson",
                "end": "16:15:00",
                "fully_booked": "No",
                "images": [
                    {
                        "archive_url": "https://raw.githubusercontent.com/infrastructureclub/open-house-london-images/master/images/2026/11789/building_11789_untitled_e0fd0a5e008c21986eedc36ee7bc38e2.jpg",
                        "title": "Photo of St John the Evangelist, Upper Norwood"
                    },
                    {
                        "archive_url": "https://raw.githubusercontent.com/infrastructureclub/open-house-london-images/master/images/2026/11789/building_11789_untitled_cfcfbfe332e08bcc79df421b51df98b4.jpg",
                        "title": "Photo of St John the Evangelist, Upper Norwood"
                    },
                    {
                        "archive_url": "https://raw.githubusercontent.com/infrastructureclub/open-house-london-images/master/images/2026/11789/building_11789_untitled_238e13fd5b780180b248133a4694ef47.jpg",
                        "title": "Photo of St John the Evangelist, Upper Norwood"
                    },
                    {
                        "archive_url": "https://raw.githubusercontent.com/infrastructureclub/open-house-london-images/master/images/2026/11789/building_11789_untitled_be83d024c32be3f865e4cfbb94f74fec.jpg",
                        "title": "Photo of St John the Evangelist, Upper Norwood"
                    }
                ],
                "name": "St John the Evangelist, Upper Norwood",
                "new_venue_this_year": "No",
                "start": "12:30:00",
                "ticketed_events": "Yes",
                "url": "https://programme.openhouse.org.uk/listings/11789"
            },
            "type": "Feature"
        },
        {
            "geometry": {
                "coordinates": [
                    -0.17548,
                    51.50481
                ],
                "type": "Point"
            },
            "properties": {
                "balloted": "No",
                "description": "A floating acoustic architecture, playfully reframing public space as an essential community engagement through sound & site mapping. Accessed by smartphone, headphones & echoes.xyz app, the Pavilion is located outside the Serpentine Gallery,. Drawing on Oskar & Zofia Hansen’s Open Form architectural concept it is one of 15 in a series including Venice, Berlin, Dublin, Bergen and Arctic Norway.",
                "end": "19:30:00",
                "fully_booked": "",
                "images": [
                    {
                        "archive_url": "https://raw.githubusercontent.com/infrastructureclub/open-house-london-images/master/images/2026/11855/building_11855_london-open-form-pavilion-of-air-design-and-presentation_214cd30ce7ca5d941be727d86f2eb973.jpg",
                        "title": "Photo of London Open Form Pavilion of Air"
                    },
                    {
                        "archive_url": "https://raw.githubusercontent.com/infrastructureclub/open-house-london-images/master/images/2026/11855/building_11855_qr-code-london-open-form-pavilion-of-air-1_a87bb30e72967aa06b4470ab2e37b0d2.jpg",
                        "title": "Photo of London Open Form Pavilion of Air"
                    },
                    {
                        "archive_url": "https://raw.githubusercontent.com/infrastructureclub/open-house-london-images/master/images/2026/11855/building_11855_london-open-form-pavilion-of-air-design-and-presentation-05cd1c-map_7029344be6f1bc2ee855960aa0b17686.jpg",
                        "title": "Photo of London Open Form Pavilion of Air"
                    }
                ],
                "name": "London Open Form Pavilion of Air",
                "new_venue_this_year": "No",
                "start": "06:00:00",
                "ticketed_events": "No",
                "url": "https://programme.openhouse.org.uk/listings/11855"
            },
            "type": "Feature"
        },
        {
            "geometry": {
                "coordinates": [
                    -0.00173,
                    51.51929
                ],
                "type": "Point"
            },
            "properties": {
                "balloted": "No",
                "description": "Our event will focus on celebrating the rich heritage of Cody Dock, one of the last remaining brick-lined docks in London.  Our one-day festival will provide exciting opportunities to explore the lesser-known history of the Lower Lea Valley",
                "end": "18:00:00",
                "fully_booked": "",
                "images": [
                    {
                        "archive_url": "https://raw.githubusercontent.com/infrastructureclub/open-house-london-images/master/images/2026/11858/building_11858_roll-back-and-forth-smallcredit-jim-stephenson_9f3b472276947dc5da5216a56d90288a.gif",
                        "title": "Photo of Cody Dock - Lea Way Celebration"
                    },
                    {
                        "archive_url": "https://raw.githubusercontent.com/infrastructureclub/open-house-london-images/master/images/2026/11858/building_11858_20210612_155127_37e52af5b7f58429bef6aa363d236fc2.jpg",
                        "title": "Photo of Cody Dock - Lea Way Celebration"
                    },
                    {
                        "archive_url": "https://raw.githubusercontent.com/infrastructureclub/open-house-london-images/master/images/2026/11858/building_11858_20210615_171135_561be455316536cb4a24410bd1554e29.jpg",
                        "title": "Photo of Cody Dock - Lea Way Celebration"
                    },
                    {
                        "archive_url": "https://raw.githubusercontent.com/infrastructureclub/open-house-london-images/master/images/2026/11858/building_11858_20240305_142653_1fdb4d45e09e008d8612a243ce5ca653.jpg",
                        "title": "Photo of Cody Dock - Lea Way Celebration"
                    },
                    {
                        "archive_url": "https://raw.githubusercontent.com/infrastructureclub/open-house-london-images/master/images/2026/11858/building_11858_p8_e3be07b0604d5f43ed457db8a75a20b4.jpg",
                        "title": "Photo of Cody Dock - Lea Way Celebration"
                    },
                    {
                        "archive_url": "https://raw.githubusercontent.com/infrastructureclub/open-house-london-images/master/images/2026/11858/building_11858_whatsapp-image-2025-04-16-at-10-19-53-2_796a6107a13c273d8c04076fb8cf2f5d.jpeg",
                        "title": "Photo of Cody Dock - Lea Way Celebration"
                    },
                    {
                        "archive_url": "https://raw.githubusercontent.com/infrastructureclub/open-house-london-images/master/images/2026/11858/building_11858_whatsapp-image-2026-07-01-at-10-20-12_0e45988680d5c44a1fd85e5948e07ea9.jpeg",
                        "title": "Photo of Cody Dock - Lea Way Celebration"
                    },
                    {
                        "archive_url": "https://raw.githubusercontent.com/infrastructureclub/open-house-london-images/master/images/2026/11858/building_11858_whatsapp-image-2026-07-01-at-11-24-12_d20789f65f6d133081fe53556743aac2.jpeg",
                        "title": "Photo of Cody Dock - Lea Way Celebration"
                    }
                ],
                "name": "Cody Dock - Lea Way Celebration",
                "new_venue_this_year": "No",
                "start": "12:00:00",
                "ticketed_events": "No",
                "url": "https://programme.openhouse.org.uk/listings/11858"
            },
            "type": "Feature"
        },
        {
            "geometry": {
                "coordinates": [
                    -0.00156,
                    51.44193
                ],
                "type": "Point"
            },
            "properties": {
                "balloted": "No",
                "description": "St Andrew's is a Grade II* listed building by Philip Appleby Robson (1871–1951). It boasts a magnificent Arts and Crafts interior with rich wood carvings in the chancel and magnificent stained-glass windows by the renowned Martin Travers (1886–1948) and Lawrence Stanley Lee (1909–2011), who also has work in Coventry Cathedral.",
                "end": "17:00:00",
                "fully_booked": "",
                "images": [
                    {
                        "archive_url": "https://raw.githubusercontent.com/infrastructureclub/open-house-london-images/master/images/2026/11908/building_11908_dji_0078_c2a20d6e9f8a2046f8e9ffc6d157145a.jpg",
                        "title": "St Andrew's Catford"
                    },
                    {
                        "archive_url": "https://raw.githubusercontent.com/infrastructureclub/open-house-london-images/master/images/2026/11908/building_11908_img_20230625_143353_5-1_f82f6570c4c6f5087ca04e1ca5f7084f.jpg",
                        "title": "St Andrew's Catford"
                    },
                    {
                        "archive_url": "https://raw.githubusercontent.com/infrastructureclub/open-house-london-images/master/images/2026/11908/building_11908_img_20230630_140115_9-1_ec4fe5caeb28cfc39ee4760c483f7037.jpg",
                        "title": "St Andrew's Catford"
                    },
                    {
                        "archive_url": "https://raw.githubusercontent.com/infrastructureclub/open-house-london-images/master/images/2026/11908/building_11908_img_20230630_135854_8-1_36f12fdbf1aa96b96e35ee22928d961f.jpg",
                        "title": "St Andrew's Catford"
                    },
                    {
                        "archive_url": "https://raw.githubusercontent.com/infrastructureclub/open-house-london-images/master/images/2026/11908/building_11908_img_20230630_135251_2-1_0b61717b7f68a522136f6fa29ace41ce.jpg",
                        "title": "St Andrew's Catford"
                    },
                    {
                        "archive_url": "https://raw.githubusercontent.com/infrastructureclub/open-house-london-images/master/images/2026/11908/building_11908_img_20230630_135230_8-1_40d1a269157049f95258aa919dd9b8eb.jpg",
                        "title": "St Andrew's Catford"
                    },
                    {
                        "archive_url": "https://raw.githubusercontent.com/infrastructureclub/open-house-london-images/master/images/2026/11908/building_11908_img_20230630_135213_3-1_c8f7aa172bf3d1aa118865bc5f485588.jpg",
                        "title": "St Andrew's Catford"
                    },
                    {
                        "archive_url": "https://raw.githubusercontent.com/infrastructureclub/open-house-london-images/master/images/2026/11908/building_11908_img_20230630_135155_5-1_86382c1e8d4cf111c0e4114ff3246f05.jpg",
                        "title": "St Andrew's Catford"
                    },
                    {
                        "archive_url": "https://raw.githubusercontent.com/infrastructureclub/open-house-london-images/master/images/2026/11908/building_11908_img_20230630_135027_7-1_65fd896287d6332721c76eff1b635412.jpg",
                        "title": "St Andrew's Catford"
                    },
                    {
                        "archive_url": "https://raw.githubusercontent.com/infrastructureclub/open-house-london-images/master/images/2026/11908/building_11908_img_20230630_135341_4-1_bc5e801cc9dd5fb1c7ffa5f0d16b82b8.jpg",
                        "title": "St Andrew's Catford"
                    },
                    {
                        "archive_url": "https://raw.githubusercontent.com/infrastructureclub/open-house-london-images/master/images/2026/11908/building_11908_st-andrew-s-1906_ad74d58f119b42edfbe7e97a0ac5a8ba.jpg",
                        "title": "St Andrew's Catford"
                    },
                    {
                        "archive_url": "https://raw.githubusercontent.com/infrastructureclub/open-house-london-images/master/images/2026/11908/building_11908_dji_0079_9d9d914a8200bf20676de01088ba3f41.jpg",
                        "title": "St Andrew's Catford"
                    },
                    {
                        "archive_url": "https://raw.githubusercontent.com/infrastructureclub/open-house-london-images/master/images/2026/11908/building_11908_dji_0049_275cb254c55516953404dd821477e6be.jpg",
                        "title": "St Andrew's Catford"
                    },
                    {
                        "archive_url": "https://raw.githubusercontent.com/infrastructureclub/open-house-london-images/master/images/2026/11908/building_11908_dji_0089_d99be93b2a1f9a251458ba247deeed73.jpg",
                        "title": "St Andrew's Catford"
                    },
                    {
                        "archive_url": "https://raw.githubusercontent.com/infrastructureclub/open-house-london-images/master/images/2026/11908/building_11908_dji_0094_bebdaea18593eea638fc83dcdda940d4.jpg",
                        "title": "St Andrew's Catford"
                    }
                ],
                "name": "Church of St Andrew the Apostle",
                "new_venue_this_year": "No",
                "start": "10:00:00",
                "ticketed_events": "No",
                "url": "https://programme.openhouse.org.uk/listings/11908"
            },
            "type": "Feature"
        },
        {
            "geometry": {
                "coordinates": [
                    -0.05804,
                    51.53687
                ],
                "type": "Point"
            },
            "properties": {
                "balloted": "No",
                "description": "Visit Beck Road Studios for an artist open studios event and a chance to explore 10 hidden studios in a railway arch. Meet the artists in person and discover their work, including painters, sculptors, photographer, fashion designer, furniture restorers, as well as an ethical vintage clothing label.",
                "end": "18:00:00",
                "fully_booked": "",
                "images": [
                    {
                        "archive_url": "https://raw.githubusercontent.com/infrastructureclub/open-house-london-images/master/images/2026/11954/building_11954_b-w_2deb6631f40a81bb2f7e5d1375fd14bc.jpg",
                        "title": "Photo of Beck Road Studios: Artist Open Studios & Exhibitions"
                    },
                    {
                        "archive_url": "https://raw.githubusercontent.com/infrastructureclub/open-house-london-images/master/images/2026/11954/building_11954_screenshot-2024-09-11-at-20-12-10_39af948b65e964ead87469ab3f1c3129.png",
                        "title": "Photo of Beck Road Studios: Artist Open Studios & Exhibitions"
                    },
                    {
                        "archive_url": "https://raw.githubusercontent.com/infrastructureclub/open-house-london-images/master/images/2026/11954/building_11954_screenshot-2024-09-13-at-09-37-49_201399d36a58b8fd46ec74326f545976.png",
                        "title": "Photo of Beck Road Studios: Artist Open Studios & Exhibitions"
                    },
                    {
                        "archive_url": "https://raw.githubusercontent.com/infrastructureclub/open-house-london-images/master/images/2026/11954/building_11954_karen-open-studio_83fe2e1318d7ce4c64143716e1655c8c.jpg",
                        "title": "Photo of Beck Road Studios: Artist Open Studios & Exhibitions"
                    }
                ],
                "name": "Beck Road Studios: Artist Open Studios & Exhibitions",
                "new_venue_this_year": "No",
                "start": "10:00:00",
                "ticketed_events": "No",
                "url": "https://programme.openhouse.org.uk/listings/11954"
            },
            "type": "Feature"
        },
        {
            "geometry": {
                "coordinates": [
                    -0.09194,
                    51.51543
                ],
                "type": "Point"
            },
            "properties": {
                "balloted": "No",
                "description": "The Barbican is a residential complex of around 2,000 flats, maisonettes, and houses in the City of London. Built on the site destroyed by The Blitz during the World War II, The Barbican Estate is a fascinating development and an icon of Brutalist architecture. Architects were Chamberlain, Powell and Bon. You will find an oasis in the middle of buildings, with gardens and water features.",
                "end": "15:15:00",
                "fully_booked": "Yes",
                "images": [
                    {
                        "archive_url": "https://raw.githubusercontent.com/infrastructureclub/open-house-london-images/master/images/2026/12009/building_12009_img_5277_b0fadce8833edace944b45f7b27c65b0.jpeg",
                        "title": "Laura Marzec"
                    },
                    {
                        "archive_url": "https://raw.githubusercontent.com/infrastructureclub/open-house-london-images/master/images/2026/12009/building_12009_img_5253_11b5c5a36577380421b33ee0023c57cb.jpeg",
                        "title": "Laura Marzec"
                    },
                    {
                        "archive_url": "https://raw.githubusercontent.com/infrastructureclub/open-house-london-images/master/images/2026/12009/building_12009_img_5296_5016ded4e9d985f62aff31da0addc8a8.jpeg",
                        "title": "Laura Marzec"
                    },
                    {
                        "archive_url": "https://raw.githubusercontent.com/infrastructureclub/open-house-london-images/master/images/2026/12009/building_12009_img_5316_9768ac723ea1af486291e448941d5194.jpeg",
                        "title": "Laura Marzec"
                    },
                    {
                        "archive_url": "https://raw.githubusercontent.com/infrastructureclub/open-house-london-images/master/images/2026/12009/building_12009_img_5294_f4dd62179af4f59d1e956ed24619efcf.jpeg",
                        "title": "Laura Marzec"
                    },
                    {
                        "archive_url": "https://raw.githubusercontent.com/infrastructureclub/open-house-london-images/master/images/2026/12009/building_12009_img_5328_e6449385b28b22e12da30607841dffc0.jpeg",
                        "title": "Laura Marzec"
                    }
                ],
                "name": "The Barbican & The City Gardens",
                "new_venue_this_year": "No",
                "start": "10:15:00",
                "ticketed_events": "Yes",
                "url": "https://programme.openhouse.org.uk/listings/12009"
            },
            "type": "Feature"
        },
        {
            "geometry": {
                "coordinates": [
                    -0.09292,
                    51.51606
                ],
                "type": "Point"
            },
            "properties": {
                "balloted": "No",
                "description": "Home of NLA, London’s built environment community, and located in the West Wing of the Guildhall complex, the Centre highlights scale architectural models of London: the New London Model and the City Model, in addition to a rotating exhibition highlighting key NLA projects.",
                "end": "17:00:00",
                "fully_booked": "",
                "images": [
                    {
                        "archive_url": "https://raw.githubusercontent.com/infrastructureclub/open-house-london-images/master/images/2026/12022/building_12022_tlc-gallery-image_4a4ec9198eae3721250973552952142d.png",
                        "title": "Hope Halpin"
                    },
                    {
                        "archive_url": "https://raw.githubusercontent.com/infrastructureclub/open-house-london-images/master/images/2026/12022/building_12022_screenshot-2024-05-11-at-10-57-36_4261bd2d5b59c2f371317927808bded9.png",
                        "title": "Hope Halpin"
                    },
                    {
                        "archive_url": "https://raw.githubusercontent.com/infrastructureclub/open-house-london-images/master/images/2026/12022/building_12022_52865185590_0ef9287f50_k_44ba8ce7283fdb403efed6b598e43fdb.jpg",
                        "title": "Hope Halpin"
                    }
                ],
                "name": "The London Centre",
                "new_venue_this_year": "No",
                "start": "11:00:00",
                "ticketed_events": "No",
                "url": "https://programme.openhouse.org.uk/listings/12022"
            },
            "type": "Feature"
        },
        {
            "geometry": {
                "coordinates": [
                    -0.09939,
                    51.37226
                ],
                "type": "Point"
            },
            "properties": {
                "balloted": "No",
                "description": "Explore the Museum of Croydon and Croydon Archives:\r\n\r\n- Join the Curator of the Museum of Croydon and the Borough Archivist of the Croydon Archives on an intimate guided tour of our stored, rarely seen collections.\r\n- Explore our current exhibitions with our expert staff, including Grayson Perry's Essex House Tapestries and a brand-new exhibition on Croydon's Architecture",
                "end": "16:30:00",
                "fully_booked": "No",
                "images": [
                    {
                        "archive_url": "https://raw.githubusercontent.com/infrastructureclub/open-house-london-images/master/images/2026/12045/building_12045_croydon-buildings-86_83fa405c864616af53e3ce77bad96cd9.jpg",
                        "title": "Photo of Museum of Croydon"
                    }
                ],
                "name": "Museum of Croydon",
                "new_venue_this_year": "No",
                "start": "10:00:00",
                "ticketed_events": "Yes",
                "url": "https://programme.openhouse.org.uk/listings/12045"
            },
            "type": "Feature"
        },
        {
            "geometry": {
                "coordinates": [
                    -0.03076,
                    51.4715
                ],
                "type": "Point"
            },
            "properties": {
                "balloted": "No",
                "description": "Lewisham Arthouse (LAH) is a not-for-profit artist-led co-operative, based in the formerly Deptford Central Library, Grade II listed, 1910 -1914, Designed by A. Brumwell Thomas (1868 -1948)",
                "end": "18:00:00",
                "fully_booked": "",
                "images": [
                    {
                        "archive_url": "https://raw.githubusercontent.com/infrastructureclub/open-house-london-images/master/images/2026/12118/building_12118_img_7371-1_3ec85513ca89a11cb40891e528053a96.jpg",
                        "title": "Joana Galego"
                    },
                    {
                        "archive_url": "https://raw.githubusercontent.com/infrastructureclub/open-house-london-images/master/images/2026/12118/building_12118_img_5884_ef2b2988d294bac22dbd790de9c5a4a9.png",
                        "title": "Joana Galego"
                    },
                    {
                        "archive_url": "https://raw.githubusercontent.com/infrastructureclub/open-house-london-images/master/images/2026/12118/building_12118_img_5883_669511795d6d7cdbcb1d1831b374c266.jpeg",
                        "title": "Public Domaain"
                    },
                    {
                        "archive_url": "https://raw.githubusercontent.com/infrastructureclub/open-house-london-images/master/images/2026/12118/building_12118_img_5885_cfd5588c5b2658cf61d7921313eaf554.jpeg",
                        "title": "Joana Galego"
                    }
                ],
                "name": "Lewisham Arthouse",
                "new_venue_this_year": "No",
                "start": "10:00:00",
                "ticketed_events": "No",
                "url": "https://programme.openhouse.org.uk/listings/12118"
            },
            "type": "Feature"
        },
        {
            "geometry": {
                "coordinates": [
                    -0.05552,
                    51.54152
                ],
                "type": "Point"
            },
            "properties": {
                "balloted": "No",
                "description": "Morris+Company is an award-winning architecture practice based in Hackney, east London. We have applied circular economy principles to the retrofit of our own studio, gallery and café space on Mare Street, reducing waste, reusing materials, and designing for longevity.  Through our public exhibition and event programme we place the creative ‘act’ of architecture onto the high street.",
                "end": "16:00:00",
                "fully_booked": "No",
                "images": [
                    {
                        "archive_url": "https://raw.githubusercontent.com/infrastructureclub/open-house-london-images/master/images/2026/12130/building_12130_230731_open-house_image_5d457e7b38b93820d7f9fddc584f071e.jpg",
                        "title": "Photo of Morris+Company | ‘The Circular City Starts With Community’"
                    },
                    {
                        "archive_url": "https://raw.githubusercontent.com/infrastructureclub/open-house-london-images/master/images/2026/12130/building_12130_121202_elly_restaurant_006_c4fb583ce61169ef4f02603f20bbf8f9.jpg",
                        "title": "Photo of Morris+Company | ‘The Circular City Starts With Community’"
                    }
                ],
                "name": "Morris+Company | ‘The Circular City Starts With Community’",
                "new_venue_this_year": "No",
                "start": "12:00:00",
                "ticketed_events": "Yes",
                "url": "https://programme.openhouse.org.uk/listings/12130"
            },
            "type": "Feature"
        },
        {
            "geometry": {
                "coordinates": [
                    -0.09866,
                    51.37207
                ],
                "type": "Point"
            },
            "properties": {
                "balloted": "No",
                "description": "Croydon Town Hall will be opened for a limited number of guided tours, providing rare access to this unique Victorian-style, Grade II listed building. Croydon Town Hall was designed by local architect Charles Henman and opened in 1896.",
                "end": "13:45:00",
                "fully_booked": "",
                "images": [
                    {
                        "archive_url": "https://raw.githubusercontent.com/infrastructureclub/open-house-london-images/master/images/2026/12168/building_12168_img_2191_dea7228c83b7ff7c68abb18b62586b55.jpg",
                        "title": "Photo of Croydon Town Hall"
                    },
                    {
                        "archive_url": "https://raw.githubusercontent.com/infrastructureclub/open-house-london-images/master/images/2026/12168/building_12168_img_4530_23fdc1fa5ba281d7d44c149f99bef96c.jpg",
                        "title": "Photo of Croydon Town Hall"
                    },
                    {
                        "archive_url": "https://raw.githubusercontent.com/infrastructureclub/open-house-london-images/master/images/2026/12168/building_12168_1h3a9141_8cdc682964cdce34dfd0d67c73ad8856.jpg",
                        "title": "Photo of Croydon Town Hall"
                    },
                    {
                        "archive_url": "https://raw.githubusercontent.com/infrastructureclub/open-house-london-images/master/images/2026/12168/building_12168_1h3a9142_5f38e0286e35bc168395b60e6eb95b38.jpg",
                        "title": "Photo of Croydon Town Hall"
                    }
                ],
                "name": "Croydon Town Hall",
                "new_venue_this_year": "No",
                "start": "10:00:00",
                "ticketed_events": "No",
                "url": "https://programme.openhouse.org.uk/listings/12168"
            },
            "type": "Feature"
        },
        {
            "geometry": {
                "coordinates": [
                    -0.00163,
                    51.4822
                ],
                "type": "Point"
            },
            "properties": {
                "balloted": "No",
                "description": "Feathers Place was originally East Lane, connecting Greenwich Park to the river. No 14 has housed the Roan School for Boys, founded in 1643 and more recently contained textile archives of the National Maritime Museum. Today it is Meantime Studios, named after the Prime Meridian of the World on which it sits.  Freeweaver Studio occupies the top floor, a bright vaulted spacious room with skylights.",
                "end": "18:00:00",
                "fully_booked": "No",
                "images": [
                    {
                        "archive_url": "https://raw.githubusercontent.com/infrastructureclub/open-house-london-images/master/images/2026/12206/building_12206__20a1825_90be8a99c8c1ea7a83cc3e7bfb76adb7.jpg",
                        "title": "Photo of Open Textile Studio and Weaving Exhibition"
                    },
                    {
                        "archive_url": "https://raw.githubusercontent.com/infrastructureclub/open-house-london-images/master/images/2026/12206/building_12206__20a1558_c6854e98e0f007a82d137fbff5619ac0.jpg",
                        "title": "Photo of Open Textile Studio and Weaving Exhibition"
                    }
                ],
                "name": "Open Textile Studio and Weaving Exhibition",
                "new_venue_this_year": "No",
                "start": "14:00:00",
                "ticketed_events": "Yes",
                "url": "https://programme.openhouse.org.uk/listings/12206"
            },
            "type": "Feature"
        },
        {
            "geometry": {
                "coordinates": [
                    -0.01397,
                    51.37585
                ],
                "type": "Point"
            },
            "properties": {
                "balloted": "No",
                "description": "Modern public library extended and reimagined 2023-2025, re-opened 2025 with improved library facilities, makerspace, business lounge, community space, Bromley Historic Collections displays, garden and café. London Borough of  Bromley Regeneration Team project, architects Brimelow McSweeney, library operators GLL.",
                "end": "16:30:00",
                "fully_booked": "No",
                "images": [
                    {
                        "archive_url": "https://raw.githubusercontent.com/infrastructureclub/open-house-london-images/master/images/2026/12207/building_12207_20260618_103018_aea71e680ee03fda271f36bb81cd93ae.jpg",
                        "title": "Photo of West Wickham Library"
                    }
                ],
                "name": "West Wickham Library",
                "new_venue_this_year": "No",
                "start": "09:30:00",
                "ticketed_events": "Yes",
                "url": "https://programme.openhouse.org.uk/listings/12207"
            },
            "type": "Feature"
        },
        {
            "geometry": {
                "coordinates": [
                    0.07924,
                    51.4674
                ],
                "type": "Point"
            },
            "properties": {
                "balloted": "No",
                "description": "Sitopia Farm is a 2-acre organic and regenerative farm in the London Borough of Greenwich. We are on a mission to improve our food system. We grow vegetables and flowers and sell direct to our local community, to chefs, and to florists. Through our farming and events, courses and community volunteering, we reconnect people to the soil, the joy of good food and flowers, and to each other.",
                "end": "14:00:00",
                "fully_booked": "",
                "images": [
                    {
                        "archive_url": "https://raw.githubusercontent.com/infrastructureclub/open-house-london-images/master/images/2026/12266/building_12266_sitopiafarm-april20-2022-46_7b8ae980702a7c8606d87554884e4915.jpg",
                        "title": "Photo of Sitopia Farm"
                    },
                    {
                        "archive_url": "https://raw.githubusercontent.com/infrastructureclub/open-house-london-images/master/images/2026/12266/building_12266_124a6459_781df12111b92d8ce8a83a98ab7eea69.jpg",
                        "title": "Photo of Sitopia Farm"
                    },
                    {
                        "archive_url": "https://raw.githubusercontent.com/infrastructureclub/open-house-london-images/master/images/2026/12266/building_12266_oitfxsitopia_drone_ab_jlw-5_778a211a914556a12e14d17051c5d6df.jpg",
                        "title": "Photo of Sitopia Farm"
                    },
                    {
                        "archive_url": "https://raw.githubusercontent.com/infrastructureclub/open-house-london-images/master/images/2026/12266/building_12266_1-stunning-part-table-2_36da4ff2764f6a883e9cf598305f3167.jpg",
                        "title": "Photo of Sitopia Farm"
                    },
                    {
                        "archive_url": "https://raw.githubusercontent.com/infrastructureclub/open-house-london-images/master/images/2026/12266/building_12266_monthly-popupshop_70820fe95a1cc07163da4a94a79d4b8a.jpg",
                        "title": "Photo of Sitopia Farm"
                    }
                ],
                "name": "Sitopia Farm",
                "new_venue_this_year": "No",
                "start": "10:00:00",
                "ticketed_events": "No",
                "url": "https://programme.openhouse.org.uk/listings/12266"
            },
            "type": "Feature"
        },
        {
            "geometry": {
                "coordinates": [
                    -0.15858,
                    51.5144
                ],
                "type": "Point"
            },
            "properties": {
                "balloted": "No",
                "description": "The Annunciation is a dramatic Gothic Revival building tucked behind the Marble Arch end of Oxford Street. The Grade II* church was built by Sir Walter Tapper in 1912-1914.",
                "end": "16:30:00",
                "fully_booked": "No",
                "images": [
                    {
                        "archive_url": "https://raw.githubusercontent.com/infrastructureclub/open-house-london-images/master/images/2026/12393/building_12393_mp_oct22_0516-1024x682_4c10eff5a3e1fbebb688aa9bfee340bb.jpg",
                        "title": "Photo of The Annunciation Marble Arch"
                    },
                    {
                        "archive_url": "https://raw.githubusercontent.com/infrastructureclub/open-house-london-images/master/images/2026/12393/building_12393_memorial-1-photo_817c6a7182409b8422c28ad43a5e202f.jpeg",
                        "title": "Photo of The Annunciation Marble Arch"
                    },
                    {
                        "archive_url": "https://raw.githubusercontent.com/infrastructureclub/open-house-london-images/master/images/2026/12393/building_12393_picture1_5838ef55ada176f62523fbbce745b83f.jpg",
                        "title": "Photo of The Annunciation Marble Arch"
                    },
                    {
                        "archive_url": "https://raw.githubusercontent.com/infrastructureclub/open-house-london-images/master/images/2026/12393/building_12393_3y1a0397_846cdec81bdbf966b23683dadb766776.jpeg",
                        "title": "Photo of The Annunciation Marble Arch"
                    },
                    {
                        "archive_url": "https://raw.githubusercontent.com/infrastructureclub/open-house-london-images/master/images/2026/12393/building_12393_cf65c69a-1a80-4e6b-954b-9b51ac7447fc_1260911e6c619757fb6f96a59e390674.jpg",
                        "title": "Photo of The Annunciation Marble Arch"
                    },
                    {
                        "archive_url": "https://raw.githubusercontent.com/infrastructureclub/open-house-london-images/master/images/2026/12393/building_12393_3cabb4bb-c7df-4bd1-82e0-0d510e14f4e0_3949aa2a9cc6960c13b7212ea2f7f559.jpg",
                        "title": "Photo of The Annunciation Marble Arch"
                    },
                    {
                        "archive_url": "https://raw.githubusercontent.com/infrastructureclub/open-house-london-images/master/images/2026/12393/building_12393_fragility-of-textiles-1_2685ad9721a31d7ae6da0e33f05dcb27.jpg",
                        "title": "Photo of The Annunciation Marble Arch"
                    }
                ],
                "name": "The Annunciation Marble Arch",
                "new_venue_this_year": "No",
                "start": "10:00:00",
                "ticketed_events": "Yes",
                "url": "https://programme.openhouse.org.uk/listings/12393"
            },
            "type": "Feature"
        },
        {
            "geometry": {
                "coordinates": [
                    -0.03435,
                    51.53216
                ],
                "type": "Point"
            },
            "properties": {
                "balloted": "No",
                "description": "A rare chance to see behind the scenes at the newly located Brick Sixty Studio on Roman Road, London.\r\n\r\nThis stock brick Victorian shop with accommodation above, was refurbished this year by Architectural Workshop. Now home to Brick Sixty, who design and make products in the form of the much-loved London brick and are looking to support local makers & craft in the UK with the new space.",
                "end": "17:00:00",
                "fully_booked": "",
                "images": [
                    {
                        "archive_url": "https://raw.githubusercontent.com/infrastructureclub/open-house-london-images/master/images/2026/12504/building_12504_260730_studio-4-2_bf0dbfba4132cae6b321d3704efd1de0.jpeg",
                        "title": "Photo of Brick Sixty Studio"
                    },
                    {
                        "archive_url": "https://raw.githubusercontent.com/infrastructureclub/open-house-london-images/master/images/2026/12504/building_12504_brick-sixty_open-house-2024-6_fba02510d00100493a1032a474ac7c73.jpg",
                        "title": "Photo of Brick Sixty Studio"
                    },
                    {
                        "archive_url": "https://raw.githubusercontent.com/infrastructureclub/open-house-london-images/master/images/2026/12504/building_12504_bs-003_lime-clay-1_0c981288921194c33568ad71ec9dbfd1.jpeg",
                        "title": "Photo of Brick Sixty Studio"
                    },
                    {
                        "archive_url": "https://raw.githubusercontent.com/infrastructureclub/open-house-london-images/master/images/2026/12504/building_12504_260730_studio-8-1_89916b51fa652a1ba9cc978093a96deb.jpeg",
                        "title": "Photo of Brick Sixty Studio"
                    },
                    {
                        "archive_url": "https://raw.githubusercontent.com/infrastructureclub/open-house-london-images/master/images/2026/12504/building_12504_260719_studiosign-2-2_42a5402ec634765e7fdb089fed620ec6.jpeg",
                        "title": "Photo of Brick Sixty Studio"
                    },
                    {
                        "archive_url": "https://raw.githubusercontent.com/infrastructureclub/open-house-london-images/master/images/2026/12504/building_12504_bricksixty_e3_studio-iron-brick-2_faa40fd571eceae3de9e2d9be543b752.jpeg",
                        "title": "Photo of Brick Sixty Studio"
                    },
                    {
                        "archive_url": "https://raw.githubusercontent.com/infrastructureclub/open-house-london-images/master/images/2026/12504/building_12504_bricksixty_e3_studio-iron-brick_19663514c16811e61c36681e575d8a22.jpeg",
                        "title": "Photo of Brick Sixty Studio"
                    }
                ],
                "name": "Brick Sixty Studio",
                "new_venue_this_year": "No",
                "start": "11:00:00",
                "ticketed_events": "No",
                "url": "https://programme.openhouse.org.uk/listings/12504"
            },
            "type": "Feature"
        },
        {
            "geometry": {
                "coordinates": [
                    -0.07325,
                    51.56055
                ],
                "type": "Point"
            },
            "properties": {
                "balloted": "No",
                "description": "•⁠   Find out more about what goes on here \r\n•⁠   ⁠Informal building tours \r\n•.  Meet our Old FireStation community\r\n•.  Explore images from our archive\r\n•⁠   Seasonal food and drink ( pay what you can)\r\n•⁠   Music, games, share stories\r\n•⁠  All ages welcome\r\n\r\nDiscover more about the working history of our landmark community building; it's past present and future and get to see behind the scenes!",
                "end": "16:30:00",
                "fully_booked": "",
                "images": [
                    {
                        "archive_url": "https://raw.githubusercontent.com/infrastructureclub/open-house-london-images/master/images/2026/12508/building_12508_historic_0d4436e901e594124df1c6776d1a9138.jpg",
                        "title": "The Firestation in Victorian era"
                    },
                    {
                        "archive_url": "https://raw.githubusercontent.com/infrastructureclub/open-house-london-images/master/images/2026/12508/building_12508_historyview_882b112c823f1f0a2ec7c19f960c4c54.jpg",
                        "title": "Photo of The Old Fire Station Community Centre N16"
                    },
                    {
                        "archive_url": "https://raw.githubusercontent.com/infrastructureclub/open-house-london-images/master/images/2026/12508/building_12508_crowdengine_43d29d19b827de6a85e1ddded6d4c40a.jpg",
                        "title": "Photo of The Old Fire Station Community Centre N16"
                    },
                    {
                        "archive_url": "https://raw.githubusercontent.com/infrastructureclub/open-house-london-images/master/images/2026/12508/building_12508_merlememories-lowres_d00f81baca7c6ad1648c067c5212c3c5.jpg",
                        "title": "Photo of The Old Fire Station Community Centre N16"
                    },
                    {
                        "archive_url": "https://raw.githubusercontent.com/infrastructureclub/open-house-london-images/master/images/2026/12508/building_12508_demo_e3dcac7e646b064f9dcd8f5943cf0f93.jpg",
                        "title": "Photo of The Old Fire Station Community Centre N16"
                    }
                ],
                "name": "The Old Fire Station Community Centre N16",
                "new_venue_this_year": "No",
                "start": "12:00:00",
                "ticketed_events": "No",
                "url": "https://programme.openhouse.org.uk/listings/12508"
            },
            "type": "Feature"
        },
        {
            "geometry": {
                "coordinates": [
                    0.03515,
                    51.31178
                ],
                "type": "Point"
            },
            "properties": {
                "balloted": "No",
                "description": "The Moving Church.\r\nOn his appointment to Biggin Hill in 1951, Rev Vivian Symons had the vision to bring the materials for a new church building from the disused All Saints, North Peckham. But first, he had to deconstruct a huge Victorian church, and bring it by himself to its new site.\r\nHowever, St Mark's is Grade 2 listed, not because of its origin, but due to its style.",
                "end": "16:00:00",
                "fully_booked": "",
                "images": [
                    {
                        "archive_url": "https://raw.githubusercontent.com/infrastructureclub/open-house-london-images/master/images/2026/12514/building_12514_img_3881_61f978a99931146bd55c229ce85debd0.jpg",
                        "title": "Photo of St Mark's Church, Biggin Hill"
                    },
                    {
                        "archive_url": "https://raw.githubusercontent.com/infrastructureclub/open-house-london-images/master/images/2026/12514/building_12514_img_9496-hdr_1e5f4c1f2d540f44142ce0959e4cefe8.jpg",
                        "title": "Photo of St Mark's Church, Biggin Hill"
                    },
                    {
                        "archive_url": "https://raw.githubusercontent.com/infrastructureclub/open-house-london-images/master/images/2026/12514/building_12514_img_9370-hdr_57bc4562d4a05bc5cf6984a687fa28f1.jpg",
                        "title": "Photo of St Mark's Church, Biggin Hill"
                    },
                    {
                        "archive_url": "https://raw.githubusercontent.com/infrastructureclub/open-house-london-images/master/images/2026/12514/building_12514_img_9448-hdr_8087bca5b9a2bcffd54332b3780b3448.jpg",
                        "title": "Photo of St Mark's Church, Biggin Hill"
                    },
                    {
                        "archive_url": "https://raw.githubusercontent.com/infrastructureclub/open-house-london-images/master/images/2026/12514/building_12514_img_9472-hdr_34a18f5b8265d1cb73a9f12c5b6ea68c.jpg",
                        "title": "Photo of St Mark's Church, Biggin Hill"
                    },
                    {
                        "archive_url": "https://raw.githubusercontent.com/infrastructureclub/open-house-london-images/master/images/2026/12514/building_12514_img_9469-hdr_e5034edbd7757d2293d3923c249ed444.jpg",
                        "title": "Photo of St Mark's Church, Biggin Hill"
                    },
                    {
                        "archive_url": "https://raw.githubusercontent.com/infrastructureclub/open-house-london-images/master/images/2026/12514/building_12514_img_9460-hdr_de7c27f9d31bfd1bcc28ba0bfb0a7904.jpg",
                        "title": "Photo of St Mark's Church, Biggin Hill"
                    },
                    {
                        "archive_url": "https://raw.githubusercontent.com/infrastructureclub/open-house-london-images/master/images/2026/12514/building_12514_img_9451-hdr_dc68dab378e8735c53f905c0eee18d81.jpg",
                        "title": "Photo of St Mark's Church, Biggin Hill"
                    }
                ],
                "name": "St Mark's Church, Biggin Hill",
                "new_venue_this_year": "No",
                "start": "10:00:00",
                "ticketed_events": "No",
                "url": "https://programme.openhouse.org.uk/listings/12514"
            },
            "type": "Feature"
        },
        {
            "geometry": {
                "coordinates": [
                    -0.1282,
                    51.50693
                ],
                "type": "Point"
            },
            "properties": {
                "balloted": "No",
                "description": "Westminster’s grand Old Admiralty Building is the backdrop to many of the UK’s most important ceremonial events. Within its walls some of the most significant – and classified – events in the 20th-century history have happened including the idea behind Operation Mincemeat. Have a chance to look inside a part of this fantastic Grade II Listed Building including the Government Art Collection.",
                "end": "16:20:00",
                "fully_booked": "Yes",
                "images": [
                    {
                        "archive_url": "https://raw.githubusercontent.com/infrastructureclub/open-house-london-images/master/images/2026/12525/building_12525_oldadmiraltybuilding2_af3b40d8bcfae6bb08eebbd96c5d9981.jpg",
                        "title": "Photo of Old Admiralty Building (OAB)"
                    },
                    {
                        "archive_url": "https://raw.githubusercontent.com/infrastructureclub/open-house-london-images/master/images/2026/12525/building_12525_oldadmiraltybuilding1_22890c1900cc655c206601187820b8e3.jpg",
                        "title": "Photo of Old Admiralty Building (OAB)"
                    },
                    {
                        "archive_url": "https://raw.githubusercontent.com/infrastructureclub/open-house-london-images/master/images/2026/12525/building_12525_oldadmiraltybuilding3_dd406e3d90b0573d3482f6f10bf337d9.jpg",
                        "title": "Photo of Old Admiralty Building (OAB)"
                    },
                    {
                        "archive_url": "https://raw.githubusercontent.com/infrastructureclub/open-house-london-images/master/images/2026/12525/building_12525_sign_d36dc026057b08da3e5e7c7b3cff4c52.jfif",
                        "title": "Photo of Old Admiralty Building (OAB)"
                    },
                    {
                        "archive_url": "https://raw.githubusercontent.com/infrastructureclub/open-house-london-images/master/images/2026/12525/building_12525_gac_9be760d066ae710913fc60b670e1b78d.jpg",
                        "title": "Photo of Old Admiralty Building (OAB)"
                    },
                    {
                        "archive_url": "https://raw.githubusercontent.com/infrastructureclub/open-house-london-images/master/images/2026/12525/building_12525_gac2_2f859e9c9f954c16edbb0020f59d2dda.jpg",
                        "title": "Photo of Old Admiralty Building (OAB)"
                    }
                ],
                "name": "Old Admiralty Building (OAB)",
                "new_venue_this_year": "No",
                "start": "10:00:00",
                "ticketed_events": "Yes",
                "url": "https://programme.openhouse.org.uk/listings/12525"
            },
            "type": "Feature"
        },
        {
            "geometry": {
                "coordinates": [
                    -0.21155,
                    51.59579
                ],
                "type": "Point"
            },
            "properties": {
                "balloted": "No",
                "description": "Sir Howard Hodgkin (1932 – 2017) was one of England’s most celebrated contemporary artists. Abstracted yet allusive, apparently spontaneous but in fact highly controlled, his paintings convey feeling through gesture and colour.  His former studio, converted from a nineteenth-century dairy, sits in the heart of Bloomsbury.",
                "end": "17:00:00",
                "fully_booked": "No",
                "images": [
                    {
                        "archive_url": "https://raw.githubusercontent.com/infrastructureclub/open-house-london-images/master/images/2026/12569/building_12569_studio-2024_3c443511f6f7a38df9eddc5a13403638.jpeg",
                        "title": "Photo of Howard Hodgkin Studio"
                    }
                ],
                "name": "Howard Hodgkin Studio",
                "new_venue_this_year": "No",
                "start": "10:00:00",
                "ticketed_events": "Yes",
                "url": "https://programme.openhouse.org.uk/listings/12569"
            },
            "type": "Feature"
        },
        {
            "geometry": {
                "coordinates": [
                    -0.12523,
                    51.51459
                ],
                "type": "Point"
            },
            "properties": {
                "balloted": "No",
                "description": "Inner Space, London’s oasis of calm, welcomes visitors back for the Open House Festival. Join us over two weekends for free Guided Meditations, Personal Development talks and inspiring wellbeing workshops that support and nurture mindfulness, resilience and inner balance. Take a moment to pause in our Quiet Room, a space that will leave you feeling reconnected, refreshed, uplifted, and renewed.",
                "end": "18:00:00",
                "fully_booked": "No",
                "images": [
                    {
                        "archive_url": "https://raw.githubusercontent.com/infrastructureclub/open-house-london-images/master/images/2026/12588/building_12588_quiet-room-is_2e05b420b79bdbeb25d9b923735066b6.jpg",
                        "title": "Photo of Inner Space Meditation Centre, Covent Garden"
                    },
                    {
                        "archive_url": "https://raw.githubusercontent.com/infrastructureclub/open-house-london-images/master/images/2026/12588/building_12588_exterior-shop-front_cd6768bc9b55b1c5ecb48b00cc4042f4.jpg",
                        "title": "Photo of Inner Space Meditation Centre, Covent Garden"
                    }
                ],
                "name": "Inner Space Meditation Centre, Covent Garden",
                "new_venue_this_year": "No",
                "start": "11:00:00",
                "ticketed_events": "Yes",
                "url": "https://programme.openhouse.org.uk/listings/12588"
            },
            "type": "Feature"
        },
        {
            "geometry": {
                "coordinates": [
                    -0.06938,
                    51.47385
                ],
                "type": "Point"
            },
            "properties": {
                "balloted": "No",
                "description": "Come join local architects and activists from Peckham Heritage, Peckham Vision and Peckham Society on a walk exploring Peckham's tangible and intangible heritage. Despite a backdrop of insensitive development proposals, decades of tireless community work continue to shape the area. Come explore with us one of London's most critical questions: 'What does it take to build or to destroy a community?'",
                "end": "18:00:00",
                "fully_booked": "Yes",
                "images": [
                    {
                        "archive_url": "https://raw.githubusercontent.com/infrastructureclub/open-house-london-images/master/images/2026/12597/building_12597_peckham-s-heritage-past-present-and-future_b166184156dbd638c11549b696e5407e.jpg",
                        "title": "Photo of Peckham in the Balance: Heritage and Activism"
                    }
                ],
                "name": "Peckham in the Balance: Heritage and Activism",
                "new_venue_this_year": "No",
                "start": "13:00:00",
                "ticketed_events": "Yes",
                "url": "https://programme.openhouse.org.uk/listings/12597"
            },
            "type": "Feature"
        },
        {
            "geometry": {
                "coordinates": [
                    -0.10605,
                    51.52956
                ],
                "type": "Point"
            },
            "properties": {
                "balloted": "No",
                "description": "The early 1800's saw the green fields of northern Clerkenwell spring up into grand squares and terraced houses. This walking tour will look at how the speculative housing developed, what remains today, and the unique stories and characters of the area.",
                "end": "15:00:00",
                "fully_booked": "Yes",
                "images": [
                    {
                        "archive_url": "https://raw.githubusercontent.com/infrastructureclub/open-house-london-images/master/images/2026/12601/building_12601_img_7139_2f690915510cc91455356ed592678cf2.jpeg",
                        "title": "Photo of Georgian Clerkenwell's speculative housing boom"
                    },
                    {
                        "archive_url": "https://raw.githubusercontent.com/infrastructureclub/open-house-london-images/master/images/2026/12601/building_12601_img_7119_c5ab178b255562664234af378d4d6fbc.jpeg",
                        "title": "Photo of Georgian Clerkenwell's speculative housing boom"
                    }
                ],
                "name": "Georgian Clerkenwell's speculative housing boom",
                "new_venue_this_year": "No",
                "start": "13:00:00",
                "ticketed_events": "Yes",
                "url": "https://programme.openhouse.org.uk/listings/12601"
            },
            "type": "Feature"
        },
        {
            "geometry": {
                "coordinates": [
                    -0.09183999999999999,
                    51.51543
                ],
                "type": "Point"
            },
            "properties": {
                "balloted": "No",
                "description": "Trade and craft guilds have flourished for centuries. The City of London’s Livery Companies are unique in their survival, number, and diversity. While the original social and economic conditions that created these original guilds have long been overtaken by modern commerce, these fascinating institutions still flourish today. Join us to explore their enduring history and modern impact.",
                "end": "15:30:00",
                "fully_booked": "Yes",
                "images": [
                    {
                        "archive_url": "https://raw.githubusercontent.com/infrastructureclub/open-house-london-images/master/images/2026/12603/building_12603_john_archibald_austen_-_the_butcher_the_baker_the_candlestick_maker_c1925_-_-meisterdrucke-1165471_7f1275dd398e44660fa2eed4148981b5.jpg",
                        "title": "Laura Marzec"
                    },
                    {
                        "archive_url": "https://raw.githubusercontent.com/infrastructureclub/open-house-london-images/master/images/2026/12603/building_12603_lord-mayor_1150679a1b2921907e4e56b64c7b07dc.jpg",
                        "title": "Laura Marzec"
                    },
                    {
                        "archive_url": "https://raw.githubusercontent.com/infrastructureclub/open-house-london-images/master/images/2026/12603/building_12603_goldsmiths_hall_london_4fa69c886aa579483c5ba7ee38e5b6ed.jpg",
                        "title": "Laura Marzec"
                    },
                    {
                        "archive_url": "https://raw.githubusercontent.com/infrastructureclub/open-house-london-images/master/images/2026/12603/building_12603_lord-mayor-show_3006b8488b1291a6580a407d48fb9234.jpg",
                        "title": "Laura Marzec"
                    }
                ],
                "name": "The Butcher, The Baker and The Candlestick Maker",
                "new_venue_this_year": "No",
                "start": "10:30:00",
                "ticketed_events": "Yes",
                "url": "https://programme.openhouse.org.uk/listings/12603"
            },
            "type": "Feature"
        },
        {
            "geometry": {
                "coordinates": [
                    0.06417,
                    51.50736
                ],
                "type": "Point"
            },
            "properties": {
                "balloted": "No",
                "description": "The University of East London’s Architecture and Visual Arts is a lively School that combines, Architecture, Physical Design and the Visual Arts. This perfect combination of creative programmes cross-pollinate, providing a fertile ground for creation, arts and design.\r\nOur presence  will feature guided tours to the state-of-the-art facilities, creative studios, and ‘Way out East’ gallery.",
                "end": "16:30:00",
                "fully_booked": "",
                "images": [
                    {
                        "archive_url": "https://raw.githubusercontent.com/infrastructureclub/open-house-london-images/master/images/2026/12607/building_12607_0003_41f17cdbb1e73c6378d19ee06a1c9775.jpg",
                        "title": "Photo of University of East London - Architecture and Visual Art"
                    },
                    {
                        "archive_url": "https://raw.githubusercontent.com/infrastructureclub/open-house-london-images/master/images/2026/12607/building_12607_uelarts0245_6fce27d3aa24f16c56b56363c4eae7fb.jpg",
                        "title": "Photo of University of East London - Architecture and Visual Art"
                    },
                    {
                        "archive_url": "https://raw.githubusercontent.com/infrastructureclub/open-house-london-images/master/images/2026/12607/building_12607_interiors_screens_square_15e9e7ccb99982af062b444c7333c116.jpg",
                        "title": "Photo of University of East London - Architecture and Visual Art"
                    },
                    {
                        "archive_url": "https://raw.githubusercontent.com/infrastructureclub/open-house-london-images/master/images/2026/12607/building_12607_prototype_square_f2314103c36ff0b1bc193e883fbaee7e.jpg",
                        "title": "Photo of University of East London - Architecture and Visual Art"
                    }
                ],
                "name": "University of East London - Architecture and Visual Art",
                "new_venue_this_year": "No",
                "start": "10:00:00",
                "ticketed_events": "No",
                "url": "https://programme.openhouse.org.uk/listings/12607"
            },
            "type": "Feature"
        },
        {
            "geometry": {
                "coordinates": [
                    -0.06078,
                    51.67527
                ],
                "type": "Point"
            },
            "properties": {
                "balloted": "No",
                "description": "Visit the lifelong home of Edward Augustus Bowles, one of the 20th century's great gardeners, that was restored with a Heritage Lottery Fund grant in 2011 to tell the story of the famous botanist’s life and gardening style.",
                "end": "16:00:00",
                "fully_booked": "",
                "images": [
                    {
                        "archive_url": "https://raw.githubusercontent.com/infrastructureclub/open-house-london-images/master/images/2026/12651/building_12651_210906_mhg_myddeltonhousesun_hollycurtis_f34f23a9658252c4f91b5db88ae1b2d1.jpg",
                        "title": "Myddleton House Gardens"
                    },
                    {
                        "archive_url": "https://raw.githubusercontent.com/infrastructureclub/open-house-london-images/master/images/2026/12651/building_12651_sb108510_acc66ab1fa752cf1a49408b7b0b35a79.jpg",
                        "title": "Myddleton House Gardens"
                    }
                ],
                "name": "Myddelton House Gardens",
                "new_venue_this_year": "No",
                "start": "10:00:00",
                "ticketed_events": "No",
                "url": "https://programme.openhouse.org.uk/listings/12651"
            },
            "type": "Feature"
        },
        {
            "geometry": {
                "coordinates": [
                    -0.11725,
                    51.55854
                ],
                "type": "Point"
            },
            "properties": {
                "balloted": "No",
                "description": "The Old Fire Station is now a thriving community centre run by the Holloway Neighbourhood Group. It has been redeveloped for this purpose, now housing a community room, garden room and hall. The building has many original features (notably on the outside) and even though the usage has changed dramatically it remains an important emergency service for many in the local area.",
                "end": "15:00:00",
                "fully_booked": "",
                "images": [
                    {
                        "archive_url": "https://raw.githubusercontent.com/infrastructureclub/open-house-london-images/master/images/2026/12661/building_12661_hng-outside-1_c52d30d7971f50dc3e8ec05c682c401e.jpg",
                        "title": "Photo of The Old Fire Station"
                    },
                    {
                        "archive_url": "https://raw.githubusercontent.com/infrastructureclub/open-house-london-images/master/images/2026/12661/building_12661_hng-outside-6_9e267526b643bd635d928dac6c782f23.jpg",
                        "title": "Photo of The Old Fire Station"
                    },
                    {
                        "archive_url": "https://raw.githubusercontent.com/infrastructureclub/open-house-london-images/master/images/2026/12661/building_12661_hng-outside-1-5_56f339a1bf8324872121877f94c03f0f.jpg",
                        "title": "Photo of The Old Fire Station"
                    }
                ],
                "name": "The Old Fire Station",
                "new_venue_this_year": "No",
                "start": "12:00:00",
                "ticketed_events": "No",
                "url": "https://programme.openhouse.org.uk/listings/12661"
            },
            "type": "Feature"
        },
        {
            "geometry": {
                "coordinates": [
                    -0.19943,
                    51.55031
                ],
                "type": "Point"
            },
            "properties": {
                "balloted": "No",
                "description": "Winner of the 2025 Camden Design Award for small projects and the 2024 'Don't Move Improve' award for best project under £100k. A self build 39m2 triangular micro home converted from a former mechanic's garage,  creating a flexible and multifunctional home fit for living and working in.  Come and see sliding beds, triangular sofas and a pocket garden.",
                "end": "16:00:00",
                "fully_booked": "",
                "images": [
                    {
                        "archive_url": "https://raw.githubusercontent.com/infrastructureclub/open-house-london-images/master/images/2026/12670/building_12670_street-view_f87e06945d93a469732a18d44c642af7.jpg",
                        "title": "Photo of Triangle House"
                    },
                    {
                        "archive_url": "https://raw.githubusercontent.com/infrastructureclub/open-house-london-images/master/images/2026/12670/building_12670_triangle-house_fdd095e29ce42eb636498170df158cfe.jpg",
                        "title": "Photo of Triangle House"
                    },
                    {
                        "archive_url": "https://raw.githubusercontent.com/infrastructureclub/open-house-london-images/master/images/2026/12670/building_12670_dining-space-inverted-baywindow_b66730b1cc41d4e621ec9a54c51cb202.jpg",
                        "title": "Photo of Triangle House"
                    },
                    {
                        "archive_url": "https://raw.githubusercontent.com/infrastructureclub/open-house-london-images/master/images/2026/12670/building_12670_workspace_dc1200aad13298028050048a806a42e6.jpg",
                        "title": "Photo of Triangle House"
                    },
                    {
                        "archive_url": "https://raw.githubusercontent.com/infrastructureclub/open-house-london-images/master/images/2026/12670/building_12670_cosy-corner_7d168a5301d61b4ba9d43100d9f82dfe.jpg",
                        "title": "Photo of Triangle House"
                    },
                    {
                        "archive_url": "https://raw.githubusercontent.com/infrastructureclub/open-house-london-images/master/images/2026/12670/building_12670_aerial-view-copy_87bb39beda0ce780e3dbf48ced09b1bd.jpg",
                        "title": "Photo of Triangle House"
                    },
                    {
                        "archive_url": "https://raw.githubusercontent.com/infrastructureclub/open-house-london-images/master/images/2026/12670/building_12670_150680-copy_1fffa418e521240371e8160052a92399.jpeg",
                        "title": "Photo of Triangle House"
                    }
                ],
                "name": "Triangle House",
                "new_venue_this_year": "No",
                "start": "10:00:00",
                "ticketed_events": "No",
                "url": "https://programme.openhouse.org.uk/listings/12670"
            },
            "type": "Feature"
        },
        {
            "geometry": {
                "coordinates": [
                    0.07587,
                    51.53557
                ],
                "type": "Point"
            },
            "properties": {
                "balloted": "No",
                "description": "The parish church of St. Margaret of Antioch Virgin and Martyr is a Grade I listed building dating back to 1215. The church is the living continuation of Barking Abbey, sharing a joint history for centuries.",
                "end": "15:00:00",
                "fully_booked": "",
                "images": [
                    {
                        "archive_url": "https://raw.githubusercontent.com/infrastructureclub/open-house-london-images/master/images/2026/12674/building_12674_img-20240618-wa0002_ecb63fdb2a3538d4089a08cf01bffff2.jpg",
                        "title": "Photo of St Margaret's Parish  Church Barking"
                    },
                    {
                        "archive_url": "https://raw.githubusercontent.com/infrastructureclub/open-house-london-images/master/images/2026/12674/building_12674_1000202106_aca77a96097285f3dfc7fe29d6a97c66.png",
                        "title": "Photo of St Margaret's Parish  Church Barking"
                    },
                    {
                        "archive_url": "https://raw.githubusercontent.com/infrastructureclub/open-house-london-images/master/images/2026/12674/building_12674_1000202105_ecbe5904d45500b30beb4a4607fc984c.png",
                        "title": "Photo of St Margaret's Parish  Church Barking"
                    },
                    {
                        "archive_url": "https://raw.githubusercontent.com/infrastructureclub/open-house-london-images/master/images/2026/12674/building_12674_1000204579_1994d0f13af43af23fb584911e3844c4.jpg",
                        "title": "Photo of St Margaret's Parish  Church Barking"
                    },
                    {
                        "archive_url": "https://raw.githubusercontent.com/infrastructureclub/open-house-london-images/master/images/2026/12674/building_12674_1000204584_1483cde4ec1f8f037b9babf0cfd334f9.jpg",
                        "title": "Photo of St Margaret's Parish  Church Barking"
                    },
                    {
                        "archive_url": "https://raw.githubusercontent.com/infrastructureclub/open-house-london-images/master/images/2026/12674/building_12674_pulpit_221227339758c8a2f3ad345489d14dba.jpg",
                        "title": "Photo of St Margaret's Parish  Church Barking"
                    }
                ],
                "name": "St Margaret's Parish  Church Barking",
                "new_venue_this_year": "No",
                "start": "10:00:00",
                "ticketed_events": "No",
                "url": "https://programme.openhouse.org.uk/listings/12674"
            },
            "type": "Feature"
        },
        {
            "geometry": {
                "coordinates": [
                    -0.09798,
                    51.51981
                ],
                "type": "Point"
            },
            "properties": {
                "balloted": "No",
                "description": "Farmers and Fletchers' Hall is one of the 44 Livery Halls in the City of London.  The Hall is the home to both the Worshipful Company of Fletchers, an ancient Livery Company and the Farmers, a modern Livery Company.  The  Worshipful Company of Fletchers will open it's doors to show members of the public some of the modern work of the Fletchers Livery, it's traditions and heritage.",
                "end": "15:00:00",
                "fully_booked": "No",
                "images": [
                    {
                        "archive_url": "https://raw.githubusercontent.com/infrastructureclub/open-house-london-images/master/images/2026/12679/building_12679_dsc_0004_5749cd2462ee3ad1fbfb85b775559571.jpg",
                        "title": "Robert Brown"
                    },
                    {
                        "archive_url": "https://raw.githubusercontent.com/infrastructureclub/open-house-london-images/master/images/2026/12679/building_12679_hall-signage-4pg_c19fd9d703c2f1b215f85a47c67e093b.jpg",
                        "title": "Robert Brown"
                    }
                ],
                "name": "Farmers and Fletchers' Hall",
                "new_venue_this_year": "No",
                "start": "11:00:00",
                "ticketed_events": "Yes",
                "url": "https://programme.openhouse.org.uk/listings/12679"
            },
            "type": "Feature"
        },
        {
            "geometry": {
                "coordinates": [
                    -0.10075,
                    51.37522
                ],
                "type": "Point"
            },
            "properties": {
                "balloted": "No",
                "description": "The Croydon Urban Room is a space to talk about the past, present and future of the Croydon town centre. Through conversa­tions, stories, exhibitions and events, the Urban Room brings together the views of those who live, work and visit the area to create a shared vision of the future and test new uses live in action.",
                "end": "16:00:00",
                "fully_booked": "",
                "images": [
                    {
                        "archive_url": "https://raw.githubusercontent.com/infrastructureclub/open-house-london-images/master/images/2026/12687/building_12687_1721246551928_a6d64c6db9d8edb6a0b069318bba4114.jfif",
                        "title": "Photo of Croydon Urban Room"
                    },
                    {
                        "archive_url": "https://raw.githubusercontent.com/infrastructureclub/open-house-london-images/master/images/2026/12687/building_12687_1721246553512_33b438725887eb97a2f260ce2d7bf8ef.jfif",
                        "title": "Photo of Croydon Urban Room"
                    },
                    {
                        "archive_url": "https://raw.githubusercontent.com/infrastructureclub/open-house-london-images/master/images/2026/12687/building_12687_1721246552001_e5541502caba6c4888613ef99bd1082f.jfif",
                        "title": "Photo of Croydon Urban Room"
                    }
                ],
                "name": "Croydon Urban Room",
                "new_venue_this_year": "No",
                "start": "10:00:00",
                "ticketed_events": "No",
                "url": "https://programme.openhouse.org.uk/listings/12687"
            },
            "type": "Feature"
        },
        {
            "geometry": {
                "coordinates": [
                    -0.00502,
                    51.58036
                ],
                "type": "Point"
            },
            "properties": {
                "balloted": "No",
                "description": "Tranquility in an urban environment, this project has transformed an unloved basement into a light filled, sustainable, calming home.\r\n\r\nA deep retrofit using low-carbon materials, including a high level of insulation, a natural swimming pool, rainwater harvesting and a green roof, this home explores how we can transform high density urban areas into places of harmony between people and nature.",
                "end": "17:00:00",
                "fully_booked": "",
                "images": [
                    {
                        "archive_url": "https://raw.githubusercontent.com/infrastructureclub/open-house-london-images/master/images/2026/12688/building_12688__dsf3600_art-trail_a103290f749f7f146aa962c97238f321.jpg",
                        "title": "Photo of St. George Villa"
                    },
                    {
                        "archive_url": "https://raw.githubusercontent.com/infrastructureclub/open-house-london-images/master/images/2026/12688/building_12688_st-george-villa_studio-grieveson_02_photography-credit-peter-molloy_web_1cab3fc74acc59a82386e3d7b01a8eb3.jpg",
                        "title": "Photo of St. George Villa"
                    },
                    {
                        "archive_url": "https://raw.githubusercontent.com/infrastructureclub/open-house-london-images/master/images/2026/12688/building_12688_st-george-villa_studio-grieveson_06_photography-credit-peter-molloy_fd315b9cb0b9cf2d90d30f3ca4fc8674.jpg",
                        "title": "Photo of St. George Villa"
                    },
                    {
                        "archive_url": "https://raw.githubusercontent.com/infrastructureclub/open-house-london-images/master/images/2026/12688/building_12688_natural-swimming-pool-walthamstow-01_f287bbd7f28f6cf828aad72386e3a8a5.jpeg",
                        "title": "Photo of St. George Villa"
                    }
                ],
                "name": "St. George Villa",
                "new_venue_this_year": "Yes",
                "start": "11:00:00",
                "ticketed_events": "No",
                "url": "https://programme.openhouse.org.uk/listings/12688"
            },
            "type": "Feature"
        },
        {
            "geometry": {
                "coordinates": [
                    -0.03007,
                    51.47099
                ],
                "type": "Point"
            },
            "properties": {
                "balloted": "No",
                "description": "Brockley Conservation Area's High Victorian enclave holds many interesting houses in a variety of styles, including Edwardian domestic architecture, historic trees and original lanes and mews. These have survived into the 21st century almost intact. Houses built in the 1950s and 1960s indicate WWII bomb damage and add to the area's variety and history.",
                "end": "12:15:00",
                "fully_booked": "Yes",
                "images": [
                    {
                        "archive_url": "https://raw.githubusercontent.com/infrastructureclub/open-house-london-images/master/images/2026/12711/building_12711_000001130028__7808fe99499a9c46fa28189681c7293f.jpg",
                        "title": "Brockley Society"
                    },
                    {
                        "archive_url": "https://raw.githubusercontent.com/infrastructureclub/open-house-london-images/master/images/2026/12711/building_12711_000001120012__bb550c1a1ca8e6c154b51bfc9f6ccc60.jpg",
                        "title": "Brockley Society"
                    }
                ],
                "name": "Architectural Walk in Brockley",
                "new_venue_this_year": "No",
                "start": "11:00:00",
                "ticketed_events": "Yes",
                "url": "https://programme.openhouse.org.uk/listings/12711"
            },
            "type": "Feature"
        },
        {
            "geometry": {
                "coordinates": [
                    -0.1039,
                    51.56033
                ],
                "type": "Point"
            },
            "properties": {
                "balloted": "No",
                "description": "44 is a reconfiguration and extension of a charming and peculiar Victorian house. The original building was an opportunistic infill in the garden of an adjacent home, sitting alone behind two terraced streets. The architect and home owner saw the potential to expand the modest building, creating a pocket home which keeps their growing family in the community they have called home for 15 years.",
                "end": "17:00:00",
                "fully_booked": "",
                "images": [
                    {
                        "archive_url": "https://raw.githubusercontent.com/infrastructureclub/open-house-london-images/master/images/2026/12728/building_12728_monsell-52v2-agnese-sanvito_lo_e477a1e7f3024327de717eafe77a8a32.jpg",
                        "title": "fardaa"
                    },
                    {
                        "archive_url": "https://raw.githubusercontent.com/infrastructureclub/open-house-london-images/master/images/2026/12728/building_12728_07_fortyfour_fardaa_-e-christina-hancock_lo_685b75ea73cc816aebb014df820faef5.jpg",
                        "title": "fardaa"
                    }
                ],
                "name": "44 Monsell Road",
                "new_venue_this_year": "No",
                "start": "10:00:00",
                "ticketed_events": "No",
                "url": "https://programme.openhouse.org.uk/listings/12728"
            },
            "type": "Feature"
        },
        {
            "geometry": {
                "coordinates": [
                    -0.2383,
                    51.39618
                ],
                "type": "Point"
            },
            "properties": {
                "balloted": "No",
                "description": "A unique new build residence with an impressive triple-height living space under a roof with a fully exposed steel and timber structure and an inbuilt design with a potential to be easily split into two separate houses in the future",
                "end": "18:00:00",
                "fully_booked": "Yes",
                "images": [
                    {
                        "archive_url": "https://raw.githubusercontent.com/infrastructureclub/open-house-london-images/master/images/2026/12729/building_12729_will-pryce_dsf1104-copy-print-lores_2f2469650a1b1d15bf963361359358e8.jpg",
                        "title": "Station Lodge"
                    },
                    {
                        "archive_url": "https://raw.githubusercontent.com/infrastructureclub/open-house-london-images/master/images/2026/12729/building_12729_will-pryce_dji_0662-copy-print-lores_fbc11c1511cc45b113b319775d82adaf.jpg",
                        "title": "Station Lodge"
                    },
                    {
                        "archive_url": "https://raw.githubusercontent.com/infrastructureclub/open-house-london-images/master/images/2026/12729/building_12729_will-pryce-dji_20240705093611_0010_d-print-crop-lores_3c378e2a7f0b31ab7d063e4670326510.jpg",
                        "title": "Station Lodge"
                    },
                    {
                        "archive_url": "https://raw.githubusercontent.com/infrastructureclub/open-house-london-images/master/images/2026/12729/building_12729_will-pryce-a-nm-0333-fl-copy-print-lowres_9b5e0b47af7b1a346527656795bd5f6d.jpg",
                        "title": "Station Lodge"
                    }
                ],
                "name": "Station Lodge",
                "new_venue_this_year": "No",
                "start": "13:00:00",
                "ticketed_events": "Yes",
                "url": "https://programme.openhouse.org.uk/listings/12729"
            },
            "type": "Feature"
        },
        {
            "geometry": {
                "coordinates": [
                    -0.09209,
                    51.54868
                ],
                "type": "Point"
            },
            "properties": {
                "balloted": "No",
                "description": "This walking tour will follow the course one of the earliest public infrastructure projects in London, the 400 year old New River aqueduct. Explore a history of innovative public housing developments in one of the most densely populated parts of London and end at New River Head, a striking example of public utility architecture now being repurposed for arts and culture.",
                "end": "14:30:00",
                "fully_booked": "Yes",
                "images": [
                    {
                        "archive_url": "https://raw.githubusercontent.com/infrastructureclub/open-house-london-images/master/images/2026/12746/building_12746_img_20240601_154251_73b6cf77c2ad167afc64401242a71508.jpg",
                        "title": "Adrian Harper"
                    },
                    {
                        "archive_url": "https://raw.githubusercontent.com/infrastructureclub/open-house-london-images/master/images/2026/12746/building_12746_img_20240601_154014_b3ac2a7030369a6bdf7c861439b4d202.jpg",
                        "title": "Adrian Harper"
                    }
                ],
                "name": "Islington New River walking tour",
                "new_venue_this_year": "No",
                "start": "12:00:00",
                "ticketed_events": "Yes",
                "url": "https://programme.openhouse.org.uk/listings/12746"
            },
            "type": "Feature"
        },
        {
            "geometry": {
                "coordinates": [
                    -0.11274,
                    51.59726
                ],
                "type": "Point"
            },
            "properties": {
                "balloted": "No",
                "description": "The Cumberland Road Studios Wood Green is host to about 50 artists and makers currently occupying studios in a 1980s former office building. You will have the opportunity to chat, and see their work and their workspaces as part of their Open Studios weekend.\r\nThe building will be active with events including workshops, demonstrations and talks.",
                "end": "18:00:00",
                "fully_booked": "No",
                "images": [
                    {
                        "archive_url": "https://raw.githubusercontent.com/infrastructureclub/open-house-london-images/master/images/2026/12771/building_12771_screenshot-2024-06-28-at-11-55-20_c7bf5f36dc3cba08a160410866067743.png",
                        "title": "Cumberland Road Studios"
                    },
                    {
                        "archive_url": "https://raw.githubusercontent.com/infrastructureclub/open-house-london-images/master/images/2026/12771/building_12771_20240813_142314_e5ec364b0ea93e9f47f155630dd69a7c.jpg",
                        "title": "Cumberland Road Studios"
                    },
                    {
                        "archive_url": "https://raw.githubusercontent.com/infrastructureclub/open-house-london-images/master/images/2026/12771/building_12771_img_7752_7d97528c592c2867c03ffa25cd66cf92.jpeg",
                        "title": "Cumberland Road Studios"
                    }
                ],
                "name": "Cumberland Road Studios, Wood Green",
                "new_venue_this_year": "No",
                "start": "12:00:00",
                "ticketed_events": "Yes",
                "url": "https://programme.openhouse.org.uk/listings/12771"
            },
            "type": "Feature"
        },
        {
            "geometry": {
                "coordinates": [
                    0.12163,
                    51.49115
                ],
                "type": "Point"
            },
            "properties": {
                "balloted": "No",
                "description": "On the surface Thamesmead might seem concrete and grey, but on this tour we will take a look at the colour and life local artists are breathing into the area. Examining the past and present, we'll explore the abbey ruins, exciting sculptures, concrete skywalks, and vivid murals that make this place the Town of Tomorrow.",
                "end": "15:00:00",
                "fully_booked": "Yes",
                "images": [
                    {
                        "archive_url": "https://raw.githubusercontent.com/infrastructureclub/open-house-london-images/master/images/2026/12774/building_12774_earth-mother-s-shade_6e036ed4f8fc2e4919c69f097b1a16e1.jpg",
                        "title": "Photo of Art and architecture in Thamesmead"
                    },
                    {
                        "archive_url": "https://raw.githubusercontent.com/infrastructureclub/open-house-london-images/master/images/2026/12774/building_12774_tmca_bxac_014_2_web_552560c8aa6741a8be64f2d125e32e99_be1f387b75cd383d86c0c9f85ad6c60f.jpg",
                        "title": "Photo of Art and architecture in Thamesmead"
                    },
                    {
                        "archive_url": "https://raw.githubusercontent.com/infrastructureclub/open-house-london-images/master/images/2026/12774/building_12774_thamesmead-festival_6501391305f16ee66f4c39402a6d445e.jpg",
                        "title": "Photo of Art and architecture in Thamesmead"
                    },
                    {
                        "archive_url": "https://raw.githubusercontent.com/infrastructureclub/open-house-london-images/master/images/2026/12774/building_12774_tmca_glc_pc_9_552560c8aa6741a8be64f2d125e32e99_3af87b76f68582cc4f4b69482382f02c.jpg",
                        "title": "Photo of Art and architecture in Thamesmead"
                    },
                    {
                        "archive_url": "https://raw.githubusercontent.com/infrastructureclub/open-house-london-images/master/images/2026/12774/building_12774_thamesmead-codex_4be91affa2378a50dccfded427d2e9a9.jpg",
                        "title": "Photo of Art and architecture in Thamesmead"
                    }
                ],
                "name": "Art and architecture in Thamesmead",
                "new_venue_this_year": "No",
                "start": "09:00:00",
                "ticketed_events": "Yes",
                "url": "https://programme.openhouse.org.uk/listings/12774"
            },
            "type": "Feature"
        },
        {
            "geometry": {
                "coordinates": [
                    -0.08305,
                    51.51079
                ],
                "type": "Point"
            },
            "properties": {
                "balloted": "No",
                "description": "Take a guided tour of a beautiful example of a Wren church with unique features",
                "end": "18:00:00",
                "fully_booked": "No",
                "images": [
                    {
                        "archive_url": "https://raw.githubusercontent.com/infrastructureclub/open-house-london-images/master/images/2026/12807/building_12807_20210427_112350_5c79c24b42cb651ce878be9eb99da4ca.jpg",
                        "title": "Barbara Nicholson"
                    }
                ],
                "name": "St Margaret Pattens Guild Church",
                "new_venue_this_year": "No",
                "start": "10:00:00",
                "ticketed_events": "Yes",
                "url": "https://programme.openhouse.org.uk/listings/12807"
            },
            "type": "Feature"
        },
        {
            "geometry": {
                "coordinates": [
                    -0.14383,
                    51.50994
                ],
                "type": "Point"
            },
            "properties": {
                "balloted": "No",
                "description": "Join SAVE Britain's Heritage and Klaud Studio for a tour of Sprüth Magers gallery in Mayfair, a sensitively restored Grade II-listed townhouse by Sir Robert Taylor. Discover how its layered history was honoured and past damage repaired to create a refined, modern space for art, clients, and work.",
                "end": "17:00:00",
                "fully_booked": "Yes",
                "images": [
                    {
                        "archive_url": "https://raw.githubusercontent.com/infrastructureclub/open-house-london-images/master/images/2026/12818/building_12818_spruthmagerslondon_3980_05a509a5cb23d74cc7c1fe1135d6c83c.jpg",
                        "title": "George Jerger"
                    },
                    {
                        "archive_url": "https://raw.githubusercontent.com/infrastructureclub/open-house-london-images/master/images/2026/12818/building_12818_spruthmagerslondon_4006_047ae82ac863635da34775d6a86966df.jpg",
                        "title": "George Jerger"
                    }
                ],
                "name": "Georgian Grafton Street: Sprüth Magers Gallery",
                "new_venue_this_year": "No",
                "start": "15:30:00",
                "ticketed_events": "Yes",
                "url": "https://programme.openhouse.org.uk/listings/12818"
            },
            "type": "Feature"
        },
        {
            "geometry": {
                "coordinates": [
                    -0.08501,
                    51.47498
                ],
                "type": "Point"
            },
            "properties": {
                "balloted": "No",
                "description": "outhouse gallery is a small, independent, artist-run creative space located in Brunswick Park, Camberwell. \r\nAs a former public toilet, the gallery's mission is to be open, public and accessible to both facilitators and visitors - from free exhibitions, live performances, and workshops to publishing articles online and in outhouse magazine.",
                "end": "17:00:00",
                "fully_booked": "",
                "images": [
                    {
                        "archive_url": "https://raw.githubusercontent.com/infrastructureclub/open-house-london-images/master/images/2026/12832/building_12832_teodellatorre_dscf8056_4e8d1327289978b66e02f7b08f4cb79c.jpg",
                        "title": "Photo of outhouse gallery"
                    },
                    {
                        "archive_url": "https://raw.githubusercontent.com/infrastructureclub/open-house-london-images/master/images/2026/12832/building_12832_img_8040_9f4087aaab936bb44757c63a6ab3b649.jpeg",
                        "title": "Photo of outhouse gallery"
                    },
                    {
                        "archive_url": "https://raw.githubusercontent.com/infrastructureclub/open-house-london-images/master/images/2026/12832/building_12832_screenshot-2025-05-23-at-17-35-23_a876fcb03692f7bc0aa21a57c9e5497f.png",
                        "title": "Photo of outhouse gallery"
                    }
                ],
                "name": "outhouse gallery",
                "new_venue_this_year": "No",
                "start": "12:00:00",
                "ticketed_events": "No",
                "url": "https://programme.openhouse.org.uk/listings/12832"
            },
            "type": "Feature"
        },
        {
            "geometry": {
                "coordinates": [
                    -0.11365,
                    51.51094
                ],
                "type": "Point"
            },
            "properties": {
                "balloted": "No",
                "description": "Join SAVE and Dr Tom Bolton on a walking tour of Aldwych. Behind the wide formal streets of Aldwych and Kingsway lies a very different neighbourhood. Clare Market and Drury Lane were a tangle of disreputable alleys until the new streets cut them in half. But traces remain, and this walk dives into the back streets to track the vanished lanes and recreate their past at the core of ancient London.",
                "end": "12:30:00",
                "fully_booked": "Yes",
                "images": [
                    {
                        "archive_url": "https://raw.githubusercontent.com/infrastructureclub/open-house-london-images/master/images/2026/12833/building_12833_1_c78e2a3197895bc279df3ada0d020d95.jpg",
                        "title": "Photo of Lost Aldwych"
                    },
                    {
                        "archive_url": "https://raw.githubusercontent.com/infrastructureclub/open-house-london-images/master/images/2026/12833/building_12833_george-s-version-of-website-header-size-3_bd9dd7d711f696f70a1f7fce5fcbf3d8.jpg",
                        "title": "Photo of Lost Aldwych"
                    }
                ],
                "name": "Lost Aldwych",
                "new_venue_this_year": "No",
                "start": "11:00:00",
                "ticketed_events": "Yes",
                "url": "https://programme.openhouse.org.uk/listings/12833"
            },
            "type": "Feature"
        },
        {
            "geometry": {
                "coordinates": [
                    -0.08742,
                    51.57644
                ],
                "type": "Point"
            },
            "properties": {
                "balloted": "No",
                "description": "In our community, creativity is a way of life. Warehouse residents forge friendships, make art and host events in our unique spaces. A few of us will open the doors of our alternative lifestyle and show what it is like to live and thrive in the warehouses. The public can engage with contemporary art in the live/work industrial units of the Haringey Warehouse District.",
                "end": "19:00:00",
                "fully_booked": "",
                "images": [
                    {
                        "archive_url": "https://raw.githubusercontent.com/infrastructureclub/open-house-london-images/master/images/2026/12887/building_12887_photo-2024-06-30-14-53-00_9e7c1747cf8637d72ebe3dce31e7dc29.jpeg",
                        "title": "Carolina Khouri"
                    }
                ],
                "name": "Warehouse Art Collective",
                "new_venue_this_year": "No",
                "start": "11:30:00",
                "ticketed_events": "No",
                "url": "https://programme.openhouse.org.uk/listings/12887"
            },
            "type": "Feature"
        },
        {
            "geometry": {
                "coordinates": [
                    -0.16983,
                    51.4605
                ],
                "type": "Point"
            },
            "properties": {
                "balloted": "No",
                "description": "Dow Jones Architects has recently refurbished this 1866 listed schoolhouse as their architecture studio. The project has created a light-filled contemporary work space, and demonstrates a sensitive, low carbon approach to restoring a listed building. Artist Richard Castor Jeffery (www.rcjfineart.co.uk) will be showing some of his paintings of buildings and spaces.",
                "end": "16:00:00",
                "fully_booked": "",
                "images": [
                    {
                        "archive_url": "https://raw.githubusercontent.com/infrastructureclub/open-house-london-images/master/images/2026/12900/building_12900_2_2caa7b6ab3db3b89f04a96a2ab3c4689.jpg",
                        "title": "Photo of St Marks Schoolhouse"
                    },
                    {
                        "archive_url": "https://raw.githubusercontent.com/infrastructureclub/open-house-london-images/master/images/2026/12900/building_12900_1_a7cf9657ab0f48bfa5b240821a163211.jpg",
                        "title": "Photo of St Marks Schoolhouse"
                    },
                    {
                        "archive_url": "https://raw.githubusercontent.com/infrastructureclub/open-house-london-images/master/images/2026/12900/building_12900_5_28bd745c370732bd99d0d8c09371baa0.jpg",
                        "title": "Photo of St Marks Schoolhouse"
                    }
                ],
                "name": "St Marks Schoolhouse",
                "new_venue_this_year": "No",
                "start": "11:00:00",
                "ticketed_events": "No",
                "url": "https://programme.openhouse.org.uk/listings/12900"
            },
            "type": "Feature"
        },
        {
            "geometry": {
                "coordinates": [
                    0.01951,
                    51.46952
                ],
                "type": "Point"
            },
            "properties": {
                "balloted": "No",
                "description": "Morden College is a charity founded in 1695 by Sir John Morden. For over 330 years, it has provided safe, high quality homes that support independence, dignity and belonging later in life. Join a guided tour of its beautiful buildings, from the historic grade I listed Quadrangle to the award winning John Morden Centre, winner of the RIBA Stirling Prize.",
                "end": "16:15:00",
                "fully_booked": "Yes",
                "images": [
                    {
                        "archive_url": "https://raw.githubusercontent.com/infrastructureclub/open-house-london-images/master/images/2026/12908/building_12908_john-morden-centre-2-credit-jim-stephenson_43e02d9a6a92370d332bb17f2f005107.jpg",
                        "title": "Photo of The John Morden Centre and Morden College Almshouses"
                    },
                    {
                        "archive_url": "https://raw.githubusercontent.com/infrastructureclub/open-house-london-images/master/images/2026/12908/building_12908_john-morden_4a41fbfb491e6ccee175552d881d9f18.png",
                        "title": "Photo of The John Morden Centre and Morden College Almshouses"
                    },
                    {
                        "archive_url": "https://raw.githubusercontent.com/infrastructureclub/open-house-london-images/master/images/2026/12908/building_12908_front_13c5ef7403201e352b38946a0225936d.jpg",
                        "title": "Photo of The John Morden Centre and Morden College Almshouses"
                    }
                ],
                "name": "The John Morden Centre and Morden College Almshouses",
                "new_venue_this_year": "No",
                "start": "10:15:00",
                "ticketed_events": "Yes",
                "url": "https://programme.openhouse.org.uk/listings/12908"
            },
            "type": "Feature"
        },
        {
            "geometry": {
                "coordinates": [
                    -0.13186,
                    51.5124
                ],
                "type": "Point"
            },
            "properties": {
                "balloted": "No",
                "description": "Start your exploration of the Open House Soho Neighbourhood with a shot of coffee, a refreshing cold drink and a bite to eat.  Explore our timeline of Soho, and our existing display on the church's history.   Relax in our calm and welcoming gardens.",
                "end": "18:00:00",
                "fully_booked": "",
                "images": [
                    {
                        "archive_url": "https://raw.githubusercontent.com/infrastructureclub/open-house-london-images/master/images/2026/12938/building_12938_sacred_grounds_f2c41ce07f97ca90f3d4f726d3fd0d70.png",
                        "title": "Photo of Sacred Grounds / St Anne's Church and Garden"
                    }
                ],
                "name": "Sacred Grounds / St Anne's Church and Garden",
                "new_venue_this_year": "No",
                "start": "10:00:00",
                "ticketed_events": "No",
                "url": "https://programme.openhouse.org.uk/listings/12938"
            },
            "type": "Feature"
        },
        {
            "geometry": {
                "coordinates": [
                    -0.05733,
                    51.53685
                ],
                "type": "Point"
            },
            "properties": {
                "balloted": "No",
                "description": "The Arches invites you to explore its artists' work in a newly designed framework by A347, focused on fostering community-minded practices. With spaces centered around a communal core, the open layout encourages collaboration and interaction. Meet the artists, experience their work firsthand, and purchase directly from them, making artistic creation a tool for community building.",
                "end": "18:00:00",
                "fully_booked": "",
                "images": [
                    {
                        "archive_url": "https://raw.githubusercontent.com/infrastructureclub/open-house-london-images/master/images/2026/12955/building_12955_screenshot-2024-09-12-at-17-38-32_82118d52c2ab25b47b136fc3278373a2.png",
                        "title": "Design by A347"
                    },
                    {
                        "archive_url": "https://raw.githubusercontent.com/infrastructureclub/open-house-london-images/master/images/2026/12955/building_12955_whatsapp-image-2024-09-17-at-19-35-01_6048f57c95895a857ab85a2070c3846e.jpeg",
                        "title": "Artwork by Nils Edelman"
                    },
                    {
                        "archive_url": "https://raw.githubusercontent.com/infrastructureclub/open-house-london-images/master/images/2026/12955/building_12955_josie-image_969273c84eb296db8300c1479715305e.jpg",
                        "title": "Artwork by Josie Hargreaves"
                    },
                    {
                        "archive_url": "https://raw.githubusercontent.com/infrastructureclub/open-house-london-images/master/images/2026/12955/building_12955_screenshot-2025-09-10-at-13-27-51_42c33aceef26b398dc00baf14d9b204a.png",
                        "title": "Artwork by Colin McCallum"
                    }
                ],
                "name": "The Arches",
                "new_venue_this_year": "No",
                "start": "10:00:00",
                "ticketed_events": "No",
                "url": "https://programme.openhouse.org.uk/listings/12955"
            },
            "type": "Feature"
        },
        {
            "geometry": {
                "coordinates": [
                    0.02405,
                    51.52302
                ],
                "type": "Point"
            },
            "properties": {
                "balloted": "No",
                "description": "Formerly known as Memorial Baptist Church this Grade II listed building opened in 1922, it retains many original features. Open House will include access to the church, gallery and bell tower, and information on church history. 18th September at 7pm Lydia Thornley will lead a talk on the craft skills used in the building, and on the 19th 3.30-6pm there is a sketching workshop",
                "end": "19:00:00",
                "fully_booked": "No",
                "images": [
                    {
                        "archive_url": "https://raw.githubusercontent.com/infrastructureclub/open-house-london-images/master/images/2026/12965/building_12965_church-2_681e71be89d5396fb356389d6cc2c64e.jpg",
                        "title": "Photo of Memorial Community Church"
                    },
                    {
                        "archive_url": "https://raw.githubusercontent.com/infrastructureclub/open-house-london-images/master/images/2026/12965/building_12965_interior_041e4ad6c5b5ddb90d6778f3d5c88471.jpg",
                        "title": "Photo of Memorial Community Church"
                    }
                ],
                "name": "Memorial Community Church",
                "new_venue_this_year": "No",
                "start": "15:00:00",
                "ticketed_events": "Yes",
                "url": "https://programme.openhouse.org.uk/listings/12965"
            },
            "type": "Feature"
        },
        {
            "geometry": {
                "coordinates": [
                    -0.16263,
                    51.54221
                ],
                "type": "Point"
            },
            "properties": {
                "balloted": "No",
                "description": "St Mary's is a Victorian church famous for its second vicar Percy Dearmer who together with Ralph Vaughn Williams produced the English Hymnal in 1906.  We have a rich history of Church Music, beautiful worship and  vestments.  We also have a passion for  social justice within our community.  We were the first parish in Edmonton Diocese to have a woman vicar.",
                "end": "18:00:00",
                "fully_booked": "",
                "images": [
                    {
                        "archive_url": "https://raw.githubusercontent.com/infrastructureclub/open-house-london-images/master/images/2026/13007/building_13007_1553c5b59f3f61255107640210fd9f62_5e2059770ea35b45b8c321b3a2e92318.jpg",
                        "title": "Photo of St Mary the Virgin Primrose Hill"
                    },
                    {
                        "archive_url": "https://raw.githubusercontent.com/infrastructureclub/open-house-london-images/master/images/2026/13007/building_13007_a1bd6252ad1b26f90cd4f543c9a14b6b_ccdf5dfc7dab6b2da7344672bb754994.jpg",
                        "title": "Photo of St Mary the Virgin Primrose Hill"
                    },
                    {
                        "archive_url": "https://raw.githubusercontent.com/infrastructureclub/open-house-london-images/master/images/2026/13007/building_13007_86b47c2f696df230b30ddcb1408f50c1_c8281333c47768fd078a8842e6c17770.jpg",
                        "title": "Photo of St Mary the Virgin Primrose Hill"
                    },
                    {
                        "archive_url": "https://raw.githubusercontent.com/infrastructureclub/open-house-london-images/master/images/2026/13007/building_13007_8ad645bcb4ed64a0e959e4ddd7037dd5_f63ffc2e109553ec287cf4ce25603544.jpg",
                        "title": "Photo of St Mary the Virgin Primrose Hill"
                    },
                    {
                        "archive_url": "https://raw.githubusercontent.com/infrastructureclub/open-house-london-images/master/images/2026/13007/building_13007_20180405_114638_28825122d9ecb1f6e32e427728539b7b.jpg",
                        "title": "Photo of St Mary the Virgin Primrose Hill"
                    },
                    {
                        "archive_url": "https://raw.githubusercontent.com/infrastructureclub/open-house-london-images/master/images/2026/13007/building_13007_dan_4583_f212d121e50fafe8abf7f2c145d1ef82.jpg",
                        "title": "Photo of St Mary the Virgin Primrose Hill"
                    }
                ],
                "name": "St Mary the Virgin Primrose Hill",
                "new_venue_this_year": "No",
                "start": "09:00:00",
                "ticketed_events": "No",
                "url": "https://programme.openhouse.org.uk/listings/13007"
            },
            "type": "Feature"
        },
        {
            "geometry": {
                "coordinates": [
                    -0.12269,
                    51.5163
                ],
                "type": "Point"
            },
            "properties": {
                "balloted": "No",
                "description": "Drawing Matter explores the role of drawing in architectural thought and practice. Central to our activities is the Drawing Matter Collection of many thousands of architectural and design drawings from across the world, dating from the Renaissance to the present day.",
                "end": "18:00:00",
                "fully_booked": "",
                "images": [
                    {
                        "archive_url": "https://raw.githubusercontent.com/infrastructureclub/open-house-london-images/master/images/2026/13011/building_13011_open-weekend_2370253a0d0c055fe2eda90bce6ac9e0.jpg",
                        "title": "Photo of Drawing Matter"
                    },
                    {
                        "archive_url": "https://raw.githubusercontent.com/infrastructureclub/open-house-london-images/master/images/2026/13011/building_13011_2024-11-02_9f80e8779119c24be54165f9fb2c7841.jpg",
                        "title": "Photo of Drawing Matter"
                    },
                    {
                        "archive_url": "https://raw.githubusercontent.com/infrastructureclub/open-house-london-images/master/images/2026/13011/building_13011_open-weekend-4_47fc0506c1e341cfc6d2eefb3709e453.jpg",
                        "title": "Photo of Drawing Matter"
                    },
                    {
                        "archive_url": "https://raw.githubusercontent.com/infrastructureclub/open-house-london-images/master/images/2026/13011/building_13011_open-weekend-3_939938b8c5dc40d3398096ad0de506e3.jpg",
                        "title": "Photo of Drawing Matter"
                    }
                ],
                "name": "Drawing Matter",
                "new_venue_this_year": "No",
                "start": "11:00:00",
                "ticketed_events": "No",
                "url": "https://programme.openhouse.org.uk/listings/13011"
            },
            "type": "Feature"
        },
        {
            "geometry": {
                "coordinates": [
                    -0.09295,
                    51.39877
                ],
                "type": "Point"
            },
            "properties": {
                "balloted": "No",
                "description": "Since 1891, St Alban's has served South Norwood and Thornton Heath; areas that began to develop with the coming of the railways. The church  was  built by the community and is  still serving the community.  The building design altered considerably from start to finish and a small exhibition will give examples of the various suggestions.",
                "end": "18:00:00",
                "fully_booked": "",
                "images": [
                    {
                        "archive_url": "https://raw.githubusercontent.com/infrastructureclub/open-house-london-images/master/images/2026/13012/building_13012_screenshot_22-4-2025_22018__dc5f5715b8cd9c42168f4ec8e22e9fa5.jpeg",
                        "title": "Photo of St Alban the Martyr, South Norwood"
                    },
                    {
                        "archive_url": "https://raw.githubusercontent.com/infrastructureclub/open-house-london-images/master/images/2026/13012/building_13012_img_4368_b204ae89bd7f05115497c33f33fec131.jpeg",
                        "title": "Photo of St Alban the Martyr, South Norwood"
                    },
                    {
                        "archive_url": "https://raw.githubusercontent.com/infrastructureclub/open-house-london-images/master/images/2026/13012/building_13012_img_9130_e5a7cd7a468fbac7cb6ebfc7daf223c3.jpeg",
                        "title": "Photo of St Alban the Martyr, South Norwood"
                    }
                ],
                "name": "St Alban the Martyr, South Norwood",
                "new_venue_this_year": "No",
                "start": "10:00:00",
                "ticketed_events": "No",
                "url": "https://programme.openhouse.org.uk/listings/13012"
            },
            "type": "Feature"
        },
        {
            "geometry": {
                "coordinates": [
                    -0.08132,
                    51.5257
                ],
                "type": "Point"
            },
            "properties": {
                "balloted": "No",
                "description": "A refurbished factory warehouse, the repurposed space now hosts educational programmes and activities of the School of Traditional Arts and the architectural team of the King’s Foundation. Live demonstrations of traditional arts skills by students and alumni, scheduled talks on KF's architectural projects, and guided tours all await the visitor.",
                "end": "16:00:00",
                "fully_booked": "No",
                "images": [
                    {
                        "archive_url": "https://raw.githubusercontent.com/infrastructureclub/open-house-london-images/master/images/2026/13043/building_13043_1_233482577f09c8874e05a62c22eab93c.jpg",
                        "title": "Photo of The King's Foundation - Charlotte Road"
                    },
                    {
                        "archive_url": "https://raw.githubusercontent.com/infrastructureclub/open-house-london-images/master/images/2026/13043/building_13043_2_08a8e80185806f1b521fab3e75e9c5ff.jpg",
                        "title": "Photo of The King's Foundation - Charlotte Road"
                    },
                    {
                        "archive_url": "https://raw.githubusercontent.com/infrastructureclub/open-house-london-images/master/images/2026/13043/building_13043_screenshot-2025-08-19-155424_0929dac83e64f056abf3a3a6cf43757c.png",
                        "title": "Photo of The King's Foundation - Charlotte Road"
                    }
                ],
                "name": "The King's Foundation - Charlotte Road",
                "new_venue_this_year": "No",
                "start": "12:00:00",
                "ticketed_events": "Yes",
                "url": "https://programme.openhouse.org.uk/listings/13043"
            },
            "type": "Feature"
        },
        {
            "geometry": {
                "coordinates": [
                    -0.12392,
                    51.53568
                ],
                "type": "Point"
            },
            "properties": {
                "balloted": "No",
                "description": "Queer Britain Museum is the UK’s national LGBTQ+ museum.    Housed in a converted Victorian building in the heart of the regenerated King’s Cross area, the galleries feature over 200 objects from over 100 years of queer history.   At Open House 2026, Queer Britain’s volunteer guides will give talks demonstrating the museum’s mission to reclaim, preserve and inspire LGBTQ+ history.",
                "end": "17:30:00",
                "fully_booked": "No",
                "images": [
                    {
                        "archive_url": "https://raw.githubusercontent.com/infrastructureclub/open-house-london-images/master/images/2026/13050/building_13050_queer-britain-kings-cross-london_4cce6e1fef74a3607d6932b5eb914877.jpg",
                        "title": "Photo of Queer Britain"
                    },
                    {
                        "archive_url": "https://raw.githubusercontent.com/infrastructureclub/open-house-london-images/master/images/2026/13050/building_13050_02-guests-at-queer-britain-museum-credit-rahil-ahmad-for-queer-britain-museum_7fd33c9ea0f28d2ed1b45b718d7391cf.jpg",
                        "title": "Photo of Queer Britain"
                    },
                    {
                        "archive_url": "https://raw.githubusercontent.com/infrastructureclub/open-house-london-images/master/images/2026/13050/building_13050_03-queer-britain-museum-credit-rahil-ahmad-for-queer-britain-museum_8629962f30e51e629f1da84d580caccc.jpg",
                        "title": "Photo of Queer Britain"
                    }
                ],
                "name": "Queer Britain",
                "new_venue_this_year": "No",
                "start": "13:00:00",
                "ticketed_events": "Yes",
                "url": "https://programme.openhouse.org.uk/listings/13050"
            },
            "type": "Feature"
        },
        {
            "geometry": {
                "coordinates": [
                    -0.05868,
                    51.53245
                ],
                "type": "Point"
            },
            "properties": {
                "balloted": "No",
                "description": "While cafes, markets, and restaurants come and go, the high street once felt immutable until online shopping and same-day delivery eroded its vitality. Our office at 493 Hackney Rd, once London’s oldest ironmongers, then a plant shop, was renovated to preserve character and serve as our long term base. We look forward to continuing the journey of opening our shop to new visitors and collaborators.",
                "end": "17:00:00",
                "fully_booked": "",
                "images": [
                    {
                        "archive_url": "https://raw.githubusercontent.com/infrastructureclub/open-house-london-images/master/images/2026/13058/building_13058_aisforarchitecturefn1580_2a06c78759ed6a83f49bafc402439dc9.jpg",
                        "title": "Photo of A IS FOR ARCHITECTURE - 493 Hackney Road"
                    },
                    {
                        "archive_url": "https://raw.githubusercontent.com/infrastructureclub/open-house-london-images/master/images/2026/13058/building_13058_aisforarchitecturefn0008_a38344c51646a1886d08ffe313b99532.jpg",
                        "title": "Photo of A IS FOR ARCHITECTURE - 493 Hackney Road"
                    },
                    {
                        "archive_url": "https://raw.githubusercontent.com/infrastructureclub/open-house-london-images/master/images/2026/13058/building_13058_aisforarchitecturefn0158_d1e6ec1b3a6eb91d03c700d3a242e817.jpg",
                        "title": "Photo of A IS FOR ARCHITECTURE - 493 Hackney Road"
                    },
                    {
                        "archive_url": "https://raw.githubusercontent.com/infrastructureclub/open-house-london-images/master/images/2026/13058/building_13058_aisforarchitecturefn0235_6081f078ced5482b4236e56a59692880.jpg",
                        "title": "Photo of A IS FOR ARCHITECTURE - 493 Hackney Road"
                    },
                    {
                        "archive_url": "https://raw.githubusercontent.com/infrastructureclub/open-house-london-images/master/images/2026/13058/building_13058_aisforarchitecturefn0724_ed339725b7a4a07e2e1c67bb59e3de20.jpg",
                        "title": "Photo of A IS FOR ARCHITECTURE - 493 Hackney Road"
                    },
                    {
                        "archive_url": "https://raw.githubusercontent.com/infrastructureclub/open-house-london-images/master/images/2026/13058/building_13058_aisforarchitecturefn0781_375ed658d1aa66c73bffe151725f7546.jpg",
                        "title": "Photo of A IS FOR ARCHITECTURE - 493 Hackney Road"
                    },
                    {
                        "archive_url": "https://raw.githubusercontent.com/infrastructureclub/open-house-london-images/master/images/2026/13058/building_13058_aisforarchitecturefn0844_58c2d1fe61117eb122231ec5a28c6757.jpg",
                        "title": "Photo of A IS FOR ARCHITECTURE - 493 Hackney Road"
                    },
                    {
                        "archive_url": "https://raw.githubusercontent.com/infrastructureclub/open-house-london-images/master/images/2026/13058/building_13058_aisforarchitecturefn0859_32624d42d2e41d7839c93c881a00b811.jpg",
                        "title": "Photo of A IS FOR ARCHITECTURE - 493 Hackney Road"
                    },
                    {
                        "archive_url": "https://raw.githubusercontent.com/infrastructureclub/open-house-london-images/master/images/2026/13058/building_13058_aisforarchitecturefn1075_59007641db6451d9f8236e7a45327c40.jpg",
                        "title": "Photo of A IS FOR ARCHITECTURE - 493 Hackney Road"
                    }
                ],
                "name": "A IS FOR ARCHITECTURE - 493 Hackney Road",
                "new_venue_this_year": "No",
                "start": "10:00:00",
                "ticketed_events": "No",
                "url": "https://programme.openhouse.org.uk/listings/13058"
            },
            "type": "Feature"
        },
        {
            "geometry": {
                "coordinates": [
                    -0.14035,
                    51.52583
                ],
                "type": "Point"
            },
            "properties": {
                "balloted": "No",
                "description": "Launched on 24th April 2025, Regent’s Park Estate Story Trail is an exciting new resident-led socially engaged public art trail through Regent’s Park Estate, Euston. \r\n\r\nThe trail encompasses 12 site-specific art installations created by 10 artists and collectives, bringing 31 new public artworks to Regent's Park Estate.",
                "end": "12:30:00",
                "fully_booked": "Yes",
                "images": [
                    {
                        "archive_url": "https://raw.githubusercontent.com/infrastructureclub/open-house-london-images/master/images/2026/13100/building_13100_regent-s-park-portrait-brendan-barry-photo_-nick-turpin_ecb7b4fc9431c87d71f7491e8496ff06.jpg",
                        "title": "Photo of Regent's Park Estate Story Trail  Guided Tour"
                    },
                    {
                        "archive_url": "https://raw.githubusercontent.com/infrastructureclub/open-house-london-images/master/images/2026/13100/building_13100_clay-chronicles-clayground-collective-photo_-alice-horsley_9143efc197bd136124aae2ebc50b783f.jpg",
                        "title": "Photo of Regent's Park Estate Story Trail  Guided Tour"
                    },
                    {
                        "archive_url": "https://raw.githubusercontent.com/infrastructureclub/open-house-london-images/master/images/2026/13100/building_13100_woman-whole-yara-davina-photo_-nick-turpin-large_6956eb0a9f6f3c0b954f2f9d901536c3.jpeg",
                        "title": "Photo of Regent's Park Estate Story Trail  Guided Tour"
                    },
                    {
                        "archive_url": "https://raw.githubusercontent.com/infrastructureclub/open-house-london-images/master/images/2026/13100/building_13100_wonderscope-alisa-rusavina-photo_-nick-turpin-large_3162e1e2543de6f2a0d9b5dff326ab8a.jpeg",
                        "title": "Photo of Regent's Park Estate Story Trail  Guided Tour"
                    },
                    {
                        "archive_url": "https://raw.githubusercontent.com/infrastructureclub/open-house-london-images/master/images/2026/13100/building_13100_t-h-ree-haque-tan-photo_-nick-turpin-large_30886178c7fd84136d03e841438fbd8b.jpeg",
                        "title": "Photo of Regent's Park Estate Story Trail  Guided Tour"
                    },
                    {
                        "archive_url": "https://raw.githubusercontent.com/infrastructureclub/open-house-london-images/master/images/2026/13100/building_13100_you-are-here-ocean-stefan-photo_-nick-turpin-large_834789b6d2e721918b363a5ccb1039f2.jpeg",
                        "title": "Photo of Regent's Park Estate Story Trail  Guided Tour"
                    },
                    {
                        "archive_url": "https://raw.githubusercontent.com/infrastructureclub/open-house-london-images/master/images/2026/13100/building_13100_copy-of-pinpep_20250424_rpstorytrail_full_set_scu_71_ae6b30b5d26fda4f681d0c0515cb196d.jpg",
                        "title": "Photo of Regent's Park Estate Story Trail  Guided Tour"
                    },
                    {
                        "archive_url": "https://raw.githubusercontent.com/infrastructureclub/open-house-london-images/master/images/2026/13100/building_13100_woman-whole-photo-credit_-alice-horsley_791ed87bd9c6c42bd7ac430f9b9b2a03.jpg",
                        "title": "Photo of Regent's Park Estate Story Trail  Guided Tour"
                    },
                    {
                        "archive_url": "https://raw.githubusercontent.com/infrastructureclub/open-house-london-images/master/images/2026/13100/building_13100_you-are-here-ocean-stefan-photo-alice-horsley-large_73b0e7f9b35c106190d8076b387e5419.jpeg",
                        "title": "Photo of Regent's Park Estate Story Trail  Guided Tour"
                    },
                    {
                        "archive_url": "https://raw.githubusercontent.com/infrastructureclub/open-house-london-images/master/images/2026/13100/building_13100_story-trail-growing-together-shiraaz-ali-credit_-alice-horsley-large_cf6b4bee27a6b82fc08329bec3a938ae.jpeg",
                        "title": "Photo of Regent's Park Estate Story Trail  Guided Tour"
                    },
                    {
                        "archive_url": "https://raw.githubusercontent.com/infrastructureclub/open-house-london-images/master/images/2026/13100/building_13100_t-h-ree-haque-tan-photo-nick-turpin-large_0d0113a2705954e8e26b172505663bd6.jpeg",
                        "title": "Photo of Regent's Park Estate Story Trail  Guided Tour"
                    },
                    {
                        "archive_url": "https://raw.githubusercontent.com/infrastructureclub/open-house-london-images/master/images/2026/13100/building_13100_unwritten-rafal-zajko-032photo-credit_-alice-horsley-large_a093b3d14859c13fd2f227a961ec28ef.jpeg",
                        "title": "Photo of Regent's Park Estate Story Trail  Guided Tour"
                    }
                ],
                "name": "Regent's Park Estate Story Trail  Guided Tour",
                "new_venue_this_year": "No",
                "start": "11:00:00",
                "ticketed_events": "Yes",
                "url": "https://programme.openhouse.org.uk/listings/13100"
            },
            "type": "Feature"
        },
        {
            "geometry": {
                "coordinates": [
                    -0.09929,
                    51.37226
                ],
                "type": "Point"
            },
            "properties": {
                "balloted": "No",
                "description": "Croydon Council's ambitious 1990s Croydon Clocktower project created a large new central library. Former Town Hall library and other spaces were then repurposed as arts venues which opened in 1995. These tours will outline how this was achieved, with particular emphasis on the David Lean Cinema, and will include a brief talk on the cinema's eventful history.",
                "end": "16:00:00",
                "fully_booked": "Yes",
                "images": [
                    {
                        "archive_url": "https://raw.githubusercontent.com/infrastructureclub/open-house-london-images/master/images/2026/13104/building_13104_dlc-seats_92da49a6ca4dff87df0a0e253bfcbbf6.jpg",
                        "title": "Photo of David Lean Cinema Tour"
                    },
                    {
                        "archive_url": "https://raw.githubusercontent.com/infrastructureclub/open-house-london-images/master/images/2026/13104/building_13104_clocktower-exterior-2020_fc63b9211939fafcba47a195a5569f96.jpg",
                        "title": "Photo of David Lean Cinema Tour"
                    },
                    {
                        "archive_url": "https://raw.githubusercontent.com/infrastructureclub/open-house-london-images/master/images/2026/13104/building_13104_dlc-july-2026_c5947ecd2e5ab712f1294a645fa4b740.jpg",
                        "title": "Photo of David Lean Cinema Tour"
                    }
                ],
                "name": "David Lean Cinema Tour",
                "new_venue_this_year": "No",
                "start": "10:30:00",
                "ticketed_events": "Yes",
                "url": "https://programme.openhouse.org.uk/listings/13104"
            },
            "type": "Feature"
        },
        {
            "geometry": {
                "coordinates": [
                    -0.31783,
                    51.46206
                ],
                "type": "Point"
            },
            "properties": {
                "balloted": "No",
                "description": "The Lock House is part of Richmond Lock & Weir, on the left bank of the Thames at Richmond. Originally home to the resident lock keeper, it is now the design studio and exhibition space of Astronaut Kawada, architects and designers. They have fully refurbished the interior of the Lock House to create a series of spaces to complement the remarkable and unique qualities of the main structure.",
                "end": "16:00:00",
                "fully_booked": "",
                "images": [
                    {
                        "archive_url": "https://raw.githubusercontent.com/infrastructureclub/open-house-london-images/master/images/2026/13151/building_13151_img_4896_e880c99e82fa10c72f91871a32915c1f.jpg",
                        "title": "Photo of The Lock House, Richmond Lock & Weir"
                    },
                    {
                        "archive_url": "https://raw.githubusercontent.com/infrastructureclub/open-house-london-images/master/images/2026/13151/building_13151_img_1400-copy_7e8269591b6dc6a9526e0a78c0d08684.jpg",
                        "title": "Photo of The Lock House, Richmond Lock & Weir"
                    },
                    {
                        "archive_url": "https://raw.githubusercontent.com/infrastructureclub/open-house-london-images/master/images/2026/13151/building_13151_img_4481_0c851c9851a3207d29649ab0d62b4a5c.jpg",
                        "title": "Photo of The Lock House, Richmond Lock & Weir"
                    },
                    {
                        "archive_url": "https://raw.githubusercontent.com/infrastructureclub/open-house-london-images/master/images/2026/13151/building_13151_img_4284_fac91666c17d79e7a7495a8a2bd03b4f.jpg",
                        "title": "Photo of The Lock House, Richmond Lock & Weir"
                    },
                    {
                        "archive_url": "https://raw.githubusercontent.com/infrastructureclub/open-house-london-images/master/images/2026/13151/building_13151_img_4285_0f6dd3171ce7fcc81d3657e53a1a369a.jpg",
                        "title": "Photo of The Lock House, Richmond Lock & Weir"
                    },
                    {
                        "archive_url": "https://raw.githubusercontent.com/infrastructureclub/open-house-london-images/master/images/2026/13151/building_13151_img_4287_b7f5ef40548f2bb9b8a7e2f5fa3eff7b.jpg",
                        "title": "Photo of The Lock House, Richmond Lock & Weir"
                    },
                    {
                        "archive_url": "https://raw.githubusercontent.com/infrastructureclub/open-house-london-images/master/images/2026/13151/building_13151_img_4289_e5111dcf7f472f67f4148abaa7585408.jpg",
                        "title": "Photo of The Lock House, Richmond Lock & Weir"
                    },
                    {
                        "archive_url": "https://raw.githubusercontent.com/infrastructureclub/open-house-london-images/master/images/2026/13151/building_13151_img_8201_e47571a966617283bab784ebbc3f37d4.jpg",
                        "title": "Photo of The Lock House, Richmond Lock & Weir"
                    },
                    {
                        "archive_url": "https://raw.githubusercontent.com/infrastructureclub/open-house-london-images/master/images/2026/13151/building_13151_img_4898-2_ba6219fddcba5c09affff83402d821d8.jpg",
                        "title": "Photo of The Lock House, Richmond Lock & Weir"
                    }
                ],
                "name": "The Lock House, Richmond Lock & Weir",
                "new_venue_this_year": "No",
                "start": "12:00:00",
                "ticketed_events": "No",
                "url": "https://programme.openhouse.org.uk/listings/13151"
            },
            "type": "Feature"
        },
        {
            "geometry": {
                "coordinates": [
                    -0.09235,
                    51.47486
                ],
                "type": "Point"
            },
            "properties": {
                "balloted": "No",
                "description": "This walking tour explores the evolution of local government through the story of Camberwell. It charts the development of institutions in response to intense social and economic change to shape the city we know today. We will celebrate the visible reminders of this history in the streets around us and ask: why does this matter to Londoners today?",
                "end": "12:30:00",
                "fully_booked": "Yes",
                "images": [
                    {
                        "archive_url": "https://raw.githubusercontent.com/infrastructureclub/open-house-london-images/master/images/2026/13154/building_13154_all-s-well-camberwell-town-hall_8b1b238ecd373e5f494d81308e15e70a.jpg",
                        "title": "Photo of All's well in Camberwell: walking London's local government history"
                    },
                    {
                        "archive_url": "https://raw.githubusercontent.com/infrastructureclub/open-house-london-images/master/images/2026/13154/building_13154_lakanal-house-sceaux-gardens-metropolitan-borough-of-camberwell_162fd73f202fbffc3c6c23e3ed40ddd9.jpg",
                        "title": "Photo of All's well in Camberwell: walking London's local government history"
                    },
                    {
                        "archive_url": "https://raw.githubusercontent.com/infrastructureclub/open-house-london-images/master/images/2026/13154/building_13154_the-pied-piper-willi-soukop-1957_f9a3576387f6b4f73dc4912ae4e2c725.jpg",
                        "title": "Photo of All's well in Camberwell: walking London's local government history"
                    },
                    {
                        "archive_url": "https://raw.githubusercontent.com/infrastructureclub/open-house-london-images/master/images/2026/13154/building_13154_glebe-estate-london-county-council-1932_2905afdd2f7a2e20785d357f56a3f70d.jpg",
                        "title": "Photo of All's well in Camberwell: walking London's local government history"
                    },
                    {
                        "archive_url": "https://raw.githubusercontent.com/infrastructureclub/open-house-london-images/master/images/2026/13154/building_13154_dining-and-assembly-hall-brunswick-park-stirling-and-gowan-1962_d0118aac66914d79a3fdb6de8a530b08.jpg",
                        "title": "Photo of All's well in Camberwell: walking London's local government history"
                    }
                ],
                "name": "All's well in Camberwell: walking London's local government history",
                "new_venue_this_year": "No",
                "start": "10:00:00",
                "ticketed_events": "Yes",
                "url": "https://programme.openhouse.org.uk/listings/13154"
            },
            "type": "Feature"
        },
        {
            "geometry": {
                "coordinates": [
                    -0.22558,
                    51.50508
                ],
                "type": "Point"
            },
            "properties": {
                "balloted": "No",
                "description": "Culture House is the first permanent exhibition space for Somali artefacts curated by the Somali community.",
                "end": "16:00:00",
                "fully_booked": "No",
                "images": [
                    {
                        "archive_url": "https://raw.githubusercontent.com/infrastructureclub/open-house-london-images/master/images/2026/13159/building_13159_muna-sreception_6d56da52556e517ef33a13257196160e.jpg",
                        "title": "Photo of Culture House"
                    },
                    {
                        "archive_url": "https://raw.githubusercontent.com/infrastructureclub/open-house-london-images/master/images/2026/13159/building_13159_heritage_2daee79bbb0d7d0182365abe5e66eccc.jpg",
                        "title": "Photo of Culture House"
                    },
                    {
                        "archive_url": "https://raw.githubusercontent.com/infrastructureclub/open-house-london-images/master/images/2026/13159/building_13159_cultureobjectsgallery2_2aab41e014a3560158e1c80b34724a3c.jpg",
                        "title": "Photo of Culture House"
                    }
                ],
                "name": "Culture House",
                "new_venue_this_year": "No",
                "start": "14:00:00",
                "ticketed_events": "Yes",
                "url": "https://programme.openhouse.org.uk/listings/13159"
            },
            "type": "Feature"
        },
        {
            "geometry": {
                "coordinates": [
                    -0.18355,
                    51.41297
                ],
                "type": "Point"
            },
            "properties": {
                "balloted": "No",
                "description": "Studio AVC is an architecture and interior design practice based in the historic 1929 Shop at Merton Abbey Mills—Join us for a short talk on William Morris and how the Arts & Crafts movement continues to inspire our designs today. Afterwards, we’ll take you on a guided tour of Merton Abbey Mills, the historic heart of Arts & Crafts making.",
                "end": "15:30:00",
                "fully_booked": "",
                "images": [
                    {
                        "archive_url": "https://raw.githubusercontent.com/infrastructureclub/open-house-london-images/master/images/2026/13160/building_13160_1_02589172e9d6ee745858280e5611f7dd.jpg",
                        "title": "The Crafted Environment: Merton Abbey Mill"
                    },
                    {
                        "archive_url": "https://raw.githubusercontent.com/infrastructureclub/open-house-london-images/master/images/2026/13160/building_13160_studioavc_office_architecture-practice_south_wimbledon_36d39479fcfdc0ffc80fd71407beacf7.jpg",
                        "title": "The Crafted Environment: Merton Abbey Mill"
                    }
                ],
                "name": "The Crafted Environment: Merton Abbey Mills",
                "new_venue_this_year": "No",
                "start": "10:30:00",
                "ticketed_events": "No",
                "url": "https://programme.openhouse.org.uk/listings/13160"
            },
            "type": "Feature"
        },
        {
            "geometry": {
                "coordinates": [
                    -0.15937,
                    51.43738
                ],
                "type": "Point"
            },
            "properties": {
                "balloted": "No",
                "description": "A double storey rear extension and refurbishment to a Victorian terraced house in Tooting Bec, South West London",
                "end": "15:00:00",
                "fully_booked": "",
                "images": [
                    {
                        "archive_url": "https://raw.githubusercontent.com/infrastructureclub/open-house-london-images/master/images/2026/13161/building_13161__dsf9130_ad_lo_94c3e90c9475f6f4ad1fa6fab7c2d3cc.jpg",
                        "title": "Photo of Tooting Bec House"
                    },
                    {
                        "archive_url": "https://raw.githubusercontent.com/infrastructureclub/open-house-london-images/master/images/2026/13161/building_13161_pm_dsf9156_ad_lo_b5cd946c51e7c8fab89ae782f2694e9b.jpg",
                        "title": "Photo of Tooting Bec House"
                    }
                ],
                "name": "Tooting Bec House",
                "new_venue_this_year": "No",
                "start": "11:00:00",
                "ticketed_events": "No",
                "url": "https://programme.openhouse.org.uk/listings/13161"
            },
            "type": "Feature"
        },
        {
            "geometry": {
                "coordinates": [
                    -0.01252,
                    51.58081
                ],
                "type": "Point"
            },
            "properties": {
                "balloted": "No",
                "description": "In 2022 we created an art gallery in the garage below our house in a residential street in Walthamstow village.   We aim to bring art into our community, acting as a resource to support artists on a not-for-profit basis.  By the time of Open House we will have hosted 26 exhibitions in a wide range of media, by both emerging and more experienced artists.",
                "end": "17:00:00",
                "fully_booked": "",
                "images": [
                    {
                        "archive_url": "https://raw.githubusercontent.com/infrastructureclub/open-house-london-images/master/images/2026/13170/building_13170_outside_e4a62160c096ca118f5a4b73565575a5.jpg",
                        "title": "Photo of Garage Gallery E17"
                    },
                    {
                        "archive_url": "https://raw.githubusercontent.com/infrastructureclub/open-house-london-images/master/images/2026/13170/building_13170_inside-front_c61ce3dfe5d86492ac971a50d50cb5f3.jpg",
                        "title": "Photo of Garage Gallery E17"
                    }
                ],
                "name": "Garage Gallery E17",
                "new_venue_this_year": "No",
                "start": "10:00:00",
                "ticketed_events": "No",
                "url": "https://programme.openhouse.org.uk/listings/13170"
            },
            "type": "Feature"
        },
        {
            "geometry": {
                "coordinates": [
                    -0.01055,
                    51.54018
                ],
                "type": "Point"
            },
            "properties": {
                "balloted": "No",
                "description": "The London 2012 Olympic swimming and diving pool. Two  50m pools, 25m dive pool, Team GB dive squad training area.",
                "end": "16:00:00",
                "fully_booked": "Yes",
                "images": [
                    {
                        "archive_url": "https://raw.githubusercontent.com/infrastructureclub/open-house-london-images/master/images/2026/13189/building_13189_exterior-3_9feed8b3ba2c2a109473c103381f1013.jpg",
                        "title": "Photo of London Aquatics Centre"
                    },
                    {
                        "archive_url": "https://raw.githubusercontent.com/infrastructureclub/open-house-london-images/master/images/2026/13189/building_13189_ext_0847a2fcbaa72e6ae485f25b405a9e00.jpg",
                        "title": "Photo of London Aquatics Centre"
                    }
                ],
                "name": "London Aquatics Centre",
                "new_venue_this_year": "No",
                "start": "10:00:00",
                "ticketed_events": "Yes",
                "url": "https://programme.openhouse.org.uk/listings/13189"
            },
            "type": "Feature"
        },
        {
            "geometry": {
                "coordinates": [
                    -0.02052,
                    51.51203
                ],
                "type": "Point"
            },
            "properties": {
                "balloted": "No",
                "description": "Grade II Listed.   Designed by Adrian Gilbert Scott.  Cruciform shape (120 feet by 120 feet) of steel girder and brick construction. Its Lantern tower – based on Ely Cathedral – is supported on parabolic arches 35 feet wide and 50 feet high.  The Stained Glass Windows were designed by John Wilson of Edinburgh and the Stations of the Cross  carved in Blue Horton Stone by Peter Watts.",
                "end": "17:00:00",
                "fully_booked": "",
                "images": [
                    {
                        "archive_url": "https://raw.githubusercontent.com/infrastructureclub/open-house-london-images/master/images/2026/13253/building_13253_st-mary-st-joseph-rc-church-poplar_1_c-garrido_69fe391e814226a2b36f3a729164dd33.jpg",
                        "title": "Photo of St Mary & St Joseph Roman Catholic Church, Poplar"
                    },
                    {
                        "archive_url": "https://raw.githubusercontent.com/infrastructureclub/open-house-london-images/master/images/2026/13253/building_13253_poplar_st_mary_st_joseph_rc161113_2_81dc33bbb49f093edfd6e70ab82052bf.jpg",
                        "title": "Photo of St Mary & St Joseph Roman Catholic Church, Poplar"
                    },
                    {
                        "archive_url": "https://raw.githubusercontent.com/infrastructureclub/open-house-london-images/master/images/2026/13253/building_13253_st-mary-st-joseph-rc-church-poplar_2_c-garrido_6ef61d22b5ee5648e21ac29760f5c3da.jpg",
                        "title": "Photo of St Mary & St Joseph Roman Catholic Church, Poplar"
                    },
                    {
                        "archive_url": "https://raw.githubusercontent.com/infrastructureclub/open-house-london-images/master/images/2026/13253/building_13253_st-mary-st-joseph-rc-church-poplar_3_c-garrido_85d571032608ab92916a5e0a696b4de1.jpg",
                        "title": "Photo of St Mary & St Joseph Roman Catholic Church, Poplar"
                    },
                    {
                        "archive_url": "https://raw.githubusercontent.com/infrastructureclub/open-house-london-images/master/images/2026/13253/building_13253_church-interior-1-scaled-e1695941305485_65b08936351b54aa7137c540be5d1e04.jpg",
                        "title": "Photo of St Mary & St Joseph Roman Catholic Church, Poplar"
                    }
                ],
                "name": "St Mary & St Joseph Roman Catholic Church, Poplar",
                "new_venue_this_year": "No",
                "start": "15:00:00",
                "ticketed_events": "No",
                "url": "https://programme.openhouse.org.uk/listings/13253"
            },
            "type": "Feature"
        },
        {
            "geometry": {
                "coordinates": [
                    -0.30658,
                    51.46039
                ],
                "type": "Point"
            },
            "properties": {
                "balloted": "No",
                "description": "One Paved Court is an artist-run space on a lane of early Georgian shops and houses.  In 2017, Allies and Morrison transformed an old carpet shop into a distinctive home for resident artists and a gallery with an innovative and varied programme of exhibitions. \"New interventions are as few as possible, we were there to repair the fabric and to nudge it into its new role.\" Allies and Morrison",
                "end": "16:00:00",
                "fully_booked": "",
                "images": [
                    {
                        "archive_url": "https://raw.githubusercontent.com/infrastructureclub/open-house-london-images/master/images/2026/13277/building_13277_ngut-1390-first-floor_f8a580eca2dfde142e27dddbbdc74109.jpeg",
                        "title": "Photo of One Paved Court"
                    },
                    {
                        "archive_url": "https://raw.githubusercontent.com/infrastructureclub/open-house-london-images/master/images/2026/13277/building_13277_ngut-1390-allies-morrison-fullframe-0066_53e04ab3358aed1d856a4812e82c902a.jpg",
                        "title": "Photo of One Paved Court"
                    }
                ],
                "name": "One Paved Court",
                "new_venue_this_year": "No",
                "start": "12:00:00",
                "ticketed_events": "No",
                "url": "https://programme.openhouse.org.uk/listings/13277"
            },
            "type": "Feature"
        },
        {
            "geometry": {
                "coordinates": [
                    -0.33726,
                    51.57411
                ],
                "type": "Point"
            },
            "properties": {
                "balloted": "No",
                "description": "Guided walk (1 hour): On the theme of \"everyday histories\". We will uncover how ordinary people shaped the landmarks in our area. We look at how St Mary's Church, Harrow on the Hill, drew attention  for over 1200 years, how the core buildings of Harrow School evolved under different architects and how different workforces contributed to the railways and development of Metroland.",
                "end": "18:00:00",
                "fully_booked": "No",
                "images": [
                    {
                        "archive_url": "https://raw.githubusercontent.com/infrastructureclub/open-house-london-images/master/images/2026/13341/building_13341_may-church_37c295073a7d0fcfcb5843d1def5e2cc.jpg",
                        "title": "Photo of St Mary's Church Harrow on the Hill"
                    }
                ],
                "name": "St Mary's Church Harrow on the Hill",
                "new_venue_this_year": "No",
                "start": "10:00:00",
                "ticketed_events": "Yes",
                "url": "https://programme.openhouse.org.uk/listings/13341"
            },
            "type": "Feature"
        },
        {
            "geometry": {
                "coordinates": [
                    -0.46506,
                    51.54089
                ],
                "type": "Point"
            },
            "properties": {
                "balloted": "No",
                "description": "Explore the Generator House at RAF Uxbridge’s Battle of Britain Bunker. Normally off‑limits to the public, it houses the original 1930s standby generator that powered the underground Operations Room coordinating RAF Fighter Command in WWII. It offers a glimpse into wartime engineering, featuring preserved machinery, original fittings, and fascinating stories.  Free admission, no booking required.",
                "end": "16:00:00",
                "fully_booked": "",
                "images": [
                    {
                        "archive_url": "https://raw.githubusercontent.com/infrastructureclub/open-house-london-images/master/images/2026/13377/building_13377_danger_secrets_1eeb67bdfa9745baef0db4efe6448b5e.jpg",
                        "title": "Photo of The Battle of Britain Bunker - The Generator House"
                    }
                ],
                "name": "The Battle of Britain Bunker - The Generator House",
                "new_venue_this_year": "No",
                "start": "10:00:00",
                "ticketed_events": "No",
                "url": "https://programme.openhouse.org.uk/listings/13377"
            },
            "type": "Feature"
        },
        {
            "geometry": {
                "coordinates": [
                    -0.02038,
                    51.44531
                ],
                "type": "Point"
            },
            "properties": {
                "balloted": "No",
                "description": "Built in 1932 by architects Bradshaw Gass & Hope .\r\nThis iconic Grade II listed venue is a unique blend of architectural elements including Art Deco, Tudor and Gothic Revival.  \r\nThe theatre was planned by Lewisham Metropolitan Council in the 1920s, to be an auditorium for “a variety of Civic, Social and Dramatic purposes”.  \r\nIt is a much loved community asset, join us for a full tour.",
                "end": "14:30:00",
                "fully_booked": "Yes",
                "images": [
                    {
                        "archive_url": "https://raw.githubusercontent.com/infrastructureclub/open-house-london-images/master/images/2026/13387/building_13387_virtual-tour-image_33da5d6aacb6b67f0f785cd1b0208eca.jpg",
                        "title": "Carmel O' Connor"
                    }
                ],
                "name": "Broadway Theatre",
                "new_venue_this_year": "No",
                "start": "11:00:00",
                "ticketed_events": "Yes",
                "url": "https://programme.openhouse.org.uk/listings/13387"
            },
            "type": "Feature"
        },
        {
            "geometry": {
                "coordinates": [
                    -0.13826,
                    51.51651
                ],
                "type": "Point"
            },
            "properties": {
                "balloted": "No",
                "description": "The Purpose of Light, Misan Harriman’s landmark photographic exhibition, bears witness to significant  moments, not with judgment or ideology, but with a deep and unflinching empathy for the human condition. Featuring 110 unique photographs, this exhibition is a call not for division, but for togetherness.",
                "end": "18:00:00",
                "fully_booked": "",
                "images": [
                    {
                        "archive_url": "https://raw.githubusercontent.com/infrastructureclub/open-house-london-images/master/images/2026/13445/building_13445_akiandmisan_d20ea15df753b35e64392faad27d938d.jpg",
                        "title": "Photo of The Purpose of Light: Exhibition by Misan Harriman"
                    },
                    {
                        "archive_url": "https://raw.githubusercontent.com/infrastructureclub/open-house-london-images/master/images/2026/13445/building_13445_power-near-parliament-sq-20th-of-june-2020_a0732383770c1b2511b75f654b300b0f.jpg",
                        "title": "Photo of The Purpose of Light: Exhibition by Misan Harriman"
                    }
                ],
                "name": "The Purpose of Light: Exhibition by Misan Harriman",
                "new_venue_this_year": "No",
                "start": "11:00:00",
                "ticketed_events": "No",
                "url": "https://programme.openhouse.org.uk/listings/13445"
            },
            "type": "Feature"
        },
        {
            "geometry": {
                "coordinates": [
                    0.03201,
                    51.5537
                ],
                "type": "Point"
            },
            "properties": {
                "balloted": "No",
                "description": "A self-built project by the founder of east London architecture practice TOMA Studio, this mid-terraced Victorian house has been completely re-imagined over the course of three years. The house balances refined detailing with experimentation to create a spacious and comfortable family home, which also accommodates an architecture practice and pottery studio within a Shou Sugi Ban garden room.",
                "end": "16:00:00",
                "fully_booked": "",
                "images": [
                    {
                        "archive_url": "https://raw.githubusercontent.com/infrastructureclub/open-house-london-images/master/images/2026/13468/building_13468_88fb1fd8-06de-4ce9-a9f5-e976c98744f3_c8dd377b3c302f53e7027ec9adfbdb53.png",
                        "title": "Photo of TOMA House + Studio"
                    },
                    {
                        "archive_url": "https://raw.githubusercontent.com/infrastructureclub/open-house-london-images/master/images/2026/13468/building_13468_de56430d-d24b-45fb-9e8d-095327510020_8c3ceebc9503d3cd21e2f5a18970d626.jpg",
                        "title": "Photo of TOMA House + Studio"
                    },
                    {
                        "archive_url": "https://raw.githubusercontent.com/infrastructureclub/open-house-london-images/master/images/2026/13468/building_13468_086096e3-130b-4759-93ae-69ceb74a5c9f_7b7c258ebf3333f8f8dfd4c84bc8d740.png",
                        "title": "Photo of TOMA House + Studio"
                    },
                    {
                        "archive_url": "https://raw.githubusercontent.com/infrastructureclub/open-house-london-images/master/images/2026/13468/building_13468_3e654fa3-6cbb-40df-9124-b641e94fae83_609d646598daa97998c0e17241459063.png",
                        "title": "Photo of TOMA House + Studio"
                    }
                ],
                "name": "TOMA House + Studio",
                "new_venue_this_year": "Yes",
                "start": "10:00:00",
                "ticketed_events": "No",
                "url": "https://programme.openhouse.org.uk/listings/13468"
            },
            "type": "Feature"
        },
        {
            "geometry": {
                "coordinates": [
                    -0.08643,
                    51.44632
                ],
                "type": "Point"
            },
            "properties": {
                "balloted": "No",
                "description": "Christ’s Chapel in Dulwich, consecrated in 1616, is an active place of worship and Grade II-listed chapel in the heart of Dulwich Village. It was conceived as the focus for the College of God's Gift, founded by the Elizabethan actor-manager and entrepreneur Edward Alleyn (1566-1626), a complex which also comprised of a school and almshouses and which still provides homes to older residents.",
                "end": "16:00:00",
                "fully_booked": "",
                "images": [
                    {
                        "archive_url": "https://raw.githubusercontent.com/infrastructureclub/open-house-london-images/master/images/2026/13505/building_13505_edwardalleynstatue-highres-7k8b2605_98bc996c161e07026f0af87824376ed4.jpg",
                        "title": "Photo of Christ's Chapel of God's Gift at Dulwich"
                    },
                    {
                        "archive_url": "https://raw.githubusercontent.com/infrastructureclub/open-house-london-images/master/images/2026/13505/building_13505_christs-chapel_5c71d0146924d9dde3cdf81279e95855.jpeg",
                        "title": "Photo of Christ's Chapel of God's Gift at Dulwich"
                    },
                    {
                        "archive_url": "https://raw.githubusercontent.com/infrastructureclub/open-house-london-images/master/images/2026/13505/building_13505_img_9790a_a0cb902d580b27eb1c4be916d397fd79.jpg",
                        "title": "Photo of Christ's Chapel of God's Gift at Dulwich"
                    },
                    {
                        "archive_url": "https://raw.githubusercontent.com/infrastructureclub/open-house-london-images/master/images/2026/13505/building_13505_img_9814a_1dde9f0c0fd19fb0571640b3b302651f.jpg",
                        "title": "Photo of Christ's Chapel of God's Gift at Dulwich"
                    }
                ],
                "name": "Christ's Chapel of God's Gift at Dulwich",
                "new_venue_this_year": "Yes",
                "start": "10:00:00",
                "ticketed_events": "No",
                "url": "https://programme.openhouse.org.uk/listings/13505"
            },
            "type": "Feature"
        },
        {
            "geometry": {
                "coordinates": [
                    -0.03279,
                    51.43557
                ],
                "type": "Point"
            },
            "properties": {
                "balloted": "No",
                "description": "Set on a quiet Victorian terraced street in Catford, Castlands Road is a personal work of architecture. A small site street infill designed and self-built by Will and Sogand Howard as a low-energy home for their young family, the project transforms a rear garden into a prototypical three-bedroom house, built with limited means and careful attention to how skills and resources are drawn upon.",
                "end": "14:30:00",
                "fully_booked": "",
                "images": [
                    {
                        "archive_url": "https://raw.githubusercontent.com/infrastructureclub/open-house-london-images/master/images/2026/13550/building_13550_castlands_reardoorsinterior_credit_willhoward_hires_1b55c2ad4f747d7102d7910dd358d5c0.jpg",
                        "title": "William Howard"
                    },
                    {
                        "archive_url": "https://raw.githubusercontent.com/infrastructureclub/open-house-london-images/master/images/2026/13550/building_13550_castlandsroad_frontgarden_credit_willhoward_hires_40ccf665514ea08e8512a3dd91a5acc9.jpg",
                        "title": "William Howard"
                    }
                ],
                "name": "Castlands Road",
                "new_venue_this_year": "Yes",
                "start": "09:30:00",
                "ticketed_events": "No",
                "url": "https://programme.openhouse.org.uk/listings/13550"
            },
            "type": "Feature"
        },
        {
            "geometry": {
                "coordinates": [
                    -0.30656,
                    51.4596
                ],
                "type": "Point"
            },
            "properties": {
                "balloted": "No",
                "description": "We are a fire safety consultancy working in the built environment. We provide fire safety advice to architects, designers, engineers, building owners, building managers etc.\r\nWe are based in Richmond and recently completed our own fit-out of the first floor.",
                "end": "17:30:00",
                "fully_booked": "",
                "images": [
                    {
                        "archive_url": "https://raw.githubusercontent.com/infrastructureclub/open-house-london-images/master/images/2026/13551/building_13551_slide5_177880b91fdb6daa335c7bd2ef1b6124.jpg",
                        "title": "Photo of Water Lane Building - Trigon Fire Safety"
                    },
                    {
                        "archive_url": "https://raw.githubusercontent.com/infrastructureclub/open-house-london-images/master/images/2026/13551/building_13551_img_5188_22373d3e007c6afe7bcde72e389ece89.jpeg",
                        "title": "Photo of Water Lane Building - Trigon Fire Safety"
                    },
                    {
                        "archive_url": "https://raw.githubusercontent.com/infrastructureclub/open-house-london-images/master/images/2026/13551/building_13551_img_5187_7908b4bab254c491d0fae8369dbc46cf.jpeg",
                        "title": "Photo of Water Lane Building - Trigon Fire Safety"
                    },
                    {
                        "archive_url": "https://raw.githubusercontent.com/infrastructureclub/open-house-london-images/master/images/2026/13551/building_13551_img_5185_4e646bb9ef7b80274ad059ac94e57939.jpeg",
                        "title": "Photo of Water Lane Building - Trigon Fire Safety"
                    },
                    {
                        "archive_url": "https://raw.githubusercontent.com/infrastructureclub/open-house-london-images/master/images/2026/13551/building_13551_img_5190_efa435d183f88680b26392443974094b.jpeg",
                        "title": "Photo of Water Lane Building - Trigon Fire Safety"
                    }
                ],
                "name": "Water Lane Building - Trigon Fire Safety",
                "new_venue_this_year": "Yes",
                "start": "11:00:00",
                "ticketed_events": "No",
                "url": "https://programme.openhouse.org.uk/listings/13551"
            },
            "type": "Feature"
        },
        {
            "geometry": {
                "coordinates": [
                    -0.02127,
                    51.58806
                ],
                "type": "Point"
            },
            "properties": {
                "balloted": "No",
                "description": "Paekakariki Press Ltd is a letterpress workshop containing equipment that can support the letterpress printing processes from casting type to binding a finished book printed on our Heidelberg Cylinder",
                "end": "18:00:00",
                "fully_booked": "",
                "images": [
                    {
                        "archive_url": "https://raw.githubusercontent.com/infrastructureclub/open-house-london-images/master/images/2026/13558/building_13558_img_20260629_113337_1_0a9ee5fc889a414222564fd27cd731e9.jpg",
                        "title": "Photo of Paekakariki Press"
                    },
                    {
                        "archive_url": "https://raw.githubusercontent.com/infrastructureclub/open-house-london-images/master/images/2026/13558/building_13558_img_20260629_120400_1_374e24d2592ece313ab1b3b5a3fa5ee0.jpg",
                        "title": "Photo of Paekakariki Press"
                    },
                    {
                        "archive_url": "https://raw.githubusercontent.com/infrastructureclub/open-house-london-images/master/images/2026/13558/building_13558_img_20260629_120532_1_d1994eca1357d135a56c3a2175fd7ad9.jpg",
                        "title": "Photo of Paekakariki Press"
                    }
                ],
                "name": "Paekakariki Press",
                "new_venue_this_year": "Yes",
                "start": "11:00:00",
                "ticketed_events": "No",
                "url": "https://programme.openhouse.org.uk/listings/13558"
            },
            "type": "Feature"
        },
        {
            "geometry": {
                "coordinates": [
                    -0.00859,
                    51.58183
                ],
                "type": "Point"
            },
            "properties": {
                "balloted": "No",
                "description": "Full refurbishment and extension of a Victorian terraced house in Walthamstow Village. The project reconfigures a previously compromised layout to create a brighter, more coherent home, improving its relationship to the street and garden. A careful material palette and environmental upgrades enhance both spatial quality and long-term performance.",
                "end": "15:00:00",
                "fully_booked": "",
                "images": [
                    {
                        "archive_url": "https://raw.githubusercontent.com/infrastructureclub/open-house-london-images/master/images/2026/13563/building_13563_psl-bs-lorenzo-zandri-2025-3_psl_web_30208d6d28911598d6ce91771dca75aa.jpg",
                        "title": "Photo of 25 Brunswick Street"
                    },
                    {
                        "archive_url": "https://raw.githubusercontent.com/infrastructureclub/open-house-london-images/master/images/2026/13563/building_13563_psl-bs-lorenzo-zandri-2025-9_psl_web_a883d7feb30346e4a57b768741abfca4.jpg",
                        "title": "Photo of 25 Brunswick Street"
                    },
                    {
                        "archive_url": "https://raw.githubusercontent.com/infrastructureclub/open-house-london-images/master/images/2026/13563/building_13563_psl-bs-lorenzo-zandri-2025-30_psl_web_ec1273e1210e41f80e606ccbc755e4e9.jpg",
                        "title": "Photo of 25 Brunswick Street"
                    },
                    {
                        "archive_url": "https://raw.githubusercontent.com/infrastructureclub/open-house-london-images/master/images/2026/13563/building_13563_psl-bs-lorenzo-zandri-2025-24_psl_web_d7028a10e6c4889010954d36f23220c0.jpg",
                        "title": "Photo of 25 Brunswick Street"
                    }
                ],
                "name": "25 Brunswick Street",
                "new_venue_this_year": "Yes",
                "start": "11:00:00",
                "ticketed_events": "No",
                "url": "https://programme.openhouse.org.uk/listings/13563"
            },
            "type": "Feature"
        },
        {
            "geometry": {
                "coordinates": [
                    0.01631,
                    51.47963
                ],
                "type": "Point"
            },
            "properties": {
                "balloted": "No",
                "description": "Mycenae House is a former convent run by the Little Sisters of Assumption but is now a community venue with a rich history and story. This tour, talk and exhibition will articulate the buildings life as a convent, as a place of worship and dedication and as a community venue",
                "end": "14:30:00",
                "fully_booked": "Yes",
                "images": [
                    {
                        "archive_url": "https://raw.githubusercontent.com/infrastructureclub/open-house-london-images/master/images/2026/13570/building_13570_house-summer-14_749fe9a0029a91fefce2fb0b5d43a836.jpg",
                        "title": "Photo of Mycenae House and Gardens"
                    },
                    {
                        "archive_url": "https://raw.githubusercontent.com/infrastructureclub/open-house-london-images/master/images/2026/13570/building_13570_mycenae-gardens_9c57fdad8e14e4f9a43fe0d8c64cfb1d.jpg",
                        "title": "Photo of Mycenae House and Gardens"
                    },
                    {
                        "archive_url": "https://raw.githubusercontent.com/infrastructureclub/open-house-london-images/master/images/2026/13570/building_13570_2014-02-13_blackheath_bach-to-baby_alejandro-tamagno-35_26dfd22c30299aa580b671daf4de134b.jpg",
                        "title": "Photo of Mycenae House and Gardens"
                    }
                ],
                "name": "Mycenae House and Gardens",
                "new_venue_this_year": "Yes",
                "start": "13:00:00",
                "ticketed_events": "Yes",
                "url": "https://programme.openhouse.org.uk/listings/13570"
            },
            "type": "Feature"
        },
        {
            "geometry": {
                "coordinates": [
                    0.09517,
                    51.39046
                ],
                "type": "Point"
            },
            "properties": {
                "balloted": "No",
                "description": "A small but perfectly-formed expression of late modernist ecclesiastical architecture deep within the south-eastern suburbs of London, only rarely open to the public for purposes other than religious services.",
                "end": "15:00:00",
                "fully_booked": "No",
                "images": [
                    {
                        "archive_url": "https://raw.githubusercontent.com/infrastructureclub/open-house-london-images/master/images/2026/13571/building_13571_petts2_3f7cb37a2a3fdaa2dca411601a264c24.jpg",
                        "title": "Photo of Christ Lutheran Church, Petts Wood"
                    },
                    {
                        "archive_url": "https://raw.githubusercontent.com/infrastructureclub/open-house-london-images/master/images/2026/13571/building_13571_petts1_ffb6b97a570c916f216358fa58700067.jpg",
                        "title": "Photo of Christ Lutheran Church, Petts Wood"
                    }
                ],
                "name": "Christ Lutheran Church, Petts Wood",
                "new_venue_this_year": "Yes",
                "start": "10:00:00",
                "ticketed_events": "Yes",
                "url": "https://programme.openhouse.org.uk/listings/13571"
            },
            "type": "Feature"
        },
        {
            "geometry": {
                "coordinates": [
                    -0.13933,
                    51.50858
                ],
                "type": "Point"
            },
            "properties": {
                "balloted": "No",
                "description": "A guided walk looking at the building materials that built a city.  The 90 minute tour around Piccadilly looks at the various rocks that have been used to face the buildings.  The tour uncovers the history and geology behind the key building materials of London.  The tour is lead by Dr Stephen King, a qualified Westminster tour guide and geologist.",
                "end": "16:30:00",
                "fully_booked": "Yes",
                "images": [
                    {
                        "archive_url": "https://raw.githubusercontent.com/infrastructureclub/open-house-london-images/master/images/2026/13575/building_13575_guide-with-rock_b2db6777d3780be2747f80619f556594.jpg",
                        "title": "Photo of Piccadilly Rocks!"
                    }
                ],
                "name": "Piccadilly Rocks!",
                "new_venue_this_year": "Yes",
                "start": "15:00:00",
                "ticketed_events": "Yes",
                "url": "https://programme.openhouse.org.uk/listings/13575"
            },
            "type": "Feature"
        },
        {
            "geometry": {
                "coordinates": [
                    -0.08011,
                    51.52596
                ],
                "type": "Point"
            },
            "properties": {
                "balloted": "No",
                "description": "Established 1984, Strongroom has produced some of the biggest records in British music and remains the largest independent recording studio in East London. \r\n\r\nFeaturing unique visual design by legendary artist Jamie Reid (Sex Pistols), these spaces are unlike any other. Reid's work draws from druidic culture and sacred geometry to convey vital messages of hope, environmentalism and anti-fascism.",
                "end": "17:00:00",
                "fully_booked": "Yes",
                "images": [
                    {
                        "archive_url": "https://raw.githubusercontent.com/infrastructureclub/open-house-london-images/master/images/2026/13582/building_13582_3-studio-3-desk-staight-onjpg_7bb4a9fa20d97814af44e17f9594fe1b.jpg",
                        "title": "Photo of Strongroom"
                    },
                    {
                        "archive_url": "https://raw.githubusercontent.com/infrastructureclub/open-house-london-images/master/images/2026/13582/building_13582_mural_943e45937572e4853d91e01e9b91e8c5.jpg",
                        "title": "Photo of Strongroom"
                    },
                    {
                        "archive_url": "https://raw.githubusercontent.com/infrastructureclub/open-house-london-images/master/images/2026/13582/building_13582_studio-1-live-room-facing-window_a68aab4411a89fc2e41cc59d3a4b0f00.jpg",
                        "title": "Photo of Strongroom"
                    }
                ],
                "name": "Strongroom",
                "new_venue_this_year": "Yes",
                "start": "13:00:00",
                "ticketed_events": "Yes",
                "url": "https://programme.openhouse.org.uk/listings/13582"
            },
            "type": "Feature"
        },
        {
            "geometry": {
                "coordinates": [
                    -0.39635,
                    51.43436
                ],
                "type": "Point"
            },
            "properties": {
                "balloted": "No",
                "description": "Our school resides in a Grade II listed building on the edge of Hanworth Air Park. Fortescue House was the rectory for St. George's church on the edge of Hanworth Air Park. Later, it became a school, and now it is the home to the St. Michael Steiner School. We are blessed by beautiful grounds & woodland where the children can play & relax.  We enjoy the unique history and biodiversity of the area.",
                "end": "14:00:00",
                "fully_booked": "",
                "images": [
                    {
                        "archive_url": "https://raw.githubusercontent.com/infrastructureclub/open-house-london-images/master/images/2026/13619/building_13619_photo_fortescuehouse_b0c8769291a0172cdb627656cf3358b3.jpg",
                        "title": "The St Michael Steiner School"
                    },
                    {
                        "archive_url": "https://raw.githubusercontent.com/infrastructureclub/open-house-london-images/master/images/2026/13619/building_13619_main-school-outdoor-circle_5fab7c68baa73ea5363ee6228f9464a4.jpeg",
                        "title": "The St Michael Steiner School"
                    },
                    {
                        "archive_url": "https://raw.githubusercontent.com/infrastructureclub/open-house-london-images/master/images/2026/13619/building_13619_photo_children-running_alternativeed_88211df58dc1a6ac873c531daf16d475.jpg",
                        "title": "The St Michael Steiner School"
                    }
                ],
                "name": "The St Michael Steiner School",
                "new_venue_this_year": "Yes",
                "start": "11:00:00",
                "ticketed_events": "No",
                "url": "https://programme.openhouse.org.uk/listings/13619"
            },
            "type": "Feature"
        },
        {
            "geometry": {
                "coordinates": [
                    -0.10591,
                    51.50192
                ],
                "type": "Point"
            },
            "properties": {
                "balloted": "No",
                "description": "Tour of home & garden designed in 2018 by Nagan Johnson Architects",
                "end": "18:00:00",
                "fully_booked": "No",
                "images": [
                    {
                        "archive_url": "https://raw.githubusercontent.com/infrastructureclub/open-house-london-images/master/images/2026/13620/building_13620_pontypool-place-99-web_25f2998ff4120cca05a6754fcfc1f447.jpg",
                        "title": "Photo of 1 Pontypool Place"
                    },
                    {
                        "archive_url": "https://raw.githubusercontent.com/infrastructureclub/open-house-london-images/master/images/2026/13620/building_13620_studionj_alley-9-march_16bda831c9281fdf562e0bd9480ea463.jpg",
                        "title": "Photo of 1 Pontypool Place"
                    },
                    {
                        "archive_url": "https://raw.githubusercontent.com/infrastructureclub/open-house-london-images/master/images/2026/13620/building_13620_pontypool-place-246-web_20636a873ee75e40832f403e4d7a768a.jpg",
                        "title": "Photo of 1 Pontypool Place"
                    }
                ],
                "name": "1 Pontypool Place",
                "new_venue_this_year": "Yes",
                "start": "13:00:00",
                "ticketed_events": "Yes",
                "url": "https://programme.openhouse.org.uk/listings/13620"
            },
            "type": "Feature"
        },
        {
            "geometry": {
                "coordinates": [
                    -0.09099,
                    51.45121
                ],
                "type": "Point"
            },
            "properties": {
                "balloted": "No",
                "description": "Herne Hill Velodrome, opened in 1891, hosted track cycling events for the 1948 Olympics, is now home to a thriving grassroots cycling facility - hosting everything from Learn to Cycle to local and international racing events. \r\nHHV overcame the threat of closure in the early 2000s, and a new pavilion, designed by Mike Taylor of Hopkins Architects, opened in 2017.",
                "end": "20:00:00",
                "fully_booked": "No",
                "images": [
                    {
                        "archive_url": "https://raw.githubusercontent.com/infrastructureclub/open-house-london-images/master/images/2026/13624/building_13624_dscf0277-1_39904798a85302ed2d81c840d0459093.jpg",
                        "title": "Photo of Herne Hill Velodrome"
                    },
                    {
                        "archive_url": "https://raw.githubusercontent.com/infrastructureclub/open-house-london-images/master/images/2026/13624/building_13624_hernehillvelodrome_adamscott_28-1_1da44c655c9575f22bac9d947cf287b9.jpg",
                        "title": "Photo of Herne Hill Velodrome"
                    }
                ],
                "name": "Herne Hill Velodrome",
                "new_venue_this_year": "Yes",
                "start": "17:30:00",
                "ticketed_events": "Yes",
                "url": "https://programme.openhouse.org.uk/listings/13624"
            },
            "type": "Feature"
        },
        {
            "geometry": {
                "coordinates": [
                    -0.32522,
                    51.50504
                ],
                "type": "Point"
            },
            "properties": {
                "balloted": "No",
                "description": "The home of Eric and Jessica Huntley , community activists and educators who founded the pioneering company Bogle-L'Ouverture Publications in 1968, lived and ran their bookshop from this semi detached property soon after.  The house is a Black British cultural archivists dream; filled with books, arts and craft and correspondence from the 1960s to the present day.",
                "end": "17:00:00",
                "fully_booked": "",
                "images": [
                    {
                        "archive_url": "https://raw.githubusercontent.com/infrastructureclub/open-house-london-images/master/images/2026/13626/building_13626_img_1152_30fb8e0c778c2611e775d4d74269e710.jpeg",
                        "title": "Photo of 141 Coldershaw Road, W13"
                    },
                    {
                        "archive_url": "https://raw.githubusercontent.com/infrastructureclub/open-house-london-images/master/images/2026/13626/building_13626_img_1153_eb51ef9a6c07b81c23df5bface7c3be1.jpeg",
                        "title": "Photo of 141 Coldershaw Road, W13"
                    }
                ],
                "name": "141 Coldershaw Road, W13",
                "new_venue_this_year": "Yes",
                "start": "12:00:00",
                "ticketed_events": "No",
                "url": "https://programme.openhouse.org.uk/listings/13626"
            },
            "type": "Feature"
        },
        {
            "geometry": {
                "coordinates": [
                    -0.05167,
                    51.50746
                ],
                "type": "Point"
            },
            "properties": {
                "balloted": "No",
                "description": "A rare opportunity to see inside Wapping Hydraulic Power Station, built in 1890 and London's last hydraulic power station to be decommissioned. The site has been closed for the last ten years, but is now entering a new era under the custodianship of Glass Castle Foundation, which has begun restoration ahead of plans to breathe new life into the building as a  centre for experimental arts.",
                "end": "16:00:00",
                "fully_booked": "No",
                "images": [
                    {
                        "archive_url": "https://raw.githubusercontent.com/infrastructureclub/open-house-london-images/master/images/2026/13627/building_13627_resized_image_8298e71a6d87ae6c7c7dbb9bb075bfc4.jpg",
                        "title": "Photo of Wapping Hydraulic Power Station"
                    },
                    {
                        "archive_url": "https://raw.githubusercontent.com/infrastructureclub/open-house-london-images/master/images/2026/13627/building_13627_0039_wapping_230726_phillippagedge_d08daba7e9406a0df15a2244848d9572.jpg",
                        "title": "Photo of Wapping Hydraulic Power Station"
                    },
                    {
                        "archive_url": "https://raw.githubusercontent.com/infrastructureclub/open-house-london-images/master/images/2026/13627/building_13627_0038_wapping_230726_phillippagedge_5d00eb75d58f59197d52689478f2e9f3.jpg",
                        "title": "Photo of Wapping Hydraulic Power Station"
                    },
                    {
                        "archive_url": "https://raw.githubusercontent.com/infrastructureclub/open-house-london-images/master/images/2026/13627/building_13627_0009_wapping_230726_phillippagedge_b4202c926ea993d00309a70f5f038578.jpg",
                        "title": "Photo of Wapping Hydraulic Power Station"
                    }
                ],
                "name": "Wapping Hydraulic Power Station",
                "new_venue_this_year": "Yes",
                "start": "10:00:00",
                "ticketed_events": "Yes",
                "url": "https://programme.openhouse.org.uk/listings/13627"
            },
            "type": "Feature"
        },
        {
            "geometry": {
                "coordinates": [
                    -0.15496,
                    51.55286
                ],
                "type": "Point"
            },
            "properties": {
                "balloted": "No",
                "description": "ACAVA Undercraft Studios\r\nA vital creative hub in Gospel Oak, home to 34 fully accessible artist studios and 10 community organisations.",
                "end": "16:00:00",
                "fully_booked": "",
                "images": [
                    {
                        "archive_url": "https://raw.githubusercontent.com/infrastructureclub/open-house-london-images/master/images/2026/13633/building_13633_acava-camden-undercraft-studios_f3f1cd1ccf79648f032069d18e938838.jpg",
                        "title": "Photo of ACAVA Camden Undercraft Studios"
                    },
                    {
                        "archive_url": "https://raw.githubusercontent.com/infrastructureclub/open-house-london-images/master/images/2026/13633/building_13633_susanna-candlin-1_756a63c118768cf1257082ab290dac33.jpg",
                        "title": "Photo of ACAVA Camden Undercraft Studios"
                    }
                ],
                "name": "ACAVA Camden Undercraft Studios",
                "new_venue_this_year": "Yes",
                "start": "10:00:00",
                "ticketed_events": "No",
                "url": "https://programme.openhouse.org.uk/listings/13633"
            },
            "type": "Feature"
        },
        {
            "geometry": {
                "coordinates": [
                    -0.02266,
                    51.44527
                ],
                "type": "Point"
            },
            "properties": {
                "balloted": "No",
                "description": "The Catford House is a newly refurbished pub and community kitchen run by GCDA. The oldest surviving building in Catford was revitalised by Hayatsu Architects as part of Lewisham Council’s town centre regeneration. Led by architect Takeshi Hayatsu, the Open House tour explores the building’s repair, exposed structure and adaptation for community use.",
                "end": "12:00:00",
                "fully_booked": "Yes",
                "images": [
                    {
                        "archive_url": "https://raw.githubusercontent.com/infrastructureclub/open-house-london-images/master/images/2026/13639/building_13639_catfordhouse-jimstephenson-21-webres_ced0b31d7ecfeb458382d015601aa98d.jpg",
                        "title": "Takeshi Hayatsu"
                    },
                    {
                        "archive_url": "https://raw.githubusercontent.com/infrastructureclub/open-house-london-images/master/images/2026/13639/building_13639_catfordhouse-jimstephenson-3-webres_b2dd01cdde810e8114bf2c21b6b4e39d.jpg",
                        "title": "Takeshi Hayatsu"
                    },
                    {
                        "archive_url": "https://raw.githubusercontent.com/infrastructureclub/open-house-london-images/master/images/2026/13639/building_13639_catfordhouse-jimstephenson-24-webres_c7d2dc21bbcc965331e072afba6331ac.jpg",
                        "title": "Takeshi Hayatsu"
                    },
                    {
                        "archive_url": "https://raw.githubusercontent.com/infrastructureclub/open-house-london-images/master/images/2026/13639/building_13639_catfordhouse-jimstephenson-29-webres_074ac0b9246b0c0ae8e2326feca46a42.jpg",
                        "title": "Takeshi Hayatsu"
                    }
                ],
                "name": "The Catford House",
                "new_venue_this_year": "Yes",
                "start": "11:00:00",
                "ticketed_events": "Yes",
                "url": "https://programme.openhouse.org.uk/listings/13639"
            },
            "type": "Feature"
        },
        {
            "geometry": {
                "coordinates": [
                    -0.12874,
                    51.53159
                ],
                "type": "Point"
            },
            "properties": {
                "balloted": "No",
                "description": "Camden Tour Guides Association will celebrate the history and heritage of Somers Town with a day of dedicated tours exploring the rich social history and architecture of this community, now a regeneration area, sandwiched between the major transport hubs of Euston and St Pancras stations. Hear about its historical roots as a 19th Century slum and the housing reformers who transformed it.",
                "end": "17:00:00",
                "fully_booked": "Yes",
                "images": [
                    {
                        "archive_url": "https://raw.githubusercontent.com/infrastructureclub/open-house-london-images/master/images/2026/13647/building_13647_img_9431_a2e16af0bdf9b74d18f9dea24e2cd7a6.jpeg",
                        "title": "St Nicholas Flats Somers Town, (photograph by Lettie Mckie)"
                    },
                    {
                        "archive_url": "https://raw.githubusercontent.com/infrastructureclub/open-house-london-images/master/images/2026/13647/building_13647_img_9441_f3885d831e69725c31f21780bb5282c3.jpeg",
                        "title": "Somers Town Coffee House (photograph by Lettie Mckie)"
                    },
                    {
                        "archive_url": "https://raw.githubusercontent.com/infrastructureclub/open-house-london-images/master/images/2026/13647/building_13647_img_9443_c706980b184ad578203b2c314c314bdd.jpeg",
                        "title": "Ossulston Estate Somers Town (photograph by Lettie Mckie)"
                    },
                    {
                        "archive_url": "https://raw.githubusercontent.com/infrastructureclub/open-house-london-images/master/images/2026/13647/building_13647_img_9428_c3f42c395ed128c901e46a2ffe8a6d03.jpeg",
                        "title": "Plot 10 Somers Town, by Adam Khan Architects (photograph by Lettie Mckie)"
                    },
                    {
                        "archive_url": "https://raw.githubusercontent.com/infrastructureclub/open-house-london-images/master/images/2026/13647/building_13647_img_9435_d5e9b18fb2d8dc1d98dcff79bdf30a72.jpeg",
                        "title": "The Somers Town Mural, Somers Town (photograph by Lettie Mckie)"
                    }
                ],
                "name": "Revolution, Reform and Regeneration: Somers Town Tours",
                "new_venue_this_year": "Yes",
                "start": "10:00:00",
                "ticketed_events": "Yes",
                "url": "https://programme.openhouse.org.uk/listings/13647"
            },
            "type": "Feature"
        },
        {
            "geometry": {
                "coordinates": [
                    -0.05656,
                    51.49523
                ],
                "type": "Point"
            },
            "properties": {
                "balloted": "No",
                "description": "We attend primary school at an impressionable age and this is often our first experience of wider society.  The word 'school' is used to mean the social institution and the physical building but neither is fixed - both are subject to change.  This walking tour will explore the evolution of school building design, teaching practice and attitudes to education in Southwark between 1873 and 2022.",
                "end": "12:30:00",
                "fully_booked": "Yes",
                "images": [
                    {
                        "archive_url": "https://raw.githubusercontent.com/infrastructureclub/open-house-london-images/master/images/2026/13649/building_13649_southwark-park-primary-school-photo_d01d6af82268ff373d04fd865eb6f6cb.jpeg",
                        "title": "Photo of What makes a good school?"
                    },
                    {
                        "archive_url": "https://raw.githubusercontent.com/infrastructureclub/open-house-london-images/master/images/2026/13649/building_13649_rotherhithe-primary-school_8da09469fcca8f0b268f9dd66e3742a2.jpg",
                        "title": "Photo of What makes a good school?"
                    }
                ],
                "name": "What makes a good school?",
                "new_venue_this_year": "Yes",
                "start": "10:00:00",
                "ticketed_events": "Yes",
                "url": "https://programme.openhouse.org.uk/listings/13649"
            },
            "type": "Feature"
        },
        {
            "geometry": {
                "coordinates": [
                    -0.06106,
                    51.55002
                ],
                "type": "Point"
            },
            "properties": {
                "balloted": "No",
                "description": "Bodney Road Studio's is home to a range of practitioners working in the built environment including architectural photographer Lorenzo Zandri, graphic designers Polytechnic and place futurists The Place Bureau. Join us on 19–20 September when we will open the studios in conjunction with a programme of exhibitions and events by Lorenzo Zandri, Polytechnic, Sammi Gale and The Place Bureau.",
                "end": "17:00:00",
                "fully_booked": "No",
                "images": [
                    {
                        "archive_url": "https://raw.githubusercontent.com/infrastructureclub/open-house-london-images/master/images/2026/13651/building_13651_bodneyroadstudios_1_7a31b45535a6b1f931413b5507936b4b.png",
                        "title": "Photo of Bodney Road Studios"
                    },
                    {
                        "archive_url": "https://raw.githubusercontent.com/infrastructureclub/open-house-london-images/master/images/2026/13651/building_13651_bodneyroadstudios_2_ff4be53f73a11696fbad68529c252e2e.png",
                        "title": "Photo of Bodney Road Studios"
                    }
                ],
                "name": "Bodney Road Studios",
                "new_venue_this_year": "Yes",
                "start": "12:00:00",
                "ticketed_events": "Yes",
                "url": "https://programme.openhouse.org.uk/listings/13651"
            },
            "type": "Feature"
        },
        {
            "geometry": {
                "coordinates": [
                    -0.06096,
                    51.55002
                ],
                "type": "Point"
            },
            "properties": {
                "balloted": "No",
                "description": "During the festival, Lorenzo Zandri’s studio transforms into an immersive environment that bridges the gap between architectural theory and photographic practice. Eschewing traditional construction to focus on the 'process of the image’, Zandri will present an analytical overview of his practice and research – where photography serves as a tool for urban narrative rather than mere documentation.",
                "end": "17:00:00",
                "fully_booked": "No",
                "images": [
                    {
                        "archive_url": "https://raw.githubusercontent.com/infrastructureclub/open-house-london-images/master/images/2026/13652/building_13652_lorenzo-zandri-2021-8__compressed_dc7a4a0108fa5195753e86383cbad1a1.jpg",
                        "title": "Photo of Tools for Urban Narratives"
                    },
                    {
                        "archive_url": "https://raw.githubusercontent.com/infrastructureclub/open-house-london-images/master/images/2026/13652/building_13652_nice-lorenzo-zandri-2021-2-2_ed1378bacd1f974627ae7f776250f9c4.jpg",
                        "title": "Photo of Tools for Urban Narratives"
                    }
                ],
                "name": "Tools for Urban Narratives",
                "new_venue_this_year": "Yes",
                "start": "12:00:00",
                "ticketed_events": "Yes",
                "url": "https://programme.openhouse.org.uk/listings/13652"
            },
            "type": "Feature"
        },
        {
            "geometry": {
                "coordinates": [
                    -0.22823,
                    51.50367
                ],
                "type": "Point"
            },
            "properties": {
                "balloted": "No",
                "description": "40 Lime Grove has provided creative education to young people for over a century. Opening in 1908 as the Hammersmith College of Art and Building, it is now UAL School of Pre-Degree Studies. A handsome building, influenced by the Arts and Crafts style with gables, mullioned windows, and steep pitched roofs, it is  listed Grade II by Historic England. There is also a listed Mulberry tree.",
                "end": "16:00:00",
                "fully_booked": "Yes",
                "images": [
                    {
                        "archive_url": "https://raw.githubusercontent.com/infrastructureclub/open-house-london-images/master/images/2026/13656/building_13656_lime-grove-building-open-house-festival-2026_7b6622d3b3254aa9de3311b827455486.jpg",
                        "title": "UAL School of pre-degree studies at 40 Lime Grove"
                    },
                    {
                        "archive_url": "https://raw.githubusercontent.com/infrastructureclub/open-house-london-images/master/images/2026/13656/building_13656_courtyard-lime-grove-open-studios-2026-ual-school-of-pre-degree-studies-photography-tomasz-fraczek-1_20f36cf32a96bbe6deaa30b5c4d385e4.jpg",
                        "title": "UAL School of pre-degree studies at 40 Lime Grove"
                    },
                    {
                        "archive_url": "https://raw.githubusercontent.com/infrastructureclub/open-house-london-images/master/images/2026/13656/building_13656_student-lounge-lime-grove-building_-resize_2541ea4ea0160ca94314bd54f87fb18f.jpg",
                        "title": "UAL School of pre-degree studies at 40 Lime Grove"
                    },
                    {
                        "archive_url": "https://raw.githubusercontent.com/infrastructureclub/open-house-london-images/master/images/2026/13656/building_13656_cafe-mena-setola-resize_3ed7ba928faa4445defec84f93a0619f.jpg",
                        "title": "UAL School of pre-degree studies at 40 Lime Grove"
                    },
                    {
                        "archive_url": "https://raw.githubusercontent.com/infrastructureclub/open-house-london-images/master/images/2026/13656/building_13656_5d2_5334_f47f33746ccd43262c2809e2912c4d17.jpg",
                        "title": "UAL School of pre-degree studies at 40 Lime Grove"
                    }
                ],
                "name": "UAL School of pre-degree studies at 40 Lime Grove",
                "new_venue_this_year": "Yes",
                "start": "10:00:00",
                "ticketed_events": "Yes",
                "url": "https://programme.openhouse.org.uk/listings/13656"
            },
            "type": "Feature"
        },
        {
            "geometry": {
                "coordinates": [
                    -0.12671,
                    51.57485
                ],
                "type": "Point"
            },
            "properties": {
                "balloted": "No",
                "description": "This walking tour tells the story of how migrants and local heroes played a vital part in creating the fabric of Hornsey and Crouch End. It will explore local communities, people, places, sounds, smells, tastes, textures, and of course buildings and spaces; while telling the story of how the area went from a small cluster of buildings to the multi-cultural neighbourhood it is today.",
                "end": "13:30:00",
                "fully_booked": "Yes",
                "images": [
                    {
                        "archive_url": "https://raw.githubusercontent.com/infrastructureclub/open-house-london-images/master/images/2026/13659/building_13659_img_9943_fd4fdbef09dc6491577a8d395df7dc8a.jpeg",
                        "title": "Leo Hammond"
                    },
                    {
                        "archive_url": "https://raw.githubusercontent.com/infrastructureclub/open-house-london-images/master/images/2026/13659/building_13659_img_0943-1_fed62f38c4a1dc5541ce8256c15463b3.jpeg",
                        "title": "Leo Hammond"
                    }
                ],
                "name": "Migration tales: Local heroes in Hornsey and Crouch End",
                "new_venue_this_year": "Yes",
                "start": "11:00:00",
                "ticketed_events": "Yes",
                "url": "https://programme.openhouse.org.uk/listings/13659"
            },
            "type": "Feature"
        },
        {
            "geometry": {
                "coordinates": [
                    -0.09498,
                    51.53226
                ],
                "type": "Point"
            },
            "properties": {
                "balloted": "No",
                "description": "The office is an extraordinary gallery of sublime hand drawings and exquisite models of uniquely joyous architectural projects developed over 35 years that have been exhibited regularly at the Royal Academy Summer Show and in exhibitions around the world. Drop in and the founding directors will be on hand to explain and discuss the wonderful exhibits.",
                "end": "17:00:00",
                "fully_booked": "",
                "images": [
                    {
                        "archive_url": "https://raw.githubusercontent.com/infrastructureclub/open-house-london-images/master/images/2026/13660/building_13660_bpr-office_f445100969e59e33ed4083c230be707a.jpg",
                        "title": "Photo of Birds Portchmouth Russum Architects  - Open Office"
                    },
                    {
                        "archive_url": "https://raw.githubusercontent.com/infrastructureclub/open-house-london-images/master/images/2026/13660/building_13660_bpr-office-open-house_33bb94948fa8eb2ef1da8ecb48f59c66.jpg",
                        "title": "Photo of Birds Portchmouth Russum Architects  - Open Office"
                    }
                ],
                "name": "Birds Portchmouth Russum Architects  - Open Office",
                "new_venue_this_year": "Yes",
                "start": "10:00:00",
                "ticketed_events": "No",
                "url": "https://programme.openhouse.org.uk/listings/13660"
            },
            "type": "Feature"
        },
        {
            "geometry": {
                "coordinates": [
                    -0.15351,
                    51.58844
                ],
                "type": "Point"
            },
            "properties": {
                "balloted": "No",
                "description": "Fantastic views across an archery field to Highgate Woods are the focus of two new contemporary extensions to a small family house in Muswell Hill.\r\nFeatures include: Green roof, Zinc cladding, Stainless steel kitchen, Beautiful tiling, Big windows, Pebbledash crown, and a sculptural concrete bench.",
                "end": "17:00:00",
                "fully_booked": "",
                "images": [
                    {
                        "archive_url": "https://raw.githubusercontent.com/infrastructureclub/open-house-london-images/master/images/2026/13661/building_13661_photo-19-06-2026-15-04-35_c6bf76653cb5f0feaed696acb08355b0.jpg",
                        "title": "Knott Architects"
                    },
                    {
                        "archive_url": "https://raw.githubusercontent.com/infrastructureclub/open-house-london-images/master/images/2026/13661/building_13661_photo-19-06-2026-15-03-46_cc3729fbef79a0a948222412127f8ab4.jpg",
                        "title": "Knott Architects"
                    },
                    {
                        "archive_url": "https://raw.githubusercontent.com/infrastructureclub/open-house-london-images/master/images/2026/13661/building_13661_photo-19-06-2026-15-02-45_2871c8a2f9c9f3484d6c3d8ae1e39a31.jpg",
                        "title": "Knott Architects"
                    },
                    {
                        "archive_url": "https://raw.githubusercontent.com/infrastructureclub/open-house-london-images/master/images/2026/13661/building_13661_photo-19-06-2026-15-03-09_dcfff8bf6bdb8413ece6c917683ca2ff.jpg",
                        "title": "Knott Architects"
                    }
                ],
                "name": "18 Lauradale Road",
                "new_venue_this_year": "Yes",
                "start": "13:00:00",
                "ticketed_events": "No",
                "url": "https://programme.openhouse.org.uk/listings/13661"
            },
            "type": "Feature"
        },
        {
            "geometry": {
                "coordinates": [
                    -0.10593,
                    51.63546
                ],
                "type": "Point"
            },
            "properties": {
                "balloted": "No",
                "description": "Church of England parish church built in 1826-27 by John Davies. It is one of the early Commissioners' churches built after the Battle of Waterloo. It forms part of the Winchmore Hill Conservation Area. The chancel was added in 1888-89, and further extended for the church's centenary in 1928. The church is open daily, and there will be guided tours and a special exhibition 19-20 September.",
                "end": "17:00:00",
                "fully_booked": "No",
                "images": [
                    {
                        "archive_url": "https://raw.githubusercontent.com/infrastructureclub/open-house-london-images/master/images/2026/13662/building_13662_exterior-drone-view_d9f9dc67428df9f6c6715d6d3fc49385.png",
                        "title": "St Paul's, Winchmore Hill"
                    },
                    {
                        "archive_url": "https://raw.githubusercontent.com/infrastructureclub/open-house-london-images/master/images/2026/13662/building_13662_interior-looking-east_de703023992843eb04de4ecfa31312d9.jpeg",
                        "title": "St Paul's, Winchmore Hill"
                    },
                    {
                        "archive_url": "https://raw.githubusercontent.com/infrastructureclub/open-house-london-images/master/images/2026/13662/building_13662_exterior-south_2e3570f0d7e5a0ca48b03ddbbdf166e9.jpeg",
                        "title": "St Paul's, Winchmore Hill"
                    },
                    {
                        "archive_url": "https://raw.githubusercontent.com/infrastructureclub/open-house-london-images/master/images/2026/13662/building_13662_sanctuary_c0613ae8850af9430ec70559e620256c.jpeg",
                        "title": "St Paul's, Winchmore Hill"
                    }
                ],
                "name": "St Paul's Church, Winchmore Hill",
                "new_venue_this_year": "Yes",
                "start": "09:00:00",
                "ticketed_events": "Yes",
                "url": "https://programme.openhouse.org.uk/listings/13662"
            },
            "type": "Feature"
        },
        {
            "geometry": {
                "coordinates": [
                    -0.05639,
                    51.54066
                ],
                "type": "Point"
            },
            "properties": {
                "balloted": "No",
                "description": "Unit 13 is a space of many parts -  office, workshop, venue, exhibition space, and screening room. It is concieved as a social space in which to collaborate. A place of exchange - both ideas, skills, knowledge, and energy. During the working week we have three architecture practices working from the space - AH A, LSD, and TJA - alongside a revolving exhibition. During the weekend, we have talks.",
                "end": "17:00:00",
                "fully_booked": "No",
                "images": [
                    {
                        "archive_url": "https://raw.githubusercontent.com/infrastructureclub/open-house-london-images/master/images/2026/13663/building_13663_poster-2_c3908481eb861a8b9956fc4d532cbd4c.png",
                        "title": "Photo of Unit 13"
                    },
                    {
                        "archive_url": "https://raw.githubusercontent.com/infrastructureclub/open-house-london-images/master/images/2026/13663/building_13663_unit-13-01-small_1a3e7a63c2b9b8c581a96c8e642f5cb0.jpg",
                        "title": "Photo of Unit 13"
                    },
                    {
                        "archive_url": "https://raw.githubusercontent.com/infrastructureclub/open-house-london-images/master/images/2026/13663/building_13663_unit-13-02-small_7384d29a704074ffbe03eb6e148934b6.jpg",
                        "title": "Photo of Unit 13"
                    }
                ],
                "name": "Unit 13",
                "new_venue_this_year": "Yes",
                "start": "11:00:00",
                "ticketed_events": "Yes",
                "url": "https://programme.openhouse.org.uk/listings/13663"
            },
            "type": "Feature"
        },
        {
            "geometry": {
                "coordinates": [
                    -0.13835,
                    51.46178
                ],
                "type": "Point"
            },
            "properties": {
                "balloted": "No",
                "description": "This year, we are celebrating the centenary of the Morden Extension, designed by Charles Holden. The seven stations of this extension on the Northern line represent both an engineering and an architectural  achievement for London Underground.  This tour will take participants through the stations, describing their architectural details and what it takes to operate them today.",
                "end": "16:30:00",
                "fully_booked": "Yes",
                "images": [
                    {
                        "archive_url": "https://raw.githubusercontent.com/infrastructureclub/open-house-london-images/master/images/2026/13667/building_13667_52141_dda08c577ef5ee8219ccd0350506147f.jpg",
                        "title": "Photo of Morden Extension Centenary: Tours"
                    },
                    {
                        "archive_url": "https://raw.githubusercontent.com/infrastructureclub/open-house-london-images/master/images/2026/13667/building_13667_52128_887eea4fafa3d9cda99396f273e68eaa.jpg",
                        "title": "Photo of Morden Extension Centenary: Tours"
                    }
                ],
                "name": "Morden Extension Centenary: Tours",
                "new_venue_this_year": "Yes",
                "start": "10:00:00",
                "ticketed_events": "Yes",
                "url": "https://programme.openhouse.org.uk/listings/13667"
            },
            "type": "Feature"
        },
        {
            "geometry": {
                "coordinates": [
                    -0.13954,
                    51.52331
                ],
                "type": "Point"
            },
            "properties": {
                "balloted": "No",
                "description": "As part of Vanbrugh300, step inside the Georgian Group's historic headquarters at 6 Fitzroy Square for a day of talks, exhibitions and rare access celebrating the life and legacy of Sir John Vanbrugh.",
                "end": "15:00:00",
                "fully_booked": "",
                "images": [
                    {
                        "archive_url": "https://raw.githubusercontent.com/infrastructureclub/open-house-london-images/master/images/2026/13668/building_13668_2_9896c58fba1cecbae1a56f2c864df91e.png",
                        "title": "Photo of 6 Fitzroy Square, The Georgian Group"
                    },
                    {
                        "archive_url": "https://raw.githubusercontent.com/infrastructureclub/open-house-london-images/master/images/2026/13668/building_13668_untitled-design-11_8a5dabe9b10663f3ed873c55a55c6cda.jpg",
                        "title": "Photo of 6 Fitzroy Square, The Georgian Group"
                    },
                    {
                        "archive_url": "https://raw.githubusercontent.com/infrastructureclub/open-house-london-images/master/images/2026/13668/building_13668_6_f58bf9313c3f6403151df58d0941c312.png",
                        "title": "Photo of 6 Fitzroy Square, The Georgian Group"
                    },
                    {
                        "archive_url": "https://raw.githubusercontent.com/infrastructureclub/open-house-london-images/master/images/2026/13668/building_13668_gg-august_07cece1e5f6278c16b249ae7197c2602.png",
                        "title": "Photo of 6 Fitzroy Square, The Georgian Group"
                    },
                    {
                        "archive_url": "https://raw.githubusercontent.com/infrastructureclub/open-house-london-images/master/images/2026/13668/building_13668_lecture-series-website_6bbc5d57bf69272c0d8c845d96872903.png",
                        "title": "Photo of 6 Fitzroy Square, The Georgian Group"
                    },
                    {
                        "archive_url": "https://raw.githubusercontent.com/infrastructureclub/open-house-london-images/master/images/2026/13668/building_13668_gg-august_72868656b7ee1fa69efbb5cc7f3bbade.png",
                        "title": "Photo of 6 Fitzroy Square, The Georgian Group"
                    }
                ],
                "name": "6 Fitzroy Square, The Georgian Group",
                "new_venue_this_year": "Yes",
                "start": "10:00:00",
                "ticketed_events": "No",
                "url": "https://programme.openhouse.org.uk/listings/13668"
            },
            "type": "Feature"
        },
        {
            "geometry": {
                "coordinates": [
                    -0.08045,
                    51.61685
                ],
                "type": "Point"
            },
            "properties": {
                "balloted": "No",
                "description": "St Aldhelm's is a Grade-2 listed church designed by the Arts and Crafts-influenced architect W. D. Caröe. Worth visiting for its architecture, it also holds a set of art and stained glass by Walter P. Starmer, famous for his murals at St. Jude-on-the-Hill, Hampstead Garden Suburb. Visitors will be able to see the beautiful cantilevered stone spiral staircase, not usually accessible to the public.",
                "end": "17:00:00",
                "fully_booked": "No",
                "images": [
                    {
                        "archive_url": "https://raw.githubusercontent.com/infrastructureclub/open-house-london-images/master/images/2026/13677/building_13677_p2130001-resize_1d4437f666e8e9003128c1c0fd39c63f.jpg",
                        "title": "St Aldhelm's, Edmonton"
                    },
                    {
                        "archive_url": "https://raw.githubusercontent.com/infrastructureclub/open-house-london-images/master/images/2026/13677/building_13677_20200915_115221_a38ef962dbbd32fa6b3325961bc9baf1.jpg",
                        "title": "St Aldhelm's, Edmonton"
                    },
                    {
                        "archive_url": "https://raw.githubusercontent.com/infrastructureclub/open-house-london-images/master/images/2026/13677/building_13677_20210512_123021-resize_65c3ece4e09ddce0477b9b7ccedc9884.jpg",
                        "title": "St Aldhelm's, Edmonton"
                    },
                    {
                        "archive_url": "https://raw.githubusercontent.com/infrastructureclub/open-house-london-images/master/images/2026/13677/building_13677_20220907_101757_18a47281bf0ec8c26ecb38efd2190459.jpg",
                        "title": "St Aldhelm's, Edmonton"
                    },
                    {
                        "archive_url": "https://raw.githubusercontent.com/infrastructureclub/open-house-london-images/master/images/2026/13677/building_13677_p2120072-v2_621c30af9ea30a8fc0f0e7b80ed64fba.jpg",
                        "title": "St Aldhelm's, Edmonton"
                    },
                    {
                        "archive_url": "https://raw.githubusercontent.com/infrastructureclub/open-house-london-images/master/images/2026/13677/building_13677_20201011_174506-resize_fd00300eca1763ebc21e25a5f6857dd1.jpg",
                        "title": "St Aldhelm's, Edmonton"
                    }
                ],
                "name": "St Aldhelm's Church, Edmonton - an overlooked gem",
                "new_venue_this_year": "Yes",
                "start": "10:00:00",
                "ticketed_events": "Yes",
                "url": "https://programme.openhouse.org.uk/listings/13677"
            },
            "type": "Feature"
        },
        {
            "geometry": {
                "coordinates": [
                    -0.30416,
                    51.40435
                ],
                "type": "Point"
            },
            "properties": {
                "balloted": "No",
                "description": "London Square presents a rare opportunity to live within the sensitively restored former Surrey County Hall, complemented by a striking collection of contemporary new-build homes and commercial areas for hire.\r\n\r\nSet in the heart of Kingston, residents enjoy a riverside town rich in culture, green spaces, shopping and dining - all with excellent connection to London and beyond.",
                "end": "17:00:00",
                "fully_booked": "No",
                "images": [
                    {
                        "archive_url": "https://raw.githubusercontent.com/infrastructureclub/open-house-london-images/master/images/2026/13682/building_13682_vb5541606_county_hall_kingston_ext_refurb_hero_alternative_5k_3200x2135-1_3818eff8284234e494dae4476c2dd6bf.jpg",
                        "title": "County Hall Kingston"
                    },
                    {
                        "archive_url": "https://raw.githubusercontent.com/infrastructureclub/open-house-london-images/master/images/2026/13682/building_13682_vb5570146_county_hall_kingston_ext_courtyard02_final_2k_3200x1800_1b290e5cac85b6a5c8e7e1b1872ffe32.jpg",
                        "title": "County Hall Kingston"
                    },
                    {
                        "archive_url": "https://raw.githubusercontent.com/infrastructureclub/open-house-london-images/master/images/2026/13682/building_13682_vb5692969_chk_may_26_046_3200x2134_58d025c4020c7e1af27d8fbdb16ab81a.jpg",
                        "title": "County Hall Kingston"
                    },
                    {
                        "archive_url": "https://raw.githubusercontent.com/infrastructureclub/open-house-london-images/master/images/2026/13682/building_13682_vb5574102_county_hall_kingston_int_concierge_final_2k_3200x1800_5a7912286f950b414e045b4142a10b1d.jpg",
                        "title": "County Hall Kingston"
                    },
                    {
                        "archive_url": "https://raw.githubusercontent.com/infrastructureclub/open-house-london-images/master/images/2026/13682/building_13682_county_hall_kingston_int_court_room_final_2k_e0c0e3b7e10d402f0c2c73390358ee7d.jpg",
                        "title": "County Hall Kingston"
                    },
                    {
                        "archive_url": "https://raw.githubusercontent.com/infrastructureclub/open-house-london-images/master/images/2026/13682/building_13682_county_hall_kingston_int_grandhall_workspace_final_2k_cd956c9743f7ac3081e68ece286d9835.jpg",
                        "title": "County Hall Kingston"
                    },
                    {
                        "archive_url": "https://raw.githubusercontent.com/infrastructureclub/open-house-london-images/master/images/2026/13682/building_13682_county_hall_kingston_int_county_chamber_final_2k_afe65d00b677b6400bb545d047bb90ed.jpg",
                        "title": "County Hall Kingston"
                    }
                ],
                "name": "County Hall Kingston",
                "new_venue_this_year": "Yes",
                "start": "10:00:00",
                "ticketed_events": "Yes",
                "url": "https://programme.openhouse.org.uk/listings/13682"
            },
            "type": "Feature"
        },
        {
            "geometry": {
                "coordinates": [
                    -0.21026,
                    51.51657
                ],
                "type": "Point"
            },
            "properties": {
                "balloted": "No",
                "description": "Mike McMahon Studio has redesigned a 1980s postmodern office building in Notting Hill, adding new CLT storeys topped with a fluted brick crown. The project retains the original brick structure while using lightweight timber construction to reduce embodied carbon and minimise intervention. New interiors and gardens complete the scheme.",
                "end": "18:00:00",
                "fully_booked": "",
                "images": [
                    {
                        "archive_url": "https://raw.githubusercontent.com/infrastructureclub/open-house-london-images/master/images/2026/13687/building_13687_royalty-studios-visual-with-canopy-blade_4b326425edaa25b0c8ed6a227bff607f.jpg",
                        "title": "Mike McMahon Studio"
                    },
                    {
                        "archive_url": "https://raw.githubusercontent.com/infrastructureclub/open-house-london-images/master/images/2026/13687/building_13687_img_3001_35d591134598e08c7d9c48644bd2d42a.jpg",
                        "title": "Mike McMahon Studio"
                    },
                    {
                        "archive_url": "https://raw.githubusercontent.com/infrastructureclub/open-house-london-images/master/images/2026/13687/building_13687_2_e7e4900a16f564eb83867afd04cd104b.png",
                        "title": "Mike McMahon Studio"
                    },
                    {
                        "archive_url": "https://raw.githubusercontent.com/infrastructureclub/open-house-london-images/master/images/2026/13687/building_13687_stairs-view_f41a47de3a074b5a31927bdfc56149ef.jpg",
                        "title": "Mike McMahon Studio"
                    },
                    {
                        "archive_url": "https://raw.githubusercontent.com/infrastructureclub/open-house-london-images/master/images/2026/13687/building_13687_section-view_1b7ecf5971ea561e79e5e85b67a8b64c.jpg",
                        "title": "Mike McMahon Studio"
                    },
                    {
                        "archive_url": "https://raw.githubusercontent.com/infrastructureclub/open-house-london-images/master/images/2026/13687/building_13687_2-final_37be6cd01971a70e60acb97978f95653.jpg",
                        "title": "Mike McMahon Studio"
                    },
                    {
                        "archive_url": "https://raw.githubusercontent.com/infrastructureclub/open-house-london-images/master/images/2026/13687/building_13687_lancaster-road-corner-view_38b83a17b676b68cb8ab78565b345776.jpg",
                        "title": "Mike McMahon Studio"
                    }
                ],
                "name": "Royalty Studios - Building Tours by Architect",
                "new_venue_this_year": "Yes",
                "start": "12:00:00",
                "ticketed_events": "No",
                "url": "https://programme.openhouse.org.uk/listings/13687"
            },
            "type": "Feature"
        },
        {
            "geometry": {
                "coordinates": [
                    -0.22307,
                    51.49349
                ],
                "type": "Point"
            },
            "properties": {
                "balloted": "No",
                "description": "This historic Grade II* site is shielded from view by a long wall but once inside your eyes and mind will be opened to its extraordinary heritage features such as the cloister garden and 130m of wall paintings, and the hidden history of those who shaped this place from 1669.  Royalty, subterfuge, escape, resistance and an audacious plan.  National Lottery Heritage grant has just been awarded.",
                "end": "16:00:00",
                "fully_booked": "No",
                "images": [
                    {
                        "archive_url": "https://raw.githubusercontent.com/infrastructureclub/open-house-london-images/master/images/2026/13694/building_13694_dji_0488-cloister-garden-properties-amended_9237028b626a8ec5d2a8797dd9cea866.png",
                        "title": "Photo of Sacred Heart High School, 212 Hammersmith Road, W6 7DG"
                    },
                    {
                        "archive_url": "https://raw.githubusercontent.com/infrastructureclub/open-house-london-images/master/images/2026/13694/building_13694_dji_0473_6e889fa09e184b7a8321055e800a4d9f.jpg",
                        "title": "Photo of Sacred Heart High School, 212 Hammersmith Road, W6 7DG"
                    },
                    {
                        "archive_url": "https://raw.githubusercontent.com/infrastructureclub/open-house-london-images/master/images/2026/13694/building_13694_chapel-2_ce93979c9fdfff738ce9f5dfa2f67c5f.jpg",
                        "title": "Photo of Sacred Heart High School, 212 Hammersmith Road, W6 7DG"
                    },
                    {
                        "archive_url": "https://raw.githubusercontent.com/infrastructureclub/open-house-london-images/master/images/2026/13694/building_13694_cloister-paintings_9fd502e28c94b0b7c67de30394753878.jpg",
                        "title": "Photo of Sacred Heart High School, 212 Hammersmith Road, W6 7DG"
                    }
                ],
                "name": "Sacred Heart High School, 212 Hammersmith Road, W6 7DG",
                "new_venue_this_year": "Yes",
                "start": "10:00:00",
                "ticketed_events": "Yes",
                "url": "https://programme.openhouse.org.uk/listings/13694"
            },
            "type": "Feature"
        },
        {
            "geometry": {
                "coordinates": [
                    -0.02119,
                    51.57916
                ],
                "type": "Point"
            },
            "properties": {
                "balloted": "No",
                "description": "A Luis Barragán inspired design for the interior of a typical late Victorian house in East London. \r\nThe use of bold vivid colour banishes the sterility that can accompany modernism without the loss of its hallmark simplicity and elegant line. This approach can be accommodated within houses whose external architecture has a very different heritage. Its achievement does not require a big budget",
                "end": "17:00:00",
                "fully_booked": "",
                "images": [
                    {
                        "archive_url": "https://raw.githubusercontent.com/infrastructureclub/open-house-london-images/master/images/2026/13700/building_13700_img_5339_dc4a6518adcdde4d7c669761657199c0.jpeg",
                        "title": "Photo of 2 Belgrave Road: Victorian house with Luis Barragán inspired interior"
                    },
                    {
                        "archive_url": "https://raw.githubusercontent.com/infrastructureclub/open-house-london-images/master/images/2026/13700/building_13700_img_5313-3_6330dce5eff11c7e3efa05f9bc39234f.jpeg",
                        "title": "Photo of 2 Belgrave Road: Victorian house with Luis Barragán inspired interior"
                    },
                    {
                        "archive_url": "https://raw.githubusercontent.com/infrastructureclub/open-house-london-images/master/images/2026/13700/building_13700_img_6418_78eb26604b575d8b73236aed768b9306.jpeg",
                        "title": "Photo of 2 Belgrave Road: Victorian house with Luis Barragán inspired interior"
                    },
                    {
                        "archive_url": "https://raw.githubusercontent.com/infrastructureclub/open-house-london-images/master/images/2026/13700/building_13700_img_6234_fce071b3ce4bacc2c994d1a2f6a8e7ce.jpeg",
                        "title": "Photo of 2 Belgrave Road: Victorian house with Luis Barragán inspired interior"
                    },
                    {
                        "archive_url": "https://raw.githubusercontent.com/infrastructureclub/open-house-london-images/master/images/2026/13700/building_13700_292-ablue_a460ed42d4aa29d2e6b65b79de7c3352.png",
                        "title": "Photo of 2 Belgrave Road: Victorian house with Luis Barragán inspired interior"
                    },
                    {
                        "archive_url": "https://raw.githubusercontent.com/infrastructureclub/open-house-london-images/master/images/2026/13700/building_13700_2929gallery_a91357bf85f9bdeed88852a53480a662.png",
                        "title": "Photo of 2 Belgrave Road: Victorian house with Luis Barragán inspired interior"
                    },
                    {
                        "archive_url": "https://raw.githubusercontent.com/infrastructureclub/open-house-london-images/master/images/2026/13700/building_13700_img_7310_52d11d5f7171e9477dd308e23af460b6.jpeg",
                        "title": "Photo of 2 Belgrave Road: Victorian house with Luis Barragán inspired interior"
                    },
                    {
                        "archive_url": "https://raw.githubusercontent.com/infrastructureclub/open-house-london-images/master/images/2026/13700/building_13700_img_3718_b2b8d4fbae03d0871375d9507bcc0039.jpeg",
                        "title": "Photo of 2 Belgrave Road: Victorian house with Luis Barragán inspired interior"
                    },
                    {
                        "archive_url": "https://raw.githubusercontent.com/infrastructureclub/open-house-london-images/master/images/2026/13700/building_13700_img_3721_6ae8871a31ac8b9224ac6765f9d379b6.jpeg",
                        "title": "Photo of 2 Belgrave Road: Victorian house with Luis Barragán inspired interior"
                    },
                    {
                        "archive_url": "https://raw.githubusercontent.com/infrastructureclub/open-house-london-images/master/images/2026/13700/building_13700_img_6239_d88ca7dd73736cc57084470b110ace17.jpeg",
                        "title": "Photo of 2 Belgrave Road: Victorian house with Luis Barragán inspired interior"
                    }
                ],
                "name": "2 Belgrave Road: Victorian house with Luis Barragán inspired interior",
                "new_venue_this_year": "Yes",
                "start": "11:00:00",
                "ticketed_events": "No",
                "url": "https://programme.openhouse.org.uk/listings/13700"
            },
            "type": "Feature"
        },
        {
            "geometry": {
                "coordinates": [
                    -0.11904,
                    51.53474
                ],
                "type": "Point"
            },
            "properties": {
                "balloted": "No",
                "description": "Scale Rule brings young people together with architects and structural engineers to design and build their ideal school space, with a focus on interacting with our natural environment. Pick a prompt card - a library in a treehouse, a canteen on the canal, a rooftop forest playground  - then sketch it and build it in straws and paperclips alongside practicing professionals.",
                "end": "17:00:00",
                "fully_booked": "",
                "images": [
                    {
                        "archive_url": "https://raw.githubusercontent.com/infrastructureclub/open-house-london-images/master/images/2026/13709/building_13709_screenshot-2026-05-31-094912_7cd3dd29af52a7ca29f7bb916ea4b2d6.png",
                        "title": "Photo of Straw-ctural Designers"
                    }
                ],
                "name": "Straw-ctural Designers",
                "new_venue_this_year": "Yes",
                "start": "10:00:00",
                "ticketed_events": "No",
                "url": "https://programme.openhouse.org.uk/listings/13709"
            },
            "type": "Feature"
        },
        {
            "geometry": {
                "coordinates": [
                    -0.11889,
                    51.51181
                ],
                "type": "Point"
            },
            "properties": {
                "balloted": "No",
                "description": "Join us for a walking tour along a short but remarkable stretch of the Strand and Aldwych, where centres of law and learning have flourished from Tudor times to the present day. Along the way, we will hear the stories of the women — and a few men — connected to this corner of London: royal residents, scholars, activists, lawyers, artists and athletes who lived, worked, studied here, and went on to change the world. We will look at the buildings and artworks that carry their traces and walk in the footsteps of some of history's most formidable women, who opened doors for those of us who came after them.",
                "end": "16:30:00",
                "fully_booked": "Yes",
                "images": [
                    {
                        "archive_url": "https://raw.githubusercontent.com/infrastructureclub/open-house-london-images/master/images/2026/13710/building_13710_20260528_183041-0_f65ef412b4dde6b3cb82de5eac4fb03e.jpg",
                        "title": "Photo of Women of learning and law on the Strand"
                    },
                    {
                        "archive_url": "https://raw.githubusercontent.com/infrastructureclub/open-house-london-images/master/images/2026/13710/building_13710_20260528_175350-0_1e411396a2a7b814a808df498c3004d7.jpg",
                        "title": "Photo of Women of learning and law on the Strand"
                    },
                    {
                        "archive_url": "https://raw.githubusercontent.com/infrastructureclub/open-house-london-images/master/images/2026/13710/building_13710_20260527_182256_d365102290dfde76649f580ccb1a69a4.jpg",
                        "title": "Photo of Women of learning and law on the Strand"
                    },
                    {
                        "archive_url": "https://raw.githubusercontent.com/infrastructureclub/open-house-london-images/master/images/2026/13710/building_13710_20260527_181216_62e27117218c7ea1ee394078a82904ec.jpg",
                        "title": "Photo of Women of learning and law on the Strand"
                    }
                ],
                "name": "Women of learning and law on the Strand",
                "new_venue_this_year": "Yes",
                "start": "14:00:00",
                "ticketed_events": "Yes",
                "url": "https://programme.openhouse.org.uk/listings/13710"
            },
            "type": "Feature"
        },
        {
            "geometry": {
                "coordinates": [
                    -0.09527,
                    51.36352
                ],
                "type": "Point"
            },
            "properties": {
                "balloted": "No",
                "description": "This Victorian flint faced church is a Commissioner's or Waterloo Church designed by Sir George Gilbert Scott and consecrated in 1851. Set in a closed churchyard with areas for wildlife there is a striking grave to a major benefactor. The east window was made by Whitefriars. There is a self guided tour and videos including a wedding peal on our ring of 12 bells. Refreshments are available.",
                "end": "16:00:00",
                "fully_booked": "",
                "images": [
                    {
                        "archive_url": "https://raw.githubusercontent.com/infrastructureclub/open-house-london-images/master/images/2026/13717/building_13717_screenshot-2026-01-23-163409_49ba6959b6df2f7ba50a0e5cb2051ec7.png",
                        "title": "Photo of St Peter’s Church"
                    },
                    {
                        "archive_url": "https://raw.githubusercontent.com/infrastructureclub/open-house-london-images/master/images/2026/13717/building_13717_img_0067_9767b8952d31da84c1b5c223a44d316d.jpeg",
                        "title": "Photo of St Peter’s Church"
                    }
                ],
                "name": "St Peter’s Church",
                "new_venue_this_year": "Yes",
                "start": "10:00:00",
                "ticketed_events": "No",
                "url": "https://programme.openhouse.org.uk/listings/13717"
            },
            "type": "Feature"
        },
        {
            "geometry": {
                "coordinates": [
                    -0.08554,
                    51.46614
                ],
                "type": "Point"
            },
            "properties": {
                "balloted": "No",
                "description": "Contemporary timber frame home with unique string screen; a postwar house reassembled to follow passive house principles. The structure was built in 7 weeks to create a reimagined flexible home of two halves enabling an Airbnb rental that bypasses the first floor kitchen & living area, located to borrow views towards mature trees at the rear & city buses to the front expanding senses & spaces.",
                "end": "16:00:00",
                "fully_booked": "Yes",
                "images": [
                    {
                        "archive_url": "https://raw.githubusercontent.com/infrastructureclub/open-house-london-images/master/images/2026/13718/building_13718_img_1426_b25afa9c3d0207e40972b6511a3c7f52.jpeg",
                        "title": "Photo of String House - Camberwell"
                    },
                    {
                        "archive_url": "https://raw.githubusercontent.com/infrastructureclub/open-house-london-images/master/images/2026/13718/building_13718_img_2528_8881cdb09fd182efa07b2b0c04fec58f.jpeg",
                        "title": "Photo of String House - Camberwell"
                    }
                ],
                "name": "String House - Camberwell",
                "new_venue_this_year": "Yes",
                "start": "10:00:00",
                "ticketed_events": "Yes",
                "url": "https://programme.openhouse.org.uk/listings/13718"
            },
            "type": "Feature"
        },
        {
            "geometry": {
                "coordinates": [
                    -0.08802,
                    51.51351
                ],
                "type": "Point"
            },
            "properties": {
                "balloted": "No",
                "description": "On the borderlands of the City of London, this walk explores how authority and ownership shape our public spaces. It traces the hidden boundaries between different types of public space, asking who gets to make the rules, who benefits, and what the answer tells us about power, property, and public life in the city we share.",
                "end": "13:00:00",
                "fully_booked": "Yes",
                "images": [
                    {
                        "archive_url": "https://raw.githubusercontent.com/infrastructureclub/open-house-london-images/master/images/2026/13721/building_13721_img_9336_35460795923d90af38082b7fc1ada7c8.jpeg",
                        "title": "Tess McCann"
                    }
                ],
                "name": "Making public spaces and making spaces public",
                "new_venue_this_year": "Yes",
                "start": "10:30:00",
                "ticketed_events": "Yes",
                "url": "https://programme.openhouse.org.uk/listings/13721"
            },
            "type": "Feature"
        },
        {
            "geometry": {
                "coordinates": [
                    -0.09244,
                    51.50179
                ],
                "type": "Point"
            },
            "properties": {
                "balloted": "No",
                "description": "Step inside Bankside with Golden Key Academy tour guide Carole Wright  — where prison grounds became peaceful parks and Victorian philanthropists reinvented social housing. Hear about local nurses who fearlessly fought fascism in Spain. Pay respects at a burial ground for women of the night, uncover centuries of queer history hidden in plain sight, and celebrate three hundred years of West African creativity woven into the soul of this remarkable riverside neighbourhood. A walk exploring the working class, global majority and queer history of London's Bankside and Southbank – recounting known and unknown histories next door to the City Wall.",
                "end": "13:00:00",
                "fully_booked": "Yes",
                "images": [
                    {
                        "archive_url": "https://raw.githubusercontent.com/infrastructureclub/open-house-london-images/master/images/2026/13724/building_13724_lifedebtsouthwark_18dcf5aea2e1611b8b30ae0a72274f67.jpeg",
                        "title": "Photo of Life and debt in Southwark"
                    }
                ],
                "name": "Life and debt in Southwark",
                "new_venue_this_year": "Yes",
                "start": "11:00:00",
                "ticketed_events": "Yes",
                "url": "https://programme.openhouse.org.uk/listings/13724"
            },
            "type": "Feature"
        },
        {
            "geometry": {
                "coordinates": [
                    -0.13081,
                    51.59423
                ],
                "type": "Point"
            },
            "properties": {
                "balloted": "No",
                "description": "Beyond Alexandra Palace's iconic skyline lies a collection of remarkable stories that are often overlooked.  Join Linda Gyamfi, a Heritage Champion for Bruce Castle Museum & Archive and a member of the Golden Key Academy, for a journey into the forgotten stories of Alexandra Palace. We will uncover Alexandra Palace's connections to Britain's imperial past.",
                "end": "15:00:00",
                "fully_booked": "Yes",
                "images": [
                    {
                        "archive_url": "https://raw.githubusercontent.com/infrastructureclub/open-house-london-images/master/images/2026/13727/building_13727_openhouse_2026-06-29_0226_e2b7c66dab7f499b6996fe16d55490f3.jpg",
                        "title": "Nathan Clarke Photography"
                    },
                    {
                        "archive_url": "https://raw.githubusercontent.com/infrastructureclub/open-house-london-images/master/images/2026/13727/building_13727_openhouse_2026-06-29_0229_26dc0be38b79c4a9fc0fdd7f6f916c26.jpg",
                        "title": "Nathan Clarke Photography"
                    },
                    {
                        "archive_url": "https://raw.githubusercontent.com/infrastructureclub/open-house-london-images/master/images/2026/13727/building_13727_openhouse_2026-06-29_0102_bee453ce5b0d97be7d2e682dc0c9c0a9.jpg",
                        "title": "Nathan Clarke Photography"
                    },
                    {
                        "archive_url": "https://raw.githubusercontent.com/infrastructureclub/open-house-london-images/master/images/2026/13727/building_13727_openhouse_2026-06-29_0066_ace64281af4b2f38c871f52cb16770dd.jpg",
                        "title": "Nathan Clarke Photography"
                    },
                    {
                        "archive_url": "https://raw.githubusercontent.com/infrastructureclub/open-house-london-images/master/images/2026/13727/building_13727_openhouse_2026-06-29_0329_aaa0c5d0dd169408ad060fe15250c4ac.jpg",
                        "title": "Nathan Clarke Photography"
                    },
                    {
                        "archive_url": "https://raw.githubusercontent.com/infrastructureclub/open-house-london-images/master/images/2026/13727/building_13727_openhouse_2026-06-29_0013_6305c3b11da31c6fa3841de3cedf0721.jpg",
                        "title": "Nathan Clarke Photography"
                    }
                ],
                "name": "Forgotten stories at Ally Pally: Empire, Commonwealth and hidden histories",
                "new_venue_this_year": "Yes",
                "start": "13:30:00",
                "ticketed_events": "Yes",
                "url": "https://programme.openhouse.org.uk/listings/13727"
            },
            "type": "Feature"
        },
        {
            "geometry": {
                "coordinates": [
                    -0.13071000000000002,
                    51.59423
                ],
                "type": "Point"
            },
            "properties": {
                "balloted": "No",
                "description": "Join local artist Emily Wood Ahmed for a mindful walking and drawing tour around  the grounds of Alexandra Palace in Haringey, North London. Through gentle walking, mindful drawing and local stories, you will discover the artists of 'Ally Pally', past and present, create your own artwork, enjoy one of London’s most spectacular panoramic views, and finish at Birch Arts Gallery in Wood Green.",
                "end": "13:00:00",
                "fully_booked": "Yes",
                "images": [
                    {
                        "archive_url": "https://raw.githubusercontent.com/infrastructureclub/open-house-london-images/master/images/2026/13729/building_13729_mindful-drawing-at-alexandra-palace_emily_wood_ahmed_919742ad1aded0a9d098ce73950e4a45.jpeg",
                        "title": "Emily Wood Ahmed"
                    },
                    {
                        "archive_url": "https://raw.githubusercontent.com/infrastructureclub/open-house-london-images/master/images/2026/13729/building_13729_emily-drawing-on-steps_6ace1adb4223db36f7d33bd5039f6a9c.jpg",
                        "title": "Drawing on the steps of Ally Pally, Emily Wood Ahmed"
                    },
                    {
                        "archive_url": "https://raw.githubusercontent.com/infrastructureclub/open-house-london-images/master/images/2026/13729/building_13729_palm-court-drawing-entrance_b2f4b8890f4b71344e0e58acd5d9c1db.jpg",
                        "title": "Palm court, Emily Wood Ahmed"
                    },
                    {
                        "archive_url": "https://raw.githubusercontent.com/infrastructureclub/open-house-london-images/master/images/2026/13729/building_13729_drawing_bafc73726ca22fc1bb08ef2ea60a3117.jpg",
                        "title": "Mindful drawing, Emily Wood Ahmed"
                    },
                    {
                        "archive_url": "https://raw.githubusercontent.com/infrastructureclub/open-house-london-images/master/images/2026/13729/building_13729_mindful-drawing-graffiti_f2e86de6daa6e0f3fd71704dc43a5f8e.jpg",
                        "title": "Mindful Walking and Drawing, Emily Wood Ahmed"
                    }
                ],
                "name": "Alexandra Palace: Mindful walking and drawing tour",
                "new_venue_this_year": "Yes",
                "start": "11:00:00",
                "ticketed_events": "Yes",
                "url": "https://programme.openhouse.org.uk/listings/13729"
            },
            "type": "Feature"
        },
        {
            "geometry": {
                "coordinates": [
                    -0.0985,
                    51.49401
                ],
                "type": "Point"
            },
            "properties": {
                "balloted": "No",
                "description": "This tour explores the architectural and social histories of Elephant & Castle, Walworth and Peckham through successive waves of regeneration. The tour draws on research into South London gentrification – examining Victorian and Brutalist housing, town planning, transport, heritage and community change, and tracing the area's evolution from rural Surrey settlements to contemporary redevelopment.",
                "end": "13:30:00",
                "fully_booked": "Yes",
                "images": [
                    {
                        "archive_url": "https://raw.githubusercontent.com/infrastructureclub/open-house-london-images/master/images/2026/13734/building_13734_img_3684_0f421c3454069691f668a9a4fd7105a2.jpg",
                        "title": "Photo of From Elephant to Peckham"
                    },
                    {
                        "archive_url": "https://raw.githubusercontent.com/infrastructureclub/open-house-london-images/master/images/2026/13734/building_13734_img_3702_ed8ba02e43aa98ea2bf24f4db3a7ce50.jpg",
                        "title": "Photo of From Elephant to Peckham"
                    },
                    {
                        "archive_url": "https://raw.githubusercontent.com/infrastructureclub/open-house-london-images/master/images/2026/13734/building_13734_img_3688_a42489b1376c4783acbf2481f1272713.jpg",
                        "title": "Photo of From Elephant to Peckham"
                    },
                    {
                        "archive_url": "https://raw.githubusercontent.com/infrastructureclub/open-house-london-images/master/images/2026/13734/building_13734_img_3685_9a83f60b9d8b8489f8177a087f83e956.jpg",
                        "title": "Photo of From Elephant to Peckham"
                    },
                    {
                        "archive_url": "https://raw.githubusercontent.com/infrastructureclub/open-house-london-images/master/images/2026/13734/building_13734_img_3673_32974fbd7a94e4488b773a0ec26edbd3.jpg",
                        "title": "Photo of From Elephant to Peckham"
                    },
                    {
                        "archive_url": "https://raw.githubusercontent.com/infrastructureclub/open-house-london-images/master/images/2026/13734/building_13734_img_3703_e70f6e5a27940fc104c9fe6c5dcc6902.jpg",
                        "title": "Photo of From Elephant to Peckham"
                    }
                ],
                "name": "From Elephant to Peckham",
                "new_venue_this_year": "Yes",
                "start": "11:30:00",
                "ticketed_events": "Yes",
                "url": "https://programme.openhouse.org.uk/listings/13734"
            },
            "type": "Feature"
        },
        {
            "geometry": {
                "coordinates": [
                    -0.05478,
                    51.53486
                ],
                "type": "Point"
            },
            "properties": {
                "balloted": "No",
                "description": "Visit Vyner Studios, the new home of Studio Bark and U-Build. This light-touch retrofit turns a stranded warehouse into a circular 'Material Bank.' \r\n\r\nModular U-Build partitions can be endlessly unbolted, proving interiors are adaptable assets, not sunk costs. Finished with plywood, acoustic Hemspan, cork and clay paints, it offers a radical, healthy blueprint for future creative workspaces.",
                "end": "16:00:00",
                "fully_booked": "",
                "images": [
                    {
                        "archive_url": "https://raw.githubusercontent.com/infrastructureclub/open-house-london-images/master/images/2026/13740/building_13740_vynerst-jimstephenson-1-webres_322e8c28c0b83e968b9e413239ea517f.jpg",
                        "title": "Jim Stephenson"
                    },
                    {
                        "archive_url": "https://raw.githubusercontent.com/infrastructureclub/open-house-london-images/master/images/2026/13740/building_13740_vynerst-jimstephenson-9-webres_4216c50629dc1f66eb733749b40eeed9.jpg",
                        "title": "Jim Stephenson"
                    }
                ],
                "name": "Vyner Studios",
                "new_venue_this_year": "Yes",
                "start": "10:00:00",
                "ticketed_events": "No",
                "url": "https://programme.openhouse.org.uk/listings/13740"
            },
            "type": "Feature"
        },
        {
            "geometry": {
                "coordinates": [
                    -0.13553,
                    51.5264
                ],
                "type": "Point"
            },
            "properties": {
                "balloted": "No",
                "description": "The museum houses hundreds of artefacts that provide a rich history of the instruments, innovations and patient care over the last 300 years. There are glass cabinets that display some of the artefacts.  Much of this collection and its display has been built up by Richard Keeler, who is a widely published expert on ophthalmic history. He has been the Honorary Museum Curator since 1999.",
                "end": "15:45:00",
                "fully_booked": "Yes",
                "images": [
                    {
                        "archive_url": "https://raw.githubusercontent.com/infrastructureclub/open-house-london-images/master/images/2026/13748/building_13748_historical-surgical-instruments_2c1d55a9d8df7a9c81d6f5e9586b5e76.png",
                        "title": "Photo of The Evolution of Eye Care: Museum Tour"
                    },
                    {
                        "archive_url": "https://raw.githubusercontent.com/infrastructureclub/open-house-london-images/master/images/2026/13748/building_13748_college-entrance_b44ad04148d7485dfb8dbe1cc6bf9784.png",
                        "title": "Photo of The Evolution of Eye Care: Museum Tour"
                    },
                    {
                        "archive_url": "https://raw.githubusercontent.com/infrastructureclub/open-house-london-images/master/images/2026/13748/building_13748_historical-surgical-instruments-2_89e1bc5e396c03802c103d7e654fcbc2.png",
                        "title": "Photo of The Evolution of Eye Care: Museum Tour"
                    }
                ],
                "name": "The Evolution of Eye Care: Museum Tour",
                "new_venue_this_year": "Yes",
                "start": "10:00:00",
                "ticketed_events": "Yes",
                "url": "https://programme.openhouse.org.uk/listings/13748"
            },
            "type": "Feature"
        },
        {
            "geometry": {
                "coordinates": [
                    -0.04929,
                    51.53334
                ],
                "type": "Point"
            },
            "properties": {
                "balloted": "No",
                "description": "Calling all canal enthusiasts - known as gongoozlers - to walk through the social and industrial history of Victoria Park, Haggerston, and Islington along Regent's Canal. Discover how a purpose-built canal shaped the lives of East Enders, Londoners, and the United Kingdom.",
                "end": "12:00:00",
                "fully_booked": "Yes",
                "images": [
                    {
                        "archive_url": "https://raw.githubusercontent.com/infrastructureclub/open-house-london-images/master/images/2026/13752/building_13752_d7978fbf-c932-4807-81ce-08d93e88eeef_ec492d32c94adc6e83fbb7973332c28c.jpeg",
                        "title": "Carly Simonaitis"
                    }
                ],
                "name": "Gongoozlers of Regent's Canal & Victoria Park",
                "new_venue_this_year": "Yes",
                "start": "09:15:00",
                "ticketed_events": "Yes",
                "url": "https://programme.openhouse.org.uk/listings/13752"
            },
            "type": "Feature"
        },
        {
            "geometry": {
                "coordinates": [
                    -0.23711,
                    51.45098
                ],
                "type": "Point"
            },
            "properties": {
                "balloted": "No",
                "description": "Green Lodge is a low-energy family home by Stylus Architects, carefully embedded into the landscape of Putney Heath. Much of the accommodation is concealed below ground, allowing the building to maintain a modest presence whilst bringing natural light into every room through a series of lightwells and rooflights.",
                "end": "16:00:00",
                "fully_booked": "",
                "images": [
                    {
                        "archive_url": "https://raw.githubusercontent.com/infrastructureclub/open-house-london-images/master/images/2026/13757/building_13757_green-lodge-29-2-web-res_60e275ff0450e8fdfcff04360298bbba.jpg",
                        "title": "Photo of Green Lodge"
                    },
                    {
                        "archive_url": "https://raw.githubusercontent.com/infrastructureclub/open-house-london-images/master/images/2026/13757/building_13757_stylus-x-cast-roehampton8728_0ff4f26261cf08e0c4260d594387eef3.jpg",
                        "title": "Photo of Green Lodge"
                    },
                    {
                        "archive_url": "https://raw.githubusercontent.com/infrastructureclub/open-house-london-images/master/images/2026/13757/building_13757_stylus-x-cast-roehampton8689_e9848ce3d556bb6e9b0b690e7c01c07a.jpg",
                        "title": "Photo of Green Lodge"
                    },
                    {
                        "archive_url": "https://raw.githubusercontent.com/infrastructureclub/open-house-london-images/master/images/2026/13757/building_13757_stylus-x-cast-roehampton8665_1097587eb21869c37c86451e362692ee.jpg",
                        "title": "Photo of Green Lodge"
                    },
                    {
                        "archive_url": "https://raw.githubusercontent.com/infrastructureclub/open-house-london-images/master/images/2026/13757/building_13757_green-lodge-3-2-web-res_12c6f17fb3a4e33e9101e2df6ac9f5b0.jpg",
                        "title": "Photo of Green Lodge"
                    },
                    {
                        "archive_url": "https://raw.githubusercontent.com/infrastructureclub/open-house-london-images/master/images/2026/13757/building_13757_green-lodge-9-2-web-res_49e5d2574c2e66006c6e0e70f01172f8.jpg",
                        "title": "Photo of Green Lodge"
                    },
                    {
                        "archive_url": "https://raw.githubusercontent.com/infrastructureclub/open-house-london-images/master/images/2026/13757/building_13757_green-lodge-6-web-res_c48617e8d0f9fbca548c513b67a5470a.jpg",
                        "title": "Photo of Green Lodge"
                    },
                    {
                        "archive_url": "https://raw.githubusercontent.com/infrastructureclub/open-house-london-images/master/images/2026/13757/building_13757_green-lodge-24-web-res_8f8e8ffadf0c9231c3713e26ca003056.jpg",
                        "title": "Photo of Green Lodge"
                    },
                    {
                        "archive_url": "https://raw.githubusercontent.com/infrastructureclub/open-house-london-images/master/images/2026/13757/building_13757_green-lodge-13-web-res_9867c7d1e720713292c1cc494b6a4c78.jpg",
                        "title": "Photo of Green Lodge"
                    },
                    {
                        "archive_url": "https://raw.githubusercontent.com/infrastructureclub/open-house-london-images/master/images/2026/13757/building_13757_green-lodge-2-web-res_5edcc3e715941ca0767e5197515b7fec.jpg",
                        "title": "Photo of Green Lodge"
                    },
                    {
                        "archive_url": "https://raw.githubusercontent.com/infrastructureclub/open-house-london-images/master/images/2026/13757/building_13757_green-lodge-7-web-res_a9a520b5cbe2b82e71e941df8ff7017c.jpg",
                        "title": "Photo of Green Lodge"
                    },
                    {
                        "archive_url": "https://raw.githubusercontent.com/infrastructureclub/open-house-london-images/master/images/2026/13757/building_13757_green-lodge-1-web-res_70cba5a831fbe4f350c37f1b26075802.jpg",
                        "title": "Photo of Green Lodge"
                    },
                    {
                        "archive_url": "https://raw.githubusercontent.com/infrastructureclub/open-house-london-images/master/images/2026/13757/building_13757_green-lodge-4-2-web-res_698f4861e1fb9df4cf3b51fa6f647035.jpg",
                        "title": "Photo of Green Lodge"
                    },
                    {
                        "archive_url": "https://raw.githubusercontent.com/infrastructureclub/open-house-london-images/master/images/2026/13757/building_13757_green-lodge-8-web-res_33f9a9e4781b983fde5356beb1bf9e7f.jpg",
                        "title": "Photo of Green Lodge"
                    },
                    {
                        "archive_url": "https://raw.githubusercontent.com/infrastructureclub/open-house-london-images/master/images/2026/13757/building_13757_green-lodge-14-2-web-res_eaf0f00ac1a2837c4d71f3f17fec2235.jpg",
                        "title": "Photo of Green Lodge"
                    },
                    {
                        "archive_url": "https://raw.githubusercontent.com/infrastructureclub/open-house-london-images/master/images/2026/13757/building_13757_green-lodge-23-web-res_e96250997cd9a3e36c490d144da50151.jpg",
                        "title": "Photo of Green Lodge"
                    },
                    {
                        "archive_url": "https://raw.githubusercontent.com/infrastructureclub/open-house-london-images/master/images/2026/13757/building_13757_green-lodge-26-web-res_759f69db36cb0a5ef8f4a08246a9c16e.jpg",
                        "title": "Photo of Green Lodge"
                    },
                    {
                        "archive_url": "https://raw.githubusercontent.com/infrastructureclub/open-house-london-images/master/images/2026/13757/building_13757_green-lodge-32-web-res_01fbb903ebb4a563f89386014daf9d49.jpg",
                        "title": "Photo of Green Lodge"
                    },
                    {
                        "archive_url": "https://raw.githubusercontent.com/infrastructureclub/open-house-london-images/master/images/2026/13757/building_13757_green-lodge-31-2-web-res_5a9c4d89c08b835a0580e6c460160d91.jpg",
                        "title": "Photo of Green Lodge"
                    },
                    {
                        "archive_url": "https://raw.githubusercontent.com/infrastructureclub/open-house-london-images/master/images/2026/13757/building_13757_green-lodge-33-2-web-res_7734e9ae53747bb48f6612a9be23a0a4.jpg",
                        "title": "Photo of Green Lodge"
                    },
                    {
                        "archive_url": "https://raw.githubusercontent.com/infrastructureclub/open-house-london-images/master/images/2026/13757/building_13757_green-lodge-35-web-res_b147cf98997a0f1e2fde4c503dd8311c.jpg",
                        "title": "Photo of Green Lodge"
                    },
                    {
                        "archive_url": "https://raw.githubusercontent.com/infrastructureclub/open-house-london-images/master/images/2026/13757/building_13757_green-lodge-38-web-res_eee3b80a32f003936adffadb26330e4b.jpg",
                        "title": "Photo of Green Lodge"
                    },
                    {
                        "archive_url": "https://raw.githubusercontent.com/infrastructureclub/open-house-london-images/master/images/2026/13757/building_13757_green-lodge-52-web-res_022fc013a5ac229828adaa13fa0cd712.jpg",
                        "title": "Photo of Green Lodge"
                    },
                    {
                        "archive_url": "https://raw.githubusercontent.com/infrastructureclub/open-house-london-images/master/images/2026/13757/building_13757_green-lodge-58-web-res_1cb02141f407412e8855e97ea72618ac.jpg",
                        "title": "Photo of Green Lodge"
                    },
                    {
                        "archive_url": "https://raw.githubusercontent.com/infrastructureclub/open-house-london-images/master/images/2026/13757/building_13757_green-lodge-42-web-res_d7a3cc31f6e94f6acbb71f7d48753cf3.jpg",
                        "title": "Photo of Green Lodge"
                    },
                    {
                        "archive_url": "https://raw.githubusercontent.com/infrastructureclub/open-house-london-images/master/images/2026/13757/building_13757_green-lodge-56-web-res_a59a5582b3c70a9824c09d4923fd7cef.jpg",
                        "title": "Photo of Green Lodge"
                    },
                    {
                        "archive_url": "https://raw.githubusercontent.com/infrastructureclub/open-house-london-images/master/images/2026/13757/building_13757_green-lodge-57-web-res_60ec4c7049f0615ee2d0e6f872bc495d.jpg",
                        "title": "Photo of Green Lodge"
                    }
                ],
                "name": "Green Lodge",
                "new_venue_this_year": "Yes",
                "start": "10:00:00",
                "ticketed_events": "No",
                "url": "https://programme.openhouse.org.uk/listings/13757"
            },
            "type": "Feature"
        },
        {
            "geometry": {
                "coordinates": [
                    -0.12496,
                    51.5321
                ],
                "type": "Point"
            },
            "properties": {
                "balloted": "No",
                "description": "Cycle Tour of Peace Gardens and Open House Properties",
                "end": "16:00:00",
                "fully_booked": "Yes",
                "images": [
                    {
                        "archive_url": "https://raw.githubusercontent.com/infrastructureclub/open-house-london-images/master/images/2026/13759/building_13759_agakhangarden_075ba85ca834f30a1f0f1dd6bbd7973d.jpeg",
                        "title": "Photo of Peace Gardens in London"
                    },
                    {
                        "archive_url": "https://raw.githubusercontent.com/infrastructureclub/open-house-london-images/master/images/2026/13759/building_13759_img_1444_14d73db8b92ad65dbf652fa6557e72cc.jpeg",
                        "title": "Photo of Peace Gardens in London"
                    },
                    {
                        "archive_url": "https://raw.githubusercontent.com/infrastructureclub/open-house-london-images/master/images/2026/13759/building_13759_img_1442_5fe396e84a929ce61d7ccb496f7e8d1b.jpeg",
                        "title": "Photo of Peace Gardens in London"
                    }
                ],
                "name": "Peace Gardens in London",
                "new_venue_this_year": "Yes",
                "start": "09:30:00",
                "ticketed_events": "Yes",
                "url": "https://programme.openhouse.org.uk/listings/13759"
            },
            "type": "Feature"
        },
        {
            "geometry": {
                "coordinates": [
                    -0.07606,
                    51.53023
                ],
                "type": "Point"
            },
            "properties": {
                "balloted": "No",
                "description": "The tour traces changing ideas about housing, community and urban life. Highlights include the Keeling House, Lennox House, Nisbet House and the Chowdhury Walk. Along the way, we will discuss the architects, planners and communities that shaped these buildings, and consider how their social ambitions continue to influence Hackney today.",
                "end": "15:45:00",
                "fully_booked": "Yes",
                "images": [
                    {
                        "archive_url": "https://raw.githubusercontent.com/infrastructureclub/open-house-london-images/master/images/2026/13760/building_13760_openhouse2026_5ef428a909ad25710ddb2d4cf4343544.png",
                        "title": "Photo of The Story of Housing in Hackney: A Guided Walking Tour"
                    }
                ],
                "name": "The Story of Housing in Hackney: A Guided Walking Tour",
                "new_venue_this_year": "Yes",
                "start": "14:00:00",
                "ticketed_events": "Yes",
                "url": "https://programme.openhouse.org.uk/listings/13760"
            },
            "type": "Feature"
        },
        {
            "geometry": {
                "coordinates": [
                    -0.06446,
                    51.49811
                ],
                "type": "Point"
            },
            "properties": {
                "balloted": "No",
                "description": "A lively food-history walk from Bermondsey to Borough, tracing how railway arches, markets, hop trading, coaching inns and migration have shaped how London eats. We will explore Spa Terminus, Maltby Street, The Hop Exchange, The George Inn and Borough’s market edge through stories of trade, travel, street food, preservation, neighbourhood change and hidden corners, past and present along the route.",
                "end": "13:00:00",
                "fully_booked": "Yes",
                "images": [
                    {
                        "archive_url": "https://raw.githubusercontent.com/infrastructureclub/open-house-london-images/master/images/2026/13762/building_13762_screenshot-2026-06-29-at-6-18-06-pm_8116c6e2e58a3bbe7cf0d9dfd4f772a5.png",
                        "title": "Photo of Bermondsey to Borough: hidden arches food walk"
                    }
                ],
                "name": "Bermondsey to Borough: hidden arches food walk",
                "new_venue_this_year": "Yes",
                "start": "11:00:00",
                "ticketed_events": "Yes",
                "url": "https://programme.openhouse.org.uk/listings/13762"
            },
            "type": "Feature"
        },
        {
            "geometry": {
                "coordinates": [
                    -0.06973,
                    51.46486
                ],
                "type": "Point"
            },
            "properties": {
                "balloted": "No",
                "description": "A reimagined Victorian terrace house full of light, joy and unexpected material flourishes. The project navigated challenging construction cost changes and changing personal circumstances for the whole team to make it happen. It is ultimately a reflection of a shared design vision but also the household’s own creativity and resourcefulness.",
                "end": "16:00:00",
                "fully_booked": "",
                "images": [
                    {
                        "archive_url": "https://raw.githubusercontent.com/infrastructureclub/open-house-london-images/master/images/2026/13767/building_13767_peckham-jimstephenson-28-webres_1efa0cdabd289f2b9edcb3cf8d11c9ef.jpg",
                        "title": "Photo of Easi-house"
                    },
                    {
                        "archive_url": "https://raw.githubusercontent.com/infrastructureclub/open-house-london-images/master/images/2026/13767/building_13767_peckham-jimstephenson-14-webres_f9b6e92cee9b145a81f8fecc8b27a3bd.jpg",
                        "title": "Photo of Easi-house"
                    },
                    {
                        "archive_url": "https://raw.githubusercontent.com/infrastructureclub/open-house-london-images/master/images/2026/13767/building_13767_easi_house02_c5cb6e847198db81cd69955a72324c84.jpg",
                        "title": "Photo of Easi-house"
                    },
                    {
                        "archive_url": "https://raw.githubusercontent.com/infrastructureclub/open-house-london-images/master/images/2026/13767/building_13767_easi_house03_86135b48e25accfe83d52a16257d4a16.jpg",
                        "title": "Photo of Easi-house"
                    },
                    {
                        "archive_url": "https://raw.githubusercontent.com/infrastructureclub/open-house-london-images/master/images/2026/13767/building_13767_easi_house04_42803b37757eb10b9dff94c2d7053902.jpg",
                        "title": "Photo of Easi-house"
                    },
                    {
                        "archive_url": "https://raw.githubusercontent.com/infrastructureclub/open-house-london-images/master/images/2026/13767/building_13767_easi_house05_3e115bc3e94a2ae2f51029a0d0eede32.jpg",
                        "title": "Photo of Easi-house"
                    },
                    {
                        "archive_url": "https://raw.githubusercontent.com/infrastructureclub/open-house-london-images/master/images/2026/13767/building_13767_easi_house06_3b851b35ab6a0c16ed3370f3c8055a55.jpg",
                        "title": "Photo of Easi-house"
                    }
                ],
                "name": "Easi-house",
                "new_venue_this_year": "Yes",
                "start": "10:00:00",
                "ticketed_events": "No",
                "url": "https://programme.openhouse.org.uk/listings/13767"
            },
            "type": "Feature"
        },
        {
            "geometry": {
                "coordinates": [
                    -0.09692,
                    51.43606
                ],
                "type": "Point"
            },
            "properties": {
                "balloted": "No",
                "description": "We're opening our Garden for tours of our outdoor spaces.  These spaces are maintained by adults with learning disabilities who attend our day activities programme, We'll also share a little of the history and significance of Gothic Lodge, a building housed within our garden and one of London's earliest concrete Houses.  Note: we will only view the exterior of the building.",
                "end": "14:30:00",
                "fully_booked": "No",
                "images": [
                    {
                        "archive_url": "https://raw.githubusercontent.com/infrastructureclub/open-house-london-images/master/images/2026/13769/building_13769_pxl_20260409_100541735_ab6753454ad42266534199b0428a81b8.jpg",
                        "title": "Gothic Lodge Garden"
                    }
                ],
                "name": "Gothic Lodge Garden",
                "new_venue_this_year": "Yes",
                "start": "11:30:00",
                "ticketed_events": "Yes",
                "url": "https://programme.openhouse.org.uk/listings/13769"
            },
            "type": "Feature"
        },
        {
            "geometry": {
                "coordinates": [
                    -0.04632,
                    51.56146
                ],
                "type": "Point"
            },
            "properties": {
                "balloted": "No",
                "description": "Paradise works artist studios in the Old Carbonic Works that is thought to be the birthplace of commercial fizzy drinks in the late 18th Century. It features in the Lea Valley and Hackney Conservation area report found online.\r\n\r\n\r\nhttps://hackney.moderngov.co.uk/documents/s68747/240220%20Appendix%20A%20Lea%20Bridge%20Conservation%20Area%20Appraisal.pdf",
                "end": "20:00:00",
                "fully_booked": "",
                "images": [
                    {
                        "archive_url": "https://raw.githubusercontent.com/infrastructureclub/open-house-london-images/master/images/2026/13772/building_13772_img_6371_3c49ffad7c24d4674beb0d048cb005fa.jpeg",
                        "title": "Photo of Former Carbonic Gas Works, 142 Lea Bridge Road"
                    },
                    {
                        "archive_url": "https://raw.githubusercontent.com/infrastructureclub/open-house-london-images/master/images/2026/13772/building_13772_img_6365_c936a82fbfcc227d79687fe287fb63ce.jpeg",
                        "title": "Photo of Former Carbonic Gas Works, 142 Lea Bridge Road"
                    },
                    {
                        "archive_url": "https://raw.githubusercontent.com/infrastructureclub/open-house-london-images/master/images/2026/13772/building_13772_img_6369_99cd1ab81b70892ab58d640deba91f6c.jpeg",
                        "title": "Photo of Former Carbonic Gas Works, 142 Lea Bridge Road"
                    },
                    {
                        "archive_url": "https://raw.githubusercontent.com/infrastructureclub/open-house-london-images/master/images/2026/13772/building_13772_img_6377_dc732573d9ac2f8b0b9f2698c9cfd982.jpeg",
                        "title": "Photo of Former Carbonic Gas Works, 142 Lea Bridge Road"
                    }
                ],
                "name": "Former Carbonic Gas Works, 142 Lea Bridge Road",
                "new_venue_this_year": "Yes",
                "start": "12:00:00",
                "ticketed_events": "No",
                "url": "https://programme.openhouse.org.uk/listings/13772"
            },
            "type": "Feature"
        },
        {
            "geometry": {
                "coordinates": [
                    -0.0077,
                    51.54589
                ],
                "type": "Point"
            },
            "properties": {
                "balloted": "No",
                "description": "Discover a magical garden hidden behind hoarding in Stratford! The LightHouse & Gardens is a meanwhile space run by locals, featuring Community Sauna CIC. Rooted in human connection, it acts as an incubator for the area. Join Hadley Property Group for a site tour, view a model and explore future plans for the site through Augmented Reality.",
                "end": "17:30:00",
                "fully_booked": "No",
                "images": [
                    {
                        "archive_url": "https://raw.githubusercontent.com/infrastructureclub/open-house-london-images/master/images/2026/13780/building_13780_thelighthouseandgardens_siteview_credit_noel_moka-jpg_22f5c5701955bc7904d89dd8355765f9.jpg",
                        "title": "Photo of Cultivating Community - LightHouse Gardens & IQL North"
                    },
                    {
                        "archive_url": "https://raw.githubusercontent.com/infrastructureclub/open-house-london-images/master/images/2026/13780/building_13780_iqln_aerial_a580ab118c099a133dfb8c2ac9b88cf2.jpg",
                        "title": "Photo of Cultivating Community - LightHouse Gardens & IQL North"
                    },
                    {
                        "archive_url": "https://raw.githubusercontent.com/infrastructureclub/open-house-london-images/master/images/2026/13780/building_13780_stratford_sauna_selects_dscf6017_aecd4835ab53ebd926017b3a429de311.jpg",
                        "title": "Photo of Cultivating Community - LightHouse Gardens & IQL North"
                    },
                    {
                        "archive_url": "https://raw.githubusercontent.com/infrastructureclub/open-house-london-images/master/images/2026/13780/building_13780_the-garadens-photo-credit-helen-allayne_0e6d8e411b5dff07ed39cd706d3e3b47.jpeg",
                        "title": "Photo of Cultivating Community - LightHouse Gardens & IQL North"
                    },
                    {
                        "archive_url": "https://raw.githubusercontent.com/infrastructureclub/open-house-london-images/master/images/2026/13780/building_13780_volenteering-in-the-gardens-photocredit-sharon-allayne_3c1b1b1e1d34cf68ed7d010e852c2702.jpeg",
                        "title": "Photo of Cultivating Community - LightHouse Gardens & IQL North"
                    },
                    {
                        "archive_url": "https://raw.githubusercontent.com/infrastructureclub/open-house-london-images/master/images/2026/13780/building_13780_crafting-activites-at-the-lighthouse_3c35cee841fe1432db28b27dc9d6d04b.jpg",
                        "title": "Photo of Cultivating Community - LightHouse Gardens & IQL North"
                    },
                    {
                        "archive_url": "https://raw.githubusercontent.com/infrastructureclub/open-house-london-images/master/images/2026/13780/building_13780_stratford-gateway-training_6fceedf8e2a015c98d7bc3f50e8e01d6.jpg",
                        "title": "Photo of Cultivating Community - LightHouse Gardens & IQL North"
                    }
                ],
                "name": "Cultivating Community - LightHouse Gardens & IQL North",
                "new_venue_this_year": "Yes",
                "start": "13:00:00",
                "ticketed_events": "Yes",
                "url": "https://programme.openhouse.org.uk/listings/13780"
            },
            "type": "Feature"
        },
        {
            "geometry": {
                "coordinates": [
                    0.01781,
                    51.53117
                ],
                "type": "Point"
            },
            "properties": {
                "balloted": "No",
                "description": "Centred on a new public square outside Plaistow Station, Plaistow Hub brings together homes, a library, community facilities and everyday amenities to create a vibrant new destination for local people. The project strengthens connections across the neighbourhood, transforming the station into a welcoming civic heart for Plaistow.",
                "end": "16:45:00",
                "fully_booked": "No",
                "images": [
                    {
                        "archive_url": "https://raw.githubusercontent.com/infrastructureclub/open-house-london-images/master/images/2026/13781/building_13781_1929_1-028-robertgreshoff_2058f4b14a47f58cf770be79e57709a9.jpeg",
                        "title": "Photo of Plaistow Hub"
                    }
                ],
                "name": "Plaistow Hub",
                "new_venue_this_year": "Yes",
                "start": "14:00:00",
                "ticketed_events": "Yes",
                "url": "https://programme.openhouse.org.uk/listings/13781"
            },
            "type": "Feature"
        },
        {
            "geometry": {
                "coordinates": [
                    -0.08698,
                    51.65944
                ],
                "type": "Point"
            },
            "properties": {
                "balloted": "No",
                "description": "A rare example of a once ubiquitous structure - the military hut. This one probably dates from World War I; it was later sold off and moved to its present site, where it was in turn a Boys Brigade HQ, a book store and, from 1986, the home of the Enfield Society.",
                "end": "17:00:00",
                "fully_booked": "",
                "images": [
                    {
                        "archive_url": "https://raw.githubusercontent.com/infrastructureclub/open-house-london-images/master/images/2026/13790/building_13790_jubilee-hall-photo_19f123100995db997d25ff158e6e0320.jpg",
                        "title": "The Enfield Society"
                    }
                ],
                "name": "Jubilee Hall Parsonage Lane",
                "new_venue_this_year": "Yes",
                "start": "11:00:00",
                "ticketed_events": "No",
                "url": "https://programme.openhouse.org.uk/listings/13790"
            },
            "type": "Feature"
        },
        {
            "geometry": {
                "coordinates": [
                    -0.07946,
                    51.51094
                ],
                "type": "Point"
            },
            "properties": {
                "balloted": "No",
                "description": "A Great Fire Survivor, damaged in the blitz, the post war restoration of this fascinating building began 75 years ago this year.  Described by John Betjeman as a 'country church in the world of Seething Lane' the building uniquely blends medieval fabric with Festival of Britain era motifs. Explore the medieval crypt, 'Pepys' vestry, church tower and ringing room. Bellringing demonstrations.",
                "end": "17:30:00",
                "fully_booked": "No",
                "images": [
                    {
                        "archive_url": "https://raw.githubusercontent.com/infrastructureclub/open-house-london-images/master/images/2026/13791/building_13791_lfa-2026_12cefadb497444fc0d244e5cee654ebf.jpg",
                        "title": "Reverend Phillip Dawson"
                    },
                    {
                        "archive_url": "https://raw.githubusercontent.com/infrastructureclub/open-house-london-images/master/images/2026/13791/building_13791_crypt-chapel-july-29-2025_abf1a92194a6664f799fd0296c235b53.jpg",
                        "title": "Reverend Phillip Dawson"
                    }
                ],
                "name": "St Olave Hart Street",
                "new_venue_this_year": "Yes",
                "start": "12:30:00",
                "ticketed_events": "Yes",
                "url": "https://programme.openhouse.org.uk/listings/13791"
            },
            "type": "Feature"
        },
        {
            "geometry": {
                "coordinates": [
                    -0.03677,
                    51.44602
                ],
                "type": "Point"
            },
            "properties": {
                "balloted": "No",
                "description": "Discover Blythe Hill House, a bold retrofit of a 1970s end-of-terrace home by Whittaker Parsons and Price & Myers. A striking courtyard extension transforms the house into a light-filled, fully electric family home, showcasing how ambitious architecture, low-carbon design and affordability can come together in suburban southeast London.",
                "end": "16:00:00",
                "fully_booked": "",
                "images": [
                    {
                        "archive_url": "https://raw.githubusercontent.com/infrastructureclub/open-house-london-images/master/images/2026/13794/building_13794_blythe-hill-house-open-house-2_30df94f361abf941157b8353a6a7d7d7.jpg",
                        "title": "Whittaker Parsons"
                    },
                    {
                        "archive_url": "https://raw.githubusercontent.com/infrastructureclub/open-house-london-images/master/images/2026/13794/building_13794_blythe-hill-house-open-house_811757962600c9612ad7ea9b08708ed2.jpg",
                        "title": "Whittaker Parsons"
                    },
                    {
                        "archive_url": "https://raw.githubusercontent.com/infrastructureclub/open-house-london-images/master/images/2026/13794/building_13794_blythe-hill-house-open-house-3_9c46a21e61b16ccee6b0695a9bb977d9.jpg",
                        "title": "Whittaker Parsons"
                    }
                ],
                "name": "Blythe Hill House",
                "new_venue_this_year": "Yes",
                "start": "10:00:00",
                "ticketed_events": "No",
                "url": "https://programme.openhouse.org.uk/listings/13794"
            },
            "type": "Feature"
        },
        {
            "geometry": {
                "coordinates": [
                    -0.47577,
                    51.50154
                ],
                "type": "Point"
            },
            "properties": {
                "balloted": "No",
                "description": "Explore Southlands Arts Centre and discover the history and architecture of this Grade II listed Queen Anne-style building. Admire its distinctive red-brick façade, elegant decorative detailing and historic interiors, and learn how this former private residence has evolved into a thriving community arts centre, celebrating Hillingdon's rich architectural and cultural heritage.",
                "end": "16:00:00",
                "fully_booked": "",
                "images": [
                    {
                        "archive_url": "https://raw.githubusercontent.com/infrastructureclub/open-house-london-images/master/images/2026/13809/building_13809_west_drayton_southlands_3_d7911f84a8a0d33e95ea4cb786b7af78.jpg",
                        "title": "Photo of Southlands Arts Centre"
                    }
                ],
                "name": "Southlands Arts Centre",
                "new_venue_this_year": "Yes",
                "start": "10:00:00",
                "ticketed_events": "No",
                "url": "https://programme.openhouse.org.uk/listings/13809"
            },
            "type": "Feature"
        },
        {
            "geometry": {
                "coordinates": [
                    0.01855,
                    51.4639
                ],
                "type": "Point"
            },
            "properties": {
                "balloted": "No",
                "description": "Join us at Brooklands Primary School to discover more about the story of William Mitchell’s mural (1958), designed as part of the London County Council’s pioneering Design Consultant Scheme",
                "end": "16:00:00",
                "fully_booked": "No",
                "images": [
                    {
                        "archive_url": "https://raw.githubusercontent.com/infrastructureclub/open-house-london-images/master/images/2026/13814/building_13814_mitchell-mural_71fa59ef6feb19b1967319c6b79e414f.jpg",
                        "title": "Photo of William Mitchell's Mural at Brooklands Primary School"
                    },
                    {
                        "archive_url": "https://raw.githubusercontent.com/infrastructureclub/open-house-london-images/master/images/2026/13814/building_13814_brooklands-park-estate-site-plan-web_82e4b4c8a205927b74573cd4ecf3ffd6.jpg",
                        "title": "Photo of William Mitchell's Mural at Brooklands Primary School"
                    }
                ],
                "name": "William Mitchell's Mural at Brooklands Primary School",
                "new_venue_this_year": "Yes",
                "start": "14:00:00",
                "ticketed_events": "Yes",
                "url": "https://programme.openhouse.org.uk/listings/13814"
            },
            "type": "Feature"
        },
        {
            "geometry": {
                "coordinates": [
                    0.01625,
                    51.50731
                ],
                "type": "Point"
            },
            "properties": {
                "balloted": "No",
                "description": "Discover the Royal Docks through food, architecture and shared memory. This walking tour explores how docks, mills, warehouses and factories shaped East London’s food system and the communities around them. Through sensory prompts, oral history conversations and storytelling, participants are invited to experience the built environment as a living archive of trade, migration and everyday life.",
                "end": "13:00:00",
                "fully_booked": "Yes",
                "images": [
                    {
                        "archive_url": "https://raw.githubusercontent.com/infrastructureclub/open-house-london-images/master/images/2026/13818/building_13818_flavours-of-royal-docks_684f2296ca23a41a491e566f05200b0d.png",
                        "title": "Photo of Flavours of Royal Docks: Food, Architecture & Memory"
                    }
                ],
                "name": "Flavours of Royal Docks: Food, Architecture & Memory",
                "new_venue_this_year": "Yes",
                "start": "11:00:00",
                "ticketed_events": "Yes",
                "url": "https://programme.openhouse.org.uk/listings/13818"
            },
            "type": "Feature"
        },
        {
            "geometry": {
                "coordinates": [
                    -0.09399,
                    51.5037
                ],
                "type": "Point"
            },
            "properties": {
                "balloted": "No",
                "description": "Built in 1907, The Ragged School SE1 has been part of the community for nearly 120 years.  starting off as a poor school in the worst and first borough of London, the school aimed to transform lives of the ragged children that lined the streets.  The church then took over the school to form a club,  pass through developers into the hands of an artist.  The White room will open for creative delight.",
                "end": "17:00:00",
                "fully_booked": "",
                "images": [
                    {
                        "archive_url": "https://raw.githubusercontent.com/infrastructureclub/open-house-london-images/master/images/2026/13819/building_13819_img_0284-copy_65f0579cdebcf7f9b81ca830fe95cd64.jpg",
                        "title": "Photo of The Ragged School SE1"
                    },
                    {
                        "archive_url": "https://raw.githubusercontent.com/infrastructureclub/open-house-london-images/master/images/2026/13819/building_13819_img_4930_48f43f40a8c348228d2792ce805eee7f.jpeg",
                        "title": "Photo of The Ragged School SE1"
                    },
                    {
                        "archive_url": "https://raw.githubusercontent.com/infrastructureclub/open-house-london-images/master/images/2026/13819/building_13819_building-small-copy_b6ca8f241e86483876438ad7b2015e6a.jpg",
                        "title": "Photo of The Ragged School SE1"
                    },
                    {
                        "archive_url": "https://raw.githubusercontent.com/infrastructureclub/open-house-london-images/master/images/2026/13819/building_13819_img_9774-copy_07fcfe7038a02606d73a309222735c85.jpg",
                        "title": "Photo of The Ragged School SE1"
                    }
                ],
                "name": "The Ragged School SE1",
                "new_venue_this_year": "Yes",
                "start": "12:00:00",
                "ticketed_events": "No",
                "url": "https://programme.openhouse.org.uk/listings/13819"
            },
            "type": "Feature"
        },
        {
            "geometry": {
                "coordinates": [
                    -0.14195,
                    51.51741
                ],
                "type": "Point"
            },
            "properties": {
                "balloted": "No",
                "description": "Ibraaz is a London-based cultural institution for art,  culture and ideas from the Global Majority. Bringing together artists, thinkers, and communities through exhibitions, film, debate, publishing, and multidisciplinary programming, Ibraaz creates a brave space where culture fosters exchange, pluralism, and shared humanity.",
                "end": "12:30:00",
                "fully_booked": "Yes",
                "images": [
                    {
                        "archive_url": "https://raw.githubusercontent.com/infrastructureclub/open-house-london-images/master/images/2026/13822/building_13822_ibraaz-at-93-mortimer-street_2-courtesy-of-ibraaz-photo-vipul-sangoi_3bfed83d3a30711fb8ff567d9584fea1.jpg",
                        "title": "Louise Oram"
                    },
                    {
                        "archive_url": "https://raw.githubusercontent.com/infrastructureclub/open-house-london-images/master/images/2026/13822/building_13822_on_1156d_01_eb703a3414da16f5b1760d66f8947d3b.jpg",
                        "title": "Louise Oram"
                    }
                ],
                "name": "Ibraaz",
                "new_venue_this_year": "Yes",
                "start": "11:30:00",
                "ticketed_events": "Yes",
                "url": "https://programme.openhouse.org.uk/listings/13822"
            },
            "type": "Feature"
        },
        {
            "geometry": {
                "coordinates": [
                    -0.09909,
                    51.53805
                ],
                "type": "Point"
            },
            "properties": {
                "balloted": "No",
                "description": "A cosy North London nursery, drawing on proven specifications and a collaborative design process.",
                "end": "16:30:00",
                "fully_booked": "No",
                "images": [
                    {
                        "archive_url": "https://raw.githubusercontent.com/infrastructureclub/open-house-london-images/master/images/2026/13823/building_13823_officesandm-meplace-islington-04_rev_4bd7e1c0e88336fdc680a8023d08a050.jpg",
                        "title": "Office S&M"
                    },
                    {
                        "archive_url": "https://raw.githubusercontent.com/infrastructureclub/open-house-london-images/master/images/2026/13823/building_13823_officesandm-meplace-islington-20_59401c8bc6c250dc5c2bdfe4ee497741.jpg",
                        "title": "Office S&M"
                    },
                    {
                        "archive_url": "https://raw.githubusercontent.com/infrastructureclub/open-house-london-images/master/images/2026/13823/building_13823_officesandm-meplace-islington-15_rev_a93a252f265649298d19eb364469e2d5.jpg",
                        "title": "Office S&M"
                    }
                ],
                "name": "MEplace Nursery Islington",
                "new_venue_this_year": "Yes",
                "start": "10:00:00",
                "ticketed_events": "Yes",
                "url": "https://programme.openhouse.org.uk/listings/13823"
            },
            "type": "Feature"
        },
        {
            "geometry": {
                "coordinates": [
                    -0.10905,
                    51.50172
                ],
                "type": "Point"
            },
            "properties": {
                "balloted": "No",
                "description": "Backstage at The Old Vic is a new build six-storey extension to the Grade II* listed Old Vic Theatre and marks a bold new chapter in the theatre’s remarkable 200-year story. Spaces include a triple-height Cafe/Bar, Script Library, Writers’ Room, Clore Learning Centre, flexible 90-seat Studio, Event Space with a roof terrace with views across the London skyline.",
                "end": "12:50:00",
                "fully_booked": "Yes",
                "images": [
                    {
                        "archive_url": "https://raw.githubusercontent.com/infrastructureclub/open-house-london-images/master/images/2026/13825/building_13825_backstage-at-the-old-vic_philip-vile_f5615456250a9dc7651ab41958dbe03b.jpg",
                        "title": "Backstage at The Old Vic"
                    },
                    {
                        "archive_url": "https://raw.githubusercontent.com/infrastructureclub/open-house-london-images/master/images/2026/13825/building_13825_backstage-at-the-old-vic_script-library_philip-vile_a2c35a0e8b3a529a12120c2e59f705c6.jpg",
                        "title": "Backstage at The Old Vic"
                    },
                    {
                        "archive_url": "https://raw.githubusercontent.com/infrastructureclub/open-house-london-images/master/images/2026/13825/building_13825_vile1143_waterloo-road_ac098b5b2845e5df59c5127f68ae897a.jpg",
                        "title": "Backstage at The Old Vic"
                    }
                ],
                "name": "Backstage at The Old Vic",
                "new_venue_this_year": "Yes",
                "start": "11:00:00",
                "ticketed_events": "Yes",
                "url": "https://programme.openhouse.org.uk/listings/13825"
            },
            "type": "Feature"
        },
        {
            "geometry": {
                "coordinates": [
                    -0.13968,
                    51.52099
                ],
                "type": "Point"
            },
            "properties": {
                "balloted": "No",
                "description": "The University of Westminster's New Cavendish Street campus, designed by Lyons, Israel and Ellis  represents an important moment in the evolution of the architecture of the modern polytechnic. \r\nVisitors will explore the campus through guided walks. \r\nThe programme concludes in the University's Tower Tavern, a former public house -  for an evening reception and talk, Pints and the Poly.",
                "end": "20:00:00",
                "fully_booked": "Yes",
                "images": [
                    {
                        "archive_url": "https://raw.githubusercontent.com/infrastructureclub/open-house-london-images/master/images/2026/13826/building_13826_bwji3h6mdwafre09edvynoq_uly49ashjrb3-tillfutcrpnqujnytpfigtqeqddu3fd_tq7n3dc08swxnl7wbqawyn9nftx0xolbf0wgfgjfo2q48gs6svfhjtrjlb0xkqzvmlepy7gjos9ugt04pd5qzynnegnudd99thup1e0o6i25gvv5k1iuiptl6-o_8dbd3958f5c2ba4d443d5dbd6c7e49ff.jpg",
                        "title": "Photo of UNIVERSITY OF WESTMINSTER: NCS and Tower Tavern"
                    },
                    {
                        "archive_url": "https://raw.githubusercontent.com/infrastructureclub/open-house-london-images/master/images/2026/13826/building_13826_tower_tavern-_fitzrovia-_w1_c5f7fadf08331a21ed846d48481ab929.jpg",
                        "title": "Photo of UNIVERSITY OF WESTMINSTER: NCS and Tower Tavern"
                    }
                ],
                "name": "UNIVERSITY OF WESTMINSTER: NCS and Tower Tavern",
                "new_venue_this_year": "Yes",
                "start": "11:30:00",
                "ticketed_events": "Yes",
                "url": "https://programme.openhouse.org.uk/listings/13826"
            },
            "type": "Feature"
        },
        {
            "geometry": {
                "coordinates": [
                    -0.01476,
                    51.51134
                ],
                "type": "Point"
            },
            "properties": {
                "balloted": "No",
                "description": "Guided tours exploring The Lansbury Estate and it's role in the Festival of Britain, 1951. Discover why 86,000 people travelled on special busses to Poplar to marvel at this new neighbourhood, designed to be a blueprint for Britain's post-war recovery. 45-minute-long walking tours led by knowledgeable local guides.",
                "end": "13:30:00",
                "fully_booked": "Yes",
                "images": [
                    {
                        "archive_url": "https://raw.githubusercontent.com/infrastructureclub/open-house-london-images/master/images/2026/13866/building_13866_clocktower_b85890bcb6d8b8467801c7032d3f3258.jpg",
                        "title": "Photo of The Lansbury Estate: Festival of Britain, Poplar 2026"
                    }
                ],
                "name": "The Lansbury Estate: Festival of Britain, Poplar 2026",
                "new_venue_this_year": "Yes",
                "start": "10:30:00",
                "ticketed_events": "Yes",
                "url": "https://programme.openhouse.org.uk/listings/13866"
            },
            "type": "Feature"
        },
        {
            "geometry": {
                "coordinates": [
                    -0.13776,
                    51.51702
                ],
                "type": "Point"
            },
            "properties": {
                "balloted": "No",
                "description": "We are a friendly artist run gallery in Wells Street offering affordable, handmade fine art prints with a broad range of subjects created using many different printmaking techniques.\r\nWe aim to encourage people who have never encountered art before to experience printmaking through our regular workshops.",
                "end": "17:00:00",
                "fully_booked": "No",
                "images": [
                    {
                        "archive_url": "https://raw.githubusercontent.com/infrastructureclub/open-house-london-images/master/images/2026/13875/building_13875_sbpm-73-wells-street-window_73122bd29be402382a7a2388df889a8e.jpg",
                        "title": "Photo of Southbank Printmakers"
                    },
                    {
                        "archive_url": "https://raw.githubusercontent.com/infrastructureclub/open-house-london-images/master/images/2026/13875/building_13875_martin-printing-at-sbpm_185bb19037ad91431a4ff3780a5ed99e.jpg",
                        "title": "Photo of Southbank Printmakers"
                    }
                ],
                "name": "Southbank Printmakers",
                "new_venue_this_year": "Yes",
                "start": "12:00:00",
                "ticketed_events": "Yes",
                "url": "https://programme.openhouse.org.uk/listings/13875"
            },
            "type": "Feature"
        },
        {
            "geometry": {
                "coordinates": [
                    -0.10233,
                    51.51666
                ],
                "type": "Point"
            },
            "properties": {
                "balloted": "No",
                "description": "Holy Sepulchre is the City of London’s largest parish Church, also known as the National Musicians’ Church and home to the Musicians’ Memorial Chapel and The Royal Fusiliers Memorial Chapel. St Sepulchre has a long and rich history, with a worshipping community here since at least 1137, a medieval shell and tower that survived the great fire of London and a classical interior.",
                "end": "16:00:00",
                "fully_booked": "No",
                "images": [
                    {
                        "archive_url": "https://raw.githubusercontent.com/infrastructureclub/open-house-london-images/master/images/2026/13879/building_13879_hsl-outside3_b07db956bde31b7500c75025aa6492ec.jpg",
                        "title": "Rosie Shaw"
                    },
                    {
                        "archive_url": "https://raw.githubusercontent.com/infrastructureclub/open-house-london-images/master/images/2026/13879/building_13879_img_9736_3fab24666579b32683bd131810b0eab0.jpeg",
                        "title": "Rosie Shaw"
                    },
                    {
                        "archive_url": "https://raw.githubusercontent.com/infrastructureclub/open-house-london-images/master/images/2026/13879/building_13879_img_9741_2ca0aa2d0cd83b8222d8440e4096deb5.jpeg",
                        "title": "Rosie Shaw"
                    },
                    {
                        "archive_url": "https://raw.githubusercontent.com/infrastructureclub/open-house-london-images/master/images/2026/13879/building_13879_img_9746_e210cd64dc6e5a7aee8114fa858a0866.jpeg",
                        "title": "Rosie Shaw"
                    }
                ],
                "name": "Holy Sepulchre, Holborn",
                "new_venue_this_year": "Yes",
                "start": "12:00:00",
                "ticketed_events": "Yes",
                "url": "https://programme.openhouse.org.uk/listings/13879"
            },
            "type": "Feature"
        },
        {
            "geometry": {
                "coordinates": [
                    -0.03132,
                    51.47699
                ],
                "type": "Point"
            },
            "properties": {
                "balloted": "No",
                "description": "Now in its seventeenth year, Sedici consists of artists from many countries who are now based across England. Working across eclectic mediums and subject matter, this diverse body of artists shares an independent and contemporary purpose highlighting the ongoing strength of Art being made today. \r\n\r\nThe gallery itself is a reimagined, mid-century school gymnasium with original details",
                "end": "17:00:00",
                "fully_booked": "No",
                "images": [
                    {
                        "archive_url": "https://raw.githubusercontent.com/infrastructureclub/open-house-london-images/master/images/2026/13882/building_13882_7b5be741-7cbd-4433-8521-748127410d27_ba4b11ea9ae4d498604ebf9828271cd9.jpg",
                        "title": "Luke Merryweather"
                    },
                    {
                        "archive_url": "https://raw.githubusercontent.com/infrastructureclub/open-house-london-images/master/images/2026/13882/building_13882_img_5282_d1d2f44629535eb3af96789461d5412e.jpg",
                        "title": "Luke Merryweather"
                    }
                ],
                "name": "The Annual Sedici Post Grad Group Exhibition",
                "new_venue_this_year": "Yes",
                "start": "11:00:00",
                "ticketed_events": "Yes",
                "url": "https://programme.openhouse.org.uk/listings/13882"
            },
            "type": "Feature"
        },
        {
            "geometry": {
                "coordinates": [
                    -0.10031,
                    51.45032
                ],
                "type": "Point"
            },
            "properties": {
                "balloted": "No",
                "description": "Ongéan Ecosystem : \r\nArt Studios, Gallery, Performance Space, Edible Garden & Kitchen. All built and designed with 99% Reclaimed Materials by artist Adam Ge-Saelis.",
                "end": "18:00:00",
                "fully_booked": "",
                "images": [
                    {
                        "archive_url": "https://raw.githubusercontent.com/infrastructureclub/open-house-london-images/master/images/2026/13883/building_13883_img_0955_a4b1cc4fa0bf2cfa67595a38074262c6.jpeg",
                        "title": "Ongéan"
                    },
                    {
                        "archive_url": "https://raw.githubusercontent.com/infrastructureclub/open-house-london-images/master/images/2026/13883/building_13883_img_0958_ea1f11bffe50d35e987b80917e0e7dab.jpeg",
                        "title": "Ongéan"
                    },
                    {
                        "archive_url": "https://raw.githubusercontent.com/infrastructureclub/open-house-london-images/master/images/2026/13883/building_13883_img_0852_545b3a0e1aba532beea6944b5c23913a.jpeg",
                        "title": "Ongéan"
                    }
                ],
                "name": "Ongéan",
                "new_venue_this_year": "Yes",
                "start": "14:00:00",
                "ticketed_events": "No",
                "url": "https://programme.openhouse.org.uk/listings/13883"
            },
            "type": "Feature"
        },
        {
            "geometry": {
                "coordinates": [
                    -0.0195,
                    51.43285
                ],
                "type": "Point"
            },
            "properties": {
                "balloted": "No",
                "description": "'Povera' meaning 'poor art' in Italian, is an ongoing project made by mixed-media artist Michael Connell. \r\n\r\nIn his back garden in Catford, Michael has built an unbelievable shed, fusing art and nature, that's made entirely of waste materials from skips and people's unwanted items.\r\n\r\nExploring themes of music, family, heritage and nature, step inside the ever-evolving magic of the Povera shed.",
                "end": "16:00:00",
                "fully_booked": "Yes",
                "images": [
                    {
                        "archive_url": "https://raw.githubusercontent.com/infrastructureclub/open-house-london-images/master/images/2026/13886/building_13886_shed-image_c9595a3581c333d1f996d36fe7d5fb2c.jpg",
                        "title": "Michael Connell"
                    },
                    {
                        "archive_url": "https://raw.githubusercontent.com/infrastructureclub/open-house-london-images/master/images/2026/13886/building_13886_3325_badcdf1cd56755f26cf3419c1d5a2e15.jpg",
                        "title": "Michael Connell"
                    },
                    {
                        "archive_url": "https://raw.githubusercontent.com/infrastructureclub/open-house-london-images/master/images/2026/13886/building_13886_img_7238_cefa3988214b0e2f3f9b637d27ba7e57.png",
                        "title": "Michael Connell"
                    },
                    {
                        "archive_url": "https://raw.githubusercontent.com/infrastructureclub/open-house-london-images/master/images/2026/13886/building_13886_3324_d5dc897aeafa52822d819835e300975f.jpg",
                        "title": "Michael Connell"
                    }
                ],
                "name": "'Povera' Shed Exhibition",
                "new_venue_this_year": "Yes",
                "start": "11:00:00",
                "ticketed_events": "Yes",
                "url": "https://programme.openhouse.org.uk/listings/13886"
            },
            "type": "Feature"
        },
        {
            "geometry": {
                "coordinates": [
                    -0.00162,
                    51.44235
                ],
                "type": "Point"
            },
            "properties": {
                "balloted": "No",
                "description": "Visit the Grade II listed Corbett Community Library building. This beautifully preserved Edwardian building is rich in architectural character and heritage, featuring , an impressive dome, ornate door handles, some stained glass and a historic brass plaque. Discover the history and craftsmanship of this remarkable community landmark during your visit.",
                "end": "15:00:00",
                "fully_booked": "",
                "images": [
                    {
                        "archive_url": "https://raw.githubusercontent.com/infrastructureclub/open-house-london-images/master/images/2026/13888/building_13888_event-day-2025_fba3f21ff59184552d302152259a92f6.jpg",
                        "title": "Rachel Braithwaite"
                    },
                    {
                        "archive_url": "https://raw.githubusercontent.com/infrastructureclub/open-house-london-images/master/images/2026/13888/building_13888_blue-skies_9ef2c0d6329548fb242ca70bef159eeb.jpg",
                        "title": "Rachel Braithwaite"
                    },
                    {
                        "archive_url": "https://raw.githubusercontent.com/infrastructureclub/open-house-london-images/master/images/2026/13888/building_13888_dome_10e45a4bb4d6ac4f1593d194c410746d.jpg",
                        "title": "Rachel Braithwaite"
                    }
                ],
                "name": "Corbett Community Library",
                "new_venue_this_year": "Yes",
                "start": "10:00:00",
                "ticketed_events": "No",
                "url": "https://programme.openhouse.org.uk/listings/13888"
            },
            "type": "Feature"
        },
        {
            "geometry": {
                "coordinates": [
                    -0.13307,
                    51.51381
                ],
                "type": "Point"
            },
            "properties": {
                "balloted": "No",
                "description": "A special exhibition exploring the people and places that shaped the area during the Second World War. Tracing famous figures who made Soho their home, and the ordinary everyday heroes who kept the area functioning and our spirits up!",
                "end": "17:00:00",
                "fully_booked": "",
                "images": [
                    {
                        "archive_url": "https://raw.githubusercontent.com/infrastructureclub/open-house-london-images/master/images/2026/13889/building_13889_west-end-at-war-final_12de51949b69585fd826cc96e41d83f2.jpg",
                        "title": "Museum of Soho"
                    },
                    {
                        "archive_url": "https://raw.githubusercontent.com/infrastructureclub/open-house-london-images/master/images/2026/13889/building_13889_img_20260818_134031_00b07eb36a274ab4710cab923e63e60c.png",
                        "title": "Museum of Soho"
                    }
                ],
                "name": "The West End At War",
                "new_venue_this_year": "Yes",
                "start": "12:00:00",
                "ticketed_events": "No",
                "url": "https://programme.openhouse.org.uk/listings/13889"
            },
            "type": "Feature"
        },
        {
            "geometry": {
                "coordinates": [
                    -0.08633,
                    51.52456
                ],
                "type": "Point"
            },
            "properties": {
                "balloted": "No",
                "description": "WilkinsonEyre has built some of the world’s most recognisable landmarks. Our global portfolio includes the spectacular restoration of London’s Battersea Power Station, Gardens by the Bay in Singapore and buildings for Apple, Facebook and Dyson. \r\n\r\nExplore our new studio in Shoreditch - designed by us - to see where we explore, innovate and create.",
                "end": "16:00:00",
                "fully_booked": "",
                "images": [
                    {
                        "archive_url": "https://raw.githubusercontent.com/infrastructureclub/open-house-london-images/master/images/2026/13892/building_13892__717a0702-vfinal_1540b68d67f274b019258367a0602906.jpg",
                        "title": "Photo of WilkinsonEyre"
                    },
                    {
                        "archive_url": "https://raw.githubusercontent.com/infrastructureclub/open-house-london-images/master/images/2026/13892/building_13892_1-28-leonard-street_we-office-wd-edit-sized_91a0c5c9372d82f4e8c4592c6ca3aaa3.jpg",
                        "title": "Photo of WilkinsonEyre"
                    }
                ],
                "name": "WilkinsonEyre",
                "new_venue_this_year": "Yes",
                "start": "10:00:00",
                "ticketed_events": "No",
                "url": "https://programme.openhouse.org.uk/listings/13892"
            },
            "type": "Feature"
        },
        {
            "geometry": {
                "coordinates": [
                    -0.03122,
                    51.47699
                ],
                "type": "Point"
            },
            "properties": {
                "balloted": "No",
                "description": "We are an arts and mental health charity with a 30 year legacy in Lewisham, reframing mental health through creativity and community. We will be opening our studios and community garden in Deptford to the public and offering a free creative workshop.",
                "end": "15:00:00",
                "fully_booked": "",
                "images": [
                    {
                        "archive_url": "https://raw.githubusercontent.com/infrastructureclub/open-house-london-images/master/images/2026/13894/building_13894_221-260630_dsc3018_cad901d785a438e8a46b9feb81d8c66b.jpg",
                        "title": "Arts Network"
                    },
                    {
                        "archive_url": "https://raw.githubusercontent.com/infrastructureclub/open-house-london-images/master/images/2026/13894/building_13894_19-260630_dsc2368_be9d5ce073eb41a15ad53ef66eaf12fa.jpg",
                        "title": "Arts Network"
                    }
                ],
                "name": "Arts Network",
                "new_venue_this_year": "Yes",
                "start": "12:00:00",
                "ticketed_events": "No",
                "url": "https://programme.openhouse.org.uk/listings/13894"
            },
            "type": "Feature"
        },
        {
            "geometry": {
                "coordinates": [
                    -0.2168,
                    51.51462
                ],
                "type": "Point"
            },
            "properties": {
                "balloted": "No",
                "description": "Blechynden Street Studios is a purpose-built artist studio complex in London, completed in 1999. It was the first of its kind in the city for decades and remains one of the few dedicated studio buildings in London. The distinctive deck-style architecture features walkways leading to 21 individual studios, each with floor-to-ceiling double-glazed windows that provide natural light.",
                "end": "17:00:00",
                "fully_booked": "No",
                "images": [
                    {
                        "archive_url": "https://raw.githubusercontent.com/infrastructureclub/open-house-london-images/master/images/2026/13895/building_13895_l1009679_802aec429de4a6ee7623a860550c3748.jpeg",
                        "title": "András Balogh"
                    }
                ],
                "name": "ACAVA Blechynden Street Studios",
                "new_venue_this_year": "Yes",
                "start": "11:00:00",
                "ticketed_events": "Yes",
                "url": "https://programme.openhouse.org.uk/listings/13895"
            },
            "type": "Feature"
        },
        {
            "geometry": {
                "coordinates": [
                    -0.11166,
                    51.5972
                ],
                "type": "Point"
            },
            "properties": {
                "balloted": "No",
                "description": "Step inside and discover the eight community-led walking tours exploring Haringey’s people, places and histories. Walking Stories: Haringey brings together photographs, maps, archives, artwork and stories from across the borough. The exhibition at Birch Arts CIC gallery, in one of Blue House Yard’s distinctive colourful huts, is created by the Golden Key Academy tour guide course participants.",
                "end": "18:00:00",
                "fully_booked": "",
                "images": [
                    {
                        "archive_url": "https://raw.githubusercontent.com/infrastructureclub/open-house-london-images/master/images/2026/13903/building_13903_golden-key-haringey-group-pic_ccad86b8edfa502084b429ebb22633a4.jpg",
                        "title": "Golden Key Haringey Walking Tours group"
                    },
                    {
                        "archive_url": "https://raw.githubusercontent.com/infrastructureclub/open-house-london-images/master/images/2026/13903/building_13903_golden-key-haringey-in-the-park_9a120309f3d530bc942f349c5f516396.jpg",
                        "title": "Golden Key Haringey tour guides in the park"
                    },
                    {
                        "archive_url": "https://raw.githubusercontent.com/infrastructureclub/open-house-london-images/master/images/2026/13903/building_13903_looking-through-the-archives_15eddba95348ac8c886d7c7bc684f94d.jpg",
                        "title": "Visiting the archives"
                    },
                    {
                        "archive_url": "https://raw.githubusercontent.com/infrastructureclub/open-house-london-images/master/images/2026/13903/building_13903_emily-at-blue-house-yard_6cb0352ac4a9b194ab043d678ac5d561.jpg",
                        "title": "Visit the Walking Stories: Haringey tours exhibition at blue house yard"
                    },
                    {
                        "archive_url": "https://raw.githubusercontent.com/infrastructureclub/open-house-london-images/master/images/2026/13903/building_13903_looking-out-the-gallery_3ddf8bde5acdb154f0a1d9c5b2847be2.jpg",
                        "title": "View of Blue House Yard from Birch Arts gallery"
                    },
                    {
                        "archive_url": "https://raw.githubusercontent.com/infrastructureclub/open-house-london-images/master/images/2026/13903/building_13903_archives-at-bruce-castle_e5be661ca11e0ead11915ee612a3006a.jpg",
                        "title": "Researching in the archives"
                    }
                ],
                "name": "Walking Stories: Haringey Golden Key Academy exhibition",
                "new_venue_this_year": "Yes",
                "start": "12:00:00",
                "ticketed_events": "No",
                "url": "https://programme.openhouse.org.uk/listings/13903"
            },
            "type": "Feature"
        },
        {
            "geometry": {
                "coordinates": [
                    -0.02686,
                    51.4776
                ],
                "type": "Point"
            },
            "properties": {
                "balloted": "No",
                "description": "South East London's leading arts centre,.\r\nThe Albany is the engine room for people to reach their creative potential, tell their stories and define their own culture. Together we will inspire new possibilities for positive change.  \r\nThe Albany is an incubator for new ideas and initiatives. Our Creative Strategy places democratic, community-led approaches at the heart of everything we do,",
                "end": "14:30:00",
                "fully_booked": "",
                "images": [
                    {
                        "archive_url": "https://raw.githubusercontent.com/infrastructureclub/open-house-london-images/master/images/2026/13919/building_13919_dsc00170_0060469057e7efb39e30eed742fe9b65.jpg",
                        "title": "Cassie Leon"
                    }
                ],
                "name": "The Albany",
                "new_venue_this_year": "Yes",
                "start": "10:00:00",
                "ticketed_events": "No",
                "url": "https://programme.openhouse.org.uk/listings/13919"
            },
            "type": "Feature"
        },
        {
            "geometry": {
                "coordinates": [
                    -0.01312,
                    51.45795
                ],
                "type": "Point"
            },
            "properties": {
                "balloted": "No",
                "description": "Join the Stall Tales local history team for a walking tour of Lewisham's market and high street. Discover the hidden history of the market, which began in the 1890s with a few unlicensed stalls, and spent decades fighting for legal recognition. We will look at the market as a temporary architecture, local retail landmarks, and reflect on the changing face of shopping in the high street.",
                "end": "15:00:00",
                "fully_booked": "Yes",
                "images": [
                    {
                        "archive_url": "https://raw.githubusercontent.com/infrastructureclub/open-house-london-images/master/images/2026/13929/building_13929_20250726_camilleserisier_2082_lewishamhistorystall_72dpi_1500px-1_b7f86775460a393d78bf8b6179af65c7.jpg",
                        "title": "Camille Serisier/Stall Tales"
                    },
                    {
                        "archive_url": "https://raw.githubusercontent.com/infrastructureclub/open-house-london-images/master/images/2026/13929/building_13929_fig-2-lantern-slide-copy_2f256990668c64fb8480b0d11b0f56fd.jpg",
                        "title": "Anon. Lantern Slide, c.1900"
                    },
                    {
                        "archive_url": "https://raw.githubusercontent.com/infrastructureclub/open-house-london-images/master/images/2026/13929/building_13929_20150719_camilleserisier_2023_lewishamhistorystall_b27e40e2fd3114cfd9141767c4e74d8f.jpg",
                        "title": "Camille Serisier/Stall Tales"
                    }
                ],
                "name": "Stalls and Shops: a walking tour of Lewisham Market",
                "new_venue_this_year": "Yes",
                "start": "11:00:00",
                "ticketed_events": "Yes",
                "url": "https://programme.openhouse.org.uk/listings/13929"
            },
            "type": "Feature"
        },
        {
            "geometry": {
                "coordinates": [
                    -0.12805,
                    51.51024
                ],
                "type": "Point"
            },
            "properties": {
                "balloted": "No",
                "description": "The building has had many incarnations since its construction in the 1890s as a woolen warehouse.   It became a home to the Italian Benevolent Society, then a fascist club, a serviceman's club, and now a library with the largest publicly accessible collection of Chinese language books in the UK.  View the temporary exhibition on the Matteotti Affair.",
                "end": "14:00:00",
                "fully_booked": "No",
                "images": [
                    {
                        "archive_url": "https://raw.githubusercontent.com/infrastructureclub/open-house-london-images/master/images/2026/13932/building_13932_cclibrary_aac4f61617dd886ae466832eb31b42b7.jpg",
                        "title": "Westminster City Council"
                    }
                ],
                "name": "Charing Cross Library",
                "new_venue_this_year": "Yes",
                "start": "11:00:00",
                "ticketed_events": "Yes",
                "url": "https://programme.openhouse.org.uk/listings/13932"
            },
            "type": "Feature"
        },
        {
            "geometry": {
                "coordinates": [
                    -0.09759,
                    51.52013
                ],
                "type": "Point"
            },
            "properties": {
                "balloted": "No",
                "description": "An unofficial walking tour of London film locations used in Star Wars. Learn about the crucial role the city played for three different empires, Roman, British, and Galactic! \r\n\r\nDiscover how London's Barbican Estate was the perfect shooting location for a dystopian view of the science fiction city of Coruscant. \r\n\r\nLearn how London and the destiny of Star Wars are so deeply intertwined!",
                "end": "11:00:00",
                "fully_booked": "Yes",
                "images": [
                    {
                        "archive_url": "https://raw.githubusercontent.com/infrastructureclub/open-house-london-images/master/images/2026/13933/building_13933_20260809_093310_3ecb096b4e8dbf29015cdd631b50f0bf.jpg",
                        "title": "Ivan Chan"
                    },
                    {
                        "archive_url": "https://raw.githubusercontent.com/infrastructureclub/open-house-london-images/master/images/2026/13933/building_13933_untitled-design-2_461f427f4dc6b27a563caed72e5663b8.png",
                        "title": "Ivan Chan"
                    },
                    {
                        "archive_url": "https://raw.githubusercontent.com/infrastructureclub/open-house-london-images/master/images/2026/13933/building_13933_untitled-design_e0b0be7c85a4a5031699f250d991f85d.png",
                        "title": "Ivan Chan"
                    },
                    {
                        "archive_url": "https://raw.githubusercontent.com/infrastructureclub/open-house-london-images/master/images/2026/13933/building_13933_20260809_092914_ea83363c47642e2ab5071827398d3064.jpg",
                        "title": "Ivan Chan"
                    },
                    {
                        "archive_url": "https://raw.githubusercontent.com/infrastructureclub/open-house-london-images/master/images/2026/13933/building_13933_20260728_183743_31da8b5115bbffc43356df7890fe14db.jpg",
                        "title": "Ivan Chan"
                    },
                    {
                        "archive_url": "https://raw.githubusercontent.com/infrastructureclub/open-house-london-images/master/images/2026/13933/building_13933_20260728_180352_0fe0013372439ca8ca8a7d421dad7af3.jpg",
                        "title": "Ivan Chan"
                    },
                    {
                        "archive_url": "https://raw.githubusercontent.com/infrastructureclub/open-house-london-images/master/images/2026/13933/building_13933_untitled-design-3_00f0dc3c4b8973db964152bfef57146c.png",
                        "title": "Ivan Chan"
                    },
                    {
                        "archive_url": "https://raw.githubusercontent.com/infrastructureclub/open-house-london-images/master/images/2026/13933/building_13933_20260726_163927_891c0b7baeb39010c7fcf339831bf40e.jpg",
                        "title": "Ivan Chan"
                    },
                    {
                        "archive_url": "https://raw.githubusercontent.com/infrastructureclub/open-house-london-images/master/images/2026/13933/building_13933_20260731_121653_90dfef3fb0d93704ba03c3c2d1a73857.jpg",
                        "title": "Ivan Chan"
                    }
                ],
                "name": "Star Wars Tour of London",
                "new_venue_this_year": "Yes",
                "start": "09:30:00",
                "ticketed_events": "Yes",
                "url": "https://programme.openhouse.org.uk/listings/13933"
            },
            "type": "Feature"
        },
        {
            "geometry": {
                "coordinates": [
                    -0.14007,
                    51.48791
                ],
                "type": "Point"
            },
            "properties": {
                "balloted": "No",
                "description": "The story of Pimlico Library reflects the wider history of the neighbourhood, demonstrating how community buildings can adapt and evolve while remaining at the heart of local life.  It is unusual in that it shares the Pimlico Academy Campus with Westminster's Adult Education Service.",
                "end": "16:00:00",
                "fully_booked": "No",
                "images": [
                    {
                        "archive_url": "https://raw.githubusercontent.com/infrastructureclub/open-house-london-images/master/images/2026/13934/building_13934_pimlico-library_50a384abf773806b256e72140681281c.png",
                        "title": "Westminster City Council"
                    },
                    {
                        "archive_url": "https://raw.githubusercontent.com/infrastructureclub/open-house-london-images/master/images/2026/13934/building_13934_libraryofthings_7a08137e8bfe86e369c25c5fbf5ecb1e.jpg",
                        "title": "Westminster City Council"
                    }
                ],
                "name": "Pimlico Library",
                "new_venue_this_year": "Yes",
                "start": "10:00:00",
                "ticketed_events": "Yes",
                "url": "https://programme.openhouse.org.uk/listings/13934"
            },
            "type": "Feature"
        },
        {
            "geometry": {
                "coordinates": [
                    -0.13402,
                    51.48931
                ],
                "type": "Point"
            },
            "properties": {
                "balloted": "No",
                "description": "Formerly home to the Pimlico Library, the building was transformed into a vibrant, friendly and welcoming community hub.",
                "end": "16:00:00",
                "fully_booked": "",
                "images": [
                    {
                        "archive_url": "https://raw.githubusercontent.com/infrastructureclub/open-house-london-images/master/images/2026/13935/building_13935_images-3_1a8a26ac012839cf1c811cd4ffe2f677.jpg",
                        "title": "Westminster City Council"
                    },
                    {
                        "archive_url": "https://raw.githubusercontent.com/infrastructureclub/open-house-london-images/master/images/2026/13935/building_13935_images-2_48c87a37e6aa92c4f095199763209a39.jpg",
                        "title": "Westminster City Council"
                    }
                ],
                "name": "Rampayne Street Community Hub",
                "new_venue_this_year": "Yes",
                "start": "10:00:00",
                "ticketed_events": "No",
                "url": "https://programme.openhouse.org.uk/listings/13935"
            },
            "type": "Feature"
        },
        {
            "geometry": {
                "coordinates": [
                    -0.13597,
                    51.4902
                ],
                "type": "Point"
            },
            "properties": {
                "balloted": "No",
                "description": "To celebrate the first ever Pimlico Open House Neighbourhood Festival, Cave transforms it's gallery space into a virtual map of Pimlico through it's exhibition, The Fabric of Pimlico. Celebrating the actors, authors and musicians who have made it their home over the year....no passport needed",
                "end": "17:00:00",
                "fully_booked": "",
                "images": [
                    {
                        "archive_url": "https://raw.githubusercontent.com/infrastructureclub/open-house-london-images/master/images/2026/13939/building_13939_424949359_871459534990911_6506030038302769193_n_7286c2f06b51d37ee04a26696a6d945b.jpg",
                        "title": "The Cave"
                    },
                    {
                        "archive_url": "https://raw.githubusercontent.com/infrastructureclub/open-house-london-images/master/images/2026/13939/building_13939_img-20260821-wa0004_a904d1388038fd3d0b1b65fc0d5ae066.jpg",
                        "title": "The Cave"
                    }
                ],
                "name": "Pimlico People",
                "new_venue_this_year": "Yes",
                "start": "12:00:00",
                "ticketed_events": "No",
                "url": "https://programme.openhouse.org.uk/listings/13939"
            },
            "type": "Feature"
        },
        {
            "geometry": {
                "coordinates": [
                    -0.03642,
                    51.45546
                ],
                "type": "Point"
            },
            "properties": {
                "balloted": "No",
                "description": "Have the moths made a meal of your favourite jumper? Are your jeans coming undone at the seams?\r\n\r\nJoin Make Mee Studio and Lewisham Council to learn how to prolong the life of your clothes and homewares, whether it's darning a sock or patching a cushion cover we can show you how to mend and repair and bring it back to life.",
                "end": "13:30:00",
                "fully_booked": "",
                "images": [
                    {
                        "archive_url": "https://raw.githubusercontent.com/infrastructureclub/open-house-london-images/master/images/2026/13940/building_13940_repair_3ebc627f0da09362e8b0f9e7ceaadca2.jpg",
                        "title": "Jaime Greenly"
                    },
                    {
                        "archive_url": "https://raw.githubusercontent.com/infrastructureclub/open-house-london-images/master/images/2026/13940/building_13940_swiss-darning-example_5215d9fb26af0ba4f3e1dfcefdcafc18.jpg",
                        "title": "Jaime Greenly"
                    }
                ],
                "name": "Free Clothes Mending Make Mee Studio",
                "new_venue_this_year": "Yes",
                "start": "10:30:00",
                "ticketed_events": "No",
                "url": "https://programme.openhouse.org.uk/listings/13940"
            },
            "type": "Feature"
        },
        {
            "geometry": {
                "coordinates": [
                    -0.10204,
                    51.37706
                ],
                "type": "Point"
            },
            "properties": {
                "balloted": "No",
                "description": "The Caravan Gallery is a unique documentary photography project and exhibition focused on Croydon's built environment. The Caravan Gallery photograph the sur/reality of everyday life and work with communities to explore people's connection to place, exhibiting their photographs of the area in a small caravan.",
                "end": "17:00:00",
                "fully_booked": "",
                "images": [
                    {
                        "archive_url": "https://raw.githubusercontent.com/infrastructureclub/open-house-london-images/master/images/2026/13944/building_13944_screenshot-2026-08-21-133909_3dd99a3844e78dd107f16a0f05d65fc1.png",
                        "title": "The Caravan Gallery"
                    }
                ],
                "name": "The Caravan Gallery comes to Croydon: Surrey Street",
                "new_venue_this_year": "Yes",
                "start": "11:00:00",
                "ticketed_events": "No",
                "url": "https://programme.openhouse.org.uk/listings/13944"
            },
            "type": "Feature"
        }
    ],
    "type": "FeatureCollection"
}