{
    "features": [
        {
            "geometry": {
                "coordinates": [
                    -0.1296672,
                    51.51696099999999
                ],
                "type": "Point"
            },
            "properties": {
                "balloted": "No",
                "description": "A Grade II listed art deco theatre in the heart of London. Built in 1929, this stylish building has had a varied and colourful history as a cinema, variety hall and music venue, as well as its original and current life as a theatre.",
                "end": "14:45:00",
                "fully_booked": "Yes",
                "images": [
                    {
                        "archive_url": "https://raw.githubusercontent.com/infrastructureclub/open-house-london-images/master/images/2026/269/building_269_dominion_architecture-empty_0_c025b1611aefe51e1d2acc833853639c.jpg",
                        "title": "Photo of Dominion Theatre"
                    },
                    {
                        "archive_url": "https://raw.githubusercontent.com/infrastructureclub/open-house-london-images/master/images/2026/269/building_269_dominion_architecture-empty_2_bbabb66dc86a6c62387fc396ff155a58.jpg",
                        "title": "Photo of Dominion Theatre"
                    },
                    {
                        "archive_url": "https://raw.githubusercontent.com/infrastructureclub/open-house-london-images/master/images/2026/269/building_269_dominion_architecture-empty_10_4b15c1d7a27ef42365a1ebcca6ba79f8.jpg",
                        "title": "Photo of Dominion Theatre"
                    }
                ],
                "name": "Dominion Theatre",
                "new_venue_this_year": "Yes",
                "start": "11:30:00",
                "ticketed_events": "Yes",
                "url": "https://programme.openhouse.org.uk/listings/269"
            },
            "type": "Feature"
        },
        {
            "geometry": {
                "coordinates": [
                    -0.09642,
                    51.5181
                ],
                "type": "Point"
            },
            "properties": {
                "balloted": "No",
                "description": "The Hall stands on land which was bought in 1922: construction work, which was undertaken by Holland, Hannen & Cubitts, started that year and the Hall was opened on 17 June 1925. Decorated in the Arts & Crafts style, and resplendent with art and treasures, visitors will gain access to areas not normally open to the public and will be guided by real Company members.",
                "end": "15:00:00",
                "fully_booked": "Yes",
                "images": [
                    {
                        "archive_url": "https://raw.githubusercontent.com/infrastructureclub/open-house-london-images/master/images/2026/754/building_754_external-image_0b2367836b222fdf46dc1444c9961e54.jpg",
                        "title": "Katy Tytler"
                    },
                    {
                        "archive_url": "https://raw.githubusercontent.com/infrastructureclub/open-house-london-images/master/images/2026/754/building_754_lounge-1_fa2ad155062075e98dfe6274a20a19b1.jpg",
                        "title": "Katy Tytler"
                    },
                    {
                        "archive_url": "https://raw.githubusercontent.com/infrastructureclub/open-house-london-images/master/images/2026/754/building_754_banqueting-hall-peter-dazeley_c0eb34d13ff66efe0978af4c0489a285.jpg",
                        "title": "Katy Tytler"
                    }
                ],
                "name": "Ironmongers' Hall",
                "new_venue_this_year": "Yes",
                "start": "10:00:00",
                "ticketed_events": "Yes",
                "url": "https://programme.openhouse.org.uk/listings/754"
            },
            "type": "Feature"
        },
        {
            "geometry": {
                "coordinates": [
                    -0.08994,
                    51.51273
                ],
                "type": "Point"
            },
            "properties": {
                "balloted": "No",
                "description": "Wren's own and 'finest City Church'.  Fantastic architecture with different shapes,  twelve Corinthian columns and covered by huge dome - first of its type. Central stone altar by Henry Moore installed in 1987. Birthplace of the Samaritans.",
                "end": "13:45:00",
                "fully_booked": "",
                "images": [
                    {
                        "archive_url": "https://raw.githubusercontent.com/infrastructureclub/open-house-london-images/master/images/2026/1867/building_1867_2025-ssw-front-of-church_64612bef62557174bf79155ce255ebfe.jpg",
                        "title": "Elizabeth Maragh"
                    },
                    {
                        "archive_url": "https://raw.githubusercontent.com/infrastructureclub/open-house-london-images/master/images/2026/1867/building_1867_st-stephen-walbrook_exaggerated-dome-image_cd692b6c704c45f287a291508ded4060.jpg",
                        "title": "Elizabeth Maragh"
                    }
                ],
                "name": "The City Churches: St Stephen Walbrook",
                "new_venue_this_year": "No",
                "start": "13:00:00",
                "ticketed_events": "No",
                "url": "https://programme.openhouse.org.uk/listings/1867"
            },
            "type": "Feature"
        },
        {
            "geometry": {
                "coordinates": [
                    -0.13911,
                    51.50853
                ],
                "type": "Point"
            },
            "properties": {
                "balloted": "No",
                "description": "The world's oldest active biological society. Founded in 1788, the Society takes its name from the Swedish naturalist Carl Linnaeus whose botanical, zoological and library collections have been in its keeping since 1829.",
                "end": "17:00:00",
                "fully_booked": "",
                "images": [
                    {
                        "archive_url": "https://raw.githubusercontent.com/infrastructureclub/open-house-london-images/master/images/2026/2074/building_2074_20230309_staircaselaunch_prints_01_959068ebfadae23a8ed669def6d6d391.jpg",
                        "title": "Linnean Society of London"
                    },
                    {
                        "archive_url": "https://raw.githubusercontent.com/infrastructureclub/open-house-london-images/master/images/2026/2074/building_2074_linnean-councilroom-details-16_b15ddb64cf932140f3f7db7616d7bc77.jpg",
                        "title": "Linnean Society of London"
                    },
                    {
                        "archive_url": "https://raw.githubusercontent.com/infrastructureclub/open-house-london-images/master/images/2026/2074/building_2074_linnean-foyer-details-23_643853231a843393af6077cad4bb0bc3.jpg",
                        "title": "Linnean Society of London"
                    },
                    {
                        "archive_url": "https://raw.githubusercontent.com/infrastructureclub/open-house-london-images/master/images/2026/2074/building_2074_linnean-library-details-118_d6fc522f1aabbf9a405982ebac30edc7.jpg",
                        "title": "Linnean Society of London"
                    },
                    {
                        "archive_url": "https://raw.githubusercontent.com/infrastructureclub/open-house-london-images/master/images/2026/2074/building_2074_linnean-meetingroom-details-23_08d1ea72a797e8259d17f63e52f1a7a9.jpg",
                        "title": "Linnean Society of London"
                    },
                    {
                        "archive_url": "https://raw.githubusercontent.com/infrastructureclub/open-house-london-images/master/images/2026/2074/building_2074_linnean-meetingroom-6_3edf04d69959e498f9a46ef878261485.jpg",
                        "title": "Linnean Society of London"
                    },
                    {
                        "archive_url": "https://raw.githubusercontent.com/infrastructureclub/open-house-london-images/master/images/2026/2074/building_2074_library_j-e-smith-portrait_globes_ffa5f5545c4e89ca2827ba7209ed9510.jpg",
                        "title": "Linnean Society of London"
                    },
                    {
                        "archive_url": "https://raw.githubusercontent.com/infrastructureclub/open-house-london-images/master/images/2026/2074/building_2074_ferussac_octopus_print_openhouse_6ac77eaacda29afac716d7bead98ace3.jpg",
                        "title": "Linnean Society of London"
                    },
                    {
                        "archive_url": "https://raw.githubusercontent.com/infrastructureclub/open-house-london-images/master/images/2026/2074/building_2074_column-cornice_28408fbfc1dae9895a36eaa9b3f7b141.jpg",
                        "title": "Linnean Society of London"
                    },
                    {
                        "archive_url": "https://raw.githubusercontent.com/infrastructureclub/open-house-london-images/master/images/2026/2074/building_2074_library-portrait_2020_ed740a62acd1783b37ee15e28fc1b4b1.jpg",
                        "title": "Linnean Society of London"
                    }
                ],
                "name": "Burlington House: Linnean Society of London",
                "new_venue_this_year": "No",
                "start": "10:00:00",
                "ticketed_events": "No",
                "url": "https://programme.openhouse.org.uk/listings/2074"
            },
            "type": "Feature"
        },
        {
            "geometry": {
                "coordinates": [
                    -0.05974,
                    51.51024
                ],
                "type": "Point"
            },
            "properties": {
                "balloted": "No",
                "description": "Splendid Baroque exterior. Interior destroyed in the Blitz and rebuilt to new design by Martin Bailey in 1963.",
                "end": "15:00:00",
                "fully_booked": "",
                "images": [
                    {
                        "archive_url": "https://raw.githubusercontent.com/infrastructureclub/open-house-london-images/master/images/2026/2500/building_2500_img_1236_ba3fc7daada7e02eab74dece706a848a.jpeg",
                        "title": "Photo of St George in the East"
                    }
                ],
                "name": "St George in the East",
                "new_venue_this_year": "No",
                "start": "10:00:00",
                "ticketed_events": "No",
                "url": "https://programme.openhouse.org.uk/listings/2500"
            },
            "type": "Feature"
        },
        {
            "geometry": {
                "coordinates": [
                    -0.1088368,
                    51.4982463
                ],
                "type": "Point"
            },
            "properties": {
                "balloted": "No",
                "description": "A stunning cathedral in the heart of London. Discover the story of a forgotten masterpiece. Designed by Augustus Pugin and opened in 1848, the original cathedral was hailed as England's foremost Catholic church before an incendiary bomb devastated the building in 1941. Explore the history, architecture and legacy that shaped the Cathedral you see today—and discover its remarkable story.",
                "end": "17:00:00",
                "fully_booked": "",
                "images": [
                    {
                        "archive_url": "https://raw.githubusercontent.com/infrastructureclub/open-house-london-images/master/images/2026/2502/building_2502_img_0187_4febec197ee63a29b7807ca5e339120a.jpg",
                        "title": "Photo of St George's Cathedral"
                    },
                    {
                        "archive_url": "https://raw.githubusercontent.com/infrastructureclub/open-house-london-images/master/images/2026/2502/building_2502_main-window_11f4f975224831ec2e5fa997e412aafb.jpg",
                        "title": "Photo of St George's Cathedral"
                    },
                    {
                        "archive_url": "https://raw.githubusercontent.com/infrastructureclub/open-house-london-images/master/images/2026/2502/building_2502_img_0061_32417627487755744b2ec347dbcdf6b8.jpg",
                        "title": "Photo of St George's Cathedral"
                    },
                    {
                        "archive_url": "https://raw.githubusercontent.com/infrastructureclub/open-house-london-images/master/images/2026/2502/building_2502_img_9677_47352922219bd3a7561a8304ca4d81fd.jpg",
                        "title": "Photo of St George's Cathedral"
                    }
                ],
                "name": "St George's Cathedral",
                "new_venue_this_year": "Yes",
                "start": "10:00:00",
                "ticketed_events": "No",
                "url": "https://programme.openhouse.org.uk/listings/2502"
            },
            "type": "Feature"
        },
        {
            "geometry": {
                "coordinates": [
                    -0.17138,
                    51.47864
                ],
                "type": "Point"
            },
            "properties": {
                "balloted": "No",
                "description": "During Open House, the Friends of Battersea Parish Church present a Floral Festival, organ recitals, historical displays, alongside 3 talks exploring history, creativity, sanctuary & Battersea’s radical past. Sat 12 Sept Dr. Peter Rumley at 6pm, Tues 15 Guy Stagg at 6.30pm,  Thurs 17 at 6.30pm Rory Walsh & Mike Squires.  Plus Join us for Choral Evensong amidst the flowers at St Mary’s Battersea.",
                "end": "20:30:00",
                "fully_booked": "No",
                "images": [
                    {
                        "archive_url": "https://raw.githubusercontent.com/infrastructureclub/open-house-london-images/master/images/2026/2533/building_2533_st-marys_a2b7ed70bb7cc4a5a26a096fb882503d.jpeg",
                        "title": "Photo of St Mary's Church, Battersea"
                    },
                    {
                        "archive_url": "https://raw.githubusercontent.com/infrastructureclub/open-house-london-images/master/images/2026/2533/building_2533_untitled-2-of-29_02c2a647df4611b359f3fff31d48a443.jpeg",
                        "title": "Photo of St Mary's Church, Battersea"
                    }
                ],
                "name": "St Mary's Church, Battersea",
                "new_venue_this_year": "No",
                "start": "10:00:00",
                "ticketed_events": "Yes",
                "url": "https://programme.openhouse.org.uk/listings/2533"
            },
            "type": "Feature"
        },
        {
            "geometry": {
                "coordinates": [
                    -0.12465,
                    51.51769
                ],
                "type": "Point"
            },
            "properties": {
                "balloted": "No",
                "description": "St George's Bloomsbury is one of the twelve new churches designed and paid for under the 1711 Act of Parliament for building fifty new Churches, and the sixth and final London Church designed by Hawksmoor.",
                "end": "14:00:00",
                "fully_booked": "",
                "images": [
                    {
                        "archive_url": "https://raw.githubusercontent.com/infrastructureclub/open-house-london-images/master/images/2026/2856/building_2856_004_44117bcb11ab44b8b07c8a4fab03a652.jpg",
                        "title": "Photo of St George's Bloomsbury"
                    },
                    {
                        "archive_url": "https://raw.githubusercontent.com/infrastructureclub/open-house-london-images/master/images/2026/2856/building_2856_church-scene_f09303546c75acf522a67a6ad872e978.jpg",
                        "title": "Photo of St George's Bloomsbury"
                    },
                    {
                        "archive_url": "https://raw.githubusercontent.com/infrastructureclub/open-house-london-images/master/images/2026/2856/building_2856_sgb-logo_a87b7c2bb6608253bedd8b9764978980.jpg",
                        "title": "Photo of St George's Bloomsbury"
                    },
                    {
                        "archive_url": "https://raw.githubusercontent.com/infrastructureclub/open-house-london-images/master/images/2026/2856/building_2856_tower-north_9fd30fbeb89abbf99ffc506f127fc9c2.jpg",
                        "title": "Photo of St George's Bloomsbury"
                    },
                    {
                        "archive_url": "https://raw.githubusercontent.com/infrastructureclub/open-house-london-images/master/images/2026/2856/building_2856_reredos_842d6d9ab2884d4e4218e4083b122446.jpg",
                        "title": "Photo of St George's Bloomsbury"
                    },
                    {
                        "archive_url": "https://raw.githubusercontent.com/infrastructureclub/open-house-london-images/master/images/2026/2856/building_2856_img_1640_ec27319f8aff87a5dc4e9ec416dccc15.jpg",
                        "title": "Photo of St George's Bloomsbury"
                    },
                    {
                        "archive_url": "https://raw.githubusercontent.com/infrastructureclub/open-house-london-images/master/images/2026/2856/building_2856_img_1643_60335fe0ab9f19cc2d53b05e3f66192e.jpg",
                        "title": "Photo of St George's Bloomsbury"
                    },
                    {
                        "archive_url": "https://raw.githubusercontent.com/infrastructureclub/open-house-london-images/master/images/2026/2856/building_2856_img_1633_4a52a779a9a0619a3f1a2d62ddc6a276.jpg",
                        "title": "Photo of St George's Bloomsbury"
                    },
                    {
                        "archive_url": "https://raw.githubusercontent.com/infrastructureclub/open-house-london-images/master/images/2026/2856/building_2856_img_1647_be5042684e011256004c791c1c46cdfb.jpg",
                        "title": "Photo of St George's Bloomsbury"
                    },
                    {
                        "archive_url": "https://raw.githubusercontent.com/infrastructureclub/open-house-london-images/master/images/2026/2856/building_2856_img_1636_fa53220bb6229178e597b42f0553a295.jpg",
                        "title": "Photo of St George's Bloomsbury"
                    },
                    {
                        "archive_url": "https://raw.githubusercontent.com/infrastructureclub/open-house-london-images/master/images/2026/2856/building_2856_img_1634-1_1a6acf60fc07da433c0b225ede1d4882.jpg",
                        "title": "Photo of St George's Bloomsbury"
                    },
                    {
                        "archive_url": "https://raw.githubusercontent.com/infrastructureclub/open-house-london-images/master/images/2026/2856/building_2856_img_8952_9fb326652367182c7466db590edc1087.jpg",
                        "title": "Photo of St George's Bloomsbury"
                    }
                ],
                "name": "St George's Bloomsbury",
                "new_venue_this_year": "No",
                "start": "11:00:00",
                "ticketed_events": "No",
                "url": "https://programme.openhouse.org.uk/listings/2856"
            },
            "type": "Feature"
        },
        {
            "geometry": {
                "coordinates": [
                    -0.2656707,
                    51.4914109
                ],
                "type": "Point"
            },
            "properties": {
                "balloted": "No",
                "description": "Built initially as a vestry, it was later extended. Victorian and Edwardian interiors with rich tiles and stunning stained glass, one of the most beautiful Victorian interiors in London.",
                "end": "15:00:00",
                "fully_booked": "No",
                "images": [
                    {
                        "archive_url": "https://raw.githubusercontent.com/infrastructureclub/open-house-london-images/master/images/2026/2865/building_2865_cth-front-angle_94fb8969a8a18ddcd2bea54b6f1b5e51.jpg",
                        "title": "Chiswick Town Hall"
                    },
                    {
                        "archive_url": "https://raw.githubusercontent.com/infrastructureclub/open-house-london-images/master/images/2026/2865/building_2865_cth-front_5180ce8f3b95e688a4bb573998fb21be.jpg",
                        "title": "Chiswick Town Hall"
                    },
                    {
                        "archive_url": "https://raw.githubusercontent.com/infrastructureclub/open-house-london-images/master/images/2026/2865/building_2865_stairs-with-glass_981d7e44aa772457d350e996b614a9d9.jpg",
                        "title": "Chiswick Town Hall"
                    },
                    {
                        "archive_url": "https://raw.githubusercontent.com/infrastructureclub/open-house-london-images/master/images/2026/2865/building_2865_bust_e492d6c54465006f4c75e17a4c7e45ce.jpg",
                        "title": "Chiswick Town Hall"
                    },
                    {
                        "archive_url": "https://raw.githubusercontent.com/infrastructureclub/open-house-london-images/master/images/2026/2865/building_2865_stairs-with-bust_d93384ecae09c4a77212f699668581bd.jpg",
                        "title": "Chiswick Town Hall"
                    },
                    {
                        "archive_url": "https://raw.githubusercontent.com/infrastructureclub/open-house-london-images/master/images/2026/2865/building_2865_committee-room_dcab776fee857be5f823a0470f416e2c.jpg",
                        "title": "Chiswick Town Hall"
                    },
                    {
                        "archive_url": "https://raw.githubusercontent.com/infrastructureclub/open-house-london-images/master/images/2026/2865/building_2865_red-staircase-2_d2a0d9642f8cefbd24143587adcebb4c.jpg",
                        "title": "Chiswick Town Hall"
                    },
                    {
                        "archive_url": "https://raw.githubusercontent.com/infrastructureclub/open-house-london-images/master/images/2026/2865/building_2865_red-staircase_f1614fb1482fef9a37b3d6e920d29e23.jpg",
                        "title": "Chiswick Town Hall"
                    },
                    {
                        "archive_url": "https://raw.githubusercontent.com/infrastructureclub/open-house-london-images/master/images/2026/2865/building_2865_council-ch-clock-close_e3ef073d9936127b8ec9bba613154047.jpg",
                        "title": "Chiswick Town Hall"
                    },
                    {
                        "archive_url": "https://raw.githubusercontent.com/infrastructureclub/open-house-london-images/master/images/2026/2865/building_2865_council-ch-with-clock_b7e039cb0f4f570dbcbafa7a73810507.jpg",
                        "title": "Chiswick Town Hall"
                    },
                    {
                        "archive_url": "https://raw.githubusercontent.com/infrastructureclub/open-house-london-images/master/images/2026/2865/building_2865_council-fireplace_ebab3e059f900e671143161e4aeba1d8.jpg",
                        "title": "Chiswick Town Hall"
                    },
                    {
                        "archive_url": "https://raw.githubusercontent.com/infrastructureclub/open-house-london-images/master/images/2026/2865/building_2865_council-chamber-artwork_5a50cfa5d078acca413d3c1b9e4ffe01.jpg",
                        "title": "Chiswick Town Hall"
                    },
                    {
                        "archive_url": "https://raw.githubusercontent.com/infrastructureclub/open-house-london-images/master/images/2026/2865/building_2865_council-chamber-artwork-2_9f364f933c95463a053332c6869bdb62.jpg",
                        "title": "Chiswick Town Hall"
                    },
                    {
                        "archive_url": "https://raw.githubusercontent.com/infrastructureclub/open-house-london-images/master/images/2026/2865/building_2865_cth-main-hall-balcony_23a8d160c2e10d3212d9438e24a769ba.jpg",
                        "title": "Chiswick Town Hall"
                    },
                    {
                        "archive_url": "https://raw.githubusercontent.com/infrastructureclub/open-house-london-images/master/images/2026/2865/building_2865_cth-entrance-ceiling-stained-glass_6be90ece92991bf171ec42d2d84e7070.jpg",
                        "title": "Chiswick Town Hall"
                    },
                    {
                        "archive_url": "https://raw.githubusercontent.com/infrastructureclub/open-house-london-images/master/images/2026/2865/building_2865_cth-entrance-staircase_7f21f2bd0b7ec983844128437abe5df4.jpg",
                        "title": "Chiswick Town Hall"
                    },
                    {
                        "archive_url": "https://raw.githubusercontent.com/infrastructureclub/open-house-london-images/master/images/2026/2865/building_2865_cth-main-hall_648128e3bb66a7351671f18c5413df0c.jpg",
                        "title": "Chiswick Town Hall"
                    },
                    {
                        "archive_url": "https://raw.githubusercontent.com/infrastructureclub/open-house-london-images/master/images/2026/2865/building_2865_cth-main-hall-ceiling_d1453d2a2a847792dc7ead05fd913593.jpg",
                        "title": "Chiswick Town Hall"
                    },
                    {
                        "archive_url": "https://raw.githubusercontent.com/infrastructureclub/open-house-london-images/master/images/2026/2865/building_2865_img20230726131400-002-cth-front_a2cb18abd43f3a9ca8b265e2ba69b909.jpg",
                        "title": "Chiswick Town Hall"
                    }
                ],
                "name": "Chiswick Town Hall",
                "new_venue_this_year": "No",
                "start": "11:30:00",
                "ticketed_events": "Yes",
                "url": "https://programme.openhouse.org.uk/listings/2865"
            },
            "type": "Feature"
        },
        {
            "geometry": {
                "coordinates": [
                    -0.08195,
                    51.51548
                ],
                "type": "Point"
            },
            "properties": {
                "balloted": "No",
                "description": "Small late 14C church largely destroyed by a bomb in 1993. Restored as a centre for reconciliation and peace using Medieval building techniques and original materials. Unique Bedouin tent in peace garden.",
                "end": "17:30:00",
                "fully_booked": "No",
                "images": [
                    {
                        "archive_url": "https://raw.githubusercontent.com/infrastructureclub/open-house-london-images/master/images/2026/3002/building_3002_carlos-picture-march-2003-b_014ba14b84ca61d5ce53f7aaa8bb493a.jpg",
                        "title": "Chen Lu"
                    },
                    {
                        "archive_url": "https://raw.githubusercontent.com/infrastructureclub/open-house-london-images/master/images/2026/3002/building_3002_st-ethelburgas-tent_e1965364ba27b439c952e72ae78f0aba.jpg",
                        "title": "Chen Lu"
                    },
                    {
                        "archive_url": "https://raw.githubusercontent.com/infrastructureclub/open-house-london-images/master/images/2026/3002/building_3002_tent-interior-warm_736f39c9edd02949509fd400fa49db8b.jpg",
                        "title": "Chen Lu"
                    },
                    {
                        "archive_url": "https://raw.githubusercontent.com/infrastructureclub/open-house-london-images/master/images/2026/3002/building_3002_the-nave-interior_7dd26efc322aaec4803076b7cd634028.jpg",
                        "title": "Chen Lu"
                    }
                ],
                "name": "St Ethelburga's Centre for Reconciliation and Peace",
                "new_venue_this_year": "No",
                "start": "11:00:00",
                "ticketed_events": "Yes",
                "url": "https://programme.openhouse.org.uk/listings/3002"
            },
            "type": "Feature"
        },
        {
            "geometry": {
                "coordinates": [
                    -0.13075,
                    51.52727
                ],
                "type": "Point"
            },
            "properties": {
                "balloted": "No",
                "description": "The church (1822 - Grade I listed) is an early and important example of Greek Revival architecture in London. Significant features include the caryatids and tower copied from models in Athens, and the atmospheric crypt.",
                "end": "15:15:00",
                "fully_booked": "",
                "images": [
                    {
                        "archive_url": "https://raw.githubusercontent.com/infrastructureclub/open-house-london-images/master/images/2026/3678/building_3678_untitled-design-1_6e928cad7b9552ae8c92d3384d37a1f8.png",
                        "title": "Photo of St Pancras Church & Crypt"
                    },
                    {
                        "archive_url": "https://raw.githubusercontent.com/infrastructureclub/open-house-london-images/master/images/2026/3678/building_3678_crypt-edited_96b2a45506ab10a88b8d867af8b1f0ca.jpg",
                        "title": "Photo of St Pancras Church & Crypt"
                    },
                    {
                        "archive_url": "https://raw.githubusercontent.com/infrastructureclub/open-house-london-images/master/images/2026/3678/building_3678_untitled-design-2_179538f69d1dd8bc695771f63af64d61.png",
                        "title": "Photo of St Pancras Church & Crypt"
                    }
                ],
                "name": "St Pancras Church & Crypt",
                "new_venue_this_year": "No",
                "start": "10:00:00",
                "ticketed_events": "No",
                "url": "https://programme.openhouse.org.uk/listings/3678"
            },
            "type": "Feature"
        },
        {
            "geometry": {
                "coordinates": [
                    -0.01599,
                    51.45567
                ],
                "type": "Point"
            },
            "properties": {
                "balloted": "No",
                "description": "The church was rebuilt in late 15th century with some of that work still remaining to this day.\t\t\t\t\t\t\t\r\nDuring the Festival there will be opportunities to self-guide or to join a group tour which will include access to restricted areas such as the crypt and tower. These last about 30 min and will start on each hour with the last starting at 3 pm",
                "end": "16:00:00",
                "fully_booked": "",
                "images": [
                    {
                        "archive_url": "https://raw.githubusercontent.com/infrastructureclub/open-house-london-images/master/images/2026/5160/building_5160_st-mary-the-virgin_08b2a4ec02b39a4d98875cf5f20a47a7.jpg",
                        "title": "Mark Symons"
                    }
                ],
                "name": "Parish Church of St Mary The Virgin Lewisham",
                "new_venue_this_year": "Yes",
                "start": "12:00:00",
                "ticketed_events": "No",
                "url": "https://programme.openhouse.org.uk/listings/5160"
            },
            "type": "Feature"
        },
        {
            "geometry": {
                "coordinates": [
                    -0.128,
                    51.52165
                ],
                "type": "Point"
            },
            "properties": {
                "balloted": "No",
                "description": "The Wiener Holocaust Library is one of the world’s leading and most extensive archives on the Holocaust. \r\nFrom 1939 to 1945, 20 million individuals were exploited as slave and forced labourers by the Nazi regime. Our latest exhibition 'Nazi Slave Labour: Perpetrators and Victims' explores how perpetrators profited off and exploited slave labourers, alongside the first-hand stories of the victims.",
                "end": "17:00:00",
                "fully_booked": "No",
                "images": [
                    {
                        "archive_url": "https://raw.githubusercontent.com/infrastructureclub/open-house-london-images/master/images/2026/5343/building_5343_front-2013-001_6ef064f3dd6b5ede8dcc3f5318b5fb80.jpg",
                        "title": "The Wiener Library"
                    },
                    {
                        "archive_url": "https://raw.githubusercontent.com/infrastructureclub/open-house-london-images/master/images/2026/5343/building_5343_dsc06227edit_8a467dbda2f011dfbca62ea43511a097.jpg",
                        "title": "Photo of Wiener Holocaust Library"
                    },
                    {
                        "archive_url": "https://raw.githubusercontent.com/infrastructureclub/open-house-london-images/master/images/2026/5343/building_5343_screenshot-2024-05-22-122044_dee5c2024087a43d381d6cea9b057ff5.png",
                        "title": "Photo of Wiener Holocaust Library"
                    },
                    {
                        "archive_url": "https://raw.githubusercontent.com/infrastructureclub/open-house-london-images/master/images/2026/5343/building_5343_screenshot-2025-07-23-164312_dd96ca49adff84063572cc552bf78dcc.png",
                        "title": "Photo of Wiener Holocaust Library"
                    },
                    {
                        "archive_url": "https://raw.githubusercontent.com/infrastructureclub/open-house-london-images/master/images/2026/5343/building_5343_screenshot-2025-07-23-164445_f8ab1520960dbcbde64635bbb93fbfa5.png",
                        "title": "Photo of Wiener Holocaust Library"
                    }
                ],
                "name": "Wiener Holocaust Library",
                "new_venue_this_year": "No",
                "start": "10:00:00",
                "ticketed_events": "Yes",
                "url": "https://programme.openhouse.org.uk/listings/5343"
            },
            "type": "Feature"
        },
        {
            "geometry": {
                "coordinates": [
                    -0.03039,
                    51.5107
                ],
                "type": "Point"
            },
            "properties": {
                "balloted": "No",
                "description": "St Anne's Limehouse has been described as 'the finest parish church in England.' Designed by Nicholas Hawksmoor, it is Grade I listed and one of the Major Churches in the Church of England. It is home to a thriving Christian congregation.",
                "end": "16:00:00",
                "fully_booked": "No",
                "images": [
                    {
                        "archive_url": "https://raw.githubusercontent.com/infrastructureclub/open-house-london-images/master/images/2026/6270/building_6270_churchandpyramid_ec44e4b75c727ae4fede91807bff6b57.jpg",
                        "title": "St Anne's Limehouse"
                    },
                    {
                        "archive_url": "https://raw.githubusercontent.com/infrastructureclub/open-house-london-images/master/images/2026/6270/building_6270_image1_1d815f5203b13c31f9efb3223ed33e58.jpeg",
                        "title": "Greywolf Studios London"
                    },
                    {
                        "archive_url": "https://raw.githubusercontent.com/infrastructureclub/open-house-london-images/master/images/2026/6270/building_6270_2-2_e1ba49d4d5ec2bbcfcc33dd6a7eb2a8b.jpg",
                        "title": "Photo of St Anne's Church, Limehouse"
                    },
                    {
                        "archive_url": "https://raw.githubusercontent.com/infrastructureclub/open-house-london-images/master/images/2026/6270/building_6270_1000043947_23fd6baf8ef3ee741bd6105a49f5eb50.jpg",
                        "title": "Photo of St Anne's Church, Limehouse"
                    }
                ],
                "name": "St Anne's Church, Limehouse",
                "new_venue_this_year": "No",
                "start": "10:00:00",
                "ticketed_events": "Yes",
                "url": "https://programme.openhouse.org.uk/listings/6270"
            },
            "type": "Feature"
        },
        {
            "geometry": {
                "coordinates": [
                    -0.13826,
                    51.51895
                ],
                "type": "Point"
            },
            "properties": {
                "balloted": "No",
                "description": "Loughborough Pearson's red brick building is unimposing from the outside, but inside is a riot of Gothic Revival design. Golden mosaics reveal the character of the Grade II* listed chapel, built as part of the Middlesex Hospital.",
                "end": "18:00:00",
                "fully_booked": "",
                "images": [
                    {
                        "archive_url": "https://raw.githubusercontent.com/infrastructureclub/open-house-london-images/master/images/2026/6534/building_6534_dsc_4004_b7259ee15bdec13d50a055d763a41b47.jpg",
                        "title": "Tareq Mooradun"
                    },
                    {
                        "archive_url": "https://raw.githubusercontent.com/infrastructureclub/open-house-london-images/master/images/2026/6534/building_6534_dsc_3989_281329c1b0e48f73a07a582c2db52299.jpg",
                        "title": "Tareq Mooradun"
                    },
                    {
                        "archive_url": "https://raw.githubusercontent.com/infrastructureclub/open-house-london-images/master/images/2026/6534/building_6534_dsc_4011_3691ddb616aa40c276d8544b704aed19.jpg",
                        "title": "Tareq Mooradun"
                    },
                    {
                        "archive_url": "https://raw.githubusercontent.com/infrastructureclub/open-house-london-images/master/images/2026/6534/building_6534_dsc_4088_85166f6539671e84ded3e068b09d8631.jpg",
                        "title": "Tareq Mooradun"
                    }
                ],
                "name": "Fitzrovia Chapel",
                "new_venue_this_year": "No",
                "start": "11:00:00",
                "ticketed_events": "No",
                "url": "https://programme.openhouse.org.uk/listings/6534"
            },
            "type": "Feature"
        },
        {
            "geometry": {
                "coordinates": [
                    -0.1315686,
                    51.5195747
                ],
                "type": "Point"
            },
            "properties": {
                "balloted": "No",
                "description": "Explore the Building Centre, a landmark home for architecture and the built environment in the heart of London. Discover its distinctive modernist spaces, public galleries and exhibitions, and learn how the building has brought together architects, designers, makers and city-shapers for more than 90 years.",
                "end": "18:00:00",
                "fully_booked": "",
                "images": [
                    {
                        "archive_url": "https://raw.githubusercontent.com/infrastructureclub/open-house-london-images/master/images/2026/6536/building_6536_01-small-file_0ea81a4f4ddcd56ccb4db75692db1e8b.jpg",
                        "title": "Photo of The Building Centre"
                    }
                ],
                "name": "The Building Centre",
                "new_venue_this_year": "Yes",
                "start": "10:00:00",
                "ticketed_events": "No",
                "url": "https://programme.openhouse.org.uk/listings/6536"
            },
            "type": "Feature"
        },
        {
            "geometry": {
                "coordinates": [
                    -0.12899,
                    51.49855
                ],
                "type": "Point"
            },
            "properties": {
                "balloted": "No",
                "description": "UNESCO World Heritage site dating from 11th century including stunning examples of Gothic and Medieval architecture and many hidden treasures.",
                "end": "20:00:00",
                "fully_booked": "Yes",
                "images": [
                    {
                        "archive_url": "https://raw.githubusercontent.com/infrastructureclub/open-house-london-images/master/images/2026/7863/building_7863_henry-vii-chapel-2013-with-new-organ-dl-300-westminster-abbey-copyright_f25666e8ad09870a096c2efa067bc292.jpg",
                        "title": "Photo of Westminster Abbey – East End"
                    },
                    {
                        "archive_url": "https://raw.githubusercontent.com/infrastructureclub/open-house-london-images/master/images/2026/7863/building_7863_poets-corner-east-aisle-dl-300-westminster-abbey-copyright-3_036aba03a83e7909c3ffb88134de6310.jpg",
                        "title": "Photo of Westminster Abbey – East End"
                    }
                ],
                "name": "Westminster Abbey – East End",
                "new_venue_this_year": "No",
                "start": "18:30:00",
                "ticketed_events": "Yes",
                "url": "https://programme.openhouse.org.uk/listings/7863"
            },
            "type": "Feature"
        },
        {
            "geometry": {
                "coordinates": [
                    -0.13857,
                    51.51759
                ],
                "type": "Point"
            },
            "properties": {
                "balloted": "No",
                "description": "Underground museum. Interior design by Sam Jacobs Studio. Design concept influenced by cartoon and comic narrative techniques.",
                "end": "14:45:00",
                "fully_booked": "Yes",
                "images": [
                    {
                        "archive_url": "https://raw.githubusercontent.com/infrastructureclub/open-house-london-images/master/images/2026/8790/building_8790_cartoon-museum-front-1_ad9f7ff4ffd810c382a6bcc26a23ab41.jpg",
                        "title": "Photo of The Cartoon Museum"
                    },
                    {
                        "archive_url": "https://raw.githubusercontent.com/infrastructureclub/open-house-london-images/master/images/2026/8790/building_8790_cartoonmuseum_sjs-jimstephenson-20-midres-1024x0-c-default_e40fec3c13c3cbb52357c7612b7f6af2.jpg",
                        "title": "The Cartoon Museum"
                    },
                    {
                        "archive_url": "https://raw.githubusercontent.com/infrastructureclub/open-house-london-images/master/images/2026/8790/building_8790_cartoonmuseum_sjs-jimstephenson-60-webres_c8b626dc0eb79860e7992845b3afdd7f.jpg",
                        "title": "The Cartoon Museum"
                    },
                    {
                        "archive_url": "https://raw.githubusercontent.com/infrastructureclub/open-house-london-images/master/images/2026/8790/building_8790_120326-cm-sb-event-15_7f6cf9fe59773004a1e1a97c4d3fe861.jpg",
                        "title": "Photo of The Cartoon Museum"
                    }
                ],
                "name": "The Cartoon Museum",
                "new_venue_this_year": "No",
                "start": "14:00:00",
                "ticketed_events": "Yes",
                "url": "https://programme.openhouse.org.uk/listings/8790"
            },
            "type": "Feature"
        },
        {
            "geometry": {
                "coordinates": [
                    -0.33713,
                    51.47507
                ],
                "type": "Point"
            },
            "properties": {
                "balloted": "No",
                "description": "Centred on Spring Grove House, once Sir Joseph Banks home, the 1850s vision was for a neighbourhood with grand villas designed by John Taylor Jr.. Today's  wider architecture includes a former college by John Norton & P Massey, plus quirky arts & crafts properties.",
                "end": "16:15:00",
                "fully_booked": "No",
                "images": [
                    {
                        "archive_url": "https://raw.githubusercontent.com/infrastructureclub/open-house-london-images/master/images/2026/9032/building_9032_lancaster-house_23a08ddc8c6cf414ce7bdf4876f0624e.jpg",
                        "title": "Exploring Spring Grove Isleworth"
                    }
                ],
                "name": "Exploring Spring Grove Isleworth",
                "new_venue_this_year": "No",
                "start": "14:30:00",
                "ticketed_events": "Yes",
                "url": "https://programme.openhouse.org.uk/listings/9032"
            },
            "type": "Feature"
        },
        {
            "geometry": {
                "coordinates": [
                    -0.10554,
                    51.51376
                ],
                "type": "Point"
            },
            "properties": {
                "balloted": "No",
                "description": "Wren designed building of 1675, interior lost in blitz of 1940, reopened 1957 with 'Wren inspired' interior",
                "end": "20:00:00",
                "fully_booked": "",
                "images": [
                    {
                        "archive_url": "https://raw.githubusercontent.com/infrastructureclub/open-house-london-images/master/images/2026/10035/building_10035_saint-brides-slater-king-354_bb8f07c9db1f49a68fbe0607f358d945.jpg",
                        "title": "Slater King"
                    },
                    {
                        "archive_url": "https://raw.githubusercontent.com/infrastructureclub/open-house-london-images/master/images/2026/10035/building_10035__dsc5779_cd3d912e5447e35e717d236627d51849.jpg",
                        "title": "John Lamb"
                    },
                    {
                        "archive_url": "https://raw.githubusercontent.com/infrastructureclub/open-house-london-images/master/images/2026/10035/building_10035__dsc5914_179a1c91dd4d40e08e3a1850fa0f390c.jpg",
                        "title": "John Lamb"
                    },
                    {
                        "archive_url": "https://raw.githubusercontent.com/infrastructureclub/open-house-london-images/master/images/2026/10035/building_10035_saint-brides-slater-king-418_c22f6b0ed23f0c5ed4d2af75a40e3446.jpg",
                        "title": "Slater King"
                    },
                    {
                        "archive_url": "https://raw.githubusercontent.com/infrastructureclub/open-house-london-images/master/images/2026/10035/building_10035_saint-brides-slater-king-337_46871a9de60eca0f2b50cb5dbc1b3314.jpg",
                        "title": "Slater King"
                    },
                    {
                        "archive_url": "https://raw.githubusercontent.com/infrastructureclub/open-house-london-images/master/images/2026/10035/building_10035_saint-brides-slater-king-370_d2eda4854bb80af0cf057fca1dbc9b38.jpg",
                        "title": "Slater King"
                    }
                ],
                "name": "St Bride's Church, Fleet Street",
                "new_venue_this_year": "No",
                "start": "17:00:00",
                "ticketed_events": "No",
                "url": "https://programme.openhouse.org.uk/listings/10035"
            },
            "type": "Feature"
        },
        {
            "geometry": {
                "coordinates": [
                    -0.17157,
                    51.5311
                ],
                "type": "Point"
            },
            "properties": {
                "balloted": "No",
                "description": "The walk crosses the Boundary Road which divides Westminster and Camden and focuses on projects that represent ground-breaking trends in architecture of 1960-70s while also reflecting on the era's passing and its long-lasting influences.",
                "end": "12:30:00",
                "fully_booked": "Yes",
                "images": [
                    {
                        "archive_url": "https://raw.githubusercontent.com/infrastructureclub/open-house-london-images/master/images/2026/11303/building_11303_66728e32-4031-4b52-a636-f4becdbce75c_0c935896721eecc825d63779848d6c52.jpeg",
                        "title": "Tobias Hauser"
                    }
                ],
                "name": "Crossing the Boundary, breaking the ground",
                "new_venue_this_year": "No",
                "start": "10:30:00",
                "ticketed_events": "Yes",
                "url": "https://programme.openhouse.org.uk/listings/11303"
            },
            "type": "Feature"
        },
        {
            "geometry": {
                "coordinates": [
                    -0.17548,
                    51.50481
                ],
                "type": "Point"
            },
            "properties": {
                "balloted": "No",
                "description": "A floating acoustic architecture, playfully reframing public space as an essential community engagement through sound & site mapping. Accessed by smartphone, headphones & echoes.xyz app, the Pavilion is located outside the Serpentine Gallery,. Drawing on Oskar & Zofia Hansen’s Open Form architectural concept it is one of 15 in a series including Venice, Berlin, Dublin, Bergen and Arctic Norway.",
                "end": "19:30:00",
                "fully_booked": "",
                "images": [
                    {
                        "archive_url": "https://raw.githubusercontent.com/infrastructureclub/open-house-london-images/master/images/2026/11855/building_11855_london-open-form-pavilion-of-air-design-and-presentation_214cd30ce7ca5d941be727d86f2eb973.jpg",
                        "title": "Photo of London Open Form Pavilion of Air"
                    },
                    {
                        "archive_url": "https://raw.githubusercontent.com/infrastructureclub/open-house-london-images/master/images/2026/11855/building_11855_qr-code-london-open-form-pavilion-of-air-1_a87bb30e72967aa06b4470ab2e37b0d2.jpg",
                        "title": "Photo of London Open Form Pavilion of Air"
                    },
                    {
                        "archive_url": "https://raw.githubusercontent.com/infrastructureclub/open-house-london-images/master/images/2026/11855/building_11855_london-open-form-pavilion-of-air-design-and-presentation-05cd1c-map_7029344be6f1bc2ee855960aa0b17686.jpg",
                        "title": "Photo of London Open Form Pavilion of Air"
                    }
                ],
                "name": "London Open Form Pavilion of Air",
                "new_venue_this_year": "No",
                "start": "06:00:00",
                "ticketed_events": "No",
                "url": "https://programme.openhouse.org.uk/listings/11855"
            },
            "type": "Feature"
        },
        {
            "geometry": {
                "coordinates": [
                    -0.05552,
                    51.54152
                ],
                "type": "Point"
            },
            "properties": {
                "balloted": "No",
                "description": "Morris+Company is an award-winning architecture practice based in Hackney, east London. We have applied circular economy principles to the retrofit of our own studio, gallery and café space on Mare Street, reducing waste, reusing materials, and designing for longevity.  Through our public exhibition and event programme we place the creative ‘act’ of architecture onto the high street.",
                "end": "16:00:00",
                "fully_booked": "No",
                "images": [
                    {
                        "archive_url": "https://raw.githubusercontent.com/infrastructureclub/open-house-london-images/master/images/2026/12130/building_12130_230731_open-house_image_5d457e7b38b93820d7f9fddc584f071e.jpg",
                        "title": "Photo of Morris+Company | ‘The Circular City Starts With Community’"
                    },
                    {
                        "archive_url": "https://raw.githubusercontent.com/infrastructureclub/open-house-london-images/master/images/2026/12130/building_12130_121202_elly_restaurant_006_c4fb583ce61169ef4f02603f20bbf8f9.jpg",
                        "title": "Photo of Morris+Company | ‘The Circular City Starts With Community’"
                    }
                ],
                "name": "Morris+Company | ‘The Circular City Starts With Community’",
                "new_venue_this_year": "No",
                "start": "10:00:00",
                "ticketed_events": "Yes",
                "url": "https://programme.openhouse.org.uk/listings/12130"
            },
            "type": "Feature"
        },
        {
            "geometry": {
                "coordinates": [
                    -0.10004,
                    51.51749
                ],
                "type": "Point"
            },
            "properties": {
                "balloted": "No",
                "description": "The Grade I listed North Wing at St Bartholomew’s Hospital in the City of London houses two of England’s most important interiors, the Great Hall, and the Hogarth Stair with its large paintings by William Hogarth. The hospital was designed by architect James Gibbs and construction of the North Wing was completed in 1732.",
                "end": "19:00:00",
                "fully_booked": "No",
                "images": [
                    {
                        "archive_url": "https://raw.githubusercontent.com/infrastructureclub/open-house-london-images/master/images/2026/12400/building_12400_284913-matthewandrews2025_panorama_771b7f40d0d4a19427308b9d6c7258a9.jpg",
                        "title": "Caroline Hamson"
                    },
                    {
                        "archive_url": "https://raw.githubusercontent.com/infrastructureclub/open-house-london-images/master/images/2026/12400/building_12400_335750-matthewandrews2026_panorama_7d9abe4cf1cdaa549009dde5be7b9aab.jpg",
                        "title": "Caroline Hamson"
                    }
                ],
                "name": "St Bartholomew's Hospital",
                "new_venue_this_year": "No",
                "start": "10:00:00",
                "ticketed_events": "Yes",
                "url": "https://programme.openhouse.org.uk/listings/12400"
            },
            "type": "Feature"
        },
        {
            "geometry": {
                "coordinates": [
                    -0.15707,
                    51.43028
                ],
                "type": "Point"
            },
            "properties": {
                "balloted": "No",
                "description": "A Gothic revival church of cathedral proportions completed in 1906 by Temple Moore with Italian baroque features from Bologna and Florence. Excellent acoustic design has enabled recordings from London Chamber Choir, Paul McCartney's tribute to Linda, Pavarotti, Placido Domingo, and many more!",
                "end": "12:00:00",
                "fully_booked": "",
                "images": [
                    {
                        "archive_url": "https://raw.githubusercontent.com/infrastructureclub/open-house-london-images/master/images/2026/12429/building_12429_asc_03dc4301b5be64138b55d3f3702a5fc8.jpeg",
                        "title": "Photo of All Saints Church, Tooting"
                    }
                ],
                "name": "All Saints Church, Tooting",
                "new_venue_this_year": "No",
                "start": "10:00:00",
                "ticketed_events": "No",
                "url": "https://programme.openhouse.org.uk/listings/12429"
            },
            "type": "Feature"
        },
        {
            "geometry": {
                "coordinates": [
                    -0.12107,
                    51.60712
                ],
                "type": "Point"
            },
            "properties": {
                "balloted": "No",
                "description": "Shaftesbury Hall is a Tin Tabernacle  rebuilt by North London Samaritans in 2018 to replicate the original Hall built in the 1890s.\r\nIt has been owned by North London Samaritans for 50 years and since the rebuild is used as a Community Hub, with our branch of Samaritans at the rear.",
                "end": "12:30:00",
                "fully_booked": "",
                "images": [
                    {
                        "archive_url": "https://raw.githubusercontent.com/infrastructureclub/open-house-london-images/master/images/2026/12442/building_12442_img_20181103_155714_7371095f839adf9ea28e429e9d6beac6.jpg",
                        "title": "North London Samaritans"
                    },
                    {
                        "archive_url": "https://raw.githubusercontent.com/infrastructureclub/open-house-london-images/master/images/2026/12442/building_12442_mulroy_shaftesbury-hall_05_7339df8a03362e4d7ce31849f25a08b6.jpg",
                        "title": "North London Samaritans"
                    }
                ],
                "name": "Shaftesbury Hall",
                "new_venue_this_year": "No",
                "start": "10:00:00",
                "ticketed_events": "No",
                "url": "https://programme.openhouse.org.uk/listings/12442"
            },
            "type": "Feature"
        },
        {
            "geometry": {
                "coordinates": [
                    -0.10075,
                    51.37522
                ],
                "type": "Point"
            },
            "properties": {
                "balloted": "No",
                "description": "The Croydon Urban Room is a space to talk about the past, present and future of the Croydon town centre. Through conversa­tions, stories, exhibitions and events, the Urban Room brings together the views of those who live, work and visit the area to create a shared vision of the future and test new uses live in action.",
                "end": "16:00:00",
                "fully_booked": "",
                "images": [
                    {
                        "archive_url": "https://raw.githubusercontent.com/infrastructureclub/open-house-london-images/master/images/2026/12687/building_12687_1721246551928_a6d64c6db9d8edb6a0b069318bba4114.jfif",
                        "title": "Photo of Croydon Urban Room"
                    },
                    {
                        "archive_url": "https://raw.githubusercontent.com/infrastructureclub/open-house-london-images/master/images/2026/12687/building_12687_1721246553512_33b438725887eb97a2f260ce2d7bf8ef.jfif",
                        "title": "Photo of Croydon Urban Room"
                    },
                    {
                        "archive_url": "https://raw.githubusercontent.com/infrastructureclub/open-house-london-images/master/images/2026/12687/building_12687_1721246552001_e5541502caba6c4888613ef99bd1082f.jfif",
                        "title": "Photo of Croydon Urban Room"
                    }
                ],
                "name": "Croydon Urban Room",
                "new_venue_this_year": "No",
                "start": "10:00:00",
                "ticketed_events": "No",
                "url": "https://programme.openhouse.org.uk/listings/12687"
            },
            "type": "Feature"
        },
        {
            "geometry": {
                "coordinates": [
                    -0.14246,
                    51.51756
                ],
                "type": "Point"
            },
            "properties": {
                "balloted": "No",
                "description": "London is the world's first National Park City, and our visitors centre at 80 Mortimer Street is the entry point to hundreds of places to visit and things to do across a greener, healthier and wilder London.",
                "end": "18:00:00",
                "fully_booked": "No",
                "images": [
                    {
                        "archive_url": "https://raw.githubusercontent.com/infrastructureclub/open-house-london-images/master/images/2026/12692/building_12692_80_mortimer-street_412b139bc6dff7cd04f794b2e49a187c.jpg",
                        "title": "Photo of London National Park City Visitors Centre"
                    },
                    {
                        "archive_url": "https://raw.githubusercontent.com/infrastructureclub/open-house-london-images/master/images/2026/12692/building_12692_rangers_summit_18nov23_1600x800_1fe0c19fca59274ed40f31c7c3d09896.jpg",
                        "title": "Photo of London National Park City Visitors Centre"
                    }
                ],
                "name": "London National Park City Visitors Centre",
                "new_venue_this_year": "No",
                "start": "10:00:00",
                "ticketed_events": "Yes",
                "url": "https://programme.openhouse.org.uk/listings/12692"
            },
            "type": "Feature"
        },
        {
            "geometry": {
                "coordinates": [
                    -0.09209,
                    51.54868
                ],
                "type": "Point"
            },
            "properties": {
                "balloted": "No",
                "description": "This walking tour will follow the course one of the earliest public infrastructure projects in London, the 400 year old New River aqueduct. Explore a history of innovative public housing developments in one of the most densely populated parts of London and end at New River Head, a striking example of public utility architecture now being repurposed for arts and culture.",
                "end": "16:00:00",
                "fully_booked": "Yes",
                "images": [
                    {
                        "archive_url": "https://raw.githubusercontent.com/infrastructureclub/open-house-london-images/master/images/2026/12746/building_12746_img_20240601_154251_73b6cf77c2ad167afc64401242a71508.jpg",
                        "title": "Adrian Harper"
                    },
                    {
                        "archive_url": "https://raw.githubusercontent.com/infrastructureclub/open-house-london-images/master/images/2026/12746/building_12746_img_20240601_154014_b3ac2a7030369a6bdf7c861439b4d202.jpg",
                        "title": "Adrian Harper"
                    }
                ],
                "name": "Islington New River walking tour",
                "new_venue_this_year": "No",
                "start": "13:30:00",
                "ticketed_events": "Yes",
                "url": "https://programme.openhouse.org.uk/listings/12746"
            },
            "type": "Feature"
        },
        {
            "geometry": {
                "coordinates": [
                    -0.32577,
                    51.53539
                ],
                "type": "Point"
            },
            "properties": {
                "balloted": "No",
                "description": "We are a theatre company for performers and artists with learning disabilities in the West London area. We will put on an exhibition of artworks and costumes at our Community Arts Centre.",
                "end": "16:00:00",
                "fully_booked": "",
                "images": [
                    {
                        "archive_url": "https://raw.githubusercontent.com/infrastructureclub/open-house-london-images/master/images/2026/12809/building_12809_exhibition_65bd7051a3d0902c96cc1a6d8b941587.jpg",
                        "title": "Photo of IMPACT Community Arts Centre"
                    },
                    {
                        "archive_url": "https://raw.githubusercontent.com/infrastructureclub/open-house-london-images/master/images/2026/12809/building_12809_costume_2d16855d40192d47efd07e978f512dce.jpg",
                        "title": "Photo of IMPACT Community Arts Centre"
                    }
                ],
                "name": "IMPACT Community Arts Centre",
                "new_venue_this_year": "No",
                "start": "10:00:00",
                "ticketed_events": "No",
                "url": "https://programme.openhouse.org.uk/listings/12809"
            },
            "type": "Feature"
        },
        {
            "geometry": {
                "coordinates": [
                    -0.13186,
                    51.5124
                ],
                "type": "Point"
            },
            "properties": {
                "balloted": "No",
                "description": "Start your exploration of the Open House Soho Neighbourhood with a shot of coffee, a refreshing cold drink and a bite to eat.  Explore our timeline of Soho, and our existing display on the church's history.   Relax in our calm and welcoming gardens.",
                "end": "18:00:00",
                "fully_booked": "",
                "images": [
                    {
                        "archive_url": "https://raw.githubusercontent.com/infrastructureclub/open-house-london-images/master/images/2026/12938/building_12938_sacred_grounds_f2c41ce07f97ca90f3d4f726d3fd0d70.png",
                        "title": "Photo of Sacred Grounds / St Anne's Church and Garden"
                    }
                ],
                "name": "Sacred Grounds / St Anne's Church and Garden",
                "new_venue_this_year": "No",
                "start": "10:00:00",
                "ticketed_events": "No",
                "url": "https://programme.openhouse.org.uk/listings/12938"
            },
            "type": "Feature"
        },
        {
            "geometry": {
                "coordinates": [
                    -0.16263,
                    51.54221
                ],
                "type": "Point"
            },
            "properties": {
                "balloted": "No",
                "description": "St Mary's is a Victorian church famous for its second vicar Percy Dearmer who together with Ralph Vaughn Williams produced the English Hymnal in 1906.  We have a rich history of Church Music, beautiful worship and  vestments.  We also have a passion for  social justice within our community.  We were the first parish in Edmonton Diocese to have a woman vicar.",
                "end": "18:00:00",
                "fully_booked": "",
                "images": [
                    {
                        "archive_url": "https://raw.githubusercontent.com/infrastructureclub/open-house-london-images/master/images/2026/13007/building_13007_1553c5b59f3f61255107640210fd9f62_5e2059770ea35b45b8c321b3a2e92318.jpg",
                        "title": "Photo of St Mary the Virgin Primrose Hill"
                    },
                    {
                        "archive_url": "https://raw.githubusercontent.com/infrastructureclub/open-house-london-images/master/images/2026/13007/building_13007_a1bd6252ad1b26f90cd4f543c9a14b6b_ccdf5dfc7dab6b2da7344672bb754994.jpg",
                        "title": "Photo of St Mary the Virgin Primrose Hill"
                    },
                    {
                        "archive_url": "https://raw.githubusercontent.com/infrastructureclub/open-house-london-images/master/images/2026/13007/building_13007_86b47c2f696df230b30ddcb1408f50c1_c8281333c47768fd078a8842e6c17770.jpg",
                        "title": "Photo of St Mary the Virgin Primrose Hill"
                    },
                    {
                        "archive_url": "https://raw.githubusercontent.com/infrastructureclub/open-house-london-images/master/images/2026/13007/building_13007_8ad645bcb4ed64a0e959e4ddd7037dd5_f63ffc2e109553ec287cf4ce25603544.jpg",
                        "title": "Photo of St Mary the Virgin Primrose Hill"
                    },
                    {
                        "archive_url": "https://raw.githubusercontent.com/infrastructureclub/open-house-london-images/master/images/2026/13007/building_13007_20180405_114638_28825122d9ecb1f6e32e427728539b7b.jpg",
                        "title": "Photo of St Mary the Virgin Primrose Hill"
                    },
                    {
                        "archive_url": "https://raw.githubusercontent.com/infrastructureclub/open-house-london-images/master/images/2026/13007/building_13007_dan_4583_f212d121e50fafe8abf7f2c145d1ef82.jpg",
                        "title": "Photo of St Mary the Virgin Primrose Hill"
                    }
                ],
                "name": "St Mary the Virgin Primrose Hill",
                "new_venue_this_year": "No",
                "start": "09:00:00",
                "ticketed_events": "No",
                "url": "https://programme.openhouse.org.uk/listings/13007"
            },
            "type": "Feature"
        },
        {
            "geometry": {
                "coordinates": [
                    -0.08352,
                    51.51276
                ],
                "type": "Point"
            },
            "properties": {
                "balloted": "No",
                "description": "A walk around places in the City you might recognise (or not) from the silver screen. Visit the impressive sites used in major films, including Harry Potter, Mission Impossible, James Bond, and many more.",
                "end": "19:00:00",
                "fully_booked": "Yes",
                "images": [
                    {
                        "archive_url": "https://raw.githubusercontent.com/infrastructureclub/open-house-london-images/master/images/2026/13040/building_13040_liz-c-at-thames-2022-niki-gorick-photography-4_2db139123cb695a0b45c1181729a7602.jpg",
                        "title": "Katherine Pearce"
                    }
                ],
                "name": "Film Locations of the City",
                "new_venue_this_year": "No",
                "start": "18:00:00",
                "ticketed_events": "Yes",
                "url": "https://programme.openhouse.org.uk/listings/13040"
            },
            "type": "Feature"
        },
        {
            "geometry": {
                "coordinates": [
                    -0.1,
                    51.50345
                ],
                "type": "Point"
            },
            "properties": {
                "balloted": "No",
                "description": "Resonance FM is a pioneering, non-profit community radio station, with a studio at 7 Risborough Street, Southwark, London. Broadcasting 24/7 on 104.4 FM, DAB, and online, it offers over 100 weekly shows created by volunteer engineers and programme-makers. The station champions free expression and artistic diversity, providing a platform for local and international voices across arts & culture.",
                "end": "11:00:00",
                "fully_booked": "No",
                "images": [
                    {
                        "archive_url": "https://raw.githubusercontent.com/infrastructureclub/open-house-london-images/master/images/2026/13049/building_13049_screenshot-2025-07-01-at-10-51-28_bb79a5b2e045cec798d84900af8fd743.png",
                        "title": "Photo of Resonance FM Studios"
                    },
                    {
                        "archive_url": "https://raw.githubusercontent.com/infrastructureclub/open-house-london-images/master/images/2026/13049/building_13049_img_9010_2657c70e93c2387ad0f4bc4913626603.jpg",
                        "title": "Photo of Resonance FM Studios"
                    }
                ],
                "name": "Resonance FM Studios",
                "new_venue_this_year": "Yes",
                "start": "10:00:00",
                "ticketed_events": "Yes",
                "url": "https://programme.openhouse.org.uk/listings/13049"
            },
            "type": "Feature"
        },
        {
            "geometry": {
                "coordinates": [
                    -0.10505,
                    51.52011
                ],
                "type": "Point"
            },
            "properties": {
                "balloted": "No",
                "description": "Working, sleeping, playing – the City of London is home to all sorts of activities after dark. This walking tour will explore buildings and spaces, well known and lesser-known, in darkness, and will tell the history of night-time in London. We will visit places where London works, sleeps and plays at night, and over the course of two hours will even see how night time activity shifts.",
                "end": "22:00:00",
                "fully_booked": "Yes",
                "images": [
                    {
                        "archive_url": "https://raw.githubusercontent.com/infrastructureclub/open-house-london-images/master/images/2026/13152/building_13152_img_0982_ccc39efa2240d0625292bdf1e21ca4a5.jpeg",
                        "title": "Hannah Adler"
                    },
                    {
                        "archive_url": "https://raw.githubusercontent.com/infrastructureclub/open-house-london-images/master/images/2026/13152/building_13152_img_0902_be7a6e7fdca6f1c98e906ac7c891fe98.jpeg",
                        "title": "Hannah Adler"
                    },
                    {
                        "archive_url": "https://raw.githubusercontent.com/infrastructureclub/open-house-london-images/master/images/2026/13152/building_13152_img_0901_9e9624255058b5728947792432923170.jpeg",
                        "title": "Hannah Adler"
                    }
                ],
                "name": "The City at night",
                "new_venue_this_year": "No",
                "start": "20:00:00",
                "ticketed_events": "Yes",
                "url": "https://programme.openhouse.org.uk/listings/13152"
            },
            "type": "Feature"
        },
        {
            "geometry": {
                "coordinates": [
                    -0.02052,
                    51.51203
                ],
                "type": "Point"
            },
            "properties": {
                "balloted": "No",
                "description": "Grade II Listed.   Designed by Adrian Gilbert Scott.  Cruciform shape (120 feet by 120 feet) of steel girder and brick construction. Its Lantern tower – based on Ely Cathedral – is supported on parabolic arches 35 feet wide and 50 feet high.  The Stained Glass Windows were designed by John Wilson of Edinburgh and the Stations of the Cross  carved in Blue Horton Stone by Peter Watts.",
                "end": "13:00:00",
                "fully_booked": "",
                "images": [
                    {
                        "archive_url": "https://raw.githubusercontent.com/infrastructureclub/open-house-london-images/master/images/2026/13253/building_13253_st-mary-st-joseph-rc-church-poplar_1_c-garrido_69fe391e814226a2b36f3a729164dd33.jpg",
                        "title": "Photo of St Mary & St Joseph Roman Catholic Church, Poplar"
                    },
                    {
                        "archive_url": "https://raw.githubusercontent.com/infrastructureclub/open-house-london-images/master/images/2026/13253/building_13253_poplar_st_mary_st_joseph_rc161113_2_81dc33bbb49f093edfd6e70ab82052bf.jpg",
                        "title": "Photo of St Mary & St Joseph Roman Catholic Church, Poplar"
                    },
                    {
                        "archive_url": "https://raw.githubusercontent.com/infrastructureclub/open-house-london-images/master/images/2026/13253/building_13253_st-mary-st-joseph-rc-church-poplar_2_c-garrido_6ef61d22b5ee5648e21ac29760f5c3da.jpg",
                        "title": "Photo of St Mary & St Joseph Roman Catholic Church, Poplar"
                    },
                    {
                        "archive_url": "https://raw.githubusercontent.com/infrastructureclub/open-house-london-images/master/images/2026/13253/building_13253_st-mary-st-joseph-rc-church-poplar_3_c-garrido_85d571032608ab92916a5e0a696b4de1.jpg",
                        "title": "Photo of St Mary & St Joseph Roman Catholic Church, Poplar"
                    },
                    {
                        "archive_url": "https://raw.githubusercontent.com/infrastructureclub/open-house-london-images/master/images/2026/13253/building_13253_church-interior-1-scaled-e1695941305485_65b08936351b54aa7137c540be5d1e04.jpg",
                        "title": "Photo of St Mary & St Joseph Roman Catholic Church, Poplar"
                    }
                ],
                "name": "St Mary & St Joseph Roman Catholic Church, Poplar",
                "new_venue_this_year": "No",
                "start": "10:00:00",
                "ticketed_events": "No",
                "url": "https://programme.openhouse.org.uk/listings/13253"
            },
            "type": "Feature"
        },
        {
            "geometry": {
                "coordinates": [
                    -0.13826,
                    51.51651
                ],
                "type": "Point"
            },
            "properties": {
                "balloted": "No",
                "description": "The Purpose of Light, Misan Harriman’s landmark photographic exhibition, bears witness to significant  moments, not with judgment or ideology, but with a deep and unflinching empathy for the human condition. Featuring 110 unique photographs, this exhibition is a call not for division, but for togetherness.",
                "end": "18:00:00",
                "fully_booked": "",
                "images": [
                    {
                        "archive_url": "https://raw.githubusercontent.com/infrastructureclub/open-house-london-images/master/images/2026/13445/building_13445_akiandmisan_d20ea15df753b35e64392faad27d938d.jpg",
                        "title": "Photo of The Purpose of Light: Exhibition by Misan Harriman"
                    },
                    {
                        "archive_url": "https://raw.githubusercontent.com/infrastructureclub/open-house-london-images/master/images/2026/13445/building_13445_power-near-parliament-sq-20th-of-june-2020_a0732383770c1b2511b75f654b300b0f.jpg",
                        "title": "Photo of The Purpose of Light: Exhibition by Misan Harriman"
                    }
                ],
                "name": "The Purpose of Light: Exhibition by Misan Harriman",
                "new_venue_this_year": "No",
                "start": "10:00:00",
                "ticketed_events": "No",
                "url": "https://programme.openhouse.org.uk/listings/13445"
            },
            "type": "Feature"
        },
        {
            "geometry": {
                "coordinates": [
                    -0.12588,
                    51.44044
                ],
                "type": "Point"
            },
            "properties": {
                "balloted": "No",
                "description": "As part of the Open House Festival, Streatham Hill Theatre stands out as a significant example of London’s theatrical heritage. Built in 1928–29, it was the final theatre designed by renowned architect W. G. R. Sprague. Opening in 1929, the venue hosted theatre, opera, ballet and variety performances until 1962, with a temporary closure between 1944 and 1950 due to wartime bomb damage.",
                "end": "16:00:00",
                "fully_booked": "",
                "images": [
                    {
                        "archive_url": "https://raw.githubusercontent.com/infrastructureclub/open-house-london-images/master/images/2026/13546/building_13546_ian-trayner_photographer-kingston-surrey_8509835_f1a30863a90b492cb0e57ebe8658766f.jpg",
                        "title": "Streatham Hill Theatre"
                    },
                    {
                        "archive_url": "https://raw.githubusercontent.com/infrastructureclub/open-house-london-images/master/images/2026/13546/building_13546_best-inside_17b1db3e5a98d7161c5d39b3c2ffc411.jpg",
                        "title": "Streatham Hill Theatre"
                    },
                    {
                        "archive_url": "https://raw.githubusercontent.com/infrastructureclub/open-house-london-images/master/images/2026/13546/building_13546_upstairs-foyer_3add42e5053946a569d2c4600d0fcdef.jpg",
                        "title": "Streatham Hill Theatre"
                    }
                ],
                "name": "Streatham Hill Theatre",
                "new_venue_this_year": "Yes",
                "start": "10:00:00",
                "ticketed_events": "No",
                "url": "https://programme.openhouse.org.uk/listings/13546"
            },
            "type": "Feature"
        },
        {
            "geometry": {
                "coordinates": [
                    -0.18379,
                    51.47832
                ],
                "type": "Point"
            },
            "properties": {
                "balloted": "No",
                "description": "The building of Worlds End Studios started life as a factory manufacturing machines for commercial baking ovens; it burned down and the remains were used as the foundations of what we know today.\r\nTwo young architects found the ruined site in 1974. They wanted to create a community workspace geared toward designers, one of the first of its kind, in London.",
                "end": "17:00:00",
                "fully_booked": "No",
                "images": [
                    {
                        "archive_url": "https://raw.githubusercontent.com/infrastructureclub/open-house-london-images/master/images/2026/13549/building_13549_wes_90q_403645009ca57db5ad5aabbf5e4f60ed.jpg",
                        "title": "Photo of Worlds End Studios"
                    },
                    {
                        "archive_url": "https://raw.githubusercontent.com/infrastructureclub/open-house-london-images/master/images/2026/13549/building_13549_old-elevation_a77e481fd9ac833277370220cf178590.jpg",
                        "title": "Photo of Worlds End Studios"
                    }
                ],
                "name": "Worlds End Studios",
                "new_venue_this_year": "Yes",
                "start": "11:00:00",
                "ticketed_events": "Yes",
                "url": "https://programme.openhouse.org.uk/listings/13549"
            },
            "type": "Feature"
        },
        {
            "geometry": {
                "coordinates": [
                    -0.09906,
                    51.51328
                ],
                "type": "Point"
            },
            "properties": {
                "balloted": "No",
                "description": "Buried treasures, banks and bullion…. Explore the legendary wealth of the City of London and its modern-day reputation as a global centre of finance. They used to say its streets were paved with gold... This guided walk explores the historic sources of the City's money, including livery companies, global trade and the development of the banking industry, and some of the ways that manifests today.",
                "end": "19:00:00",
                "fully_booked": "Yes",
                "images": [
                    {
                        "archive_url": "https://raw.githubusercontent.com/infrastructureclub/open-house-london-images/master/images/2026/13640/building_13640_bolsa-_londres-_inglaterra-_2014-08-11-_dd_144_cc3f5789680ff0fd6b8c3255f52928bf.jpg",
                        "title": "Katherine Pearce"
                    }
                ],
                "name": "Money, Money, Money",
                "new_venue_this_year": "Yes",
                "start": "18:00:00",
                "ticketed_events": "Yes",
                "url": "https://programme.openhouse.org.uk/listings/13640"
            },
            "type": "Feature"
        },
        {
            "geometry": {
                "coordinates": [
                    -0.19421,
                    51.57222
                ],
                "type": "Point"
            },
            "properties": {
                "balloted": "No",
                "description": "This guided tour will examine the traditional roofs of Hampstead Garden Suburb. These roofs were designed by early twentieth century architects, seeking to revitalise the centuries-old tradition of English roofing crafts largely lost during the process of industrialisation. By looking up, we will discover the quirky nature of heritage roofs and the conservation challenges they pose today.",
                "end": "15:30:00",
                "fully_booked": "Yes",
                "images": [
                    {
                        "archive_url": "https://raw.githubusercontent.com/infrastructureclub/open-house-london-images/master/images/2026/13655/building_13655_140417-hb-school-11_520b08f9cf19ec95849d45a6c509f1e8.jpg",
                        "title": "Photo of Traditional Roofing in Hampstead Garden Suburb"
                    },
                    {
                        "archive_url": "https://raw.githubusercontent.com/infrastructureclub/open-house-london-images/master/images/2026/13655/building_13655_diagram-of-open-eaves_3baf897b7e353e8403a942e5a675a4c7.jpg",
                        "title": "Photo of Traditional Roofing in Hampstead Garden Suburb"
                    },
                    {
                        "archive_url": "https://raw.githubusercontent.com/infrastructureclub/open-house-london-images/master/images/2026/13655/building_13655_0-front-page_26bf0e49f136cea5313907d076807c89.jpg",
                        "title": "Photo of Traditional Roofing in Hampstead Garden Suburb"
                    }
                ],
                "name": "Traditional Roofing in Hampstead Garden Suburb",
                "new_venue_this_year": "Yes",
                "start": "14:00:00",
                "ticketed_events": "Yes",
                "url": "https://programme.openhouse.org.uk/listings/13655"
            },
            "type": "Feature"
        },
        {
            "geometry": {
                "coordinates": [
                    -0.17735,
                    51.54834
                ],
                "type": "Point"
            },
            "properties": {
                "balloted": "No",
                "description": "Freud Museum London is the final home of the founder of psychoanalysis, Sigmund Freud, where he and his family moved to flee Nazi persecution in 1938. Freud's famous study has been preserved as he left it upon his death in 1939, while the rest of the home has been carefully transformed into a Museum celebrating the life and work of Sigmund and his daughter Anna, a pioneering child psychologist.",
                "end": "16:00:00",
                "fully_booked": "Yes",
                "images": [
                    {
                        "archive_url": "https://raw.githubusercontent.com/infrastructureclub/open-house-london-images/master/images/2026/13671/building_13671_copyright-freud-museum-london-10-1_f20e81498630d6ff014484bc285abd8a.jpg",
                        "title": "Photo of Freud Museum London"
                    },
                    {
                        "archive_url": "https://raw.githubusercontent.com/infrastructureclub/open-house-london-images/master/images/2026/13671/building_13671_copyright-freud-museum-london-freud-s-study-photo-by-k-urbaniak-11_fe93acc4d3d49b59614dbfb370e495c3.jpg",
                        "title": "Photo of Freud Museum London"
                    },
                    {
                        "archive_url": "https://raw.githubusercontent.com/infrastructureclub/open-house-london-images/master/images/2026/13671/building_13671_copyright-freud-museum-london-freud-s-study-photo-by-k-urbaniak-18_6498a3c3e6ce2d344627dfb8fa2b11bd.jpg",
                        "title": "Photo of Freud Museum London"
                    },
                    {
                        "archive_url": "https://raw.githubusercontent.com/infrastructureclub/open-house-london-images/master/images/2026/13671/building_13671_copyright-freud-museum-london-photo-by-k-urbaniak-5-1_1472af72f2ec6bc9d7e5e18c7201b3cf.jpg",
                        "title": "Photo of Freud Museum London"
                    }
                ],
                "name": "Freud Museum London",
                "new_venue_this_year": "Yes",
                "start": "11:00:00",
                "ticketed_events": "Yes",
                "url": "https://programme.openhouse.org.uk/listings/13671"
            },
            "type": "Feature"
        },
        {
            "geometry": {
                "coordinates": [
                    -0.15951,
                    51.43552
                ],
                "type": "Point"
            },
            "properties": {
                "balloted": "No",
                "description": "Discover Tooting’s transformation from rural village to vibrant town. Starting at Tooting Bec and following the ancient Roman Stane Street, this one-mile tour contrasts historic views with today's high street. Explore iconic building facades, changing shops, and post-war migration. See how planning has shaped the area and what the future holds for this evolving neighborhood.",
                "end": "13:00:00",
                "fully_booked": "Yes",
                "images": [
                    {
                        "archive_url": "https://raw.githubusercontent.com/infrastructureclub/open-house-london-images/master/images/2026/13676/building_13676_tooting-broadway-corner_00002a-1-1_ec34092ccc3a63a591cc887294651576.jpg",
                        "title": "Photo of Tooting: Places, people and planning – a brief walk through time"
                    },
                    {
                        "archive_url": "https://raw.githubusercontent.com/infrastructureclub/open-house-london-images/master/images/2026/13676/building_13676_upper-tooting-road_00003a-3_95c289ff105d8277774f9b85e4c268fb.jpg",
                        "title": "Photo of Tooting: Places, people and planning – a brief walk through time"
                    },
                    {
                        "archive_url": "https://raw.githubusercontent.com/infrastructureclub/open-house-london-images/master/images/2026/13676/building_13676_mitcham-road_00003a_e292f84599a46a5aee51b431aefcde31.jpg",
                        "title": "Photo of Tooting: Places, people and planning – a brief walk through time"
                    }
                ],
                "name": "Tooting: Places, people and planning – a brief walk through time",
                "new_venue_this_year": "Yes",
                "start": "11:00:00",
                "ticketed_events": "Yes",
                "url": "https://programme.openhouse.org.uk/listings/13676"
            },
            "type": "Feature"
        },
        {
            "geometry": {
                "coordinates": [
                    -0.06428,
                    51.56992
                ],
                "type": "Point"
            },
            "properties": {
                "balloted": "No",
                "description": "Originally, built in 1773 as the Stamford Hill Chapel, St Thomas' are \"Citizens with the Saints\". The Heritage Lottery Fund, local artists, and academics are working with the church to engage and preserve how we work together as 'commoners' and 'caretakers for the 'common good'. Explore this in the Exhibition - On Common Ground - and become part of St Thomas' Future for the Common Good.",
                "end": "18:00:00",
                "fully_booked": "No",
                "images": [
                    {
                        "archive_url": "https://raw.githubusercontent.com/infrastructureclub/open-house-london-images/master/images/2026/13683/building_13683_img_2407_hg-copy_e58c59a423e43772bdda28330b27f138.jpg",
                        "title": "Photo of St Thomas with St Matthew, Clapton Common"
                    },
                    {
                        "archive_url": "https://raw.githubusercontent.com/infrastructureclub/open-house-london-images/master/images/2026/13683/building_13683_screenshot-2026-07-02-at-12-06-01_be5c5b7367e3cc81eb8f0b7a21a11cd5.png",
                        "title": "Photo of St Thomas with St Matthew, Clapton Common"
                    }
                ],
                "name": "St Thomas with St Matthew, Clapton Common",
                "new_venue_this_year": "Yes",
                "start": "10:00:00",
                "ticketed_events": "Yes",
                "url": "https://programme.openhouse.org.uk/listings/13683"
            },
            "type": "Feature"
        },
        {
            "geometry": {
                "coordinates": [
                    0.01625,
                    51.50731
                ],
                "type": "Point"
            },
            "properties": {
                "balloted": "No",
                "description": "Silvertown is a newly regenerated area in the borough of Newham, being re-equipped to provide infrastructure for its burgeoning community. Nevertheless, we will be walking through an unconventional urban landscape to identify the daring narratives of mercantile activity, workers protests, and industrial innovations along the way. This tour ends with a tour of Tipping Point East - a new circular economy hub.",
                "end": "13:00:00",
                "fully_booked": "Yes",
                "images": [
                    {
                        "archive_url": "https://raw.githubusercontent.com/infrastructureclub/open-house-london-images/master/images/2026/13702/building_13702_tumblr_c04fc9aec1dbc1cb9b1e58373c7647a5_eec3f241_2048_393009549e19230cb759d7ce29d6ffc0.jpg",
                        "title": "Photo of Silvertown: A sailor's story"
                    },
                    {
                        "archive_url": "https://raw.githubusercontent.com/infrastructureclub/open-house-london-images/master/images/2026/13702/building_13702_main-image_cea98b9c8eca95ea47374ada8afb177a.jpg",
                        "title": "Photo of Silvertown: A sailor's story"
                    },
                    {
                        "archive_url": "https://raw.githubusercontent.com/infrastructureclub/open-house-london-images/master/images/2026/13702/building_13702_tumblr_6e88dcc22b2536568546941bd23a6707_1ea1479a_2048_d4d34b4ee9bb187a70d21c2f301c962e.jpg",
                        "title": "Photo of Silvertown: A sailor's story"
                    }
                ],
                "name": "Silvertown: A sailor's story",
                "new_venue_this_year": "Yes",
                "start": "11:00:00",
                "ticketed_events": "Yes",
                "url": "https://programme.openhouse.org.uk/listings/13702"
            },
            "type": "Feature"
        },
        {
            "geometry": {
                "coordinates": [
                    -0.07738,
                    51.50413
                ],
                "type": "Point"
            },
            "properties": {
                "balloted": "No",
                "description": "For centuries the South Bank of the Thames sat outside the historic City of London's jurisdiction — and beyond its moral gaze. This walk traces how that freedom shaped the unique buildings and streets of Southwark, and how the regenerated riverfront we see today has preserved, adapted or quietly erased that past.",
                "end": "18:00:00",
                "fully_booked": "Yes",
                "images": [
                    {
                        "archive_url": "https://raw.githubusercontent.com/infrastructureclub/open-house-london-images/master/images/2026/13705/building_13705_img_0719_11768ecc6a80b14de5ac3e1b891f1dc3.jpeg",
                        "title": "Photo of Fear and loathing on the South Bank of the Thames"
                    }
                ],
                "name": "Fear and loathing on the South Bank of the Thames",
                "new_venue_this_year": "Yes",
                "start": "16:00:00",
                "ticketed_events": "Yes",
                "url": "https://programme.openhouse.org.uk/listings/13705"
            },
            "type": "Feature"
        },
        {
            "geometry": {
                "coordinates": [
                    -0.13889,
                    51.53435
                ],
                "type": "Point"
            },
            "properties": {
                "balloted": "No",
                "description": "On a walk that begins and ends at Mornington Crescent station, discover how housing, industry, education, entertainment and social reform have shaped the surrounding area. Along the way, explore how buildings and public spaces have been demolished, adapted and given new lives, revealing layers of Camden's changing social history.",
                "end": "12:00:00",
                "fully_booked": "Yes",
                "images": [
                    {
                        "archive_url": "https://raw.githubusercontent.com/infrastructureclub/open-house-london-images/master/images/2026/13706/building_13706_1_ba99748b7335396057160b479c5da800.jpg",
                        "title": "Photo of Mornington Crescent: a walk through South Camden"
                    }
                ],
                "name": "Mornington Crescent: a walk through South Camden",
                "new_venue_this_year": "Yes",
                "start": "10:30:00",
                "ticketed_events": "Yes",
                "url": "https://programme.openhouse.org.uk/listings/13706"
            },
            "type": "Feature"
        },
        {
            "geometry": {
                "coordinates": [
                    -0.08755,
                    51.5138
                ],
                "type": "Point"
            },
            "properties": {
                "balloted": "No",
                "description": "Join this enjoyable stroll through the City of London, exploring the story of water and how it continues to shape the place we know today. We will follow in the footsteps of ancient Romans and famous Londoners such as Dick Whittington and Samuel Pepys, and discover how a forgotten river, ingenious water wheels and vast sewers have transformed life in the City from earliest days to the present.",
                "end": "12:00:00",
                "fully_booked": "Yes",
                "images": [
                    {
                        "archive_url": "https://raw.githubusercontent.com/infrastructureclub/open-house-london-images/master/images/2026/13731/building_13731_c-cwoolfrey_91ea5f3c25ff65bf584a7cea303a49a8.jpg",
                        "title": "CWoolfrey"
                    },
                    {
                        "archive_url": "https://raw.githubusercontent.com/infrastructureclub/open-house-london-images/master/images/2026/13731/building_13731_c-cwoolfrey5_9c745b571cedc4ceaced4b8e796650fe.jpg",
                        "title": "CWoolfrey"
                    },
                    {
                        "archive_url": "https://raw.githubusercontent.com/infrastructureclub/open-house-london-images/master/images/2026/13731/building_13731_c-cwoolfrey2_27d4ca450c9c68d194599ad995536be3.jpg",
                        "title": "CWoolfrey"
                    },
                    {
                        "archive_url": "https://raw.githubusercontent.com/infrastructureclub/open-house-london-images/master/images/2026/13731/building_13731_c-woolfrey4_9521dd1c584a5476a343af1bee022f79.jpg",
                        "title": "CWoolfrey"
                    }
                ],
                "name": "Hidden City: Lost rivers, super sewers and sacred springs",
                "new_venue_this_year": "Yes",
                "start": "10:00:00",
                "ticketed_events": "Yes",
                "url": "https://programme.openhouse.org.uk/listings/13731"
            },
            "type": "Feature"
        },
        {
            "geometry": {
                "coordinates": [
                    -0.04632,
                    51.56146
                ],
                "type": "Point"
            },
            "properties": {
                "balloted": "No",
                "description": "Paradise works artist studios in the Old Carbonic Works that is thought to be the birthplace of commercial fizzy drinks in the late 18th Century. It features in the Lea Valley and Hackney Conservation area report found online.\r\n\r\n\r\nhttps://hackney.moderngov.co.uk/documents/s68747/240220%20Appendix%20A%20Lea%20Bridge%20Conservation%20Area%20Appraisal.pdf",
                "end": "20:00:00",
                "fully_booked": "",
                "images": [
                    {
                        "archive_url": "https://raw.githubusercontent.com/infrastructureclub/open-house-london-images/master/images/2026/13772/building_13772_img_6371_3c49ffad7c24d4674beb0d048cb005fa.jpeg",
                        "title": "Photo of Former Carbonic Gas Works, 142 Lea Bridge Road"
                    },
                    {
                        "archive_url": "https://raw.githubusercontent.com/infrastructureclub/open-house-london-images/master/images/2026/13772/building_13772_img_6365_c936a82fbfcc227d79687fe287fb63ce.jpeg",
                        "title": "Photo of Former Carbonic Gas Works, 142 Lea Bridge Road"
                    },
                    {
                        "archive_url": "https://raw.githubusercontent.com/infrastructureclub/open-house-london-images/master/images/2026/13772/building_13772_img_6369_99cd1ab81b70892ab58d640deba91f6c.jpeg",
                        "title": "Photo of Former Carbonic Gas Works, 142 Lea Bridge Road"
                    },
                    {
                        "archive_url": "https://raw.githubusercontent.com/infrastructureclub/open-house-london-images/master/images/2026/13772/building_13772_img_6377_dc732573d9ac2f8b0b9f2698c9cfd982.jpeg",
                        "title": "Photo of Former Carbonic Gas Works, 142 Lea Bridge Road"
                    }
                ],
                "name": "Former Carbonic Gas Works, 142 Lea Bridge Road",
                "new_venue_this_year": "Yes",
                "start": "14:00:00",
                "ticketed_events": "No",
                "url": "https://programme.openhouse.org.uk/listings/13772"
            },
            "type": "Feature"
        },
        {
            "geometry": {
                "coordinates": [
                    -0.03145,
                    51.51214
                ],
                "type": "Point"
            },
            "properties": {
                "balloted": "No",
                "description": "Medieval industry, imperial trade, immigration, poverty, wartime destruction and modern regeneration have all left their mark on the Limehouse area. This walking tour covers a range of architects and architecture from C18th to C21st.",
                "end": "17:00:00",
                "fully_booked": "Yes",
                "images": [
                    {
                        "archive_url": "https://raw.githubusercontent.com/infrastructureclub/open-house-london-images/master/images/2026/13773/building_13773_limehouse1_2e83fcebaa6d86d3771d9d63a7917362.jpeg",
                        "title": "Photo of From Limehouse to Canary Wharf"
                    },
                    {
                        "archive_url": "https://raw.githubusercontent.com/infrastructureclub/open-house-london-images/master/images/2026/13773/building_13773_limehouse3_5acb9e9377b7fff79443b16cc6fd20b1.jpeg",
                        "title": "Photo of From Limehouse to Canary Wharf"
                    },
                    {
                        "archive_url": "https://raw.githubusercontent.com/infrastructureclub/open-house-london-images/master/images/2026/13773/building_13773_limehouse2_ed517479e2d3be1fec1cd90d2b141305.jpeg",
                        "title": "Photo of From Limehouse to Canary Wharf"
                    },
                    {
                        "archive_url": "https://raw.githubusercontent.com/infrastructureclub/open-house-london-images/master/images/2026/13773/building_13773_limehouse4_f0ae9b077f97311b9fbb47d2c47688f4.jpeg",
                        "title": "Photo of From Limehouse to Canary Wharf"
                    }
                ],
                "name": "From Limehouse to Canary Wharf",
                "new_venue_this_year": "Yes",
                "start": "15:00:00",
                "ticketed_events": "Yes",
                "url": "https://programme.openhouse.org.uk/listings/13773"
            },
            "type": "Feature"
        },
        {
            "geometry": {
                "coordinates": [
                    -0.03691,
                    51.40855
                ],
                "type": "Point"
            },
            "properties": {
                "balloted": "No",
                "description": "Beckenham Library is a busy public library,  which first opened in March 1939. It has been extended over the years and was extensively refurbished and re-opened in 2025. The library includes the study area with original wooden features, children's library with arts-themed  mural by artist Alice Patullo, and community space. The Battle of Britain Lace Panel has recently been installed.",
                "end": "17:00:00",
                "fully_booked": "",
                "images": [
                    {
                        "archive_url": "https://raw.githubusercontent.com/infrastructureclub/open-house-london-images/master/images/2026/13782/building_13782_img-20260630-wa0001_bc2bba0f0cf7dbdc7dd50ac813d59b88.jpg",
                        "title": "Photo of Beckenham Library"
                    },
                    {
                        "archive_url": "https://raw.githubusercontent.com/infrastructureclub/open-house-london-images/master/images/2026/13782/building_13782_img-20260630-wa0005_123f66c3d974942eaf67bf781b98bc6a.jpg",
                        "title": "Photo of Beckenham Library"
                    }
                ],
                "name": "Beckenham Library",
                "new_venue_this_year": "Yes",
                "start": "09:30:00",
                "ticketed_events": "No",
                "url": "https://programme.openhouse.org.uk/listings/13782"
            },
            "type": "Feature"
        },
        {
            "geometry": {
                "coordinates": [
                    -0.09937,
                    51.37216
                ],
                "type": "Point"
            },
            "properties": {
                "balloted": "No",
                "description": "Drink in the hidden histories of Croydon’s historic pubs with Pub Historian Charo Havermans. This Open House, we’re letting you into the secrets and fascinating stories of some of Croydon’s most iconic and historic Public Houses. Join Pub Historian and tour guide Charo Havermans as she takes you to four historic pubs in the heart of Croydon.",
                "end": "22:30:00",
                "fully_booked": "Yes",
                "images": [
                    {
                        "archive_url": "https://raw.githubusercontent.com/infrastructureclub/open-house-london-images/master/images/2026/13788/building_13788_public-historian-logo-vector-4_15db1305e00241665750bc1334765806.png",
                        "title": "Photo of Open (Public) House! Historic Pub Tour in Croydon"
                    }
                ],
                "name": "Open (Public) House! Historic Pub Tour in Croydon",
                "new_venue_this_year": "Yes",
                "start": "19:00:00",
                "ticketed_events": "Yes",
                "url": "https://programme.openhouse.org.uk/listings/13788"
            },
            "type": "Feature"
        },
        {
            "geometry": {
                "coordinates": [
                    -0.13283,
                    51.52584
                ],
                "type": "Point"
            },
            "properties": {
                "balloted": "No",
                "description": "Working with University College London and Camden Council, LDA Design, Norman Rourke Pryme and Darryl Moore have transformed Gordon Street, on the north side of Gordon Square in Bloomsbury to create a new 'college campus' for students, staff and the wider community. This has repurposed a road to create valuable new city green space. Find out what they did and how.",
                "end": "14:00:00",
                "fully_booked": "Yes",
                "images": [
                    {
                        "archive_url": "https://raw.githubusercontent.com/infrastructureclub/open-house-london-images/master/images/2026/13801/building_13801_gordon-street_openhouselondon_2026_credit-lda-design_8ed14299c2944a9311d119732374f299.jpg",
                        "title": "Photo of Designer-led tour of Gordon Street, Bloomsbury"
                    },
                    {
                        "archive_url": "https://raw.githubusercontent.com/infrastructureclub/open-house-london-images/master/images/2026/13801/building_13801_02_gordon-street_openhouselondon_2026_credit-cannon-ivers_lda-design_44400e6a9a52c567b265146adf27e505.jpg",
                        "title": "Photo of Designer-led tour of Gordon Street, Bloomsbury"
                    }
                ],
                "name": "Designer-led tour of Gordon Street, Bloomsbury",
                "new_venue_this_year": "Yes",
                "start": "13:00:00",
                "ticketed_events": "Yes",
                "url": "https://programme.openhouse.org.uk/listings/13801"
            },
            "type": "Feature"
        },
        {
            "geometry": {
                "coordinates": [
                    -0.20673,
                    51.4896
                ],
                "type": "Point"
            },
            "properties": {
                "balloted": "No",
                "description": "The Bhavan UK is part of the global Bharatiya Vidya Bhavan movement, with 110 centres worldwide, including 105 in India. As a leading centre for Indian arts, culture and education in London, The Bhavan promotes shared cultural understanding and brings people together through music, dance, language, philosophy and community learning.",
                "end": "19:30:00",
                "fully_booked": "Yes",
                "images": [
                    {
                        "archive_url": "https://raw.githubusercontent.com/infrastructureclub/open-house-london-images/master/images/2026/13812/building_13812_mountbatten-hall-3_6e0ee65d4a7c4b01a7c8cb8a4ff84575.jpg",
                        "title": "Photo of Bharatiya Vidya Bhavan"
                    },
                    {
                        "archive_url": "https://raw.githubusercontent.com/infrastructureclub/open-house-london-images/master/images/2026/13812/building_13812_mountbatten-hall-2_7d158aa30a136ad263a5dd4468b5298d.jpg",
                        "title": "Photo of Bharatiya Vidya Bhavan"
                    }
                ],
                "name": "Bharatiya Vidya Bhavan",
                "new_venue_this_year": "Yes",
                "start": "18:30:00",
                "ticketed_events": "Yes",
                "url": "https://programme.openhouse.org.uk/listings/13812"
            },
            "type": "Feature"
        },
        {
            "geometry": {
                "coordinates": [
                    -0.01667,
                    51.54298
                ],
                "type": "Point"
            },
            "properties": {
                "balloted": "No",
                "description": "The Stratford Waterfront masterplan unites V&A East Museum, UAL: London College of Fashion, the BBC Music Studios, and Sadler’s Wells East into London’s most significant cultural district for 150 years. This walking tour will share the story behind the masterplan and the 1.5ha of new landscape delivered, which has created a welcoming public space and broadened access to culture for all.",
                "end": "14:00:00",
                "fully_booked": "Yes",
                "images": [
                    {
                        "archive_url": "https://raw.githubusercontent.com/infrastructureclub/open-house-london-images/master/images/2026/13815/building_13815_stratford-waterfront-at-east-bank_ohf_nick-guttridge_e171c5c27da1e180a364f318cea7287b.jpg",
                        "title": "Photo of Stratford Waterfront at East Bank"
                    },
                    {
                        "archive_url": "https://raw.githubusercontent.com/infrastructureclub/open-house-london-images/master/images/2026/13815/building_13815_hero-image-03-neil-speakman-for-lda-design_ohf_57b3403871c7115bb8b0fb23ef365ef5.jpg",
                        "title": "Photo of Stratford Waterfront at East Bank"
                    },
                    {
                        "archive_url": "https://raw.githubusercontent.com/infrastructureclub/open-house-london-images/master/images/2026/13815/building_13815_stratford-waterfront-annoated-aerial_ohf_50a26821bb7dbd9a08e712bb175ea81b.jpg",
                        "title": "Photo of Stratford Waterfront at East Bank"
                    },
                    {
                        "archive_url": "https://raw.githubusercontent.com/infrastructureclub/open-house-london-images/master/images/2026/13815/building_13815_sw_chris-bearman_01_ca1b051639007cd480935484be1cdcb3.jpg",
                        "title": "Photo of Stratford Waterfront at East Bank"
                    },
                    {
                        "archive_url": "https://raw.githubusercontent.com/infrastructureclub/open-house-london-images/master/images/2026/13815/building_13815_sw_chris-bearman_04_2ad7a76edb5072325d61b89bffbaa4d7.jpg",
                        "title": "Photo of Stratford Waterfront at East Bank"
                    },
                    {
                        "archive_url": "https://raw.githubusercontent.com/infrastructureclub/open-house-london-images/master/images/2026/13815/building_13815_hero-image-04-neil-speakman-for-lda-design_ohf_a2b68d8a29bbcd09a804d05f9db92d71.jpg",
                        "title": "Photo of Stratford Waterfront at East Bank"
                    },
                    {
                        "archive_url": "https://raw.githubusercontent.com/infrastructureclub/open-house-london-images/master/images/2026/13815/building_13815_sw_chris-bearman_03_6247258401aa7f86d199f3e368f7cc61.jpg",
                        "title": "Photo of Stratford Waterfront at East Bank"
                    },
                    {
                        "archive_url": "https://raw.githubusercontent.com/infrastructureclub/open-house-london-images/master/images/2026/13815/building_13815_hero-image-02-robin-forster-for-lda-design_ohf_772f26e5bfe299ca98a8e12c03aba60b.jpg",
                        "title": "Photo of Stratford Waterfront at East Bank"
                    },
                    {
                        "archive_url": "https://raw.githubusercontent.com/infrastructureclub/open-house-london-images/master/images/2026/13815/building_13815_74367_4_stratford-waterfront_6edaf6132b753cb8a31f3985f3b9734b.jpg",
                        "title": "Photo of Stratford Waterfront at East Bank"
                    },
                    {
                        "archive_url": "https://raw.githubusercontent.com/infrastructureclub/open-house-london-images/master/images/2026/13815/building_13815_site-plan_a178e4e53645c56ef12d1393a45faf7e.jpg",
                        "title": "Photo of Stratford Waterfront at East Bank"
                    }
                ],
                "name": "Stratford Waterfront at East Bank",
                "new_venue_this_year": "Yes",
                "start": "12:30:00",
                "ticketed_events": "Yes",
                "url": "https://programme.openhouse.org.uk/listings/13815"
            },
            "type": "Feature"
        },
        {
            "geometry": {
                "coordinates": [
                    -0.10397,
                    51.50715
                ],
                "type": "Point"
            },
            "properties": {
                "balloted": "No",
                "description": "An architectural talk exploring the story of the historic Bankside Yards railway arches and their transformation into a new cultural destination on London’s Bankside. Now reopening after 150 years hidden from the public, the talk will offer an opportunity to discover how historic infrastructure can be reimagined to create vibrant new spaces while preserving the character and stories of the past.",
                "end": "19:00:00",
                "fully_booked": "No",
                "images": [
                    {
                        "archive_url": "https://raw.githubusercontent.com/infrastructureclub/open-house-london-images/master/images/2026/13821/building_13821_opus-showroom0211-1_b9acc40dc2403a61e3eb72c838b5e477.jpg",
                        "title": "Photo of Bankside Yards Historic Arches:  then, now, next"
                    },
                    {
                        "archive_url": "https://raw.githubusercontent.com/infrastructureclub/open-house-london-images/master/images/2026/13821/building_13821_2z4a3581-1_c82bcbfb9d41af2f0ab7253b7cd59c8a.jpg",
                        "title": "Photo of Bankside Yards Historic Arches:  then, now, next"
                    }
                ],
                "name": "Bankside Yards Historic Arches:  then, now, next",
                "new_venue_this_year": "Yes",
                "start": "17:30:00",
                "ticketed_events": "Yes",
                "url": "https://programme.openhouse.org.uk/listings/13821"
            },
            "type": "Feature"
        },
        {
            "geometry": {
                "coordinates": [
                    -0.12643,
                    51.50084
                ],
                "type": "Point"
            },
            "properties": {
                "balloted": "No",
                "description": "Walking tour of the sites of the last days of King Charles I and the legacy of the upheavals which cost him his life and still echo to this day.",
                "end": "15:30:00",
                "fully_booked": "Yes",
                "images": [
                    {
                        "archive_url": "https://raw.githubusercontent.com/infrastructureclub/open-house-london-images/master/images/2026/13863/building_13863_img_79531_b61dffc233d965785700090b5313fd0e.jpg",
                        "title": "Photo of Walking Tour:  Charles I - Monster or Martyr ?"
                    },
                    {
                        "archive_url": "https://raw.githubusercontent.com/infrastructureclub/open-house-london-images/master/images/2026/13863/building_13863_img_7934_85d72f5de72f1c5cd3fe6ad61243abfe.jpg",
                        "title": "Photo of Walking Tour:  Charles I - Monster or Martyr ?"
                    },
                    {
                        "archive_url": "https://raw.githubusercontent.com/infrastructureclub/open-house-london-images/master/images/2026/13863/building_13863_img-20260321-wa0057_65c15316ba81a81f548971f45dd566c7.jpg",
                        "title": "Photo of Walking Tour:  Charles I - Monster or Martyr ?"
                    }
                ],
                "name": "Walking Tour:  Charles I - Monster or Martyr ?",
                "new_venue_this_year": "Yes",
                "start": "11:00:00",
                "ticketed_events": "Yes",
                "url": "https://programme.openhouse.org.uk/listings/13863"
            },
            "type": "Feature"
        },
        {
            "geometry": {
                "coordinates": [
                    -0.13721,
                    51.51747
                ],
                "type": "Point"
            },
            "properties": {
                "balloted": "No",
                "description": "The landmarked 1950s building has been transformed by Philippe Starck into a surreal Cocteau like dream world, epitomising a new luxury that is smart, pared down and tempered with a healthy dose of wit and irony. With rooms designed by designer Tim Andreas of Banjo, the rooms maintain their sense of whimsy while offering state of the art details and luxurious touches at every turn.",
                "end": "16:00:00",
                "fully_booked": "Yes",
                "images": [
                    {
                        "archive_url": "https://raw.githubusercontent.com/infrastructureclub/open-house-london-images/master/images/2026/13869/building_13869_sanderson-london_1_7e42ee59659dc9b117a29bc82704f4e0.jpg",
                        "title": "Photo of Sanderson Hotel: A Modernist Landmark Reimagined"
                    },
                    {
                        "archive_url": "https://raw.githubusercontent.com/infrastructureclub/open-house-london-images/master/images/2026/13869/building_13869_san-lobby1_1_f21734efee6bc3932d1289292370a00e.jpg",
                        "title": "Photo of Sanderson Hotel: A Modernist Landmark Reimagined"
                    }
                ],
                "name": "Sanderson Hotel: A Modernist Landmark Reimagined",
                "new_venue_this_year": "Yes",
                "start": "14:00:00",
                "ticketed_events": "Yes",
                "url": "https://programme.openhouse.org.uk/listings/13869"
            },
            "type": "Feature"
        },
        {
            "geometry": {
                "coordinates": [
                    -0.13776,
                    51.51702
                ],
                "type": "Point"
            },
            "properties": {
                "balloted": "No",
                "description": "We are a friendly artist run gallery in Wells Street offering affordable, handmade fine art prints with a broad range of subjects created using many different printmaking techniques.\r\nWe aim to encourage people who have never encountered art before to experience printmaking through our regular workshops.",
                "end": "17:00:00",
                "fully_booked": "No",
                "images": [
                    {
                        "archive_url": "https://raw.githubusercontent.com/infrastructureclub/open-house-london-images/master/images/2026/13875/building_13875_sbpm-73-wells-street-window_73122bd29be402382a7a2388df889a8e.jpg",
                        "title": "Photo of Southbank Printmakers"
                    },
                    {
                        "archive_url": "https://raw.githubusercontent.com/infrastructureclub/open-house-london-images/master/images/2026/13875/building_13875_martin-printing-at-sbpm_185bb19037ad91431a4ff3780a5ed99e.jpg",
                        "title": "Photo of Southbank Printmakers"
                    }
                ],
                "name": "Southbank Printmakers",
                "new_venue_this_year": "Yes",
                "start": "12:00:00",
                "ticketed_events": "Yes",
                "url": "https://programme.openhouse.org.uk/listings/13875"
            },
            "type": "Feature"
        },
        {
            "geometry": {
                "coordinates": [
                    -0.12416,
                    51.513
                ],
                "type": "Point"
            },
            "properties": {
                "balloted": "No",
                "description": "This is a walking tour that delves into the scandalous history of Covent Garden. This tour explores a time when the area served as London’s notorious red-light district, focusing on the lives of those forced into illicit trades or marginalized by the stringent moral laws of the day. The walk will share the stories of those who lived, worked and played in the area in days gone by.",
                "end": "15:30:00",
                "fully_booked": "Yes",
                "images": [
                    {
                        "archive_url": "https://raw.githubusercontent.com/infrastructureclub/open-house-london-images/master/images/2026/13878/building_13878_img_7979_d8c6330e33fb5ee87fc1d4e01e13111a.jpg",
                        "title": "Photo of Sex in the City - a tour of Covent Garden's history"
                    },
                    {
                        "archive_url": "https://raw.githubusercontent.com/infrastructureclub/open-house-london-images/master/images/2026/13878/building_13878_covent-garden_ea893c03d5d3ec7e4e2308f78b134667.jpg",
                        "title": "Photo of Sex in the City - a tour of Covent Garden's history"
                    },
                    {
                        "archive_url": "https://raw.githubusercontent.com/infrastructureclub/open-house-london-images/master/images/2026/13878/building_13878_img_7983_7986c4f336acc3439a2e24a531de4b0d.jpg",
                        "title": "Photo of Sex in the City - a tour of Covent Garden's history"
                    },
                    {
                        "archive_url": "https://raw.githubusercontent.com/infrastructureclub/open-house-london-images/master/images/2026/13878/building_13878_img_7996_03401559b9073f0371032839edf2f1b9.jpg",
                        "title": "Photo of Sex in the City - a tour of Covent Garden's history"
                    },
                    {
                        "archive_url": "https://raw.githubusercontent.com/infrastructureclub/open-house-london-images/master/images/2026/13878/building_13878_img_8016_76a47f23ec1ee616c6db54905db0601d.jpg",
                        "title": "Photo of Sex in the City - a tour of Covent Garden's history"
                    }
                ],
                "name": "Sex in the City - a tour of Covent Garden's history",
                "new_venue_this_year": "Yes",
                "start": "14:00:00",
                "ticketed_events": "Yes",
                "url": "https://programme.openhouse.org.uk/listings/13878"
            },
            "type": "Feature"
        },
        {
            "geometry": {
                "coordinates": [
                    -0.1253,
                    51.50843
                ],
                "type": "Point"
            },
            "properties": {
                "balloted": "No",
                "description": "This walk will look at the history of Jewish Communities in England, starting with the medieval period through to the expulsion in 1290 and readmission under Oliver Cromwell in 1656. It will also look at some of the Jewish people living as Christians between these times and the key contributions Jews have made to many of the key landmarks in London  as well as England's political life.",
                "end": "13:00:00",
                "fully_booked": "Yes",
                "images": [
                    {
                        "archive_url": "https://raw.githubusercontent.com/infrastructureclub/open-house-london-images/master/images/2026/13880/building_13880_eleanor-cross_84a4d44ed3f9613c6a0c66299a427bfd.jpeg",
                        "title": "Dr Alison Knight"
                    },
                    {
                        "archive_url": "https://raw.githubusercontent.com/infrastructureclub/open-house-london-images/master/images/2026/13880/building_13880_charles-1_0a10c9d93e3c1254c9a3fd51870bbc6b.jpeg",
                        "title": "Dr Alison Knight"
                    },
                    {
                        "archive_url": "https://raw.githubusercontent.com/infrastructureclub/open-house-london-images/master/images/2026/13880/building_13880_downing-street_63abfe5c1a6e1887c008c5ca96c1b51c.jpg",
                        "title": "Dr Alison Knight"
                    },
                    {
                        "archive_url": "https://raw.githubusercontent.com/infrastructureclub/open-house-london-images/master/images/2026/13880/building_13880_westminster-abbey-2_b717b0660b12e8f78280e6c5cf0206d7.jpg",
                        "title": "Dr Alison Knight"
                    },
                    {
                        "archive_url": "https://raw.githubusercontent.com/infrastructureclub/open-house-london-images/master/images/2026/13880/building_13880_jewel-tower_234770bf6046db4993b914fff703fe1c.jpg",
                        "title": "Dr Alison Knight"
                    },
                    {
                        "archive_url": "https://raw.githubusercontent.com/infrastructureclub/open-house-london-images/master/images/2026/13880/building_13880_houses-of-parliament_bd218615c3b2704af498cbc9b6b83266.jpg",
                        "title": "Dr Alison Knight"
                    },
                    {
                        "archive_url": "https://raw.githubusercontent.com/infrastructureclub/open-house-london-images/master/images/2026/13880/building_13880_richard-1_4097a5b782b45c05a03112b3c29838db.jpg",
                        "title": "Dr Alison Knight"
                    }
                ],
                "name": "Jewish Westminster",
                "new_venue_this_year": "Yes",
                "start": "11:00:00",
                "ticketed_events": "Yes",
                "url": "https://programme.openhouse.org.uk/listings/13880"
            },
            "type": "Feature"
        },
        {
            "geometry": {
                "coordinates": [
                    -0.13004,
                    51.51628
                ],
                "type": "Point"
            },
            "properties": {
                "balloted": "No",
                "description": "Hear about the history of Soho on a walk around some of the sites associated with colourful characters of yesteryear. From Soho's beginnings as a fashionable suburb in the seventeenth century up to the 1950s, I regale you with delicious snippets of history. We end the tour with the option of refreshments at the birthplace of British RocknRoll.",
                "end": "13:00:00",
                "fully_booked": "Yes",
                "images": [
                    {
                        "archive_url": "https://raw.githubusercontent.com/infrastructureclub/open-house-london-images/master/images/2026/13881/building_13881_london-birthplace-of-espresso-cafe-culture_79af76ea7ce009d987b21cf46e6f78ee.jpg",
                        "title": "Susan Springall"
                    },
                    {
                        "archive_url": "https://raw.githubusercontent.com/infrastructureclub/open-house-london-images/master/images/2026/13881/building_13881_40s-couple_b200da3fc0d764a7adee48738e976607.jpg",
                        "title": "Photo of Refugees, Radicals and Revellers in Soho"
                    },
                    {
                        "archive_url": "https://raw.githubusercontent.com/infrastructureclub/open-house-london-images/master/images/2026/13881/building_13881_neon-2i-s_40340eec053ef3fbd4d12457c7534d02.jpg",
                        "title": "Susan Springall"
                    }
                ],
                "name": "Refugees, Radicals and Revellers in Soho",
                "new_venue_this_year": "Yes",
                "start": "11:30:00",
                "ticketed_events": "Yes",
                "url": "https://programme.openhouse.org.uk/listings/13881"
            },
            "type": "Feature"
        },
        {
            "geometry": {
                "coordinates": [
                    -0.00162,
                    51.44235
                ],
                "type": "Point"
            },
            "properties": {
                "balloted": "No",
                "description": "Visit the Grade II listed Corbett Community Library building. This beautifully preserved Edwardian building is rich in architectural character and heritage, featuring , an impressive dome, ornate door handles, some stained glass and a historic brass plaque. Discover the history and craftsmanship of this remarkable community landmark during your visit.",
                "end": "17:30:00",
                "fully_booked": "",
                "images": [
                    {
                        "archive_url": "https://raw.githubusercontent.com/infrastructureclub/open-house-london-images/master/images/2026/13888/building_13888_event-day-2025_fba3f21ff59184552d302152259a92f6.jpg",
                        "title": "Rachel Braithwaite"
                    },
                    {
                        "archive_url": "https://raw.githubusercontent.com/infrastructureclub/open-house-london-images/master/images/2026/13888/building_13888_blue-skies_9ef2c0d6329548fb242ca70bef159eeb.jpg",
                        "title": "Rachel Braithwaite"
                    },
                    {
                        "archive_url": "https://raw.githubusercontent.com/infrastructureclub/open-house-london-images/master/images/2026/13888/building_13888_dome_10e45a4bb4d6ac4f1593d194c410746d.jpg",
                        "title": "Rachel Braithwaite"
                    }
                ],
                "name": "Corbett Community Library",
                "new_venue_this_year": "Yes",
                "start": "09:00:00",
                "ticketed_events": "No",
                "url": "https://programme.openhouse.org.uk/listings/13888"
            },
            "type": "Feature"
        },
        {
            "geometry": {
                "coordinates": [
                    -0.13307,
                    51.51381
                ],
                "type": "Point"
            },
            "properties": {
                "balloted": "No",
                "description": "A special exhibition exploring the people and places that shaped the area during the Second World War. Tracing famous figures who made Soho their home, and the ordinary everyday heroes who kept the area functioning and our spirits up!",
                "end": "17:00:00",
                "fully_booked": "",
                "images": [
                    {
                        "archive_url": "https://raw.githubusercontent.com/infrastructureclub/open-house-london-images/master/images/2026/13889/building_13889_west-end-at-war-final_12de51949b69585fd826cc96e41d83f2.jpg",
                        "title": "Museum of Soho"
                    },
                    {
                        "archive_url": "https://raw.githubusercontent.com/infrastructureclub/open-house-london-images/master/images/2026/13889/building_13889_img_20260818_134031_00b07eb36a274ab4710cab923e63e60c.png",
                        "title": "Museum of Soho"
                    }
                ],
                "name": "The West End At War",
                "new_venue_this_year": "Yes",
                "start": "12:00:00",
                "ticketed_events": "No",
                "url": "https://programme.openhouse.org.uk/listings/13889"
            },
            "type": "Feature"
        },
        {
            "geometry": {
                "coordinates": [
                    -0.18483,
                    51.55096
                ],
                "type": "Point"
            },
            "properties": {
                "balloted": "No",
                "description": "JW3 is the first and only Jewish Community Centre and arts venue of its kind to exist in UK. Architecturally award-winning, we are an open and welcoming Jewish space that brings different people together, strengthens identities, and builds community through arts, culture, education, and social action.",
                "end": "17:00:00",
                "fully_booked": "",
                "images": [
                    {
                        "archive_url": "https://raw.githubusercontent.com/infrastructureclub/open-house-london-images/master/images/2026/13908/building_13908_mural-open-house_a899d003d742efe8ed2bed5f666a4098.png",
                        "title": "Blake Ezra Photography"
                    },
                    {
                        "archive_url": "https://raw.githubusercontent.com/infrastructureclub/open-house-london-images/master/images/2026/13908/building_13908_mural-open-house-2_f97e66be0abaa0db4718e7fedb7c561c.png",
                        "title": "Blake Ezra Photography"
                    },
                    {
                        "archive_url": "https://raw.githubusercontent.com/infrastructureclub/open-house-london-images/master/images/2026/13908/building_13908_mural-open-house-3_2ee06312d1587f9db9cf236f81fdbf83.png",
                        "title": "Blake Ezra Photography"
                    },
                    {
                        "archive_url": "https://raw.githubusercontent.com/infrastructureclub/open-house-london-images/master/images/2026/13908/building_13908_mural-open-house-4_bdc2876f8e3e18ef880632c6355d6d8b.png",
                        "title": "Blake Ezra Photography"
                    }
                ],
                "name": "JW3 London",
                "new_venue_this_year": "Yes",
                "start": "14:00:00",
                "ticketed_events": "No",
                "url": "https://programme.openhouse.org.uk/listings/13908"
            },
            "type": "Feature"
        },
        {
            "geometry": {
                "coordinates": [
                    -0.09889,
                    51.51415
                ],
                "type": "Point"
            },
            "properties": {
                "balloted": "No",
                "description": "Experience hands-on techniques with experts and artists in two nearby locations. Experiment with stone, paper sculpting and weaving. \r\nPart of a cultural programme delivered by City of London Corporation and Cheapside Business Alliance, produced by URBAN LEARNERS, encouraging discussion on reuse and heritage focused on historic granite stones repurposed as inclusive seating by St Paul’s Cathedral.",
                "end": "16:00:00",
                "fully_booked": "No",
                "images": [
                    {
                        "archive_url": "https://raw.githubusercontent.com/infrastructureclub/open-house-london-images/master/images/2026/13909/building_13909_urban-learners-x-open-house_9fa4b7c41abd6ca04663f09436a6eea9.jpg",
                        "title": "Urban Learners"
                    },
                    {
                        "archive_url": "https://raw.githubusercontent.com/infrastructureclub/open-house-london-images/master/images/2026/13909/building_13909_ul-x-ohf_02_d114d5c55d8fbae8c90749f753dc3061.jpg",
                        "title": "Clive Totman"
                    },
                    {
                        "archive_url": "https://raw.githubusercontent.com/infrastructureclub/open-house-london-images/master/images/2026/13909/building_13909_day-of-craft-map_1f8232c5570dcc3719f8ded5716b3651.jpg",
                        "title": "URBAN LEARNERS"
                    },
                    {
                        "archive_url": "https://raw.githubusercontent.com/infrastructureclub/open-house-london-images/master/images/2026/13909/building_13909_ul-x-ohf_04_edcc12394d8cbac53a862d518211ee04.jpg",
                        "title": "URBAN LEARNERS"
                    },
                    {
                        "archive_url": "https://raw.githubusercontent.com/infrastructureclub/open-house-london-images/master/images/2026/13909/building_13909_ul-x-ohf_05_df57d6224fd879bdb4a6f156f149bfff.jpg",
                        "title": "Peter Ayres"
                    },
                    {
                        "archive_url": "https://raw.githubusercontent.com/infrastructureclub/open-house-london-images/master/images/2026/13909/building_13909_ul-x-ohf_03_42dd5a5bdfa52ac1876679b164f4b91e.jpg",
                        "title": "URBAN LEARNERS"
                    }
                ],
                "name": "'If Stone Could Speak’: Day of Craft",
                "new_venue_this_year": "Yes",
                "start": "10:30:00",
                "ticketed_events": "Yes",
                "url": "https://programme.openhouse.org.uk/listings/13909"
            },
            "type": "Feature"
        },
        {
            "geometry": {
                "coordinates": [
                    0.03723,
                    51.50359
                ],
                "type": "Point"
            },
            "properties": {
                "balloted": "No",
                "description": "Tour of Newham's first circular economy construction hub and home of our founding partners Yes Make, Material Cultures and RESOLVE Collective's Material Store. Learn about bio-circular practices and material reuse processes on site.",
                "end": "12:30:00",
                "fully_booked": "Yes",
                "images": [
                    {
                        "archive_url": "https://raw.githubusercontent.com/infrastructureclub/open-house-london-images/master/images/2026/13927/building_13927_tipping_point_east_for_the_architectural_review_-_henry_woide_low-res_004_6c05daaa02f0e3807d2ec838a2ee5004.jpg",
                        "title": "TPE HQ designed by Material Cultures and built by Yes Make, Photo: Henry Woide"
                    },
                    {
                        "archive_url": "https://raw.githubusercontent.com/infrastructureclub/open-house-london-images/master/images/2026/13927/building_13927_tipping_point_east_for_the_architectural_review_-_henry_woide_low-res_005_b6d95f40fe4f169530c5d0f59ee35752.jpg",
                        "title": "Material Culture's Material Library, Photo by Henry Woide,"
                    },
                    {
                        "archive_url": "https://raw.githubusercontent.com/infrastructureclub/open-house-london-images/master/images/2026/13927/building_13927_tipping_point_east_for_the_architectural_review_-_henry_woide_low-res_021_15f4ef565a2603b4fdb96ba8b283f74f.jpg",
                        "title": "Material Yard run by Yes Make, Photo by Henry Woide"
                    },
                    {
                        "archive_url": "https://raw.githubusercontent.com/infrastructureclub/open-house-london-images/master/images/2026/13927/building_13927_tipping_point_east_for_the_architectural_review_-_henry_woide_low-res_025_96d309a9f7d1face8f5855bdab05df77.jpg",
                        "title": "Material Store by RESOLVE Collective, Photo by Henry Woide"
                    }
                ],
                "name": "Tipping Point East site tour",
                "new_venue_this_year": "Yes",
                "start": "11:00:00",
                "ticketed_events": "Yes",
                "url": "https://programme.openhouse.org.uk/listings/13927"
            },
            "type": "Feature"
        },
        {
            "geometry": {
                "coordinates": [
                    -0.12805,
                    51.51024
                ],
                "type": "Point"
            },
            "properties": {
                "balloted": "No",
                "description": "The building has had many incarnations since its construction in the 1890s as a woolen warehouse.   It became a home to the Italian Benevolent Society, then a fascist club, a serviceman's club, and now a library with the largest publicly accessible collection of Chinese language books in the UK.",
                "end": "17:00:00",
                "fully_booked": "No",
                "images": [
                    {
                        "archive_url": "https://raw.githubusercontent.com/infrastructureclub/open-house-london-images/master/images/2026/13932/building_13932_cclibrary_aac4f61617dd886ae466832eb31b42b7.jpg",
                        "title": "Westminster City Council"
                    }
                ],
                "name": "Charing Cross Library",
                "new_venue_this_year": "Yes",
                "start": "11:00:00",
                "ticketed_events": "Yes",
                "url": "https://programme.openhouse.org.uk/listings/13932"
            },
            "type": "Feature"
        }
    ],
    "type": "FeatureCollection"
}