{
    "features": [
        {
            "geometry": {
                "coordinates": [
                    0.0995563,
                    51.5343105
                ],
                "type": "Point"
            },
            "properties": {
                "balloted": "No",
                "description": "One of the finest surviving Elizabethan red brick Manor houses- Grade I listed. Contains 17th Century wall-paintings, charming walled garden and a fine Tudor tower with original stairs. Many original features have been restored and layout remains mostly unchanged in over 400 years.",
                "end": "16:00:00",
                "fully_booked": "No",
                "images": [
                    {
                        "archive_url": "https://raw.githubusercontent.com/infrastructureclub/open-house-london-images/master/images/2026/304/building_304_img_3283_f189370a504ce4b58888cd0f1d1aa31a.png",
                        "title": "Photo of Eastbury Manor House"
                    },
                    {
                        "archive_url": "https://raw.githubusercontent.com/infrastructureclub/open-house-london-images/master/images/2026/304/building_304_img_7397_5b91f4dcb8c80d5a87ad5c58d4b65075.jpg",
                        "title": "Photo of Eastbury Manor House"
                    },
                    {
                        "archive_url": "https://raw.githubusercontent.com/infrastructureclub/open-house-london-images/master/images/2026/304/building_304_eastbury-winter-sun_7fe7570b5bc78f1e988ab81b8f6aaa8f.jpg",
                        "title": "Photo of Eastbury Manor House"
                    },
                    {
                        "archive_url": "https://raw.githubusercontent.com/infrastructureclub/open-house-london-images/master/images/2026/304/building_304_dg_dsc3960-hdrlr_emh_central-attic_2021-1_845cd9eb8c13e5d6477088718272f6d0.jpg",
                        "title": "Photo of Eastbury Manor House"
                    }
                ],
                "name": "Eastbury Manor House",
                "new_venue_this_year": "No",
                "start": "10:00:00",
                "ticketed_events": "Yes",
                "url": "https://programme.openhouse.org.uk/listings/304"
            },
            "type": "Feature"
        },
        {
            "geometry": {
                "coordinates": [
                    0.12959,
                    51.45574
                ],
                "type": "Point"
            },
            "properties": {
                "balloted": "No",
                "description": "The only house commissioned, created and lived in by William Morris, founder of the Arts and Crafts movement. Much original detail survives, decorated  by the Pre-Raphaelites, and of extraordinary architectural and social significance.",
                "end": "16:00:00",
                "fully_booked": "",
                "images": [
                    {
                        "archive_url": "https://raw.githubusercontent.com/infrastructureclub/open-house-london-images/master/images/2026/1454/building_1454_well-view-resized_48c6b282b1915836fbc43711e2fc3760.jpg",
                        "title": "National Trust Images/Andrew Butler"
                    },
                    {
                        "archive_url": "https://raw.githubusercontent.com/infrastructureclub/open-house-london-images/master/images/2026/1454/building_1454_house-from-rose-arch-cropped_3ca6773b2447f0a61ad9c87e53ac2e93.jpg",
                        "title": "Elly Bagnall"
                    },
                    {
                        "archive_url": "https://raw.githubusercontent.com/infrastructureclub/open-house-london-images/master/images/2026/1454/building_1454_drawing-room-resized_b50ab02dc0e0ab16a3983e0d764d63a3.jpg",
                        "title": "National Trust Images/Andreas Von Einsiedel"
                    },
                    {
                        "archive_url": "https://raw.githubusercontent.com/infrastructureclub/open-house-london-images/master/images/2026/1454/building_1454_orchard-resized_860264025584ac9a3163f563aee064f8.jpg",
                        "title": "National Trust Images/Andrew Butler"
                    },
                    {
                        "archive_url": "https://raw.githubusercontent.com/infrastructureclub/open-house-london-images/master/images/2026/1454/building_1454_poem-of-a-house-6mb_8c1bf72a1ba83a2d8015997d9af9a8f1.jpg",
                        "title": "National Trust Images/Rob Stothard"
                    }
                ],
                "name": "Red House",
                "new_venue_this_year": "Yes",
                "start": "11:00:00",
                "ticketed_events": "No",
                "url": "https://programme.openhouse.org.uk/listings/1454"
            },
            "type": "Feature"
        },
        {
            "geometry": {
                "coordinates": [
                    -0.13894,
                    51.50846
                ],
                "type": "Point"
            },
            "properties": {
                "balloted": "No",
                "description": "The Society of Antiquaries of London has been exploring the material past since the early eighteenth century. In the 1870s, the Society set up home in purpose-built grade II* listed apartments in Burlington House, with a grand galleried library housing 130,000 books. Today's membership of 3,000 Fellows are leading experts in archaeology, history, art, architecture, and heritage.",
                "end": "16:00:00",
                "fully_booked": "No",
                "images": [
                    {
                        "archive_url": "https://raw.githubusercontent.com/infrastructureclub/open-house-london-images/master/images/2026/1651/building_1651_dsc_100_sm_3754b073371f030e4bfb80368a062ed4.jpg",
                        "title": "Society of Antiquaries of London"
                    },
                    {
                        "archive_url": "https://raw.githubusercontent.com/infrastructureclub/open-house-london-images/master/images/2026/1651/building_1651_dsc_372b_b224983f8e85fce08615e7dc3e1748c3.jpg",
                        "title": "Society of Antiquaries of London"
                    },
                    {
                        "archive_url": "https://raw.githubusercontent.com/infrastructureclub/open-house-london-images/master/images/2026/1651/building_1651_dsc_1992_990c33167314ff82f4000d5dea54dc79.jpg",
                        "title": "Society of Antiquaries of London"
                    },
                    {
                        "archive_url": "https://raw.githubusercontent.com/infrastructureclub/open-house-london-images/master/images/2026/1651/building_1651_sal-main-entrance-ii_87c0b03cee19c49826f27adde9b5c553.jpg",
                        "title": "Society of Antiquaries "
                    },
                    {
                        "archive_url": "https://raw.githubusercontent.com/infrastructureclub/open-house-london-images/master/images/2026/1651/building_1651_1i0a1737-2_3dd9a59c5607980e0eef1b1ceb119c68.jpg",
                        "title": "Photo of Burlington House: Society of Antiquaries of London"
                    },
                    {
                        "archive_url": "https://raw.githubusercontent.com/infrastructureclub/open-house-london-images/master/images/2026/1651/building_1651_1i0a2384-2_8058aeab8c6ee3b0475f68288e096ec4.jpg",
                        "title": "Photo of Burlington House: Society of Antiquaries of London"
                    },
                    {
                        "archive_url": "https://raw.githubusercontent.com/infrastructureclub/open-house-london-images/master/images/2026/1651/building_1651_the-society-of-antiquaries-meeting-room-14_eb1137b348b7cb3950b8d561caa56b9e.jpg",
                        "title": "Photo of Burlington House: Society of Antiquaries of London"
                    },
                    {
                        "archive_url": "https://raw.githubusercontent.com/infrastructureclub/open-house-london-images/master/images/2026/1651/building_1651_the-society-of-antiquaries-16-e1690888954834_eef8707dc1522c047d7fd0b35b49420a.jpg",
                        "title": "Photo of Burlington House: Society of Antiquaries of London"
                    },
                    {
                        "archive_url": "https://raw.githubusercontent.com/infrastructureclub/open-house-london-images/master/images/2026/1651/building_1651_ant_0611_-002_d57a6bc6b8c659684265f29af79f9259.jpg",
                        "title": "Photo of Burlington House: Society of Antiquaries of London"
                    }
                ],
                "name": "Burlington House: Society of Antiquaries of London",
                "new_venue_this_year": "No",
                "start": "11:00:00",
                "ticketed_events": "Yes",
                "url": "https://programme.openhouse.org.uk/listings/1651"
            },
            "type": "Feature"
        },
        {
            "geometry": {
                "coordinates": [
                    -0.08994,
                    51.51273
                ],
                "type": "Point"
            },
            "properties": {
                "balloted": "No",
                "description": "Wren's own and 'finest City Church'.  Fantastic architecture with different shapes,  twelve Corinthian columns and covered by huge dome - first of its type. Central stone altar by Henry Moore installed in 1987. Birthplace of the Samaritans.",
                "end": "13:15:00",
                "fully_booked": "",
                "images": [
                    {
                        "archive_url": "https://raw.githubusercontent.com/infrastructureclub/open-house-london-images/master/images/2026/1867/building_1867_2025-ssw-front-of-church_64612bef62557174bf79155ce255ebfe.jpg",
                        "title": "Elizabeth Maragh"
                    },
                    {
                        "archive_url": "https://raw.githubusercontent.com/infrastructureclub/open-house-london-images/master/images/2026/1867/building_1867_st-stephen-walbrook_exaggerated-dome-image_cd692b6c704c45f287a291508ded4060.jpg",
                        "title": "Elizabeth Maragh"
                    }
                ],
                "name": "The City Churches: St Stephen Walbrook",
                "new_venue_this_year": "No",
                "start": "12:30:00",
                "ticketed_events": "No",
                "url": "https://programme.openhouse.org.uk/listings/1867"
            },
            "type": "Feature"
        },
        {
            "geometry": {
                "coordinates": [
                    -0.45595,
                    51.56499
                ],
                "type": "Point"
            },
            "properties": {
                "balloted": "No",
                "description": "A most important house in Ickenham, an outstanding example of Jacobean architecture built in the 1630s. Red brick construction laid in English bond on an H plan. Great Hall includes the 1655 Harrington Screen, 18C marble fireplace panelling.",
                "end": "16:00:00",
                "fully_booked": "",
                "images": [
                    {
                        "archive_url": "https://raw.githubusercontent.com/infrastructureclub/open-house-london-images/master/images/2026/1939/building_1939_swakeleys-house-open-house-2011-08_45bbb18d3b76fc224c8612bee4f0510a.jpg",
                        "title": "Photo of Swakeleys Estate"
                    },
                    {
                        "archive_url": "https://raw.githubusercontent.com/infrastructureclub/open-house-london-images/master/images/2026/1939/building_1939_swakeleys-house-open-house-2011-01_9fc70ce8ba54b07e0942520f396eb5ac.jpg",
                        "title": "Photo of Swakeleys Estate"
                    }
                ],
                "name": "Swakeleys Estate",
                "new_venue_this_year": "No",
                "start": "10:00:00",
                "ticketed_events": "No",
                "url": "https://programme.openhouse.org.uk/listings/1939"
            },
            "type": "Feature"
        },
        {
            "geometry": {
                "coordinates": [
                    -0.13911,
                    51.50853
                ],
                "type": "Point"
            },
            "properties": {
                "balloted": "No",
                "description": "The world's oldest active biological society. Founded in 1788, the Society takes its name from the Swedish naturalist Carl Linnaeus whose botanical, zoological and library collections have been in its keeping since 1829.",
                "end": "17:00:00",
                "fully_booked": "",
                "images": [
                    {
                        "archive_url": "https://raw.githubusercontent.com/infrastructureclub/open-house-london-images/master/images/2026/2074/building_2074_20230309_staircaselaunch_prints_01_959068ebfadae23a8ed669def6d6d391.jpg",
                        "title": "Photo of Burlington House: Linnean Society of London"
                    },
                    {
                        "archive_url": "https://raw.githubusercontent.com/infrastructureclub/open-house-london-images/master/images/2026/2074/building_2074_linnean-councilroom-details-16_b15ddb64cf932140f3f7db7616d7bc77.jpg",
                        "title": "Photo of Burlington House: Linnean Society of London"
                    },
                    {
                        "archive_url": "https://raw.githubusercontent.com/infrastructureclub/open-house-london-images/master/images/2026/2074/building_2074_linnean-foyer-details-23_643853231a843393af6077cad4bb0bc3.jpg",
                        "title": "Photo of Burlington House: Linnean Society of London"
                    },
                    {
                        "archive_url": "https://raw.githubusercontent.com/infrastructureclub/open-house-london-images/master/images/2026/2074/building_2074_linnean-library-details-118_d6fc522f1aabbf9a405982ebac30edc7.jpg",
                        "title": "Photo of Burlington House: Linnean Society of London"
                    },
                    {
                        "archive_url": "https://raw.githubusercontent.com/infrastructureclub/open-house-london-images/master/images/2026/2074/building_2074_linnean-meetingroom-details-23_08d1ea72a797e8259d17f63e52f1a7a9.jpg",
                        "title": "Photo of Burlington House: Linnean Society of London"
                    },
                    {
                        "archive_url": "https://raw.githubusercontent.com/infrastructureclub/open-house-london-images/master/images/2026/2074/building_2074_linnean-meetingroom-6_3edf04d69959e498f9a46ef878261485.jpg",
                        "title": "Photo of Burlington House: Linnean Society of London"
                    },
                    {
                        "archive_url": "https://raw.githubusercontent.com/infrastructureclub/open-house-london-images/master/images/2026/2074/building_2074_library_j-e-smith-portrait_globes_ffa5f5545c4e89ca2827ba7209ed9510.jpg",
                        "title": "Photo of Burlington House: Linnean Society of London"
                    },
                    {
                        "archive_url": "https://raw.githubusercontent.com/infrastructureclub/open-house-london-images/master/images/2026/2074/building_2074_ferussac_octopus_print_openhouse_6ac77eaacda29afac716d7bead98ace3.jpg",
                        "title": "Photo of Burlington House: Linnean Society of London"
                    },
                    {
                        "archive_url": "https://raw.githubusercontent.com/infrastructureclub/open-house-london-images/master/images/2026/2074/building_2074_column-cornice_28408fbfc1dae9895a36eaa9b3f7b141.jpg",
                        "title": "Photo of Burlington House: Linnean Society of London"
                    },
                    {
                        "archive_url": "https://raw.githubusercontent.com/infrastructureclub/open-house-london-images/master/images/2026/2074/building_2074_library-portrait_2020_ed740a62acd1783b37ee15e28fc1b4b1.jpg",
                        "title": "Photo of Burlington House: Linnean Society of London"
                    }
                ],
                "name": "Burlington House: Linnean Society of London",
                "new_venue_this_year": "No",
                "start": "10:00:00",
                "ticketed_events": "No",
                "url": "https://programme.openhouse.org.uk/listings/2074"
            },
            "type": "Feature"
        },
        {
            "geometry": {
                "coordinates": [
                    -0.1088368,
                    51.4982463
                ],
                "type": "Point"
            },
            "properties": {
                "balloted": "No",
                "description": "A stunning cathedral in the heart of London. Discover the story of a forgotten masterpiece. Designed by Augustus Pugin and opened in 1848, the original cathedral was hailed as England's foremost Catholic church before an incendiary bomb devastated the building in 1941. Explore the history, architecture and legacy that shaped the Cathedral you see today—and discover its remarkable story.",
                "end": "17:00:00",
                "fully_booked": "",
                "images": [
                    {
                        "archive_url": "https://raw.githubusercontent.com/infrastructureclub/open-house-london-images/master/images/2026/2502/building_2502_img_0187_4febec197ee63a29b7807ca5e339120a.jpg",
                        "title": "Photo of St George's Cathedral"
                    },
                    {
                        "archive_url": "https://raw.githubusercontent.com/infrastructureclub/open-house-london-images/master/images/2026/2502/building_2502_main-window_11f4f975224831ec2e5fa997e412aafb.jpg",
                        "title": "Photo of St George's Cathedral"
                    },
                    {
                        "archive_url": "https://raw.githubusercontent.com/infrastructureclub/open-house-london-images/master/images/2026/2502/building_2502_img_0061_32417627487755744b2ec347dbcdf6b8.jpg",
                        "title": "Photo of St George's Cathedral"
                    },
                    {
                        "archive_url": "https://raw.githubusercontent.com/infrastructureclub/open-house-london-images/master/images/2026/2502/building_2502_img_9677_47352922219bd3a7561a8304ca4d81fd.jpg",
                        "title": "Photo of St George's Cathedral"
                    }
                ],
                "name": "St George's Cathedral",
                "new_venue_this_year": "Yes",
                "start": "10:00:00",
                "ticketed_events": "No",
                "url": "https://programme.openhouse.org.uk/listings/2502"
            },
            "type": "Feature"
        },
        {
            "geometry": {
                "coordinates": [
                    -0.17138,
                    51.47864
                ],
                "type": "Point"
            },
            "properties": {
                "balloted": "No",
                "description": "During Open House, the Friends of Battersea Parish Church present a Floral Festival, organ recitals, historical displays, alongside 3 talks exploring history, creativity, sanctuary & Battersea’s radical past. Sat 12 Sept Dr. Peter Rumley at 6pm, Tues 15 Guy Stagg at 6.30pm,  Thurs 17 at 6.30pm Rory Walsh & Mike Squires.  Plus Join us for Choral Evensong amidst the flowers at St Mary’s Battersea.",
                "end": "16:00:00",
                "fully_booked": "No",
                "images": [
                    {
                        "archive_url": "https://raw.githubusercontent.com/infrastructureclub/open-house-london-images/master/images/2026/2533/building_2533_st-marys_a2b7ed70bb7cc4a5a26a096fb882503d.jpeg",
                        "title": "Photo of St Mary's Church, Battersea"
                    },
                    {
                        "archive_url": "https://raw.githubusercontent.com/infrastructureclub/open-house-london-images/master/images/2026/2533/building_2533_untitled-2-of-29_02c2a647df4611b359f3fff31d48a443.jpeg",
                        "title": "Photo of St Mary's Church, Battersea"
                    }
                ],
                "name": "St Mary's Church, Battersea",
                "new_venue_this_year": "No",
                "start": "10:00:00",
                "ticketed_events": "Yes",
                "url": "https://programme.openhouse.org.uk/listings/2533"
            },
            "type": "Feature"
        },
        {
            "geometry": {
                "coordinates": [
                    -0.12465,
                    51.51769
                ],
                "type": "Point"
            },
            "properties": {
                "balloted": "No",
                "description": "St George's Bloomsbury is one of the twelve new churches designed and paid for under the 1711 Act of Parliament for building fifty new Churches, and the sixth and final London Church designed by Hawksmoor.",
                "end": "14:00:00",
                "fully_booked": "",
                "images": [
                    {
                        "archive_url": "https://raw.githubusercontent.com/infrastructureclub/open-house-london-images/master/images/2026/2856/building_2856_004_44117bcb11ab44b8b07c8a4fab03a652.jpg",
                        "title": "Photo of St George's Bloomsbury"
                    },
                    {
                        "archive_url": "https://raw.githubusercontent.com/infrastructureclub/open-house-london-images/master/images/2026/2856/building_2856_church-scene_f09303546c75acf522a67a6ad872e978.jpg",
                        "title": "Photo of St George's Bloomsbury"
                    },
                    {
                        "archive_url": "https://raw.githubusercontent.com/infrastructureclub/open-house-london-images/master/images/2026/2856/building_2856_sgb-logo_a87b7c2bb6608253bedd8b9764978980.jpg",
                        "title": "Photo of St George's Bloomsbury"
                    },
                    {
                        "archive_url": "https://raw.githubusercontent.com/infrastructureclub/open-house-london-images/master/images/2026/2856/building_2856_tower-north_9fd30fbeb89abbf99ffc506f127fc9c2.jpg",
                        "title": "Photo of St George's Bloomsbury"
                    },
                    {
                        "archive_url": "https://raw.githubusercontent.com/infrastructureclub/open-house-london-images/master/images/2026/2856/building_2856_reredos_842d6d9ab2884d4e4218e4083b122446.jpg",
                        "title": "Photo of St George's Bloomsbury"
                    },
                    {
                        "archive_url": "https://raw.githubusercontent.com/infrastructureclub/open-house-london-images/master/images/2026/2856/building_2856_img_1640_ec27319f8aff87a5dc4e9ec416dccc15.jpg",
                        "title": "Photo of St George's Bloomsbury"
                    },
                    {
                        "archive_url": "https://raw.githubusercontent.com/infrastructureclub/open-house-london-images/master/images/2026/2856/building_2856_img_1643_60335fe0ab9f19cc2d53b05e3f66192e.jpg",
                        "title": "Photo of St George's Bloomsbury"
                    },
                    {
                        "archive_url": "https://raw.githubusercontent.com/infrastructureclub/open-house-london-images/master/images/2026/2856/building_2856_img_1633_4a52a779a9a0619a3f1a2d62ddc6a276.jpg",
                        "title": "Photo of St George's Bloomsbury"
                    },
                    {
                        "archive_url": "https://raw.githubusercontent.com/infrastructureclub/open-house-london-images/master/images/2026/2856/building_2856_img_1647_be5042684e011256004c791c1c46cdfb.jpg",
                        "title": "Photo of St George's Bloomsbury"
                    },
                    {
                        "archive_url": "https://raw.githubusercontent.com/infrastructureclub/open-house-london-images/master/images/2026/2856/building_2856_img_1636_fa53220bb6229178e597b42f0553a295.jpg",
                        "title": "Photo of St George's Bloomsbury"
                    },
                    {
                        "archive_url": "https://raw.githubusercontent.com/infrastructureclub/open-house-london-images/master/images/2026/2856/building_2856_img_1634-1_1a6acf60fc07da433c0b225ede1d4882.jpg",
                        "title": "Photo of St George's Bloomsbury"
                    },
                    {
                        "archive_url": "https://raw.githubusercontent.com/infrastructureclub/open-house-london-images/master/images/2026/2856/building_2856_img_8952_9fb326652367182c7466db590edc1087.jpg",
                        "title": "Photo of St George's Bloomsbury"
                    }
                ],
                "name": "St George's Bloomsbury",
                "new_venue_this_year": "No",
                "start": "12:00:00",
                "ticketed_events": "No",
                "url": "https://programme.openhouse.org.uk/listings/2856"
            },
            "type": "Feature"
        },
        {
            "geometry": {
                "coordinates": [
                    -0.118179,
                    51.51987740000001
                ],
                "type": "Point"
            },
            "properties": {
                "balloted": "No",
                "description": "The home of Conway Hall Ethical Society, an organisation renowned as a hub for progressive thought. Grade II listed building with both Arts and Crafts and Art Deco features adding to its distinctive style.",
                "end": "18:30:00",
                "fully_booked": "Yes",
                "images": [
                    {
                        "archive_url": "https://raw.githubusercontent.com/infrastructureclub/open-house-london-images/master/images/2026/3425/building_3425_conwayhall-0574-edit_9e8ab8bfbce45e9048d7d908877ba22f.jpg",
                        "title": "Photo of Conway Hall"
                    },
                    {
                        "archive_url": "https://raw.githubusercontent.com/infrastructureclub/open-house-london-images/master/images/2026/3425/building_3425_library-fireplace-andrew-shaylor-jpg_8d9f4f4a0b576e3ab56627be2f504936.jpg",
                        "title": "Andrew Shaylor "
                    },
                    {
                        "archive_url": "https://raw.githubusercontent.com/infrastructureclub/open-house-london-images/master/images/2026/3425/building_3425_conway_hall-001_fa90c9570c0d39e42b80a5370a1bb59b.jpg",
                        "title": "Frederick Herbert Mansford "
                    },
                    {
                        "archive_url": "https://raw.githubusercontent.com/infrastructureclub/open-house-london-images/master/images/2026/3425/building_3425_conwayhall2901_61_e9db5836cc03d32af7755ec4c6a80bd1.jpg",
                        "title": "Andrew West "
                    },
                    {
                        "archive_url": "https://raw.githubusercontent.com/infrastructureclub/open-house-london-images/master/images/2026/3425/building_3425_conwayhall2901_73_1860071699697d9f7dfae281ad185e86.jpg",
                        "title": "Andrew West "
                    },
                    {
                        "archive_url": "https://raw.githubusercontent.com/infrastructureclub/open-house-london-images/master/images/2026/3425/building_3425_conwayhall2901_03andrew-west_96e174c5fa974337f3b2438da0fc4c5f.jpg",
                        "title": "Andrew West "
                    },
                    {
                        "archive_url": "https://raw.githubusercontent.com/infrastructureclub/open-house-london-images/master/images/2026/3425/building_3425_60-l1340786_1bce2096ac2fb2dca5e5a52b0db97b26.jpg",
                        "title": "Photo of Conway Hall"
                    }
                ],
                "name": "Conway Hall",
                "new_venue_this_year": "No",
                "start": "13:00:00",
                "ticketed_events": "Yes",
                "url": "https://programme.openhouse.org.uk/listings/3425"
            },
            "type": "Feature"
        },
        {
            "geometry": {
                "coordinates": [
                    -0.13075,
                    51.52727
                ],
                "type": "Point"
            },
            "properties": {
                "balloted": "No",
                "description": "The church (1822 - Grade I listed) is an early and important example of Greek Revival architecture in London. Significant features include the caryatids and tower copied from models in Athens, and the atmospheric crypt.",
                "end": "15:15:00",
                "fully_booked": "",
                "images": [
                    {
                        "archive_url": "https://raw.githubusercontent.com/infrastructureclub/open-house-london-images/master/images/2026/3678/building_3678_untitled-design-1_6e928cad7b9552ae8c92d3384d37a1f8.png",
                        "title": "Photo of St Pancras Church & Crypt"
                    },
                    {
                        "archive_url": "https://raw.githubusercontent.com/infrastructureclub/open-house-london-images/master/images/2026/3678/building_3678_crypt-edited_96b2a45506ab10a88b8d867af8b1f0ca.jpg",
                        "title": "Photo of St Pancras Church & Crypt"
                    },
                    {
                        "archive_url": "https://raw.githubusercontent.com/infrastructureclub/open-house-london-images/master/images/2026/3678/building_3678_untitled-design-2_179538f69d1dd8bc695771f63af64d61.png",
                        "title": "Photo of St Pancras Church & Crypt"
                    }
                ],
                "name": "St Pancras Church & Crypt",
                "new_venue_this_year": "No",
                "start": "10:00:00",
                "ticketed_events": "No",
                "url": "https://programme.openhouse.org.uk/listings/3678"
            },
            "type": "Feature"
        },
        {
            "geometry": {
                "coordinates": [
                    -0.1098755,
                    51.5175436
                ],
                "type": "Point"
            },
            "properties": {
                "balloted": "No",
                "description": "Barnard's Inn in Holborn dates back to the mid-13th century. It is now the home of Gresham College which has been providing free public lectures since 1597. Over the centuries it has been a law school and home to the Mercers' School. Notable architectural elements include 15th-century wooden bays, 16th-century linen fold wood panelling, and has the only surviving crown posts in Greater London.",
                "end": "16:00:00",
                "fully_booked": "",
                "images": [
                    {
                        "archive_url": "https://raw.githubusercontent.com/infrastructureclub/open-house-london-images/master/images/2026/4838/building_4838_barnards-inn-hall-home-of-gresham-college_15206604765_o_116df39bb79b1546f14d9e32f2f4f127.jpg",
                        "title": "Gresham College"
                    },
                    {
                        "archive_url": "https://raw.githubusercontent.com/infrastructureclub/open-house-london-images/master/images/2026/4838/building_4838_barnard-s-inn-sign-post_0e941e161b227180a8c5d4c237641c57.jpg",
                        "title": "Gresham College"
                    },
                    {
                        "archive_url": "https://raw.githubusercontent.com/infrastructureclub/open-house-london-images/master/images/2026/4838/building_4838_front-entrance_0d92b858d304f998aefff7153ea3761f.png",
                        "title": "Gresham College"
                    }
                ],
                "name": "Barnard's Inn Hall",
                "new_venue_this_year": "No",
                "start": "10:00:00",
                "ticketed_events": "No",
                "url": "https://programme.openhouse.org.uk/listings/4838"
            },
            "type": "Feature"
        },
        {
            "geometry": {
                "coordinates": [
                    -0.15398,
                    51.50024
                ],
                "type": "Point"
            },
            "properties": {
                "balloted": "No",
                "description": "Situated in one of the largest and grandest 19th century squares in London, 1 Belgrave Square was acquired by Romania in 1936 and is now home to the Romanian Cultural Institute.",
                "end": "17:00:00",
                "fully_booked": "No",
                "images": [
                    {
                        "archive_url": "https://raw.githubusercontent.com/infrastructureclub/open-house-london-images/master/images/2026/5056/building_5056__alx5876_0a42d5aa3d9907a84f9a596923c628ae.jpg",
                        "title": "Photo of Romanian Cultural Institute"
                    },
                    {
                        "archive_url": "https://raw.githubusercontent.com/infrastructureclub/open-house-london-images/master/images/2026/5056/building_5056_foto-pagina-about_fa6f357132b408abdf9a8fc8e770b1b3.jpg",
                        "title": "Photo of Romanian Cultural Institute"
                    },
                    {
                        "archive_url": "https://raw.githubusercontent.com/infrastructureclub/open-house-london-images/master/images/2026/5056/building_5056__alx6020_e74badf7dd3804995d2bb2bd45e4a8d1.jpg",
                        "title": "Photo of Romanian Cultural Institute"
                    },
                    {
                        "archive_url": "https://raw.githubusercontent.com/infrastructureclub/open-house-london-images/master/images/2026/5056/building_5056_1_55ca72db6478e4ae4da5d7689ad17609.jpg",
                        "title": "Photo of Romanian Cultural Institute"
                    },
                    {
                        "archive_url": "https://raw.githubusercontent.com/infrastructureclub/open-house-london-images/master/images/2026/5056/building_5056_2_543253d9970a3c5aaaca4ae3518a8bae.jpg",
                        "title": "Photo of Romanian Cultural Institute"
                    },
                    {
                        "archive_url": "https://raw.githubusercontent.com/infrastructureclub/open-house-london-images/master/images/2026/5056/building_5056_4_53e0ef2d1b77d11fe2d6eb207d63ba12.jpg",
                        "title": "Photo of Romanian Cultural Institute"
                    },
                    {
                        "archive_url": "https://raw.githubusercontent.com/infrastructureclub/open-house-london-images/master/images/2026/5056/building_5056_3_08b05a0f56d3fcb69a3a392b803c7718.jpg",
                        "title": "Photo of Romanian Cultural Institute"
                    }
                ],
                "name": "Romanian Cultural Institute",
                "new_venue_this_year": "No",
                "start": "11:00:00",
                "ticketed_events": "Yes",
                "url": "https://programme.openhouse.org.uk/listings/5056"
            },
            "type": "Feature"
        },
        {
            "geometry": {
                "coordinates": [
                    -0.01599,
                    51.45567
                ],
                "type": "Point"
            },
            "properties": {
                "balloted": "No",
                "description": "The church was rebuilt in late 15th century with some of that work still remaining to this day.\t\t\t\t\t\t\t\r\nDuring the Festival there will be opportunities to self-guide or to join a group tour which will include access to restricted areas such as the crypt and tower. These last about 30 min and will start on each hour with the last starting at 3 pm",
                "end": "16:00:00",
                "fully_booked": "",
                "images": [
                    {
                        "archive_url": "https://raw.githubusercontent.com/infrastructureclub/open-house-london-images/master/images/2026/5160/building_5160_st-mary-the-virgin_08b2a4ec02b39a4d98875cf5f20a47a7.jpg",
                        "title": "Mark Symons"
                    }
                ],
                "name": "Parish Church of St Mary The Virgin Lewisham",
                "new_venue_this_year": "Yes",
                "start": "12:00:00",
                "ticketed_events": "No",
                "url": "https://programme.openhouse.org.uk/listings/5160"
            },
            "type": "Feature"
        },
        {
            "geometry": {
                "coordinates": [
                    -0.28954,
                    51.48394
                ],
                "type": "Point"
            },
            "properties": {
                "balloted": "No",
                "description": "St Anne's Church, Kew Green was consecrated in 1714. Built with the support of Queen Anne it has been a place of worship for the Royal Families over the centuries. The original 'chapel' has been extended many times and the church is now a little known gem in South West London with a fascinating past.",
                "end": "16:00:00",
                "fully_booked": "",
                "images": [
                    {
                        "archive_url": "https://raw.githubusercontent.com/infrastructureclub/open-house-london-images/master/images/2026/5163/building_5163_st-anne-s-side_39593eefa0076f1314379442ab0ca54e.jpg",
                        "title": "Robert Anderson"
                    },
                    {
                        "archive_url": "https://raw.githubusercontent.com/infrastructureclub/open-house-london-images/master/images/2026/5163/building_5163_st-anne-s-interior_0228a351135c8db1750c22a844b31fbc.jpg",
                        "title": "Robert Anderson"
                    },
                    {
                        "archive_url": "https://raw.githubusercontent.com/infrastructureclub/open-house-london-images/master/images/2026/5163/building_5163_st-anne-s-front_89442d9e6fc7bacdba5776a3f7da2410.jpg",
                        "title": "Robert Anderson"
                    }
                ],
                "name": "St Anne's Church, Kew Green",
                "new_venue_this_year": "No",
                "start": "10:00:00",
                "ticketed_events": "No",
                "url": "https://programme.openhouse.org.uk/listings/5163"
            },
            "type": "Feature"
        },
        {
            "geometry": {
                "coordinates": [
                    -0.10448,
                    51.43295
                ],
                "type": "Point"
            },
            "properties": {
                "balloted": "No",
                "description": "The Clockworks is the only museum in the world dedicated to electrical horology. A major collection of clocks and timekeepers charts the development of networked and precision timekeeping, from 1840-1970, while an onsite workshop showcases modern and heritage clock conservation in action.",
                "end": "17:00:00",
                "fully_booked": "No",
                "images": [
                    {
                        "archive_url": "https://raw.githubusercontent.com/infrastructureclub/open-house-london-images/master/images/2026/5457/building_5457_alex_jeffrey_lumen_0077_compressed_bd134e1f35d7f41e3e7fed0faf1fb4b0.jpg",
                        "title": "The Clockworks"
                    },
                    {
                        "archive_url": "https://raw.githubusercontent.com/infrastructureclub/open-house-london-images/master/images/2026/5457/building_5457_js1_2341-2_e7f3c38687d4cb26b9b7f30f291a8a27.jpg",
                        "title": "The Clockworks"
                    },
                    {
                        "archive_url": "https://raw.githubusercontent.com/infrastructureclub/open-house-london-images/master/images/2026/5457/building_5457_bett_eef1d3b279f0e9d84816ce67275c1a3f.jpg",
                        "title": "The Clockworks"
                    },
                    {
                        "archive_url": "https://raw.githubusercontent.com/infrastructureclub/open-house-london-images/master/images/2026/5457/building_5457_sc3_7419_27b12eb6b1398420a51c1b0d62eb29db.jpg",
                        "title": "The Clockworks"
                    },
                    {
                        "archive_url": "https://raw.githubusercontent.com/infrastructureclub/open-house-london-images/master/images/2026/5457/building_5457_img_1788_eda6b10197359b1fdadf872a2cb02084.jpeg",
                        "title": "The Clockworks"
                    },
                    {
                        "archive_url": "https://raw.githubusercontent.com/infrastructureclub/open-house-london-images/master/images/2026/5457/building_5457_sc3_7459_48243bfbcaab4053dd2bdf96f074fa81.jpg",
                        "title": "The Clockworks"
                    },
                    {
                        "archive_url": "https://raw.githubusercontent.com/infrastructureclub/open-house-london-images/master/images/2026/5457/building_5457_sc3_7444_e67d8af1864e0e6fb25a6c650664d9cc.jpg",
                        "title": "The Clockworks"
                    },
                    {
                        "archive_url": "https://raw.githubusercontent.com/infrastructureclub/open-house-london-images/master/images/2026/5457/building_5457_img_1442_4aa3893b3b31ac1239fa5a5fa4b37846.jpeg",
                        "title": "The Clockworks"
                    }
                ],
                "name": "The Clockworks",
                "new_venue_this_year": "No",
                "start": "10:00:00",
                "ticketed_events": "Yes",
                "url": "https://programme.openhouse.org.uk/listings/5457"
            },
            "type": "Feature"
        },
        {
            "geometry": {
                "coordinates": [
                    -0.03039,
                    51.5107
                ],
                "type": "Point"
            },
            "properties": {
                "balloted": "No",
                "description": "St Anne's Limehouse has been described as 'the finest parish church in England.' Designed by Nicholas Hawksmoor, it is Grade I listed and one of the Major Churches in the Church of England. It is home to a thriving Christian congregation.",
                "end": "16:00:00",
                "fully_booked": "No",
                "images": [
                    {
                        "archive_url": "https://raw.githubusercontent.com/infrastructureclub/open-house-london-images/master/images/2026/6270/building_6270_churchandpyramid_ec44e4b75c727ae4fede91807bff6b57.jpg",
                        "title": "St Anne's Limehouse"
                    },
                    {
                        "archive_url": "https://raw.githubusercontent.com/infrastructureclub/open-house-london-images/master/images/2026/6270/building_6270_image1_1d815f5203b13c31f9efb3223ed33e58.jpeg",
                        "title": "Greywolf Studios London"
                    },
                    {
                        "archive_url": "https://raw.githubusercontent.com/infrastructureclub/open-house-london-images/master/images/2026/6270/building_6270_2-2_e1ba49d4d5ec2bbcfcc33dd6a7eb2a8b.jpg",
                        "title": "Photo of St Anne's Church, Limehouse"
                    },
                    {
                        "archive_url": "https://raw.githubusercontent.com/infrastructureclub/open-house-london-images/master/images/2026/6270/building_6270_1000043947_23fd6baf8ef3ee741bd6105a49f5eb50.jpg",
                        "title": "Photo of St Anne's Church, Limehouse"
                    }
                ],
                "name": "St Anne's Church, Limehouse",
                "new_venue_this_year": "No",
                "start": "10:00:00",
                "ticketed_events": "Yes",
                "url": "https://programme.openhouse.org.uk/listings/6270"
            },
            "type": "Feature"
        },
        {
            "geometry": {
                "coordinates": [
                    -0.13826,
                    51.51895
                ],
                "type": "Point"
            },
            "properties": {
                "balloted": "No",
                "description": "Loughborough Pearson's red brick building is unimposing from the outside, but inside is a riot of Gothic Revival design. Golden mosaics reveal the character of the Grade II* listed chapel, built as part of the Middlesex Hospital.",
                "end": "16:00:00",
                "fully_booked": "",
                "images": [
                    {
                        "archive_url": "https://raw.githubusercontent.com/infrastructureclub/open-house-london-images/master/images/2026/6534/building_6534_dsc_4004_b7259ee15bdec13d50a055d763a41b47.jpg",
                        "title": "Tareq Mooradun"
                    },
                    {
                        "archive_url": "https://raw.githubusercontent.com/infrastructureclub/open-house-london-images/master/images/2026/6534/building_6534_dsc_3989_281329c1b0e48f73a07a582c2db52299.jpg",
                        "title": "Tareq Mooradun"
                    },
                    {
                        "archive_url": "https://raw.githubusercontent.com/infrastructureclub/open-house-london-images/master/images/2026/6534/building_6534_dsc_4011_3691ddb616aa40c276d8544b704aed19.jpg",
                        "title": "Tareq Mooradun"
                    },
                    {
                        "archive_url": "https://raw.githubusercontent.com/infrastructureclub/open-house-london-images/master/images/2026/6534/building_6534_dsc_4088_85166f6539671e84ded3e068b09d8631.jpg",
                        "title": "Photo of Fitzrovia Chapel"
                    }
                ],
                "name": "Fitzrovia Chapel",
                "new_venue_this_year": "No",
                "start": "11:00:00",
                "ticketed_events": "No",
                "url": "https://programme.openhouse.org.uk/listings/6534"
            },
            "type": "Feature"
        },
        {
            "geometry": {
                "coordinates": [
                    -0.1315686,
                    51.5195747
                ],
                "type": "Point"
            },
            "properties": {
                "balloted": "No",
                "description": "Explore the Building Centre, a landmark home for architecture and the built environment in the heart of London. Discover its distinctive modernist spaces, public galleries and exhibitions, and learn how the building has brought together architects, designers, makers and city-shapers for more than 90 years.",
                "end": "18:00:00",
                "fully_booked": "",
                "images": [
                    {
                        "archive_url": "https://raw.githubusercontent.com/infrastructureclub/open-house-london-images/master/images/2026/6536/building_6536_01-small-file_0ea81a4f4ddcd56ccb4db75692db1e8b.jpg",
                        "title": "Photo of The Building Centre"
                    }
                ],
                "name": "The Building Centre",
                "new_venue_this_year": "Yes",
                "start": "10:00:00",
                "ticketed_events": "No",
                "url": "https://programme.openhouse.org.uk/listings/6536"
            },
            "type": "Feature"
        },
        {
            "geometry": {
                "coordinates": [
                    -0.27315,
                    51.52855
                ],
                "type": "Point"
            },
            "properties": {
                "balloted": "No",
                "description": "An industrial building originally built for maintaining railways with a modern rear extension now housing a modern glass processing company",
                "end": "15:00:00",
                "fully_booked": "",
                "images": [
                    {
                        "archive_url": "https://raw.githubusercontent.com/infrastructureclub/open-house-london-images/master/images/2026/8230/building_8230__mg_5585_6a8b6b3aff37534c3b9ca947e3da5631.jpg",
                        "title": "Photo of Preedy Glass"
                    },
                    {
                        "archive_url": "https://raw.githubusercontent.com/infrastructureclub/open-house-london-images/master/images/2026/8230/building_8230__mg_5049_12f8b6049ea24c46d25ad82fcd812013.jpg",
                        "title": "Photo of Preedy Glass"
                    },
                    {
                        "archive_url": "https://raw.githubusercontent.com/infrastructureclub/open-house-london-images/master/images/2026/8230/building_8230__mg_5362-2_a5b86c6bf85f47671f930f129cc5c089.jpg",
                        "title": "Photo of Preedy Glass"
                    },
                    {
                        "archive_url": "https://raw.githubusercontent.com/infrastructureclub/open-house-london-images/master/images/2026/8230/building_8230__mg_5672_0f42b413621276713c431aae5d2fa460.jpg",
                        "title": "Photo of Preedy Glass"
                    }
                ],
                "name": "Preedy Glass",
                "new_venue_this_year": "No",
                "start": "07:00:00",
                "ticketed_events": "No",
                "url": "https://programme.openhouse.org.uk/listings/8230"
            },
            "type": "Feature"
        },
        {
            "geometry": {
                "coordinates": [
                    -0.21581,
                    51.56881
                ],
                "type": "Point"
            },
            "properties": {
                "balloted": "No",
                "description": "Come and visit this grassroots community enterprise where old meets new in the form of the historic farm buildings alongside our crowdfunded cafe. Find out how some of these historic buildings have been saved and lovingly bought back into community use, and find out about our future plans.",
                "end": "16:00:00",
                "fully_booked": "",
                "images": [
                    {
                        "archive_url": "https://raw.githubusercontent.com/infrastructureclub/open-house-london-images/master/images/2026/8339/building_8339_2-our-yard_f435cc753860b8f44d78102d0ff4e0fc.png",
                        "title": "Photo of Our Yard at Clitterhouse Farm"
                    },
                    {
                        "archive_url": "https://raw.githubusercontent.com/infrastructureclub/open-house-london-images/master/images/2026/8339/building_8339_screen-shot-2019-06-05-at-15-37-38_559440d5e8e37db032fc0fbaf9cee8e1.png",
                        "title": "Photo of Our Yard at Clitterhouse Farm"
                    },
                    {
                        "archive_url": "https://raw.githubusercontent.com/infrastructureclub/open-house-london-images/master/images/2026/8339/building_8339_cafe-model-full_d93c54b037a48e0151f8d0c0e9408506.jpg",
                        "title": "Billy Adams and Freddie Wiltshire"
                    },
                    {
                        "archive_url": "https://raw.githubusercontent.com/infrastructureclub/open-house-london-images/master/images/2026/8339/building_8339_img_7903-2-2048x1536_580d192202d1e5649f25949170e67560.jpg",
                        "title": "Thomas Ball"
                    },
                    {
                        "archive_url": "https://raw.githubusercontent.com/infrastructureclub/open-house-london-images/master/images/2026/8339/building_8339_img_0559-2-2048x1536_d46fbe4914401794e084569b504ce7cf.jpg",
                        "title": "Thomas Ball"
                    },
                    {
                        "archive_url": "https://raw.githubusercontent.com/infrastructureclub/open-house-london-images/master/images/2026/8339/building_8339_cafe-at-night_6eed7d3f0273d9b743b159e1eaca973c.jpeg",
                        "title": "Thomas Ball"
                    },
                    {
                        "archive_url": "https://raw.githubusercontent.com/infrastructureclub/open-house-london-images/master/images/2026/8339/building_8339_whatsapp-image-2025-06-12-at-16-38-46_bc0bfdab7c575c580776447c110b820d.jpeg",
                        "title": "Photo of Our Yard at Clitterhouse Farm"
                    }
                ],
                "name": "Our Yard at Clitterhouse Farm",
                "new_venue_this_year": "No",
                "start": "10:00:00",
                "ticketed_events": "No",
                "url": "https://programme.openhouse.org.uk/listings/8339"
            },
            "type": "Feature"
        },
        {
            "geometry": {
                "coordinates": [
                    -0.10554,
                    51.51376
                ],
                "type": "Point"
            },
            "properties": {
                "balloted": "No",
                "description": "Wren designed building of 1675, interior lost in blitz of 1940, reopened 1957 with 'Wren inspired' interior",
                "end": "13:00:00",
                "fully_booked": "",
                "images": [
                    {
                        "archive_url": "https://raw.githubusercontent.com/infrastructureclub/open-house-london-images/master/images/2026/10035/building_10035_saint-brides-slater-king-354_bb8f07c9db1f49a68fbe0607f358d945.jpg",
                        "title": "Slater King"
                    },
                    {
                        "archive_url": "https://raw.githubusercontent.com/infrastructureclub/open-house-london-images/master/images/2026/10035/building_10035__dsc5779_cd3d912e5447e35e717d236627d51849.jpg",
                        "title": "John Lamb"
                    },
                    {
                        "archive_url": "https://raw.githubusercontent.com/infrastructureclub/open-house-london-images/master/images/2026/10035/building_10035__dsc5914_179a1c91dd4d40e08e3a1850fa0f390c.jpg",
                        "title": "John Lamb"
                    },
                    {
                        "archive_url": "https://raw.githubusercontent.com/infrastructureclub/open-house-london-images/master/images/2026/10035/building_10035_saint-brides-slater-king-418_c22f6b0ed23f0c5ed4d2af75a40e3446.jpg",
                        "title": "Slater King"
                    },
                    {
                        "archive_url": "https://raw.githubusercontent.com/infrastructureclub/open-house-london-images/master/images/2026/10035/building_10035_saint-brides-slater-king-337_46871a9de60eca0f2b50cb5dbc1b3314.jpg",
                        "title": "Slater King"
                    },
                    {
                        "archive_url": "https://raw.githubusercontent.com/infrastructureclub/open-house-london-images/master/images/2026/10035/building_10035_saint-brides-slater-king-370_d2eda4854bb80af0cf057fca1dbc9b38.jpg",
                        "title": "Slater King"
                    }
                ],
                "name": "St Bride's Church, Fleet Street",
                "new_venue_this_year": "No",
                "start": "10:00:00",
                "ticketed_events": "No",
                "url": "https://programme.openhouse.org.uk/listings/10035"
            },
            "type": "Feature"
        },
        {
            "geometry": {
                "coordinates": [
                    -0.3183739,
                    51.49191829999999
                ],
                "type": "Point"
            },
            "properties": {
                "balloted": "No",
                "description": "Boston Manor House is a Jacobean House built for Lady Mary Reade in 1623 and later owned by the Clitherow family from the 1670s until the 1920s. The House is now open to the public with free entry six days a week. Its beautifully restored historic interiors, including breath-taking ornate plasterwork, are joined by two community exhibition galleries, meeting rooms and an attractive modern café.",
                "end": "16:00:00",
                "fully_booked": "No",
                "images": [
                    {
                        "archive_url": "https://raw.githubusercontent.com/infrastructureclub/open-house-london-images/master/images/2026/10142/building_10142_boston-manor-house-summer-2_c0f61ec64b1603fb550d52f0f09a6911.png",
                        "title": "Boston Manor House"
                    },
                    {
                        "archive_url": "https://raw.githubusercontent.com/infrastructureclub/open-house-london-images/master/images/2026/10142/building_10142_portico-view_999fec832900435c60d71d0e12234533.jpg",
                        "title": "Boston Manor House"
                    },
                    {
                        "archive_url": "https://raw.githubusercontent.com/infrastructureclub/open-house-london-images/master/images/2026/10142/building_10142_boston-manor-house-view-from-park-lake_1374c93e6b177cad683819c569dfe1c8.jpg",
                        "title": "Boston Manor House"
                    }
                ],
                "name": "Boston Manor House",
                "new_venue_this_year": "No",
                "start": "11:30:00",
                "ticketed_events": "Yes",
                "url": "https://programme.openhouse.org.uk/listings/10142"
            },
            "type": "Feature"
        },
        {
            "geometry": {
                "coordinates": [
                    -0.1080343,
                    51.51412879999999
                ],
                "type": "Point"
            },
            "properties": {
                "balloted": "No",
                "description": "The Fleet Street Heritage Wall comprises 86 A3 information panels about the people, places, ideas and newspapers which made the name of Fleet Street famous throughout the world.  From 17th to 20th Sept frequent talks will be given on the sundial and the Heritage Wall, and its innovative design features which will  make it accessible to all comers through web pages, Easy Read pages, and audio files",
                "end": "16:00:00",
                "fully_booked": "",
                "images": [
                    {
                        "archive_url": "https://raw.githubusercontent.com/infrastructureclub/open-house-london-images/master/images/2026/10644/building_10644_heritagesundial1045gmts_0ce92c6a803a30bfc01bb00c91cbea10.png",
                        "title": "Piers Nicholson"
                    },
                    {
                        "archive_url": "https://raw.githubusercontent.com/infrastructureclub/open-house-london-images/master/images/2026/10644/building_10644_heritage-wall-drawing_29694abd9a173540602f9f077fe229c6.png",
                        "title": "Piers Nicholson"
                    },
                    {
                        "archive_url": "https://raw.githubusercontent.com/infrastructureclub/open-house-london-images/master/images/2026/10644/building_10644_heritagewallphoto_2505a98dce470e2e3ad34b3c52a3b8d4.png",
                        "title": "Piers Nicholson"
                    },
                    {
                        "archive_url": "https://raw.githubusercontent.com/infrastructureclub/open-house-london-images/master/images/2026/10644/building_10644_mainimage-2026redstripe_09fab54bc3be2c5bbb33680909319e27.png",
                        "title": "Piers Nicholson"
                    }
                ],
                "name": "Fleet Street Heritage Wall and Sundial",
                "new_venue_this_year": "No",
                "start": "10:00:00",
                "ticketed_events": "No",
                "url": "https://programme.openhouse.org.uk/listings/10644"
            },
            "type": "Feature"
        },
        {
            "geometry": {
                "coordinates": [
                    -0.13092,
                    51.53106
                ],
                "type": "Point"
            },
            "properties": {
                "balloted": "No",
                "description": "A great little museum set in the Grade 2 listed Ossulston Estate - a prime example of pre-war Social housing - based on Karl Marz Hof in Vienna.\r\nOpen Tuesday to Saturday 10am-5pm, plus Sunday 13th 12am-4pm.",
                "end": "17:00:00",
                "fully_booked": "",
                "images": [
                    {
                        "archive_url": "https://raw.githubusercontent.com/infrastructureclub/open-house-london-images/master/images/2026/10952/building_10952_img_6471_8c646e7b585214745cac2bac5d892502.jpeg",
                        "title": "Photo of People's Museum Somers Town"
                    },
                    {
                        "archive_url": "https://raw.githubusercontent.com/infrastructureclub/open-house-london-images/master/images/2026/10952/building_10952_image-15_e16b0cc04819f673c9e9f48ceb631876.jpg",
                        "title": "Photo of People's Museum Somers Town"
                    },
                    {
                        "archive_url": "https://raw.githubusercontent.com/infrastructureclub/open-house-london-images/master/images/2026/10952/building_10952_bayes_draper_7f3e5b45b5214a3678350c626287e132.jpg",
                        "title": "Photo of People's Museum Somers Town"
                    },
                    {
                        "archive_url": "https://raw.githubusercontent.com/infrastructureclub/open-house-london-images/master/images/2026/10952/building_10952_image_5190c3ba3a353bf7d685190ba20e632f.jpg",
                        "title": "Photo of People's Museum Somers Town"
                    },
                    {
                        "archive_url": "https://raw.githubusercontent.com/infrastructureclub/open-house-london-images/master/images/2026/10952/building_10952_gqh6-qgxeaarxpf_ad2f7ba8f9690a14696531d538d5cfb6.jpeg",
                        "title": "Photo of People's Museum Somers Town"
                    },
                    {
                        "archive_url": "https://raw.githubusercontent.com/infrastructureclub/open-house-london-images/master/images/2026/10952/building_10952_img_6473_392358fa284aea6acbb4f7a047ac2f52.jpeg",
                        "title": "Photo of People's Museum Somers Town"
                    }
                ],
                "name": "People's Museum Somers Town",
                "new_venue_this_year": "No",
                "start": "10:00:00",
                "ticketed_events": "No",
                "url": "https://programme.openhouse.org.uk/listings/10952"
            },
            "type": "Feature"
        },
        {
            "geometry": {
                "coordinates": [
                    -0.0194102,
                    51.5828202
                ],
                "type": "Point"
            },
            "properties": {
                "balloted": "No",
                "description": "A walk around historic Walthamstow showing how this unique area grew from a village into a thriving suburb, its social history and the variety of buildings that can be found where Epping Forest meets William Morris.",
                "end": "13:00:00",
                "fully_booked": "Yes",
                "images": [
                    {
                        "archive_url": "https://raw.githubusercontent.com/infrastructureclub/open-house-london-images/master/images/2026/11296/building_11296_img_2828_8b059f0e8ad7184afcc7c0488c9ccdab.jpg",
                        "title": "Christopher Booth"
                    },
                    {
                        "archive_url": "https://raw.githubusercontent.com/infrastructureclub/open-house-london-images/master/images/2026/11296/building_11296_img_2904_c28f81b321873eb89a7d587354f71c16.jpg",
                        "title": "Christopher Booth"
                    },
                    {
                        "archive_url": "https://raw.githubusercontent.com/infrastructureclub/open-house-london-images/master/images/2026/11296/building_11296_walthamstow_cd409428c1f4d6584014d2fe25cc7c9f.jpeg",
                        "title": "Photo of From Forest to Morris: A walk around Walthamstow"
                    },
                    {
                        "archive_url": "https://raw.githubusercontent.com/infrastructureclub/open-house-london-images/master/images/2026/11296/building_11296_e17-townhall_a4dac844616068ff288f164fcaff8114.jpg",
                        "title": "Photo of From Forest to Morris: A walk around Walthamstow"
                    },
                    {
                        "archive_url": "https://raw.githubusercontent.com/infrastructureclub/open-house-london-images/master/images/2026/11296/building_11296_willam-mprros-gallery_3f8202547ebef0ca403d8d150054268b.jpeg",
                        "title": "Photo of From Forest to Morris: A walk around Walthamstow"
                    }
                ],
                "name": "From Forest to Morris: A walk around Walthamstow",
                "new_venue_this_year": "No",
                "start": "11:00:00",
                "ticketed_events": "Yes",
                "url": "https://programme.openhouse.org.uk/listings/11296"
            },
            "type": "Feature"
        },
        {
            "geometry": {
                "coordinates": [
                    -0.07907,
                    51.489
                ],
                "type": "Point"
            },
            "properties": {
                "balloted": "No",
                "description": "Poroban will open their studio to the public, where our team will be available to discuss sustainable construction and view samples - including a range of UK grown timbers.  Currently in development is the new Hastings Castle Visitor Centre, that follows 'Design for Dissassembly' principles, and a house extension built in Glulam timber, UK grown Sweet Chestnut and English Poplar.",
                "end": "21:00:00",
                "fully_booked": "Yes",
                "images": [
                    {
                        "archive_url": "https://raw.githubusercontent.com/infrastructureclub/open-house-london-images/master/images/2026/11347/building_11347_oh_678a-55_cropped_c9c51ae499f1ec4ab9b205ed11aafd9d.jpg",
                        "title": "Photo of Poroban studio"
                    },
                    {
                        "archive_url": "https://raw.githubusercontent.com/infrastructureclub/open-house-london-images/master/images/2026/11347/building_11347_oh_788d-95_0c389b5378a10478cf99ce86792718d1.jpg",
                        "title": "Photo of Poroban studio"
                    },
                    {
                        "archive_url": "https://raw.githubusercontent.com/infrastructureclub/open-house-london-images/master/images/2026/11347/building_11347_oh_788d-137_0137fa560ef4ca430ea72e7e08abdbd6.jpg",
                        "title": "Photo of Poroban studio"
                    },
                    {
                        "archive_url": "https://raw.githubusercontent.com/infrastructureclub/open-house-london-images/master/images/2026/11347/building_11347_oh_788d-62_dc7c85e7ee08a8312932102f66b0e02b.jpg",
                        "title": "Photo of Poroban studio"
                    },
                    {
                        "archive_url": "https://raw.githubusercontent.com/infrastructureclub/open-house-london-images/master/images/2026/11347/building_11347_oh_1077i-112_3f38f2d50d3ce6eaacd5cf35a4b2f603.jpg",
                        "title": "Photo of Poroban studio"
                    },
                    {
                        "archive_url": "https://raw.githubusercontent.com/infrastructureclub/open-house-london-images/master/images/2026/11347/building_11347_dsc_0053_058d40e742bb0d65554a921505cdc7e8.jpg",
                        "title": "Photo of Poroban studio"
                    },
                    {
                        "archive_url": "https://raw.githubusercontent.com/infrastructureclub/open-house-london-images/master/images/2026/11347/building_11347_oh_1077i-60_362426d6be438d741f69b7957129d3db.jpg",
                        "title": "Photo of Poroban studio"
                    },
                    {
                        "archive_url": "https://raw.githubusercontent.com/infrastructureclub/open-house-london-images/master/images/2026/11347/building_11347_sample-edited_fe58a82227fc75140ecc45c80e72fc8e.png",
                        "title": "Photo of Poroban studio"
                    }
                ],
                "name": "Poroban studio",
                "new_venue_this_year": "No",
                "start": "18:00:00",
                "ticketed_events": "Yes",
                "url": "https://programme.openhouse.org.uk/listings/11347"
            },
            "type": "Feature"
        },
        {
            "geometry": {
                "coordinates": [
                    -0.04198,
                    51.59401
                ],
                "type": "Point"
            },
            "properties": {
                "balloted": "No",
                "description": "Built in the 1950s, this site was originally the head offices for a large consortium of industrial spaces which produced dyes and food colourings. It is now a creative workspace with 26 studios for creative businesses and an event space.",
                "end": "18:00:00",
                "fully_booked": "",
                "images": [
                    {
                        "archive_url": "https://raw.githubusercontent.com/infrastructureclub/open-house-london-images/master/images/2026/11358/building_11358_switchboard-studios_elevation-night-2_jan-kattein-architects-ltd_lowres_4438b1e58cb3a3ef4ba5e46847f2c23d.jpg",
                        "title": "Photo of Switchboard Studios"
                    },
                    {
                        "archive_url": "https://raw.githubusercontent.com/infrastructureclub/open-house-london-images/master/images/2026/11358/building_11358_colour-lab-25_colour-of-saying_2_f105e01d086b10483a2e005a00e98e9f.jpg",
                        "title": "Photo of Switchboard Studios"
                    },
                    {
                        "archive_url": "https://raw.githubusercontent.com/infrastructureclub/open-house-london-images/master/images/2026/11358/building_11358_cwl_ldf-banner_1920x1080px_4-v1_e20ecda1240f9618de3ed8794bceec56.jpg",
                        "title": "Photo of Switchboard Studios"
                    },
                    {
                        "archive_url": "https://raw.githubusercontent.com/infrastructureclub/open-house-london-images/master/images/2026/11358/building_11358_ethical-colour-ldf-091_a9f220ccee8b952ca11c32e70d869a2d.jpg",
                        "title": "Photo of Switchboard Studios"
                    },
                    {
                        "archive_url": "https://raw.githubusercontent.com/infrastructureclub/open-house-london-images/master/images/2026/11358/building_11358_banner_6ce2306080deaa0bbbbf6f9899ccd76e.jpg",
                        "title": "Photo of Switchboard Studios"
                    }
                ],
                "name": "Switchboard Studios",
                "new_venue_this_year": "No",
                "start": "12:00:00",
                "ticketed_events": "No",
                "url": "https://programme.openhouse.org.uk/listings/11358"
            },
            "type": "Feature"
        },
        {
            "geometry": {
                "coordinates": [
                    -0.0813472,
                    51.517312
                ],
                "type": "Point"
            },
            "properties": {
                "balloted": "No",
                "description": "Andaz London Liverpool Street, a concept by Hyatt, blends rich history dating back to the 1200s with modern decor and the vibrant energy of its London neighborhood.\r\n\r\nStep inside and join us for an open house tour led by our dedicated team!",
                "end": "15:30:00",
                "fully_booked": "Yes",
                "images": [
                    {
                        "archive_url": "https://raw.githubusercontent.com/infrastructureclub/open-house-london-images/master/images/2026/11391/building_11391_andaz-london-liverpool-street_andaz-lounge-26_ca6d723e7641f07f2fa91498690deb0c.jpg",
                        "title": "Andaz London"
                    },
                    {
                        "archive_url": "https://raw.githubusercontent.com/infrastructureclub/open-house-london-images/master/images/2026/11391/building_11391_andaz-london-liverpool-street_andaz-lounge-29_10bf89e7b9144c5c9e5f40bb053400db.jpg",
                        "title": "Andaz London"
                    },
                    {
                        "archive_url": "https://raw.githubusercontent.com/infrastructureclub/open-house-london-images/master/images/2026/11391/building_11391_andaz-london-liverpool-street_andaz-lounge-50_5cc84e8578e8b226d28006f567dd8776.jpg",
                        "title": "Andaz London"
                    },
                    {
                        "archive_url": "https://raw.githubusercontent.com/infrastructureclub/open-house-london-images/master/images/2026/11391/building_11391_andaz-london-1901-wine-lounge_e23f7d5a0f6b6f64b1a0a5b42c127214.jpg",
                        "title": "Andaz London"
                    },
                    {
                        "archive_url": "https://raw.githubusercontent.com/infrastructureclub/open-house-london-images/master/images/2026/11391/building_11391_andaz-london-1901-ballroom_125debc927986d9c9688cf4d2e61bd62.jpg",
                        "title": "Andaz London"
                    },
                    {
                        "archive_url": "https://raw.githubusercontent.com/infrastructureclub/open-house-london-images/master/images/2026/11391/building_11391_andaz-london-lady-abercorn-s-pub-kitchen_9db82879d9afbf24444c6da80de0a070.jpg",
                        "title": "Andaz London"
                    },
                    {
                        "archive_url": "https://raw.githubusercontent.com/infrastructureclub/open-house-london-images/master/images/2026/11391/building_11391_masonic-temple-ceiling_f0d5e21a755f731156550376a92c628c.jpg",
                        "title": "Andaz London"
                    }
                ],
                "name": "Andaz London Liverpool Street",
                "new_venue_this_year": "No",
                "start": "15:00:00",
                "ticketed_events": "Yes",
                "url": "https://programme.openhouse.org.uk/listings/11391"
            },
            "type": "Feature"
        },
        {
            "geometry": {
                "coordinates": [
                    -0.17548,
                    51.50481
                ],
                "type": "Point"
            },
            "properties": {
                "balloted": "No",
                "description": "A floating acoustic architecture, playfully reframing public space as an essential community engagement through sound & site mapping. Accessed by smartphone, headphones & echoes.xyz app, the Pavilion is located outside the Serpentine Gallery,. Drawing on Oskar & Zofia Hansen’s Open Form architectural concept it is one of 15 in a series including Venice, Berlin, Dublin, Bergen and Arctic Norway.",
                "end": "19:30:00",
                "fully_booked": "",
                "images": [
                    {
                        "archive_url": "https://raw.githubusercontent.com/infrastructureclub/open-house-london-images/master/images/2026/11855/building_11855_london-open-form-pavilion-of-air-design-and-presentation_214cd30ce7ca5d941be727d86f2eb973.jpg",
                        "title": "Photo of London Open Form Pavilion of Air"
                    },
                    {
                        "archive_url": "https://raw.githubusercontent.com/infrastructureclub/open-house-london-images/master/images/2026/11855/building_11855_qr-code-london-open-form-pavilion-of-air-1_a87bb30e72967aa06b4470ab2e37b0d2.jpg",
                        "title": "Photo of London Open Form Pavilion of Air"
                    },
                    {
                        "archive_url": "https://raw.githubusercontent.com/infrastructureclub/open-house-london-images/master/images/2026/11855/building_11855_london-open-form-pavilion-of-air-design-and-presentation-05cd1c-map_7029344be6f1bc2ee855960aa0b17686.jpg",
                        "title": "Photo of London Open Form Pavilion of Air"
                    }
                ],
                "name": "London Open Form Pavilion of Air",
                "new_venue_this_year": "No",
                "start": "06:00:00",
                "ticketed_events": "No",
                "url": "https://programme.openhouse.org.uk/listings/11855"
            },
            "type": "Feature"
        },
        {
            "geometry": {
                "coordinates": [
                    -0.36726,
                    51.46843
                ],
                "type": "Point"
            },
            "properties": {
                "balloted": "No",
                "description": "The London Borough of Hounslow's 2019 contemporary home designed by Sheppard Robson, with iconic iridescent façade and public and private spaces stitched together by a bold and sculptural staircase, is open for architectural tours led by Hounslow Council's Culture team.",
                "end": "13:00:00",
                "fully_booked": "No",
                "images": [
                    {
                        "archive_url": "https://raw.githubusercontent.com/infrastructureclub/open-house-london-images/master/images/2026/12032/building_12032_hounslow-house_8ecc8cbdad4768f3787b2b7f3e3d49fa.png",
                        "title": "Hounslow House"
                    },
                    {
                        "archive_url": "https://raw.githubusercontent.com/infrastructureclub/open-house-london-images/master/images/2026/12032/building_12032_sr_hounslow-house_jack-hobhouse-1_f381dec8901f100241121155404a09e6.jpg",
                        "title": "Hounslow House"
                    },
                    {
                        "archive_url": "https://raw.githubusercontent.com/infrastructureclub/open-house-london-images/master/images/2026/12032/building_12032_sr_hounslow-house_jack-hobhouse-3_4c6a2b5631d206e341e2a79cf8f69135.jpg",
                        "title": "Hounslow House"
                    }
                ],
                "name": "Hounslow House",
                "new_venue_this_year": "No",
                "start": "09:45:00",
                "ticketed_events": "Yes",
                "url": "https://programme.openhouse.org.uk/listings/12032"
            },
            "type": "Feature"
        },
        {
            "geometry": {
                "coordinates": [
                    -0.09939,
                    51.37226
                ],
                "type": "Point"
            },
            "properties": {
                "balloted": "No",
                "description": "Explore the Museum of Croydon and Croydon Archives:\r\n\r\n- Join the Curator of the Museum of Croydon and the Borough Archivist of the Croydon Archives on an intimate guided tour of our stored, rarely seen collections.\r\n- Explore our current exhibitions with our expert staff, including Grayson Perry's Essex House Tapestries and a brand-new exhibition on Croydon's Architecture",
                "end": "16:30:00",
                "fully_booked": "No",
                "images": [
                    {
                        "archive_url": "https://raw.githubusercontent.com/infrastructureclub/open-house-london-images/master/images/2026/12045/building_12045_croydon-buildings-86_83fa405c864616af53e3ce77bad96cd9.jpg",
                        "title": "Photo of Museum of Croydon"
                    }
                ],
                "name": "Museum of Croydon",
                "new_venue_this_year": "No",
                "start": "10:00:00",
                "ticketed_events": "Yes",
                "url": "https://programme.openhouse.org.uk/listings/12045"
            },
            "type": "Feature"
        },
        {
            "geometry": {
                "coordinates": [
                    -0.05552,
                    51.54152
                ],
                "type": "Point"
            },
            "properties": {
                "balloted": "No",
                "description": "Morris+Company is an award-winning architecture practice based in Hackney, east London. We have applied circular economy principles to the retrofit of our own studio, gallery and café space on Mare Street, reducing waste, reusing materials, and designing for longevity.  We place the creative ‘act’ of architecture onto the high street, reveal our practice to the public and engage local communities.",
                "end": "16:00:00",
                "fully_booked": "",
                "images": [
                    {
                        "archive_url": "https://raw.githubusercontent.com/infrastructureclub/open-house-london-images/master/images/2026/12130/building_12130_230731_open-house_image_5d457e7b38b93820d7f9fddc584f071e.jpg",
                        "title": "Photo of Morris+Company | 'Waste Not: Materials, Making and the Circular Economy' Exhibition"
                    },
                    {
                        "archive_url": "https://raw.githubusercontent.com/infrastructureclub/open-house-london-images/master/images/2026/12130/building_12130_121202_elly_restaurant_006_c4fb583ce61169ef4f02603f20bbf8f9.jpg",
                        "title": "Photo of Morris+Company | 'Waste Not: Materials, Making and the Circular Economy' Exhibition"
                    }
                ],
                "name": "Morris+Company | 'Waste Not: Materials, Making and the Circular Economy' Exhibition",
                "new_venue_this_year": "No",
                "start": "10:00:00",
                "ticketed_events": "No",
                "url": "https://programme.openhouse.org.uk/listings/12130"
            },
            "type": "Feature"
        },
        {
            "geometry": {
                "coordinates": [
                    -0.00163,
                    51.4822
                ],
                "type": "Point"
            },
            "properties": {
                "balloted": "No",
                "description": "Feathers Place was originally East Lane, connecting Greenwich Park to the river. No 14 has housed the Roan School for Boys, founded in 1643 and more recently contained textile archives of the National Maritime Museum. Today it is Meantime Studios, named after the Prime Meridian of the World on which it sits.  Freeweaver Studio occupies the top floor, a bright vaulted spacious room with skylights.",
                "end": "18:00:00",
                "fully_booked": "No",
                "images": [
                    {
                        "archive_url": "https://raw.githubusercontent.com/infrastructureclub/open-house-london-images/master/images/2026/12206/building_12206__20a1825_90be8a99c8c1ea7a83cc3e7bfb76adb7.jpg",
                        "title": "Photo of Open Textile Studio and Weaving Exhibition"
                    },
                    {
                        "archive_url": "https://raw.githubusercontent.com/infrastructureclub/open-house-london-images/master/images/2026/12206/building_12206__20a1558_c6854e98e0f007a82d137fbff5619ac0.jpg",
                        "title": "Photo of Open Textile Studio and Weaving Exhibition"
                    }
                ],
                "name": "Open Textile Studio and Weaving Exhibition",
                "new_venue_this_year": "No",
                "start": "14:00:00",
                "ticketed_events": "Yes",
                "url": "https://programme.openhouse.org.uk/listings/12206"
            },
            "type": "Feature"
        },
        {
            "geometry": {
                "coordinates": [
                    -0.10418,
                    51.51927
                ],
                "type": "Point"
            },
            "properties": {
                "balloted": "No",
                "description": "Hidden behind two Listed Building facades opposite Smithfield Market, and spread across eight floors below and above ground, E.ON's Citigen energy centre produces electricity, heat and cooling to buildings across the Square Mile.",
                "end": "16:00:00",
                "fully_booked": "Yes",
                "images": [
                    {
                        "archive_url": "https://raw.githubusercontent.com/infrastructureclub/open-house-london-images/master/images/2026/12219/building_12219_citigen-exterior-096_copy_2-transformed_a59f30efa631af4cafabe671f158d410.jpeg",
                        "title": "E.ON Citigen"
                    },
                    {
                        "archive_url": "https://raw.githubusercontent.com/infrastructureclub/open-house-london-images/master/images/2026/12219/building_12219_citigen-exterior-095-transformed_52771631c29368cba62736bb08c05f9a.jpeg",
                        "title": "E.ON Citigen"
                    }
                ],
                "name": "E.ON's Citigen energy centre",
                "new_venue_this_year": "No",
                "start": "10:00:00",
                "ticketed_events": "Yes",
                "url": "https://programme.openhouse.org.uk/listings/12219"
            },
            "type": "Feature"
        },
        {
            "geometry": {
                "coordinates": [
                    -0.07309,
                    51.5235
                ],
                "type": "Point"
            },
            "properties": {
                "balloted": "No",
                "description": "Join Ballymore, Hammerson & landscape architects Spacehub for a guided walk behind the hoarding at Bishopsgate Goodsyard. Discover how a former goods depot, largely unused since 1964, is being transformed into a new neighbourhood with a major public park, around 500 new homes, affordable workspace and offices.",
                "end": "15:30:00",
                "fully_booked": "Yes",
                "images": [
                    {
                        "archive_url": "https://raw.githubusercontent.com/infrastructureclub/open-house-london-images/master/images/2026/12431/building_12431_brathwaite-arches_4290ec6b4e9bbc1ac774463ffa63c5d1.jpg",
                        "title": "Photo of Bishopsgate Goodsyard: the Braithwaite Arches"
                    },
                    {
                        "archive_url": "https://raw.githubusercontent.com/infrastructureclub/open-house-london-images/master/images/2026/12431/building_12431_untitled-design-4_5aea139d3ee145b54288c0adb8121294.png",
                        "title": "Photo of Bishopsgate Goodsyard: the Braithwaite Arches"
                    },
                    {
                        "archive_url": "https://raw.githubusercontent.com/infrastructureclub/open-house-london-images/master/images/2026/12431/building_12431_untitled-design-5_a82dd71472f06d5f5288f7bedc908b07.png",
                        "title": "Photo of Bishopsgate Goodsyard: the Braithwaite Arches"
                    }
                ],
                "name": "Bishopsgate Goodsyard: the Braithwaite Arches",
                "new_venue_this_year": "Yes",
                "start": "11:00:00",
                "ticketed_events": "Yes",
                "url": "https://programme.openhouse.org.uk/listings/12431"
            },
            "type": "Feature"
        },
        {
            "geometry": {
                "coordinates": [
                    -0.06782,
                    51.60602
                ],
                "type": "Point"
            },
            "properties": {
                "balloted": "No",
                "description": "Established by Lee Alexander McQueen to support the most fearless creative minds of the future, Sarabande provides heavily subsidised studios for artists across two sites in London. \r\n\r\nThe Tottenham site opened in 2023 and sits within two restored Georgian townhouses, part of the historic Northumberland Terrace and in stark contrast to the contemporary stadium next door.",
                "end": "16:00:00",
                "fully_booked": "No",
                "images": [
                    {
                        "archive_url": "https://raw.githubusercontent.com/infrastructureclub/open-house-london-images/master/images/2026/12451/building_12451_dsc05682-large_191985550659ddd462e6ac3ed0421937.jpeg",
                        "title": "Jordy Nasa"
                    }
                ],
                "name": "Sarabande Foundation",
                "new_venue_this_year": "No",
                "start": "10:00:00",
                "ticketed_events": "Yes",
                "url": "https://programme.openhouse.org.uk/listings/12451"
            },
            "type": "Feature"
        },
        {
            "geometry": {
                "coordinates": [
                    -0.10075,
                    51.37522
                ],
                "type": "Point"
            },
            "properties": {
                "balloted": "No",
                "description": "The Croydon Urban Room is a space to talk about the past, present and future of the Croydon town centre. Through conversa­tions, stories, exhibitions and events, the Urban Room brings together the views of those who live, work and visit the area to create a shared vision of the future and test new uses live in action.",
                "end": "16:00:00",
                "fully_booked": "",
                "images": [
                    {
                        "archive_url": "https://raw.githubusercontent.com/infrastructureclub/open-house-london-images/master/images/2026/12687/building_12687_1721246551928_a6d64c6db9d8edb6a0b069318bba4114.jfif",
                        "title": "Photo of Croydon Urban Room"
                    },
                    {
                        "archive_url": "https://raw.githubusercontent.com/infrastructureclub/open-house-london-images/master/images/2026/12687/building_12687_1721246553512_33b438725887eb97a2f260ce2d7bf8ef.jfif",
                        "title": "Photo of Croydon Urban Room"
                    },
                    {
                        "archive_url": "https://raw.githubusercontent.com/infrastructureclub/open-house-london-images/master/images/2026/12687/building_12687_1721246552001_e5541502caba6c4888613ef99bd1082f.jfif",
                        "title": "Photo of Croydon Urban Room"
                    }
                ],
                "name": "Croydon Urban Room",
                "new_venue_this_year": "No",
                "start": "10:00:00",
                "ticketed_events": "No",
                "url": "https://programme.openhouse.org.uk/listings/12687"
            },
            "type": "Feature"
        },
        {
            "geometry": {
                "coordinates": [
                    -0.14246,
                    51.51756
                ],
                "type": "Point"
            },
            "properties": {
                "balloted": "No",
                "description": "London is the world's first National Park City, and our visitors centre at 80 Mortimer Street is the entry point to hundreds of places to visit and things to do across a greener, healthier and wilder London.",
                "end": "19:30:00",
                "fully_booked": "No",
                "images": [
                    {
                        "archive_url": "https://raw.githubusercontent.com/infrastructureclub/open-house-london-images/master/images/2026/12692/building_12692_80_mortimer-street_412b139bc6dff7cd04f794b2e49a187c.jpg",
                        "title": "Photo of London National Park City Visitors Centre"
                    },
                    {
                        "archive_url": "https://raw.githubusercontent.com/infrastructureclub/open-house-london-images/master/images/2026/12692/building_12692_rangers_summit_18nov23_1600x800_1fe0c19fca59274ed40f31c7c3d09896.jpg",
                        "title": "Photo of London National Park City Visitors Centre"
                    }
                ],
                "name": "London National Park City Visitors Centre",
                "new_venue_this_year": "No",
                "start": "10:00:00",
                "ticketed_events": "Yes",
                "url": "https://programme.openhouse.org.uk/listings/12692"
            },
            "type": "Feature"
        },
        {
            "geometry": {
                "coordinates": [
                    -0.31018,
                    51.48232
                ],
                "type": "Point"
            },
            "properties": {
                "balloted": "No",
                "description": "St Lawrence started life as a hospital and chapel in the 12th century. There is a 15th century tower but the rest of the building was rebuilt in the 19th century. It was unused and  virtually derelict since the 1960s.  It has been refurbished but is currently empty. We will not have access to the interior.",
                "end": "12:00:00",
                "fully_booked": "No",
                "images": [
                    {
                        "archive_url": "https://raw.githubusercontent.com/infrastructureclub/open-house-london-images/master/images/2026/12693/building_12693_st-lawrence-1_a55ceae58d52708346295de08e315371.jpeg",
                        "title": "St Lawrence church"
                    },
                    {
                        "archive_url": "https://raw.githubusercontent.com/infrastructureclub/open-house-london-images/master/images/2026/12693/building_12693_st-lawrence-2_fc8f11fb08faeead613e9545dd48d60f.jpeg",
                        "title": "St Lawrence church"
                    }
                ],
                "name": "St Lawrence",
                "new_venue_this_year": "No",
                "start": "11:00:00",
                "ticketed_events": "Yes",
                "url": "https://programme.openhouse.org.uk/listings/12693"
            },
            "type": "Feature"
        },
        {
            "geometry": {
                "coordinates": [
                    -0.14662,
                    51.5221
                ],
                "type": "Point"
            },
            "properties": {
                "balloted": "No",
                "description": "Discover an exhibition exploring innovation in heritage through projects and stories with Donald Insall Associates. A curated display and film reveal how design, research and conservation are reshaping historic environments. Visit their Grade II-listed Edwardian studio (1914, Sydney Tatchell).",
                "end": "18:00:00",
                "fully_booked": "",
                "images": [
                    {
                        "archive_url": "https://raw.githubusercontent.com/infrastructureclub/open-house-london-images/master/images/2026/12696/building_12696_dia_n537_website_262182a99a328e4da3cb441b7a87286e.jpg",
                        "title": "Photo of Past Forward: Where Heritage Meets Innovation | Open studios at DIA"
                    },
                    {
                        "archive_url": "https://raw.githubusercontent.com/infrastructureclub/open-house-london-images/master/images/2026/12696/building_12696_dia_n526_website_314de9bf12595af8cae0d149ecc2a5a8.jpg",
                        "title": "Photo of Past Forward: Where Heritage Meets Innovation | Open studios at DIA"
                    }
                ],
                "name": "Past Forward: Where Heritage Meets Innovation | Open studios at DIA",
                "new_venue_this_year": "No",
                "start": "10:00:00",
                "ticketed_events": "No",
                "url": "https://programme.openhouse.org.uk/listings/12696"
            },
            "type": "Feature"
        },
        {
            "geometry": {
                "coordinates": [
                    -0.10409,
                    51.60487
                ],
                "type": "Point"
            },
            "properties": {
                "balloted": "No",
                "description": "Ever explored an eco-building? Wolves Lane Horticulture centre is home to a thriving 3.5 acre contemporary community food growing space operating with a 1970s glasshouses alongside cutting-edge sustainable buildings designed by Studio Gil and Material Cultures.",
                "end": "16:00:00",
                "fully_booked": "No",
                "images": [
                    {
                        "archive_url": "https://raw.githubusercontent.com/infrastructureclub/open-house-london-images/master/images/2026/12731/building_12731_1000005892_116b8ca1776a91491de180bd5411381f.jpg",
                        "title": "Wolves Lane Horticultural Centre"
                    },
                    {
                        "archive_url": "https://raw.githubusercontent.com/infrastructureclub/open-house-london-images/master/images/2026/12731/building_12731_wlc-palmhouse_ae7dc69d83d37670a49e67ec46e4f9da.jpg",
                        "title": "Wolves Lane Horticultural Centre"
                    }
                ],
                "name": "Wolves Lane Horticultural Centre",
                "new_venue_this_year": "No",
                "start": "10:00:00",
                "ticketed_events": "Yes",
                "url": "https://programme.openhouse.org.uk/listings/12731"
            },
            "type": "Feature"
        },
        {
            "geometry": {
                "coordinates": [
                    -0.32577,
                    51.53539
                ],
                "type": "Point"
            },
            "properties": {
                "balloted": "No",
                "description": "We are a theatre company for performers and artists with learning disabilities in the West London area. We will put on an exhibition of artworks and costumes at our Community Arts Centre.",
                "end": "16:00:00",
                "fully_booked": "",
                "images": [
                    {
                        "archive_url": "https://raw.githubusercontent.com/infrastructureclub/open-house-london-images/master/images/2026/12809/building_12809_exhibition_65bd7051a3d0902c96cc1a6d8b941587.jpg",
                        "title": "Photo of IMPACT Community Arts Centre"
                    },
                    {
                        "archive_url": "https://raw.githubusercontent.com/infrastructureclub/open-house-london-images/master/images/2026/12809/building_12809_costume_2d16855d40192d47efd07e978f512dce.jpg",
                        "title": "Photo of IMPACT Community Arts Centre"
                    }
                ],
                "name": "IMPACT Community Arts Centre",
                "new_venue_this_year": "No",
                "start": "10:00:00",
                "ticketed_events": "No",
                "url": "https://programme.openhouse.org.uk/listings/12809"
            },
            "type": "Feature"
        },
        {
            "geometry": {
                "coordinates": [
                    -0.08501,
                    51.47498
                ],
                "type": "Point"
            },
            "properties": {
                "balloted": "No",
                "description": "outhouse gallery is a small, independent, artist-run creative space located in Brunswick Park, Camberwell. \r\nAs a former public toilet, the gallery's mission is to be open, public and accessible to both facilitators and visitors - from free exhibitions, live performances, and workshops to publishing articles online and in outhouse magazine.",
                "end": "17:00:00",
                "fully_booked": "",
                "images": [
                    {
                        "archive_url": "https://raw.githubusercontent.com/infrastructureclub/open-house-london-images/master/images/2026/12832/building_12832_teodellatorre_dscf8056_4e8d1327289978b66e02f7b08f4cb79c.jpg",
                        "title": "Photo of outhouse gallery"
                    },
                    {
                        "archive_url": "https://raw.githubusercontent.com/infrastructureclub/open-house-london-images/master/images/2026/12832/building_12832_img_8040_9f4087aaab936bb44757c63a6ab3b649.jpeg",
                        "title": "Photo of outhouse gallery"
                    },
                    {
                        "archive_url": "https://raw.githubusercontent.com/infrastructureclub/open-house-london-images/master/images/2026/12832/building_12832_screenshot-2025-05-23-at-17-35-23_a876fcb03692f7bc0aa21a57c9e5497f.png",
                        "title": "Photo of outhouse gallery"
                    }
                ],
                "name": "outhouse gallery",
                "new_venue_this_year": "No",
                "start": "12:00:00",
                "ticketed_events": "No",
                "url": "https://programme.openhouse.org.uk/listings/12832"
            },
            "type": "Feature"
        },
        {
            "geometry": {
                "coordinates": [
                    -0.13186,
                    51.5124
                ],
                "type": "Point"
            },
            "properties": {
                "balloted": "No",
                "description": "Start your exploration of the Open House Soho Neighbourhood with a shot of coffee, a refreshing cold drink and a bite to eat.  Explore our timeline of Soho, and our existing display on the church's history.   Relax in our calm and welcoming gardens.",
                "end": "18:00:00",
                "fully_booked": "",
                "images": [
                    {
                        "archive_url": "https://raw.githubusercontent.com/infrastructureclub/open-house-london-images/master/images/2026/12938/building_12938_sacred_grounds_f2c41ce07f97ca90f3d4f726d3fd0d70.png",
                        "title": "Photo of Sacred Grounds / St Anne's Church and Garden"
                    }
                ],
                "name": "Sacred Grounds / St Anne's Church and Garden",
                "new_venue_this_year": "No",
                "start": "10:00:00",
                "ticketed_events": "No",
                "url": "https://programme.openhouse.org.uk/listings/12938"
            },
            "type": "Feature"
        },
        {
            "geometry": {
                "coordinates": [
                    0.02405,
                    51.52302
                ],
                "type": "Point"
            },
            "properties": {
                "balloted": "No",
                "description": "Formerly known as Memorial Baptist Church this Grade II listed building opened in 1922, it retains many original features. Open House will include access to the church, gallery and bell tower, and information on church history. 18th September at 7pm Lydia Thornley will lead a talk on the craft skills used in the building, and on the 19th 3.30-6pm there is a sketching workshop",
                "end": "20:00:00",
                "fully_booked": "No",
                "images": [
                    {
                        "archive_url": "https://raw.githubusercontent.com/infrastructureclub/open-house-london-images/master/images/2026/12965/building_12965_church-2_681e71be89d5396fb356389d6cc2c64e.jpg",
                        "title": "Photo of Memorial Community Church"
                    },
                    {
                        "archive_url": "https://raw.githubusercontent.com/infrastructureclub/open-house-london-images/master/images/2026/12965/building_12965_interior_041e4ad6c5b5ddb90d6778f3d5c88471.jpg",
                        "title": "Photo of Memorial Community Church"
                    }
                ],
                "name": "Memorial Community Church",
                "new_venue_this_year": "No",
                "start": "15:00:00",
                "ticketed_events": "Yes",
                "url": "https://programme.openhouse.org.uk/listings/12965"
            },
            "type": "Feature"
        },
        {
            "geometry": {
                "coordinates": [
                    -0.09295,
                    51.39877
                ],
                "type": "Point"
            },
            "properties": {
                "balloted": "No",
                "description": "Since 1891, St Alban's has served South Norwood and Thornton Heath; areas that began to develop with the coming of the railways. The church  was  built by the community and is  still serving the community.  The building design altered considerably from start to finish and a small exhibition will give examples of the various suggestions.",
                "end": "19:00:00",
                "fully_booked": "",
                "images": [
                    {
                        "archive_url": "https://raw.githubusercontent.com/infrastructureclub/open-house-london-images/master/images/2026/13012/building_13012_screenshot_22-4-2025_22018__dc5f5715b8cd9c42168f4ec8e22e9fa5.jpeg",
                        "title": "Photo of St Alban the Martyr, South Norwood"
                    },
                    {
                        "archive_url": "https://raw.githubusercontent.com/infrastructureclub/open-house-london-images/master/images/2026/13012/building_13012_img_4368_b204ae89bd7f05115497c33f33fec131.jpeg",
                        "title": "Photo of St Alban the Martyr, South Norwood"
                    },
                    {
                        "archive_url": "https://raw.githubusercontent.com/infrastructureclub/open-house-london-images/master/images/2026/13012/building_13012_img_9130_e5a7cd7a468fbac7cb6ebfc7daf223c3.jpeg",
                        "title": "Photo of St Alban the Martyr, South Norwood"
                    }
                ],
                "name": "St Alban the Martyr, South Norwood",
                "new_venue_this_year": "No",
                "start": "15:00:00",
                "ticketed_events": "No",
                "url": "https://programme.openhouse.org.uk/listings/13012"
            },
            "type": "Feature"
        },
        {
            "geometry": {
                "coordinates": [
                    -0.13013,
                    51.51332
                ],
                "type": "Point"
            },
            "properties": {
                "balloted": "No",
                "description": "The area post 1700 became very cosmopolitan with immigrants mainly from Europe, and their influence on food and drink became increasingly important. This tour is based on food and drink, passing by restaurants, pubs, coffee bars,  pâtisserie and  delis that have been present for decades, finishing at a relatively new site.",
                "end": "15:45:00",
                "fully_booked": "Yes",
                "images": [
                    {
                        "archive_url": "https://raw.githubusercontent.com/infrastructureclub/open-house-london-images/master/images/2026/13014/building_13014_img_1783_1f225314f6673a9975ce6c415c47bc2f.jpg",
                        "title": "Photo of Soho - forever changing"
                    },
                    {
                        "archive_url": "https://raw.githubusercontent.com/infrastructureclub/open-house-london-images/master/images/2026/13014/building_13014_screenshot-2026-06-12-at-09-14-30_f599a9e840b8309a7b73aabe340613d1.png",
                        "title": "Photo of Soho - forever changing"
                    }
                ],
                "name": "Soho - forever changing",
                "new_venue_this_year": "No",
                "start": "11:00:00",
                "ticketed_events": "Yes",
                "url": "https://programme.openhouse.org.uk/listings/13014"
            },
            "type": "Feature"
        },
        {
            "geometry": {
                "coordinates": [
                    -0.09308,
                    51.51644
                ],
                "type": "Point"
            },
            "properties": {
                "balloted": "No",
                "description": "A walking tour of the City, visiting key areas associated with famous writers, from Shakespeare, Dr Johnson, Oscar Wilde, and many others.",
                "end": "15:30:00",
                "fully_booked": "Yes",
                "images": [
                    {
                        "archive_url": "https://raw.githubusercontent.com/infrastructureclub/open-house-london-images/master/images/2026/13039/building_13039_michelle-at-stationers-hall-closeup-2022-niki-gorick-photography-1_aed71e6a9a4fda0985412e24a76a263e.jpg",
                        "title": "Katherine Pearce"
                    }
                ],
                "name": "The Literary City",
                "new_venue_this_year": "No",
                "start": "14:30:00",
                "ticketed_events": "Yes",
                "url": "https://programme.openhouse.org.uk/listings/13039"
            },
            "type": "Feature"
        },
        {
            "geometry": {
                "coordinates": [
                    -0.08132,
                    51.5257
                ],
                "type": "Point"
            },
            "properties": {
                "balloted": "No",
                "description": "A refurbished factory warehouse, the repurposed space now hosts educational programmes and activities of the School of Traditional Arts and the architectural team of the King’s Foundation. Live demonstrations of traditional arts skills by students and alumni, scheduled talks on KF's architectural projects, and guided tours all await the visitor.",
                "end": "15:00:00",
                "fully_booked": "No",
                "images": [
                    {
                        "archive_url": "https://raw.githubusercontent.com/infrastructureclub/open-house-london-images/master/images/2026/13043/building_13043_1_233482577f09c8874e05a62c22eab93c.jpg",
                        "title": "Photo of The King's Foundation - Charlotte Road"
                    },
                    {
                        "archive_url": "https://raw.githubusercontent.com/infrastructureclub/open-house-london-images/master/images/2026/13043/building_13043_2_08a8e80185806f1b521fab3e75e9c5ff.jpg",
                        "title": "Photo of The King's Foundation - Charlotte Road"
                    },
                    {
                        "archive_url": "https://raw.githubusercontent.com/infrastructureclub/open-house-london-images/master/images/2026/13043/building_13043_screenshot-2025-08-19-155424_0929dac83e64f056abf3a3a6cf43757c.png",
                        "title": "Photo of The King's Foundation - Charlotte Road"
                    }
                ],
                "name": "The King's Foundation - Charlotte Road",
                "new_venue_this_year": "No",
                "start": "11:00:00",
                "ticketed_events": "Yes",
                "url": "https://programme.openhouse.org.uk/listings/13043"
            },
            "type": "Feature"
        },
        {
            "geometry": {
                "coordinates": [
                    -0.1,
                    51.50345
                ],
                "type": "Point"
            },
            "properties": {
                "balloted": "No",
                "description": "Resonance FM is a pioneering, non-profit community radio station, with a studio at 7 Risborough Street, Southwark, London. Broadcasting 24/7 on 104.4 FM, DAB, and online, it offers over 100 weekly shows created by volunteer engineers and programme-makers. The station champions free expression and artistic diversity, providing a platform for local and international voices across arts & culture.",
                "end": "11:00:00",
                "fully_booked": "No",
                "images": [
                    {
                        "archive_url": "https://raw.githubusercontent.com/infrastructureclub/open-house-london-images/master/images/2026/13049/building_13049_screenshot-2025-07-01-at-10-51-28_bb79a5b2e045cec798d84900af8fd743.png",
                        "title": "Photo of Resonance FM Studios"
                    },
                    {
                        "archive_url": "https://raw.githubusercontent.com/infrastructureclub/open-house-london-images/master/images/2026/13049/building_13049_img_9010_2657c70e93c2387ad0f4bc4913626603.jpg",
                        "title": "Photo of Resonance FM Studios"
                    }
                ],
                "name": "Resonance FM Studios",
                "new_venue_this_year": "Yes",
                "start": "10:00:00",
                "ticketed_events": "Yes",
                "url": "https://programme.openhouse.org.uk/listings/13049"
            },
            "type": "Feature"
        },
        {
            "geometry": {
                "coordinates": [
                    -0.2099,
                    51.51652
                ],
                "type": "Point"
            },
            "properties": {
                "balloted": "No",
                "description": "Unpack my story of North Kensington’s rich history on this guided walk. My family was one of the first families to move into the Brutalist-style Trellick Tower. From rural roots to industrial hub, class divides to cultural revolution – discover hidden stories, iconic sites, and how migration and activism shaped a vibrant, ever-changing community like no other: my childhood playground.",
                "end": "12:30:00",
                "fully_booked": "Yes",
                "images": [
                    {
                        "archive_url": "https://raw.githubusercontent.com/infrastructureclub/open-house-london-images/master/images/2026/13146/building_13146_ladbroke-grove-station_d41230e358c23292cded1756ae32286a.jpg",
                        "title": "Photo of Streets of change: growing up in North Kensington"
                    },
                    {
                        "archive_url": "https://raw.githubusercontent.com/infrastructureclub/open-house-london-images/master/images/2026/13146/building_13146_trellick-tower_6dd8efafaaae33f2cfca8f2664c0c85e.jpg",
                        "title": "Photo of Streets of change: growing up in North Kensington"
                    }
                ],
                "name": "Streets of change: growing up in North Kensington",
                "new_venue_this_year": "No",
                "start": "10:00:00",
                "ticketed_events": "Yes",
                "url": "https://programme.openhouse.org.uk/listings/13146"
            },
            "type": "Feature"
        },
        {
            "geometry": {
                "coordinates": [
                    -0.17349,
                    51.49695
                ],
                "type": "Point"
            },
            "properties": {
                "balloted": "No",
                "description": "On this  walk you will see some of the forgotten contributions of Victorian women to the magnificent buildings of South Kensington, in particular the V&A and the Royal Albert Hall. \r\n\r\nYou will also see how women were represented very differently from men on the buildings and memorials of this internationally important arts and science district.",
                "end": "12:15:00",
                "fully_booked": "Yes",
                "images": [
                    {
                        "archive_url": "https://raw.githubusercontent.com/infrastructureclub/open-house-london-images/master/images/2026/13148/building_13148_img_4148_32daeba3bce5a31eec963a733e56938a.jpeg",
                        "title": "Photo of Designed to be forgotten: women in South Kensington"
                    }
                ],
                "name": "Designed to be forgotten: women in South Kensington",
                "new_venue_this_year": "No",
                "start": "11:00:00",
                "ticketed_events": "Yes",
                "url": "https://programme.openhouse.org.uk/listings/13148"
            },
            "type": "Feature"
        },
        {
            "geometry": {
                "coordinates": [
                    -0.31783,
                    51.46206
                ],
                "type": "Point"
            },
            "properties": {
                "balloted": "No",
                "description": "The Lock House is part of Richmond Lock & Weir, on the left bank of the Thames at Richmond. Originally home to the resident lock keeper, it is now the design studio and exhibition space of Astronaut Kawada, architects and designers. They have fully refurbished the interior of the Lock House to create a series of spaces to complement the remarkable and unique qualities of the main structure.",
                "end": "16:00:00",
                "fully_booked": "",
                "images": [
                    {
                        "archive_url": "https://raw.githubusercontent.com/infrastructureclub/open-house-london-images/master/images/2026/13151/building_13151_img_4896_e880c99e82fa10c72f91871a32915c1f.jpg",
                        "title": "Photo of The Lock House, Richmond Lock & Weir"
                    },
                    {
                        "archive_url": "https://raw.githubusercontent.com/infrastructureclub/open-house-london-images/master/images/2026/13151/building_13151_img_1400-copy_7e8269591b6dc6a9526e0a78c0d08684.jpg",
                        "title": "Photo of The Lock House, Richmond Lock & Weir"
                    },
                    {
                        "archive_url": "https://raw.githubusercontent.com/infrastructureclub/open-house-london-images/master/images/2026/13151/building_13151_img_4481_0c851c9851a3207d29649ab0d62b4a5c.jpg",
                        "title": "Photo of The Lock House, Richmond Lock & Weir"
                    },
                    {
                        "archive_url": "https://raw.githubusercontent.com/infrastructureclub/open-house-london-images/master/images/2026/13151/building_13151_img_4284_fac91666c17d79e7a7495a8a2bd03b4f.jpg",
                        "title": "Photo of The Lock House, Richmond Lock & Weir"
                    },
                    {
                        "archive_url": "https://raw.githubusercontent.com/infrastructureclub/open-house-london-images/master/images/2026/13151/building_13151_img_4285_0f6dd3171ce7fcc81d3657e53a1a369a.jpg",
                        "title": "Photo of The Lock House, Richmond Lock & Weir"
                    },
                    {
                        "archive_url": "https://raw.githubusercontent.com/infrastructureclub/open-house-london-images/master/images/2026/13151/building_13151_img_4287_b7f5ef40548f2bb9b8a7e2f5fa3eff7b.jpg",
                        "title": "Photo of The Lock House, Richmond Lock & Weir"
                    },
                    {
                        "archive_url": "https://raw.githubusercontent.com/infrastructureclub/open-house-london-images/master/images/2026/13151/building_13151_img_4289_e5111dcf7f472f67f4148abaa7585408.jpg",
                        "title": "Photo of The Lock House, Richmond Lock & Weir"
                    },
                    {
                        "archive_url": "https://raw.githubusercontent.com/infrastructureclub/open-house-london-images/master/images/2026/13151/building_13151_img_8201_e47571a966617283bab784ebbc3f37d4.jpg",
                        "title": "Photo of The Lock House, Richmond Lock & Weir"
                    },
                    {
                        "archive_url": "https://raw.githubusercontent.com/infrastructureclub/open-house-london-images/master/images/2026/13151/building_13151_img_4898-2_ba6219fddcba5c09affff83402d821d8.jpg",
                        "title": "Photo of The Lock House, Richmond Lock & Weir"
                    }
                ],
                "name": "The Lock House, Richmond Lock & Weir",
                "new_venue_this_year": "No",
                "start": "12:00:00",
                "ticketed_events": "No",
                "url": "https://programme.openhouse.org.uk/listings/13151"
            },
            "type": "Feature"
        },
        {
            "geometry": {
                "coordinates": [
                    -0.22558,
                    51.50508
                ],
                "type": "Point"
            },
            "properties": {
                "balloted": "No",
                "description": "Culture House is the first permanent exhibition space for Somali artefacts curated by the Somali community.",
                "end": "20:00:00",
                "fully_booked": "Yes",
                "images": [
                    {
                        "archive_url": "https://raw.githubusercontent.com/infrastructureclub/open-house-london-images/master/images/2026/13159/building_13159_muna-sreception_6d56da52556e517ef33a13257196160e.jpg",
                        "title": "Photo of Culture House"
                    },
                    {
                        "archive_url": "https://raw.githubusercontent.com/infrastructureclub/open-house-london-images/master/images/2026/13159/building_13159_heritage_2daee79bbb0d7d0182365abe5e66eccc.jpg",
                        "title": "Photo of Culture House"
                    },
                    {
                        "archive_url": "https://raw.githubusercontent.com/infrastructureclub/open-house-london-images/master/images/2026/13159/building_13159_cultureobjectsgallery2_2aab41e014a3560158e1c80b34724a3c.jpg",
                        "title": "Photo of Culture House"
                    }
                ],
                "name": "Culture House",
                "new_venue_this_year": "No",
                "start": "18:00:00",
                "ticketed_events": "Yes",
                "url": "https://programme.openhouse.org.uk/listings/13159"
            },
            "type": "Feature"
        },
        {
            "geometry": {
                "coordinates": [
                    -0.01252,
                    51.58081
                ],
                "type": "Point"
            },
            "properties": {
                "balloted": "No",
                "description": "In 2022 we created an art gallery in the garage below our house in a residential street in Walthamstow village.   We aim to bring art into our community, acting as a resource to support artists on a not-for-profit basis.  By the time of Open House we will have hosted 26 exhibitions in a wide range of media, by both emerging and more experienced artists.",
                "end": "17:00:00",
                "fully_booked": "",
                "images": [
                    {
                        "archive_url": "https://raw.githubusercontent.com/infrastructureclub/open-house-london-images/master/images/2026/13170/building_13170_outside_e4a62160c096ca118f5a4b73565575a5.jpg",
                        "title": "Photo of Garage Gallery E17"
                    },
                    {
                        "archive_url": "https://raw.githubusercontent.com/infrastructureclub/open-house-london-images/master/images/2026/13170/building_13170_inside-front_c61ce3dfe5d86492ac971a50d50cb5f3.jpg",
                        "title": "Photo of Garage Gallery E17"
                    }
                ],
                "name": "Garage Gallery E17",
                "new_venue_this_year": "No",
                "start": "10:00:00",
                "ticketed_events": "No",
                "url": "https://programme.openhouse.org.uk/listings/13170"
            },
            "type": "Feature"
        },
        {
            "geometry": {
                "coordinates": [
                    -0.07272,
                    51.58335
                ],
                "type": "Point"
            },
            "properties": {
                "balloted": "No",
                "description": "Join us to explore the newly reopened Seven Sisters market and surrounding area.\r\n\r\nKnown as a hub for North London’s Latin American community, the market has been closed since 2021 whilst the site has been undergoing development. The reopening of this site in June 2025 gives us a great opportunity to gather together, remember the history of the market and collectively imagine its future.",
                "end": "19:00:00",
                "fully_booked": "No",
                "images": [
                    {
                        "archive_url": "https://raw.githubusercontent.com/infrastructureclub/open-house-london-images/master/images/2026/13250/building_13250_screenshot-2026-07-02-at-16-38-25_9b676130741c1282ec4a710a36c814a1.png",
                        "title": "Peter Browning"
                    },
                    {
                        "archive_url": "https://raw.githubusercontent.com/infrastructureclub/open-house-london-images/master/images/2026/13250/building_13250_img_5812_dd523a3ee88f0626d82f9b64276389e2.jpeg",
                        "title": "Peter Browning"
                    }
                ],
                "name": "Making Spaces for Memories in Seven Sisters Market",
                "new_venue_this_year": "No",
                "start": "16:00:00",
                "ticketed_events": "Yes",
                "url": "https://programme.openhouse.org.uk/listings/13250"
            },
            "type": "Feature"
        },
        {
            "geometry": {
                "coordinates": [
                    -0.02052,
                    51.51203
                ],
                "type": "Point"
            },
            "properties": {
                "balloted": "No",
                "description": "Grade II Listed.   Designed by Adrian Gilbert Scott.  Cruciform shape (120 feet by 120 feet) of steel girder and brick construction. Its Lantern tower – based on Ely Cathedral – is supported on parabolic arches 35 feet wide and 50 feet high.  The Stained Glass Windows were designed by John Wilson of Edinburgh and the Stations of the Cross  carved in Blue Horton Stone by Peter Watts.",
                "end": "13:00:00",
                "fully_booked": "",
                "images": [
                    {
                        "archive_url": "https://raw.githubusercontent.com/infrastructureclub/open-house-london-images/master/images/2026/13253/building_13253_st-mary-st-joseph-rc-church-poplar_1_c-garrido_69fe391e814226a2b36f3a729164dd33.jpg",
                        "title": "Photo of St Mary & St Joseph Roman Catholic Church, Poplar"
                    },
                    {
                        "archive_url": "https://raw.githubusercontent.com/infrastructureclub/open-house-london-images/master/images/2026/13253/building_13253_poplar_st_mary_st_joseph_rc161113_2_81dc33bbb49f093edfd6e70ab82052bf.jpg",
                        "title": "Photo of St Mary & St Joseph Roman Catholic Church, Poplar"
                    },
                    {
                        "archive_url": "https://raw.githubusercontent.com/infrastructureclub/open-house-london-images/master/images/2026/13253/building_13253_st-mary-st-joseph-rc-church-poplar_2_c-garrido_6ef61d22b5ee5648e21ac29760f5c3da.jpg",
                        "title": "Photo of St Mary & St Joseph Roman Catholic Church, Poplar"
                    },
                    {
                        "archive_url": "https://raw.githubusercontent.com/infrastructureclub/open-house-london-images/master/images/2026/13253/building_13253_st-mary-st-joseph-rc-church-poplar_3_c-garrido_85d571032608ab92916a5e0a696b4de1.jpg",
                        "title": "Photo of St Mary & St Joseph Roman Catholic Church, Poplar"
                    },
                    {
                        "archive_url": "https://raw.githubusercontent.com/infrastructureclub/open-house-london-images/master/images/2026/13253/building_13253_church-interior-1-scaled-e1695941305485_65b08936351b54aa7137c540be5d1e04.jpg",
                        "title": "Photo of St Mary & St Joseph Roman Catholic Church, Poplar"
                    }
                ],
                "name": "St Mary & St Joseph Roman Catholic Church, Poplar",
                "new_venue_this_year": "No",
                "start": "10:00:00",
                "ticketed_events": "No",
                "url": "https://programme.openhouse.org.uk/listings/13253"
            },
            "type": "Feature"
        },
        {
            "geometry": {
                "coordinates": [
                    -0.1194,
                    51.51474
                ],
                "type": "Point"
            },
            "properties": {
                "balloted": "No",
                "description": "Situated in the heart of Covent Garden, Space House is one of London’s most architecturally significant and environmentally advanced commercial buildings. Originally designed by George Marsh and Richard Seifert in 1968, the Grade II listed building has undergone a transformative restoration—delivering a net zero carbon, experiential workplace designed to foster innovation, wellbeing and community.",
                "end": "12:00:00",
                "fully_booked": "Yes",
                "images": [
                    {
                        "archive_url": "https://raw.githubusercontent.com/infrastructureclub/open-house-london-images/master/images/2026/13432/building_13432_space-house-london-covent-garden-office-building_4e2011a09f8541510d8153da6cb83afa.jpg",
                        "title": "Photo of Space House"
                    },
                    {
                        "archive_url": "https://raw.githubusercontent.com/infrastructureclub/open-house-london-images/master/images/2026/13432/building_13432_250131-lofficiel-singapore-s10-039-1_f7c9c7475cf7644070ca632a38e2cac5.jpg",
                        "title": "Photo of Space House"
                    }
                ],
                "name": "Space House",
                "new_venue_this_year": "No",
                "start": "11:00:00",
                "ticketed_events": "Yes",
                "url": "https://programme.openhouse.org.uk/listings/13432"
            },
            "type": "Feature"
        },
        {
            "geometry": {
                "coordinates": [
                    -0.13826,
                    51.51651
                ],
                "type": "Point"
            },
            "properties": {
                "balloted": "No",
                "description": "The Purpose of Light, Misan Harriman’s landmark photographic exhibition, bears witness to significant  moments, not with judgment or ideology, but with a deep and unflinching empathy for the human condition. Featuring 110 unique photographs, this exhibition is a call not for division, but for togetherness.",
                "end": "18:00:00",
                "fully_booked": "",
                "images": [
                    {
                        "archive_url": "https://raw.githubusercontent.com/infrastructureclub/open-house-london-images/master/images/2026/13445/building_13445_akiandmisan_d20ea15df753b35e64392faad27d938d.jpg",
                        "title": "Photo of The Purpose of Light: Exhibition by Misan Harriman"
                    },
                    {
                        "archive_url": "https://raw.githubusercontent.com/infrastructureclub/open-house-london-images/master/images/2026/13445/building_13445_power-near-parliament-sq-20th-of-june-2020_a0732383770c1b2511b75f654b300b0f.jpg",
                        "title": "Photo of The Purpose of Light: Exhibition by Misan Harriman"
                    }
                ],
                "name": "The Purpose of Light: Exhibition by Misan Harriman",
                "new_venue_this_year": "No",
                "start": "10:00:00",
                "ticketed_events": "No",
                "url": "https://programme.openhouse.org.uk/listings/13445"
            },
            "type": "Feature"
        },
        {
            "geometry": {
                "coordinates": [
                    -0.18379,
                    51.47832
                ],
                "type": "Point"
            },
            "properties": {
                "balloted": "No",
                "description": "The building of Worlds End Studios started life as a factory manufacturing machines for commercial baking ovens; it burned down and the remains were used as the foundations of what we know today.\r\nTwo young architects found the ruined site in 1974. They wanted to create a community workspace geared toward designers, one of the first of its kind, in London.",
                "end": "17:00:00",
                "fully_booked": "No",
                "images": [
                    {
                        "archive_url": "https://raw.githubusercontent.com/infrastructureclub/open-house-london-images/master/images/2026/13549/building_13549_wes_90q_403645009ca57db5ad5aabbf5e4f60ed.jpg",
                        "title": "Photo of Worlds End Studios"
                    },
                    {
                        "archive_url": "https://raw.githubusercontent.com/infrastructureclub/open-house-london-images/master/images/2026/13549/building_13549_old-elevation_a77e481fd9ac833277370220cf178590.jpg",
                        "title": "Photo of Worlds End Studios"
                    }
                ],
                "name": "Worlds End Studios",
                "new_venue_this_year": "Yes",
                "start": "11:00:00",
                "ticketed_events": "Yes",
                "url": "https://programme.openhouse.org.uk/listings/13549"
            },
            "type": "Feature"
        },
        {
            "geometry": {
                "coordinates": [
                    -0.10591,
                    51.50192
                ],
                "type": "Point"
            },
            "properties": {
                "balloted": "No",
                "description": "Tour of home & garden designed in 2018 by Nagan Johnson Architects",
                "end": "20:30:00",
                "fully_booked": "No",
                "images": [
                    {
                        "archive_url": "https://raw.githubusercontent.com/infrastructureclub/open-house-london-images/master/images/2026/13620/building_13620_pontypool-place-99-web_25f2998ff4120cca05a6754fcfc1f447.jpg",
                        "title": "Photo of 1 Pontypool Place"
                    },
                    {
                        "archive_url": "https://raw.githubusercontent.com/infrastructureclub/open-house-london-images/master/images/2026/13620/building_13620_studionj_alley-9-march_16bda831c9281fdf562e0bd9480ea463.jpg",
                        "title": "Photo of 1 Pontypool Place"
                    },
                    {
                        "archive_url": "https://raw.githubusercontent.com/infrastructureclub/open-house-london-images/master/images/2026/13620/building_13620_pontypool-place-246-web_20636a873ee75e40832f403e4d7a768a.jpg",
                        "title": "Photo of 1 Pontypool Place"
                    }
                ],
                "name": "1 Pontypool Place",
                "new_venue_this_year": "Yes",
                "start": "13:00:00",
                "ticketed_events": "Yes",
                "url": "https://programme.openhouse.org.uk/listings/13620"
            },
            "type": "Feature"
        },
        {
            "geometry": {
                "coordinates": [
                    -0.09099,
                    51.45121
                ],
                "type": "Point"
            },
            "properties": {
                "balloted": "No",
                "description": "Herne Hill Velodrome, opened in 1891, hosted track cycling events for the 1948 Olympics, is now home to a thriving grassroots cycling facility - hosting everything from Learn to Cycle to local and international racing events. \r\nHHV overcame the threat of closure in the early 2000s, and a new pavilion, designed by Mike Taylor of Hopkins Architects, opened in 2017.",
                "end": "20:30:00",
                "fully_booked": "No",
                "images": [
                    {
                        "archive_url": "https://raw.githubusercontent.com/infrastructureclub/open-house-london-images/master/images/2026/13624/building_13624_dscf0277-1_39904798a85302ed2d81c840d0459093.jpg",
                        "title": "Photo of Herne Hill Velodrome"
                    },
                    {
                        "archive_url": "https://raw.githubusercontent.com/infrastructureclub/open-house-london-images/master/images/2026/13624/building_13624_hernehillvelodrome_adamscott_28-1_1da44c655c9575f22bac9d947cf287b9.jpg",
                        "title": "Photo of Herne Hill Velodrome"
                    }
                ],
                "name": "Herne Hill Velodrome",
                "new_venue_this_year": "Yes",
                "start": "18:00:00",
                "ticketed_events": "Yes",
                "url": "https://programme.openhouse.org.uk/listings/13624"
            },
            "type": "Feature"
        },
        {
            "geometry": {
                "coordinates": [
                    -0.32522,
                    51.50504
                ],
                "type": "Point"
            },
            "properties": {
                "balloted": "No",
                "description": "The home of Eric and Jessica Huntley , community activists and educators who founded the pioneering company Bogle-L'Ouverture Publications in 1968, lived and ran their bookshop from this semi detached property soon after.  The house is a Black British cultural archivists dream; filled with books, arts and craft and correspondence from the 1960s to the present day.",
                "end": "17:00:00",
                "fully_booked": "",
                "images": [
                    {
                        "archive_url": "https://raw.githubusercontent.com/infrastructureclub/open-house-london-images/master/images/2026/13626/building_13626_img_1152_30fb8e0c778c2611e775d4d74269e710.jpeg",
                        "title": "Photo of 141 Coldershaw Road, W13"
                    },
                    {
                        "archive_url": "https://raw.githubusercontent.com/infrastructureclub/open-house-london-images/master/images/2026/13626/building_13626_img_1153_eb51ef9a6c07b81c23df5bface7c3be1.jpeg",
                        "title": "Photo of 141 Coldershaw Road, W13"
                    }
                ],
                "name": "141 Coldershaw Road, W13",
                "new_venue_this_year": "Yes",
                "start": "12:00:00",
                "ticketed_events": "No",
                "url": "https://programme.openhouse.org.uk/listings/13626"
            },
            "type": "Feature"
        },
        {
            "geometry": {
                "coordinates": [
                    -0.09906,
                    51.51328
                ],
                "type": "Point"
            },
            "properties": {
                "balloted": "No",
                "description": "A curious and enlightening wander through the City of London led by an expert guide. If you know where to look, the past still communicates its secrets concealed within a city that is 2000 years old.\r\n\r\nWe'll discover clues to the City’s past in strange marks and curious symbols along the route, keeping an eye out for honeybees, demi-maidens and sunbursts.",
                "end": "19:00:00",
                "fully_booked": "Yes",
                "images": [
                    {
                        "archive_url": "https://raw.githubusercontent.com/infrastructureclub/open-house-london-images/master/images/2026/13629/building_13629_960px-city_dragon_f41a7f598207ffbfa3608ad318e80c7b.jpg",
                        "title": "Katherine Pearce"
                    }
                ],
                "name": "Secrets and Symbols of the City",
                "new_venue_this_year": "Yes",
                "start": "18:00:00",
                "ticketed_events": "Yes",
                "url": "https://programme.openhouse.org.uk/listings/13629"
            },
            "type": "Feature"
        },
        {
            "geometry": {
                "coordinates": [
                    -0.06106,
                    51.55002
                ],
                "type": "Point"
            },
            "properties": {
                "balloted": "No",
                "description": "Bodney Road Studio's is home to a range of practitioners working in the built environment including architectural photographer Lorenzo Zandri, graphic designers Polytechnic and place futurists The Place Bureau. Join us on 19–20 September when we will open the studios in conjunction with a programme of exhibitions and events by Lorenzo Zandri, Polytechnic, Sammi Gale and The Place Bureau.",
                "end": "17:45:00",
                "fully_booked": "No",
                "images": [
                    {
                        "archive_url": "https://raw.githubusercontent.com/infrastructureclub/open-house-london-images/master/images/2026/13651/building_13651_bodneyroadstudios_1_7a31b45535a6b1f931413b5507936b4b.png",
                        "title": "Photo of Bodney Road Studios"
                    },
                    {
                        "archive_url": "https://raw.githubusercontent.com/infrastructureclub/open-house-london-images/master/images/2026/13651/building_13651_bodneyroadstudios_2_ff4be53f73a11696fbad68529c252e2e.png",
                        "title": "Photo of Bodney Road Studios"
                    }
                ],
                "name": "Bodney Road Studios",
                "new_venue_this_year": "Yes",
                "start": "15:30:00",
                "ticketed_events": "Yes",
                "url": "https://programme.openhouse.org.uk/listings/13651"
            },
            "type": "Feature"
        },
        {
            "geometry": {
                "coordinates": [
                    -0.06096,
                    51.55002
                ],
                "type": "Point"
            },
            "properties": {
                "balloted": "No",
                "description": "During the festival, Lorenzo Zandri’s studio transforms into an immersive environment that bridges the gap between architectural theory and photographic practice. Eschewing traditional construction to focus on the 'process of the image’, Zandri will present an analytical overview of his practice and research – where photography serves as a tool for urban narrative rather than mere documentation.",
                "end": "20:00:00",
                "fully_booked": "No",
                "images": [
                    {
                        "archive_url": "https://raw.githubusercontent.com/infrastructureclub/open-house-london-images/master/images/2026/13652/building_13652_lorenzo-zandri-2021-8__compressed_dc7a4a0108fa5195753e86383cbad1a1.jpg",
                        "title": "Photo of Tools for Urban Narratives"
                    },
                    {
                        "archive_url": "https://raw.githubusercontent.com/infrastructureclub/open-house-london-images/master/images/2026/13652/building_13652_nice-lorenzo-zandri-2021-2-2_ed1378bacd1f974627ae7f776250f9c4.jpg",
                        "title": "Photo of Tools for Urban Narratives"
                    }
                ],
                "name": "Tools for Urban Narratives",
                "new_venue_this_year": "Yes",
                "start": "18:00:00",
                "ticketed_events": "Yes",
                "url": "https://programme.openhouse.org.uk/listings/13652"
            },
            "type": "Feature"
        },
        {
            "geometry": {
                "coordinates": [
                    -0.05639,
                    51.54066
                ],
                "type": "Point"
            },
            "properties": {
                "balloted": "No",
                "description": "Unit 13 is a space of many parts -  office, workshop, venue, exhibition space, and screening room. It is concieved as a social space in which to collaborate. A place of exchange - both ideas, skills, knowledge, and energy. During the working week we have three architecture practices working from the space - AH A, LSD, and TJA - alongside a revolving exhibition. During the weekend, we have talks.",
                "end": "21:00:00",
                "fully_booked": "No",
                "images": [
                    {
                        "archive_url": "https://raw.githubusercontent.com/infrastructureclub/open-house-london-images/master/images/2026/13663/building_13663_poster-2_c3908481eb861a8b9956fc4d532cbd4c.png",
                        "title": "Photo of Unit 13"
                    },
                    {
                        "archive_url": "https://raw.githubusercontent.com/infrastructureclub/open-house-london-images/master/images/2026/13663/building_13663_unit-13-01-small_1a3e7a63c2b9b8c581a96c8e642f5cb0.jpg",
                        "title": "Photo of Unit 13"
                    },
                    {
                        "archive_url": "https://raw.githubusercontent.com/infrastructureclub/open-house-london-images/master/images/2026/13663/building_13663_unit-13-02-small_7384d29a704074ffbe03eb6e148934b6.jpg",
                        "title": "Photo of Unit 13"
                    }
                ],
                "name": "Unit 13",
                "new_venue_this_year": "Yes",
                "start": "10:00:00",
                "ticketed_events": "Yes",
                "url": "https://programme.openhouse.org.uk/listings/13663"
            },
            "type": "Feature"
        },
        {
            "geometry": {
                "coordinates": [
                    -0.19789,
                    51.54153
                ],
                "type": "Point"
            },
            "properties": {
                "balloted": "No",
                "description": "The Gaumont State Theatre in Kilburn, London, reopened for a live concert on 6 November 2025 for the first time in almost 50 years. Now a church, the former 4,004-seat super cinema welcomed a near-capacity audience for a performance by the Royal Philharmonic Orchestra and guest singers.",
                "end": "19:00:00",
                "fully_booked": "",
                "images": [
                    {
                        "archive_url": "https://raw.githubusercontent.com/infrastructureclub/open-house-london-images/master/images/2026/13672/building_13672_primary-1_50b1f0b736763b994a165217502bbe54.jpg",
                        "title": "Photo of The Gaumont State Theatre"
                    },
                    {
                        "archive_url": "https://raw.githubusercontent.com/infrastructureclub/open-house-london-images/master/images/2026/13672/building_13672_primary-4_53fdf9a11ed9ccd2cf8d8b4a3881c75c.jpg",
                        "title": "Photo of The Gaumont State Theatre"
                    },
                    {
                        "archive_url": "https://raw.githubusercontent.com/infrastructureclub/open-house-london-images/master/images/2026/13672/building_13672_primary-3_04c0d324aa8b4c458d20f50b4254c962.jpg",
                        "title": "Photo of The Gaumont State Theatre"
                    }
                ],
                "name": "The Gaumont State Theatre",
                "new_venue_this_year": "Yes",
                "start": "12:00:00",
                "ticketed_events": "No",
                "url": "https://programme.openhouse.org.uk/listings/13672"
            },
            "type": "Feature"
        },
        {
            "geometry": {
                "coordinates": [
                    -0.30416,
                    51.40435
                ],
                "type": "Point"
            },
            "properties": {
                "balloted": "No",
                "description": "London Square presents a rare opportunity to live within the sensitively restored former Surrey County Hall, complemented by a striking collection of contemporary new-build homes and commercial areas for hire.\r\n\r\nSet in the heart of Kingston, residents enjoy a riverside town rich in culture, green spaces, shopping and dining - all with excellent connection to London and beyond.",
                "end": "16:00:00",
                "fully_booked": "No",
                "images": [
                    {
                        "archive_url": "https://raw.githubusercontent.com/infrastructureclub/open-house-london-images/master/images/2026/13682/building_13682_vb5541606_county_hall_kingston_ext_refurb_hero_alternative_5k_3200x2135-1_3818eff8284234e494dae4476c2dd6bf.jpg",
                        "title": "County Hall Kingston"
                    },
                    {
                        "archive_url": "https://raw.githubusercontent.com/infrastructureclub/open-house-london-images/master/images/2026/13682/building_13682_vb5570146_county_hall_kingston_ext_courtyard02_final_2k_3200x1800_1b290e5cac85b6a5c8e7e1b1872ffe32.jpg",
                        "title": "County Hall Kingston"
                    },
                    {
                        "archive_url": "https://raw.githubusercontent.com/infrastructureclub/open-house-london-images/master/images/2026/13682/building_13682_vb5692969_chk_may_26_046_3200x2134_58d025c4020c7e1af27d8fbdb16ab81a.jpg",
                        "title": "County Hall Kingston"
                    },
                    {
                        "archive_url": "https://raw.githubusercontent.com/infrastructureclub/open-house-london-images/master/images/2026/13682/building_13682_vb5574102_county_hall_kingston_int_concierge_final_2k_3200x1800_5a7912286f950b414e045b4142a10b1d.jpg",
                        "title": "County Hall Kingston"
                    },
                    {
                        "archive_url": "https://raw.githubusercontent.com/infrastructureclub/open-house-london-images/master/images/2026/13682/building_13682_county_hall_kingston_int_court_room_final_2k_e0c0e3b7e10d402f0c2c73390358ee7d.jpg",
                        "title": "County Hall Kingston"
                    },
                    {
                        "archive_url": "https://raw.githubusercontent.com/infrastructureclub/open-house-london-images/master/images/2026/13682/building_13682_county_hall_kingston_int_grandhall_workspace_final_2k_cd956c9743f7ac3081e68ece286d9835.jpg",
                        "title": "County Hall Kingston"
                    },
                    {
                        "archive_url": "https://raw.githubusercontent.com/infrastructureclub/open-house-london-images/master/images/2026/13682/building_13682_county_hall_kingston_int_county_chamber_final_2k_afe65d00b677b6400bb545d047bb90ed.jpg",
                        "title": "County Hall Kingston"
                    }
                ],
                "name": "County Hall Kingston",
                "new_venue_this_year": "Yes",
                "start": "11:00:00",
                "ticketed_events": "Yes",
                "url": "https://programme.openhouse.org.uk/listings/13682"
            },
            "type": "Feature"
        },
        {
            "geometry": {
                "coordinates": [
                    -0.13151,
                    51.51949
                ],
                "type": "Point"
            },
            "properties": {
                "balloted": "No",
                "description": "60 years on from the opening of the BT Tower, and amidst its sale to a hotel consortium, participants are invited on a research-led walk around Fitzrovia to reflect on the hidden stories and unseen infrastructures that contribute to the creation of the city and its green spaces.",
                "end": "16:30:00",
                "fully_booked": "Yes",
                "images": [
                    {
                        "archive_url": "https://raw.githubusercontent.com/infrastructureclub/open-house-london-images/master/images/2026/13699/building_13699_3-crabtree-fields_view-of-the-bt-tower-with-jordan_1b37dab0b6f26745cea248e3c093548a.jpeg",
                        "title": "Photo of 60 Years of the BT Tower: Signals and Sightlines"
                    },
                    {
                        "archive_url": "https://raw.githubusercontent.com/infrastructureclub/open-house-london-images/master/images/2026/13699/building_13699_img_9616_d9f0ba7adbd26e984ddc544cf5ee7d12.jpg",
                        "title": "Photo of 60 Years of the BT Tower: Signals and Sightlines"
                    },
                    {
                        "archive_url": "https://raw.githubusercontent.com/infrastructureclub/open-house-london-images/master/images/2026/13699/building_13699_3-crabtree-fields_jordan-and-david_5ab4bb2306e3f943b3fc1454a235e085.jpeg",
                        "title": "Photo of 60 Years of the BT Tower: Signals and Sightlines"
                    },
                    {
                        "archive_url": "https://raw.githubusercontent.com/infrastructureclub/open-house-london-images/master/images/2026/13699/building_13699_8-richardsons-mews_david-2_218eb5ddd6e75b30a1de03e8e248133b.jpeg",
                        "title": "Photo of 60 Years of the BT Tower: Signals and Sightlines"
                    },
                    {
                        "archive_url": "https://raw.githubusercontent.com/infrastructureclub/open-house-london-images/master/images/2026/13699/building_13699_wikimedia-commons-tottenham_court_road_a_great_russel_street_torkolatal-_szemben_a_euston_tower_felhokarcolo-_balra_a_bt_tower_tv_torony_latszik-_fortepan_100630_b31244fa1a027497abb73d5c266fe842.jpg",
                        "title": "FOTO:FORTEPAN / Ormos Imre Alapítvány"
                    }
                ],
                "name": "60 Years of the BT Tower: Signals and Sightlines",
                "new_venue_this_year": "Yes",
                "start": "14:00:00",
                "ticketed_events": "Yes",
                "url": "https://programme.openhouse.org.uk/listings/13699"
            },
            "type": "Feature"
        },
        {
            "geometry": {
                "coordinates": [
                    -0.12003,
                    51.49918
                ],
                "type": "Point"
            },
            "properties": {
                "balloted": "No",
                "description": "Join my walking tour of post-war north Lambeth. Born in an era of optimism for health, housing, learning, and play, these modernist places tell a deeper story. We will reflect on representation, design influences, and cultural challenge. By considering people, place and context we shall revisit what matters in making a city for all.",
                "end": "13:00:00",
                "fully_booked": "Yes",
                "images": [
                    {
                        "archive_url": "https://raw.githubusercontent.com/infrastructureclub/open-house-london-images/master/images/2026/13704/building_13704_palace_of_westminster_looking_to_north_lambeth_5de1f61046632e5d466f03aa9564668d.jpg",
                        "title": "North Lambeth: Architecture, state and society"
                    }
                ],
                "name": "North Lambeth: Architecture, state and society",
                "new_venue_this_year": "Yes",
                "start": "10:00:00",
                "ticketed_events": "Yes",
                "url": "https://programme.openhouse.org.uk/listings/13704"
            },
            "type": "Feature"
        },
        {
            "geometry": {
                "coordinates": [
                    0.02769,
                    51.57542
                ],
                "type": "Point"
            },
            "properties": {
                "balloted": "No",
                "description": "This walk explores how artists, activists and local communities have contested, defended and reimagined urban space across Wanstead Flats and Leytonstone. From the struggle to protect common land and Epping Forest to the creative resistance of the M11 protests and contemporary grassroots projects, we uncover histories of collective action, cultural imagination and alternative visions for the city.",
                "end": "17:00:00",
                "fully_booked": "Yes",
                "images": [
                    {
                        "archive_url": "https://raw.githubusercontent.com/infrastructureclub/open-house-london-images/master/images/2026/13716/building_13716_bridge_eaf108a139d1e9263aed0017450512df.jpg",
                        "title": "Photo of Common Edge: Art, Community and Protest in Wanstead and Leytonstone"
                    },
                    {
                        "archive_url": "https://raw.githubusercontent.com/infrastructureclub/open-house-london-images/master/images/2026/13716/building_13716_img_1118_5e351ceea703588f5435e7bf26bca822.jpeg",
                        "title": "Photo of Common Edge: Art, Community and Protest in Wanstead and Leytonstone"
                    },
                    {
                        "archive_url": "https://raw.githubusercontent.com/infrastructureclub/open-house-london-images/master/images/2026/13716/building_13716_img_1125_96404ca933c449eb2c9dbba3788d5ac5.jpeg",
                        "title": "Photo of Common Edge: Art, Community and Protest in Wanstead and Leytonstone"
                    },
                    {
                        "archive_url": "https://raw.githubusercontent.com/infrastructureclub/open-house-london-images/master/images/2026/13716/building_13716_img_1128_6a0ba3b683d4bef0e8548b1cf8240bad.jpeg",
                        "title": "Photo of Common Edge: Art, Community and Protest in Wanstead and Leytonstone"
                    },
                    {
                        "archive_url": "https://raw.githubusercontent.com/infrastructureclub/open-house-london-images/master/images/2026/13716/building_13716_img_1097_f554185adf7a054468e216b0d5c20cf9.jpeg",
                        "title": "Photo of Common Edge: Art, Community and Protest in Wanstead and Leytonstone"
                    }
                ],
                "name": "Common Edge: Art, Community and Protest in Wanstead and Leytonstone",
                "new_venue_this_year": "Yes",
                "start": "14:30:00",
                "ticketed_events": "Yes",
                "url": "https://programme.openhouse.org.uk/listings/13716"
            },
            "type": "Feature"
        },
        {
            "geometry": {
                "coordinates": [
                    -0.08554,
                    51.46614
                ],
                "type": "Point"
            },
            "properties": {
                "balloted": "No",
                "description": "Contemporary timber frame home with unique string screen; a postwar house reassembled to follow passive house principles. The structure was built in 7 weeks to create a reimagined flexible home of two halves enabling an Airbnb rental that bypasses the first floor kitchen & living area, located to borrow views towards mature trees at the rear & city buses to the front expanding senses & spaces.",
                "end": "15:00:00",
                "fully_booked": "Yes",
                "images": [
                    {
                        "archive_url": "https://raw.githubusercontent.com/infrastructureclub/open-house-london-images/master/images/2026/13718/building_13718_img_1426_b25afa9c3d0207e40972b6511a3c7f52.jpeg",
                        "title": "Photo of String House - Camberwell"
                    },
                    {
                        "archive_url": "https://raw.githubusercontent.com/infrastructureclub/open-house-london-images/master/images/2026/13718/building_13718_img_2528_8881cdb09fd182efa07b2b0c04fec58f.jpeg",
                        "title": "Photo of String House - Camberwell"
                    }
                ],
                "name": "String House - Camberwell",
                "new_venue_this_year": "Yes",
                "start": "12:30:00",
                "ticketed_events": "Yes",
                "url": "https://programme.openhouse.org.uk/listings/13718"
            },
            "type": "Feature"
        },
        {
            "geometry": {
                "coordinates": [
                    -0.14769,
                    51.47695
                ],
                "type": "Point"
            },
            "properties": {
                "balloted": "No",
                "description": "This tour explores the evolution of Battersea, with a particular focus on its role as a destination for Londoners. From the days of the Red House Tavern, through the post-war Festival of Britain's Pleasure Gardens, to the modern-day Battersea Power Station, this stretch of London along the River Thames has long offered opportunities for leisure, entertainment, and discovery.",
                "end": "13:00:00",
                "fully_booked": "Yes",
                "images": [
                    {
                        "archive_url": "https://raw.githubusercontent.com/infrastructureclub/open-house-london-images/master/images/2026/13722/building_13722_destination-battersea_29d79eb21c7412cc986de6579b1bd658.png",
                        "title": "Photo of Destination Battersea"
                    }
                ],
                "name": "Destination Battersea",
                "new_venue_this_year": "Yes",
                "start": "11:00:00",
                "ticketed_events": "Yes",
                "url": "https://programme.openhouse.org.uk/listings/13722"
            },
            "type": "Feature"
        },
        {
            "geometry": {
                "coordinates": [
                    -0.31799,
                    51.48564
                ],
                "type": "Point"
            },
            "properties": {
                "balloted": "No",
                "description": "JCDecaux, the world’s largest Out-of-Home advertising company, invites you inside its iconic Grade II listed HQ for a special event. The morning will feature a talk by local historian James Marshall, an overview of the building’s restoration and adaptation by Foster + Partners in 1997 with sensitive preservation of its period frontage, and a tour of its architecturally designed street furniture.",
                "end": "11:30:00",
                "fully_booked": "Yes",
                "images": [
                    {
                        "archive_url": "https://raw.githubusercontent.com/infrastructureclub/open-house-london-images/master/images/2026/13737/building_13737_gwr-exterior_st_8b94a73078215d58fe6cf805a7b47d6f.jpg",
                        "title": "JCDecaux UK"
                    },
                    {
                        "archive_url": "https://raw.githubusercontent.com/infrastructureclub/open-house-london-images/master/images/2026/13737/building_13737_gwr_e42eac13a8f82124d4a045fc4db7a385.jpg",
                        "title": "JCDecaux UK"
                    }
                ],
                "name": "JCDecaux UK – Tour & Presentation",
                "new_venue_this_year": "Yes",
                "start": "10:00:00",
                "ticketed_events": "Yes",
                "url": "https://programme.openhouse.org.uk/listings/13737"
            },
            "type": "Feature"
        },
        {
            "geometry": {
                "coordinates": [
                    -0.23711,
                    51.45098
                ],
                "type": "Point"
            },
            "properties": {
                "balloted": "No",
                "description": "Green Lodge is a low-energy family home by Stylus Architects, carefully embedded into the landscape of Putney Heath. Much of the accommodation is concealed below ground, allowing the building to maintain a modest presence whilst bringing natural light into every room through a series of lightwells and rooflights.",
                "end": "16:00:00",
                "fully_booked": "",
                "images": [
                    {
                        "archive_url": "https://raw.githubusercontent.com/infrastructureclub/open-house-london-images/master/images/2026/13757/building_13757_green-lodge-29-2-web-res_60e275ff0450e8fdfcff04360298bbba.jpg",
                        "title": "Photo of Green Lodge"
                    },
                    {
                        "archive_url": "https://raw.githubusercontent.com/infrastructureclub/open-house-london-images/master/images/2026/13757/building_13757_stylus-x-cast-roehampton8728_0ff4f26261cf08e0c4260d594387eef3.jpg",
                        "title": "Photo of Green Lodge"
                    },
                    {
                        "archive_url": "https://raw.githubusercontent.com/infrastructureclub/open-house-london-images/master/images/2026/13757/building_13757_stylus-x-cast-roehampton8689_e9848ce3d556bb6e9b0b690e7c01c07a.jpg",
                        "title": "Photo of Green Lodge"
                    },
                    {
                        "archive_url": "https://raw.githubusercontent.com/infrastructureclub/open-house-london-images/master/images/2026/13757/building_13757_stylus-x-cast-roehampton8665_1097587eb21869c37c86451e362692ee.jpg",
                        "title": "Photo of Green Lodge"
                    },
                    {
                        "archive_url": "https://raw.githubusercontent.com/infrastructureclub/open-house-london-images/master/images/2026/13757/building_13757_green-lodge-3-2-web-res_12c6f17fb3a4e33e9101e2df6ac9f5b0.jpg",
                        "title": "Photo of Green Lodge"
                    },
                    {
                        "archive_url": "https://raw.githubusercontent.com/infrastructureclub/open-house-london-images/master/images/2026/13757/building_13757_green-lodge-9-2-web-res_49e5d2574c2e66006c6e0e70f01172f8.jpg",
                        "title": "Photo of Green Lodge"
                    },
                    {
                        "archive_url": "https://raw.githubusercontent.com/infrastructureclub/open-house-london-images/master/images/2026/13757/building_13757_green-lodge-6-web-res_c48617e8d0f9fbca548c513b67a5470a.jpg",
                        "title": "Photo of Green Lodge"
                    },
                    {
                        "archive_url": "https://raw.githubusercontent.com/infrastructureclub/open-house-london-images/master/images/2026/13757/building_13757_green-lodge-24-web-res_8f8e8ffadf0c9231c3713e26ca003056.jpg",
                        "title": "Photo of Green Lodge"
                    },
                    {
                        "archive_url": "https://raw.githubusercontent.com/infrastructureclub/open-house-london-images/master/images/2026/13757/building_13757_green-lodge-13-web-res_9867c7d1e720713292c1cc494b6a4c78.jpg",
                        "title": "Photo of Green Lodge"
                    },
                    {
                        "archive_url": "https://raw.githubusercontent.com/infrastructureclub/open-house-london-images/master/images/2026/13757/building_13757_green-lodge-2-web-res_5edcc3e715941ca0767e5197515b7fec.jpg",
                        "title": "Photo of Green Lodge"
                    },
                    {
                        "archive_url": "https://raw.githubusercontent.com/infrastructureclub/open-house-london-images/master/images/2026/13757/building_13757_green-lodge-7-web-res_a9a520b5cbe2b82e71e941df8ff7017c.jpg",
                        "title": "Photo of Green Lodge"
                    },
                    {
                        "archive_url": "https://raw.githubusercontent.com/infrastructureclub/open-house-london-images/master/images/2026/13757/building_13757_green-lodge-1-web-res_70cba5a831fbe4f350c37f1b26075802.jpg",
                        "title": "Photo of Green Lodge"
                    },
                    {
                        "archive_url": "https://raw.githubusercontent.com/infrastructureclub/open-house-london-images/master/images/2026/13757/building_13757_green-lodge-4-2-web-res_698f4861e1fb9df4cf3b51fa6f647035.jpg",
                        "title": "Photo of Green Lodge"
                    },
                    {
                        "archive_url": "https://raw.githubusercontent.com/infrastructureclub/open-house-london-images/master/images/2026/13757/building_13757_green-lodge-8-web-res_33f9a9e4781b983fde5356beb1bf9e7f.jpg",
                        "title": "Photo of Green Lodge"
                    },
                    {
                        "archive_url": "https://raw.githubusercontent.com/infrastructureclub/open-house-london-images/master/images/2026/13757/building_13757_green-lodge-14-2-web-res_eaf0f00ac1a2837c4d71f3f17fec2235.jpg",
                        "title": "Photo of Green Lodge"
                    },
                    {
                        "archive_url": "https://raw.githubusercontent.com/infrastructureclub/open-house-london-images/master/images/2026/13757/building_13757_green-lodge-23-web-res_e96250997cd9a3e36c490d144da50151.jpg",
                        "title": "Photo of Green Lodge"
                    },
                    {
                        "archive_url": "https://raw.githubusercontent.com/infrastructureclub/open-house-london-images/master/images/2026/13757/building_13757_green-lodge-26-web-res_759f69db36cb0a5ef8f4a08246a9c16e.jpg",
                        "title": "Photo of Green Lodge"
                    },
                    {
                        "archive_url": "https://raw.githubusercontent.com/infrastructureclub/open-house-london-images/master/images/2026/13757/building_13757_green-lodge-32-web-res_01fbb903ebb4a563f89386014daf9d49.jpg",
                        "title": "Photo of Green Lodge"
                    },
                    {
                        "archive_url": "https://raw.githubusercontent.com/infrastructureclub/open-house-london-images/master/images/2026/13757/building_13757_green-lodge-31-2-web-res_5a9c4d89c08b835a0580e6c460160d91.jpg",
                        "title": "Photo of Green Lodge"
                    },
                    {
                        "archive_url": "https://raw.githubusercontent.com/infrastructureclub/open-house-london-images/master/images/2026/13757/building_13757_green-lodge-33-2-web-res_7734e9ae53747bb48f6612a9be23a0a4.jpg",
                        "title": "Photo of Green Lodge"
                    },
                    {
                        "archive_url": "https://raw.githubusercontent.com/infrastructureclub/open-house-london-images/master/images/2026/13757/building_13757_green-lodge-35-web-res_b147cf98997a0f1e2fde4c503dd8311c.jpg",
                        "title": "Photo of Green Lodge"
                    },
                    {
                        "archive_url": "https://raw.githubusercontent.com/infrastructureclub/open-house-london-images/master/images/2026/13757/building_13757_green-lodge-38-web-res_eee3b80a32f003936adffadb26330e4b.jpg",
                        "title": "Photo of Green Lodge"
                    },
                    {
                        "archive_url": "https://raw.githubusercontent.com/infrastructureclub/open-house-london-images/master/images/2026/13757/building_13757_green-lodge-52-web-res_022fc013a5ac229828adaa13fa0cd712.jpg",
                        "title": "Photo of Green Lodge"
                    },
                    {
                        "archive_url": "https://raw.githubusercontent.com/infrastructureclub/open-house-london-images/master/images/2026/13757/building_13757_green-lodge-58-web-res_1cb02141f407412e8855e97ea72618ac.jpg",
                        "title": "Photo of Green Lodge"
                    },
                    {
                        "archive_url": "https://raw.githubusercontent.com/infrastructureclub/open-house-london-images/master/images/2026/13757/building_13757_green-lodge-42-web-res_d7a3cc31f6e94f6acbb71f7d48753cf3.jpg",
                        "title": "Photo of Green Lodge"
                    },
                    {
                        "archive_url": "https://raw.githubusercontent.com/infrastructureclub/open-house-london-images/master/images/2026/13757/building_13757_green-lodge-56-web-res_a59a5582b3c70a9824c09d4923fd7cef.jpg",
                        "title": "Photo of Green Lodge"
                    },
                    {
                        "archive_url": "https://raw.githubusercontent.com/infrastructureclub/open-house-london-images/master/images/2026/13757/building_13757_green-lodge-57-web-res_60ec4c7049f0615ee2d0e6f872bc495d.jpg",
                        "title": "Photo of Green Lodge"
                    }
                ],
                "name": "Green Lodge",
                "new_venue_this_year": "Yes",
                "start": "10:00:00",
                "ticketed_events": "No",
                "url": "https://programme.openhouse.org.uk/listings/13757"
            },
            "type": "Feature"
        },
        {
            "geometry": {
                "coordinates": [
                    -0.09149,
                    51.50571
                ],
                "type": "Point"
            },
            "properties": {
                "balloted": "No",
                "description": "Borough Yards is a vibrant cultural and retail quarter at London Bridge, where historic railway arches and Victorian streets host independent shops, restaurants, pop-ups and year-round cultural programming. This event combines a panel discussion and guided walk exploring how culture, public space and independent businesses continue to shape this mixed-use neighbourhood.",
                "end": "16:30:00",
                "fully_booked": "Yes",
                "images": [
                    {
                        "archive_url": "https://raw.githubusercontent.com/infrastructureclub/open-house-london-images/master/images/2026/13789/building_13789_boroughyards14_smartsoho-open-house-festival_66d2e3203a3cb1b8663110c95a8b93ae.jpg",
                        "title": "Photo of Cool, curated and current: Borough Yards and the future of mixed-use neighbourhoods"
                    },
                    {
                        "archive_url": "https://raw.githubusercontent.com/infrastructureclub/open-house-london-images/master/images/2026/13789/building_13789_borough-yards_4-copy_a567d8ca3c9d543102ac9579c21b1383.jpg",
                        "title": "Photo of Cool, curated and current: Borough Yards and the future of mixed-use neighbourhoods"
                    },
                    {
                        "archive_url": "https://raw.githubusercontent.com/infrastructureclub/open-house-london-images/master/images/2026/13789/building_13789_borough-yards_2-copy_1e1ae677e658b4491e9f893f78489e9c.jpg",
                        "title": "Photo of Cool, curated and current: Borough Yards and the future of mixed-use neighbourhoods"
                    },
                    {
                        "archive_url": "https://raw.githubusercontent.com/infrastructureclub/open-house-london-images/master/images/2026/13789/building_13789_philipcolbertboroughyards_overs_198-copy_ff4952eda16f67c1cc0269b398ec4692.jpg",
                        "title": "Photo of Cool, curated and current: Borough Yards and the future of mixed-use neighbourhoods"
                    },
                    {
                        "archive_url": "https://raw.githubusercontent.com/infrastructureclub/open-house-london-images/master/images/2026/13789/building_13789_boroughyardshannabenihoudinstallation_overs_700-copy_0101ac3d6780520d2b656301240b9b9a.jpg",
                        "title": "Photo of Cool, curated and current: Borough Yards and the future of mixed-use neighbourhoods"
                    },
                    {
                        "archive_url": "https://raw.githubusercontent.com/infrastructureclub/open-house-london-images/master/images/2026/13789/building_13789_boroughyards02_smartsoho_reduced_d6cce5b9ff7c229bcf3330a99465345e.jpg",
                        "title": "Photo of Cool, curated and current: Borough Yards and the future of mixed-use neighbourhoods"
                    },
                    {
                        "archive_url": "https://raw.githubusercontent.com/infrastructureclub/open-house-london-images/master/images/2026/13789/building_13789_araw-1-copy_f5fc1e80467f5b2c8a77b08b619e31a8.jpg",
                        "title": "Photo of Cool, curated and current: Borough Yards and the future of mixed-use neighbourhoods"
                    },
                    {
                        "archive_url": "https://raw.githubusercontent.com/infrastructureclub/open-house-london-images/master/images/2026/13789/building_13789_fmn-g-3-copy_1c4f30d9f5a25d83d5a8ddb9a9081f17.jpg",
                        "title": "Photo of Cool, curated and current: Borough Yards and the future of mixed-use neighbourhoods"
                    }
                ],
                "name": "Cool, curated and current: Borough Yards and the future of mixed-use neighbourhoods",
                "new_venue_this_year": "Yes",
                "start": "15:00:00",
                "ticketed_events": "Yes",
                "url": "https://programme.openhouse.org.uk/listings/13789"
            },
            "type": "Feature"
        },
        {
            "geometry": {
                "coordinates": [
                    -0.47577,
                    51.50154
                ],
                "type": "Point"
            },
            "properties": {
                "balloted": "No",
                "description": "Explore Southlands Arts Centre and discover the history and architecture of this Grade II listed Queen Anne-style building. Admire its distinctive red-brick façade, elegant decorative detailing and historic interiors, and learn how this former private residence has evolved into a thriving community arts centre, celebrating Hillingdon's rich architectural and cultural heritage.",
                "end": "16:00:00",
                "fully_booked": "",
                "images": [
                    {
                        "archive_url": "https://raw.githubusercontent.com/infrastructureclub/open-house-london-images/master/images/2026/13809/building_13809_west_drayton_southlands_3_d7911f84a8a0d33e95ea4cb786b7af78.jpg",
                        "title": "Photo of Southlands Arts Centre"
                    }
                ],
                "name": "Southlands Arts Centre",
                "new_venue_this_year": "Yes",
                "start": "10:00:00",
                "ticketed_events": "No",
                "url": "https://programme.openhouse.org.uk/listings/13809"
            },
            "type": "Feature"
        },
        {
            "geometry": {
                "coordinates": [
                    -0.14195,
                    51.51741
                ],
                "type": "Point"
            },
            "properties": {
                "balloted": "No",
                "description": "Ibraaz is a London-based cultural institution for art,  culture and ideas from the Global Majority. Bringing together artists, thinkers, and communities through exhibitions, film, debate, publishing, and multidisciplinary programming, Ibraaz creates a brave space where culture fosters exchange, pluralism, and shared humanity.",
                "end": "16:30:00",
                "fully_booked": "Yes",
                "images": [
                    {
                        "archive_url": "https://raw.githubusercontent.com/infrastructureclub/open-house-london-images/master/images/2026/13822/building_13822_ibraaz-at-93-mortimer-street_2-courtesy-of-ibraaz-photo-vipul-sangoi_3bfed83d3a30711fb8ff567d9584fea1.jpg",
                        "title": "Photo of Ibraaz"
                    },
                    {
                        "archive_url": "https://raw.githubusercontent.com/infrastructureclub/open-house-london-images/master/images/2026/13822/building_13822_on_1156d_01_eb703a3414da16f5b1760d66f8947d3b.jpg",
                        "title": "Photo of Ibraaz"
                    }
                ],
                "name": "Ibraaz",
                "new_venue_this_year": "Yes",
                "start": "15:30:00",
                "ticketed_events": "Yes",
                "url": "https://programme.openhouse.org.uk/listings/13822"
            },
            "type": "Feature"
        },
        {
            "geometry": {
                "coordinates": [
                    -0.13367,
                    51.52466
                ],
                "type": "Point"
            },
            "properties": {
                "balloted": "No",
                "description": "A slow storytelling amble across three key neighbourhoods: Bloomsbury, Fitzrovia, Holborn and down to the river Thames to discover the the history of the key institutions that have evolved to ensure a thriving citizenry and caring infrastructure open to all and often taken for granted.",
                "end": "12:30:00",
                "fully_booked": "Yes",
                "images": [
                    {
                        "archive_url": "https://raw.githubusercontent.com/infrastructureclub/open-house-london-images/master/images/2026/13861/building_13861_the-heart-of-the-matter_3b1e7f0bdce0368f1cd9f37fcf137968.jpg",
                        "title": "Photo of Health, Wealth and Learning - A Discovery London Walk"
                    },
                    {
                        "archive_url": "https://raw.githubusercontent.com/infrastructureclub/open-house-london-images/master/images/2026/13861/building_13861_abercrombie-plan-communities-map-1942_794bc9dccaff2ca45002ef08c1988a3d.jpg",
                        "title": "Photo of Health, Wealth and Learning - A Discovery London Walk"
                    },
                    {
                        "archive_url": "https://raw.githubusercontent.com/infrastructureclub/open-house-london-images/master/images/2026/13861/building_13861_monster-soup-1828-william-heath_45a832026219e313d56a1a32fc2c4509.jpg",
                        "title": "Photo of Health, Wealth and Learning - A Discovery London Walk"
                    },
                    {
                        "archive_url": "https://raw.githubusercontent.com/infrastructureclub/open-house-london-images/master/images/2026/13861/building_13861_screenshot-2026-07-12-at-00-25-42_84ab5f0f08bccc050dda7ab99b1d9a52.png",
                        "title": "Photo of Health, Wealth and Learning - A Discovery London Walk"
                    }
                ],
                "name": "Health, Wealth and Learning - A Discovery London Walk",
                "new_venue_this_year": "Yes",
                "start": "09:30:00",
                "ticketed_events": "Yes",
                "url": "https://programme.openhouse.org.uk/listings/13861"
            },
            "type": "Feature"
        },
        {
            "geometry": {
                "coordinates": [
                    -0.11298,
                    51.46412
                ],
                "type": "Point"
            },
            "properties": {
                "balloted": "No",
                "description": "For one day only, the charity Refugees at Home is holding a special photography exhibition at their home, International House. \r\n\r\n'Home Between Homes: The Faces Behind Hosting' showcases the stories of ordinary people who have opened their own homes to refugees.",
                "end": "19:30:00",
                "fully_booked": "No",
                "images": [
                    {
                        "archive_url": "https://raw.githubusercontent.com/infrastructureclub/open-house-london-images/master/images/2026/13862/building_13862_open-house-gary-lineker-1_fe3ad447e565a109d3c7c6f1e1e0aad7.png",
                        "title": "Eve Milner (Refugees at Home)"
                    },
                    {
                        "archive_url": "https://raw.githubusercontent.com/infrastructureclub/open-house-london-images/master/images/2026/13862/building_13862_ubaid-ul_4eab64b7c372d617cec0ec6e7b6418c0.jpg",
                        "title": "Eve Milner (Refugees at Home)"
                    },
                    {
                        "archive_url": "https://raw.githubusercontent.com/infrastructureclub/open-house-london-images/master/images/2026/13862/building_13862_mary_harber_finals-1-of-3_38657adfab5a32f2da8f97e7e5d06e2a.jpg",
                        "title": "Eve Milner (Refugees at Home)"
                    }
                ],
                "name": "Refugees at Home at International House",
                "new_venue_this_year": "Yes",
                "start": "11:00:00",
                "ticketed_events": "Yes",
                "url": "https://programme.openhouse.org.uk/listings/13862"
            },
            "type": "Feature"
        },
        {
            "geometry": {
                "coordinates": [
                    -0.13776,
                    51.51702
                ],
                "type": "Point"
            },
            "properties": {
                "balloted": "No",
                "description": "We are a friendly artist run gallery in Wells Street offering affordable, handmade fine art prints with a broad range of subjects created using many different printmaking techniques.\r\nWe aim to encourage people who have never encountered art before to experience printmaking through our regular workshops.",
                "end": "17:00:00",
                "fully_booked": "No",
                "images": [
                    {
                        "archive_url": "https://raw.githubusercontent.com/infrastructureclub/open-house-london-images/master/images/2026/13875/building_13875_sbpm-73-wells-street-window_73122bd29be402382a7a2388df889a8e.jpg",
                        "title": "Photo of Southbank Printmakers"
                    },
                    {
                        "archive_url": "https://raw.githubusercontent.com/infrastructureclub/open-house-london-images/master/images/2026/13875/building_13875_martin-printing-at-sbpm_185bb19037ad91431a4ff3780a5ed99e.jpg",
                        "title": "Photo of Southbank Printmakers"
                    }
                ],
                "name": "Southbank Printmakers",
                "new_venue_this_year": "Yes",
                "start": "12:00:00",
                "ticketed_events": "Yes",
                "url": "https://programme.openhouse.org.uk/listings/13875"
            },
            "type": "Feature"
        },
        {
            "geometry": {
                "coordinates": [
                    -0.1253,
                    51.50843
                ],
                "type": "Point"
            },
            "properties": {
                "balloted": "No",
                "description": "This walk will look at the history of Jewish Communities in England, starting with the medieval period through to the expulsion in 1290 and readmission under Oliver Cromwell in 1656. It will also look at some of the Jewish people living as Christians between these times and the key contributions Jews have made to many of the key landmarks in London  as well as England's political life.",
                "end": "15:00:00",
                "fully_booked": "Yes",
                "images": [
                    {
                        "archive_url": "https://raw.githubusercontent.com/infrastructureclub/open-house-london-images/master/images/2026/13880/building_13880_eleanor-cross_84a4d44ed3f9613c6a0c66299a427bfd.jpeg",
                        "title": "Photo of Jewish Westminster"
                    },
                    {
                        "archive_url": "https://raw.githubusercontent.com/infrastructureclub/open-house-london-images/master/images/2026/13880/building_13880_charles-1_0a10c9d93e3c1254c9a3fd51870bbc6b.jpeg",
                        "title": "Photo of Jewish Westminster"
                    },
                    {
                        "archive_url": "https://raw.githubusercontent.com/infrastructureclub/open-house-london-images/master/images/2026/13880/building_13880_downing-street_63abfe5c1a6e1887c008c5ca96c1b51c.jpg",
                        "title": "Photo of Jewish Westminster"
                    },
                    {
                        "archive_url": "https://raw.githubusercontent.com/infrastructureclub/open-house-london-images/master/images/2026/13880/building_13880_westminster-abbey-2_b717b0660b12e8f78280e6c5cf0206d7.jpg",
                        "title": "Photo of Jewish Westminster"
                    },
                    {
                        "archive_url": "https://raw.githubusercontent.com/infrastructureclub/open-house-london-images/master/images/2026/13880/building_13880_jewel-tower_234770bf6046db4993b914fff703fe1c.jpg",
                        "title": "Photo of Jewish Westminster"
                    },
                    {
                        "archive_url": "https://raw.githubusercontent.com/infrastructureclub/open-house-london-images/master/images/2026/13880/building_13880_houses-of-parliament_bd218615c3b2704af498cbc9b6b83266.jpg",
                        "title": "Photo of Jewish Westminster"
                    },
                    {
                        "archive_url": "https://raw.githubusercontent.com/infrastructureclub/open-house-london-images/master/images/2026/13880/building_13880_richard-1_4097a5b782b45c05a03112b3c29838db.jpg",
                        "title": "Photo of Jewish Westminster"
                    }
                ],
                "name": "Jewish Westminster",
                "new_venue_this_year": "Yes",
                "start": "13:00:00",
                "ticketed_events": "Yes",
                "url": "https://programme.openhouse.org.uk/listings/13880"
            },
            "type": "Feature"
        },
        {
            "geometry": {
                "coordinates": [
                    -0.03132,
                    51.47699
                ],
                "type": "Point"
            },
            "properties": {
                "balloted": "No",
                "description": "Now in its seventeenth year, Sedici consists of artists from many countries who are now based across England. Working across eclectic mediums and subject matter, this diverse body of artists shares an independent and contemporary purpose highlighting the ongoing strength of Art being made today. \r\n\r\nThe gallery itself is a reimagined, mid-century school gymnasium with original details",
                "end": "17:00:00",
                "fully_booked": "No",
                "images": [
                    {
                        "archive_url": "https://raw.githubusercontent.com/infrastructureclub/open-house-london-images/master/images/2026/13882/building_13882_7b5be741-7cbd-4433-8521-748127410d27_ba4b11ea9ae4d498604ebf9828271cd9.jpg",
                        "title": "Luke Merryweather"
                    },
                    {
                        "archive_url": "https://raw.githubusercontent.com/infrastructureclub/open-house-london-images/master/images/2026/13882/building_13882_img_5282_d1d2f44629535eb3af96789461d5412e.jpg",
                        "title": "Luke Merryweather"
                    }
                ],
                "name": "The Annual Sedici Post Grad Group Exhibition",
                "new_venue_this_year": "Yes",
                "start": "11:00:00",
                "ticketed_events": "Yes",
                "url": "https://programme.openhouse.org.uk/listings/13882"
            },
            "type": "Feature"
        },
        {
            "geometry": {
                "coordinates": [
                    -0.10031,
                    51.45032
                ],
                "type": "Point"
            },
            "properties": {
                "balloted": "No",
                "description": "Ongéan Ecosystem : \r\nArt Studios, Gallery, Performance Space, Edible Garden & Kitchen. All built and designed with 99% Reclaimed Materials by artist Adam Ge-Saelis.",
                "end": "21:00:00",
                "fully_booked": "",
                "images": [
                    {
                        "archive_url": "https://raw.githubusercontent.com/infrastructureclub/open-house-london-images/master/images/2026/13883/building_13883_img_0955_a4b1cc4fa0bf2cfa67595a38074262c6.jpeg",
                        "title": "Ongéan"
                    },
                    {
                        "archive_url": "https://raw.githubusercontent.com/infrastructureclub/open-house-london-images/master/images/2026/13883/building_13883_img_0958_ea1f11bffe50d35e987b80917e0e7dab.jpeg",
                        "title": "Ongéan"
                    },
                    {
                        "archive_url": "https://raw.githubusercontent.com/infrastructureclub/open-house-london-images/master/images/2026/13883/building_13883_img_0852_545b3a0e1aba532beea6944b5c23913a.jpeg",
                        "title": "Ongéan"
                    }
                ],
                "name": "Ongéan",
                "new_venue_this_year": "Yes",
                "start": "18:00:00",
                "ticketed_events": "No",
                "url": "https://programme.openhouse.org.uk/listings/13883"
            },
            "type": "Feature"
        },
        {
            "geometry": {
                "coordinates": [
                    -0.13307,
                    51.51381
                ],
                "type": "Point"
            },
            "properties": {
                "balloted": "No",
                "description": "A special exhibition exploring the people and places that shaped the area during the Second World War. Tracing famous figures who made Soho their home, and the ordinary everyday heroes who kept the area functioning and our spirits up!",
                "end": "17:00:00",
                "fully_booked": "",
                "images": [
                    {
                        "archive_url": "https://raw.githubusercontent.com/infrastructureclub/open-house-london-images/master/images/2026/13889/building_13889_west-end-at-war-final_12de51949b69585fd826cc96e41d83f2.jpg",
                        "title": "Museum of Soho"
                    },
                    {
                        "archive_url": "https://raw.githubusercontent.com/infrastructureclub/open-house-london-images/master/images/2026/13889/building_13889_img_20260818_134031_00b07eb36a274ab4710cab923e63e60c.png",
                        "title": "Museum of Soho"
                    }
                ],
                "name": "The West End At War",
                "new_venue_this_year": "Yes",
                "start": "12:00:00",
                "ticketed_events": "No",
                "url": "https://programme.openhouse.org.uk/listings/13889"
            },
            "type": "Feature"
        },
        {
            "geometry": {
                "coordinates": [
                    -0.20852,
                    51.49642
                ],
                "type": "Point"
            },
            "properties": {
                "balloted": "No",
                "description": "Experience London's newest 3,800-capacity music venue at Olympia. This exclusive tour features:\r\n\r\nVIP Wing Lounge Access: Stunning stage views\r\n\r\nBackstage Tour: A behind-the-scenes look at production areas\r\n\r\nStar Dressing Rooms: An exclusive peek inside where headliners prepare",
                "end": "15:00:00",
                "fully_booked": "Yes",
                "images": [
                    {
                        "archive_url": "https://raw.githubusercontent.com/infrastructureclub/open-house-london-images/master/images/2026/13916/building_13916_arc_0579_321f0ede2abd574f65bd5a6da295937e.jpg",
                        "title": "British Airways ARC"
                    }
                ],
                "name": "Olympia - BA ARC Behind the Scenes Tour with AEG",
                "new_venue_this_year": "Yes",
                "start": "13:00:00",
                "ticketed_events": "Yes",
                "url": "https://programme.openhouse.org.uk/listings/13916"
            },
            "type": "Feature"
        },
        {
            "geometry": {
                "coordinates": [
                    -0.12805,
                    51.51024
                ],
                "type": "Point"
            },
            "properties": {
                "balloted": "No",
                "description": "The building has had many incarnations since its construction in the 1890s as a woolen warehouse.   It became a home to the Italian Benevolent Society, then a fascist club, a serviceman's club, and now a library with the largest publicly accessible collection of Chinese language books in the UK.",
                "end": "18:30:00",
                "fully_booked": "No",
                "images": [
                    {
                        "archive_url": "https://raw.githubusercontent.com/infrastructureclub/open-house-london-images/master/images/2026/13932/building_13932_cclibrary_aac4f61617dd886ae466832eb31b42b7.jpg",
                        "title": "Westminster City Council"
                    }
                ],
                "name": "Charing Cross Library",
                "new_venue_this_year": "Yes",
                "start": "11:00:00",
                "ticketed_events": "Yes",
                "url": "https://programme.openhouse.org.uk/listings/13932"
            },
            "type": "Feature"
        }
    ],
    "type": "FeatureCollection"
}