{
    "features": [
        {
            "geometry": {
                "coordinates": [
                    -0.12596,
                    51.51601
                ],
                "type": "Point"
            },
            "properties": {
                "balloted": "No",
                "description": "Built in a Renaissance style with high level Diocletian windows and a prominent grand cupola. In 2016 a new Fly Tower opened followed by remodelling of the auditorium in 2018 and the creation of a new basement space opened in 2022.",
                "end": "12:45:00",
                "fully_booked": "Yes",
                "images": [
                    {
                        "archive_url": "https://raw.githubusercontent.com/infrastructureclub/open-house-london-images/master/images/2026/152/building_152_1219_1023_c28b3190a40fb144c66729d53888295f.jpg",
                        "title": "Peter Cook"
                    },
                    {
                        "archive_url": "https://raw.githubusercontent.com/infrastructureclub/open-house-london-images/master/images/2026/152/building_152_nr-22-10-24-038_f6793b1b0c64621e2a59e7ba13206ba8.jpg",
                        "title": "Photo of Shaftesbury Theatre"
                    },
                    {
                        "archive_url": "https://raw.githubusercontent.com/infrastructureclub/open-house-london-images/master/images/2026/152/building_152_nr-22-07-27-378_09845aff7f567fd70fb33b0cbc129ea6.jpg",
                        "title": "Photo of Shaftesbury Theatre"
                    },
                    {
                        "archive_url": "https://raw.githubusercontent.com/infrastructureclub/open-house-london-images/master/images/2026/152/building_152_2023-07-24-1801-mickey-lf-lee-mx307108-mediumres_45a5a5e979fdc35e2d128722d5db57c7.jpg",
                        "title": "Photo of Shaftesbury Theatre"
                    },
                    {
                        "archive_url": "https://raw.githubusercontent.com/infrastructureclub/open-house-london-images/master/images/2026/152/building_152_2023-07-24-1532-mickey-lf-lee-mx504462-mediumres_eed1d00b85bababfe2e1ae13650875e4.jpg",
                        "title": "Photo of Shaftesbury Theatre"
                    }
                ],
                "name": "Shaftesbury Theatre",
                "new_venue_this_year": "No",
                "start": "10:00:00",
                "ticketed_events": "Yes",
                "url": "https://programme.openhouse.org.uk/listings/152"
            },
            "type": "Feature"
        },
        {
            "geometry": {
                "coordinates": [
                    -0.11629,
                    51.46085
                ],
                "type": "Point"
            },
            "properties": {
                "balloted": "No",
                "description": "Landmark Edwardian Baroque style town hall  in red brick and Portland stone landmark tower.  Interior has marble staircase and ornate council chamber.  Atrium, reception and courtyard spaces created in 2018. Grade II listed. Winner of RIBA London Award 2019.",
                "end": "18:50:00",
                "fully_booked": "Yes",
                "images": [
                    {
                        "archive_url": "https://raw.githubusercontent.com/infrastructureclub/open-house-london-images/master/images/2026/876/building_876_town-hall_be7dcba2a69bde9638b58b97e6722a84.jpg",
                        "title": "Lambeth Town Hall"
                    },
                    {
                        "archive_url": "https://raw.githubusercontent.com/infrastructureclub/open-house-london-images/master/images/2026/876/building_876_assembly-1_3762caaad52821beb11d750ae89e7136.jpg",
                        "title": "Lambeth Town Hall"
                    },
                    {
                        "archive_url": "https://raw.githubusercontent.com/infrastructureclub/open-house-london-images/master/images/2026/876/building_876_lambeth-town-hall-ante-chamber_f71e0b4588c6f539fb6d7507927b8786.jpg",
                        "title": "Lambeth Town Hall"
                    },
                    {
                        "archive_url": "https://raw.githubusercontent.com/infrastructureclub/open-house-london-images/master/images/2026/876/building_876_mhs-tf-5_70a545ee16b5f7f364237e9a1aac5238.jpg",
                        "title": "Lambeth Town Hall"
                    },
                    {
                        "archive_url": "https://raw.githubusercontent.com/infrastructureclub/open-house-london-images/master/images/2026/876/building_876_lambeth-town-hall-chamber-3_b90da71876567b1dd670a9b977516b0d.jpg",
                        "title": "Lambeth Town Hall"
                    },
                    {
                        "archive_url": "https://raw.githubusercontent.com/infrastructureclub/open-house-london-images/master/images/2026/876/building_876_circle-tf_bc4365c19aeb68d28a113eb87404592d.jpg",
                        "title": "Lambeth Town Hall"
                    },
                    {
                        "archive_url": "https://raw.githubusercontent.com/infrastructureclub/open-house-london-images/master/images/2026/876/building_876_wp_20180919_12_51_26_pro_1a1b20b496446e507c9af84f055c2042.jpg",
                        "title": "Lambeth Planning "
                    },
                    {
                        "archive_url": "https://raw.githubusercontent.com/infrastructureclub/open-house-london-images/master/images/2026/876/building_876_wp_20180917_18_39_48_pro_8da4a82f46678127847b42219e0e8a37.jpg",
                        "title": "Lambeth Planning"
                    },
                    {
                        "archive_url": "https://raw.githubusercontent.com/infrastructureclub/open-house-london-images/master/images/2026/876/building_876_wp_20180923_12_33_33_pro_85ba521ae5af9b907f1672538f12e17a.jpg",
                        "title": "Lambeth Planning "
                    }
                ],
                "name": "Lambeth Town Hall",
                "new_venue_this_year": "No",
                "start": "16:00:00",
                "ticketed_events": "Yes",
                "url": "https://programme.openhouse.org.uk/listings/876"
            },
            "type": "Feature"
        },
        {
            "geometry": {
                "coordinates": [
                    -0.143254,
                    51.569267
                ],
                "type": "Point"
            },
            "properties": {
                "balloted": "No",
                "description": "Grade II* listed building in Waterlow Park dating to 1582. Original Tudor wooden framework adapted by successive owners over the centuries. Today the House runs primarily as an arts, heritage and education centre.",
                "end": "18:30:00",
                "fully_booked": "Yes",
                "images": [
                    {
                        "archive_url": "https://raw.githubusercontent.com/infrastructureclub/open-house-london-images/master/images/2026/888/building_888_img_20220803_202344_ad6d4fa39fc85f7e1f5654f6b61daa54.png",
                        "title": "Katherine Ives"
                    },
                    {
                        "archive_url": "https://raw.githubusercontent.com/infrastructureclub/open-house-london-images/master/images/2026/888/building_888_quinn-london-2_81fc8d81124737c6d4f2ce15fca3cd92.jpg",
                        "title": "Photo of Lauderdale House"
                    },
                    {
                        "archive_url": "https://raw.githubusercontent.com/infrastructureclub/open-house-london-images/master/images/2026/888/building_888_old-front-door-photo-credit-kim-reddish-photography_f05388448daea6aa38d46e0488e38766.jpg",
                        "title": "Photo of Lauderdale House"
                    },
                    {
                        "archive_url": "https://raw.githubusercontent.com/infrastructureclub/open-house-london-images/master/images/2026/888/building_888_brick-arch-autumn-permissions-given-n-smith_b735a39b674c71618adaf72912d92246.jpg",
                        "title": "Photo of Lauderdale House"
                    },
                    {
                        "archive_url": "https://raw.githubusercontent.com/infrastructureclub/open-house-london-images/master/images/2026/888/building_888_img_20190725_142240_ea2a79e3e61b0c8ff3b6bd19d5956c28.jpg",
                        "title": "Photo of Lauderdale House"
                    },
                    {
                        "archive_url": "https://raw.githubusercontent.com/infrastructureclub/open-house-london-images/master/images/2026/888/building_888_image_50457601_8a70af48bf7bf78b213491d4d11a6ee3.jpg",
                        "title": "Photo of Lauderdale House"
                    },
                    {
                        "archive_url": "https://raw.githubusercontent.com/infrastructureclub/open-house-london-images/master/images/2026/888/building_888_lower-gallery-light_c86c63ae4511c874167f34dc4525d886.jpg",
                        "title": "Photo of Lauderdale House"
                    },
                    {
                        "archive_url": "https://raw.githubusercontent.com/infrastructureclub/open-house-london-images/master/images/2026/888/building_888_hpli_1890-cropped_892787b0600c15d3510b4727671c851e.jpg",
                        "title": "Photo of Lauderdale House"
                    },
                    {
                        "archive_url": "https://raw.githubusercontent.com/infrastructureclub/open-house-london-images/master/images/2026/888/building_888_long-gallery_ac47369a25915cb4ecea3e1dda5e10b9.jpg",
                        "title": "Photo of Lauderdale House"
                    }
                ],
                "name": "Lauderdale House",
                "new_venue_this_year": "No",
                "start": "17:30:00",
                "ticketed_events": "Yes",
                "url": "https://programme.openhouse.org.uk/listings/888"
            },
            "type": "Feature"
        },
        {
            "geometry": {
                "coordinates": [
                    0.12959,
                    51.45574
                ],
                "type": "Point"
            },
            "properties": {
                "balloted": "No",
                "description": "The only house commissioned, created and lived in by William Morris, founder of the Arts and Crafts movement. Much original detail survives, decorated  by the Pre-Raphaelites, and of extraordinary architectural and social significance.",
                "end": "16:00:00",
                "fully_booked": "",
                "images": [
                    {
                        "archive_url": "https://raw.githubusercontent.com/infrastructureclub/open-house-london-images/master/images/2026/1454/building_1454_well-view-resized_48c6b282b1915836fbc43711e2fc3760.jpg",
                        "title": "National Trust Images/Andrew Butler"
                    },
                    {
                        "archive_url": "https://raw.githubusercontent.com/infrastructureclub/open-house-london-images/master/images/2026/1454/building_1454_house-from-rose-arch-cropped_3ca6773b2447f0a61ad9c87e53ac2e93.jpg",
                        "title": "Elly Bagnall"
                    },
                    {
                        "archive_url": "https://raw.githubusercontent.com/infrastructureclub/open-house-london-images/master/images/2026/1454/building_1454_drawing-room-resized_b50ab02dc0e0ab16a3983e0d764d63a3.jpg",
                        "title": "National Trust Images/Andreas Von Einsiedel"
                    },
                    {
                        "archive_url": "https://raw.githubusercontent.com/infrastructureclub/open-house-london-images/master/images/2026/1454/building_1454_orchard-resized_860264025584ac9a3163f563aee064f8.jpg",
                        "title": "National Trust Images/Andrew Butler"
                    },
                    {
                        "archive_url": "https://raw.githubusercontent.com/infrastructureclub/open-house-london-images/master/images/2026/1454/building_1454_poem-of-a-house-6mb_8c1bf72a1ba83a2d8015997d9af9a8f1.jpg",
                        "title": "National Trust Images/Rob Stothard"
                    }
                ],
                "name": "Red House",
                "new_venue_this_year": "Yes",
                "start": "11:00:00",
                "ticketed_events": "No",
                "url": "https://programme.openhouse.org.uk/listings/1454"
            },
            "type": "Feature"
        },
        {
            "geometry": {
                "coordinates": [
                    0.02349,
                    51.32717
                ],
                "type": "Point"
            },
            "properties": {
                "balloted": "No",
                "description": "Join us for an internal and external tour of RAF Biggin Hill Museum and Chapel. Come along and immerse yourself in the history of Biggin Hill from the establishment of the airfield to the events of the Battle of Britain. Hear stories of the men and women who fought and worked at RAF Biggin Hill.",
                "end": "12:30:00",
                "fully_booked": "Yes",
                "images": [
                    {
                        "archive_url": "https://raw.githubusercontent.com/infrastructureclub/open-house-london-images/master/images/2026/1774/building_1774_chapel-and-museum-17-01-19_ea8be2bfab73602824d7441a96f36c56.JPG",
                        "title": "Photo of RAF Biggin Hill Museum & Chapel Tour"
                    }
                ],
                "name": "RAF Biggin Hill Museum & Chapel Tour",
                "new_venue_this_year": "No",
                "start": "11:00:00",
                "ticketed_events": "Yes",
                "url": "https://programme.openhouse.org.uk/listings/1774"
            },
            "type": "Feature"
        },
        {
            "geometry": {
                "coordinates": [
                    -0.08994,
                    51.51273
                ],
                "type": "Point"
            },
            "properties": {
                "balloted": "No",
                "description": "Wren's own and 'finest City Church'.  Fantastic architecture with different shapes,  twelve Corinthian columns and covered by huge dome - first of its type. Central stone altar by Henry Moore installed in 1987. Birthplace of the Samaritans.",
                "end": "19:00:00",
                "fully_booked": "",
                "images": [
                    {
                        "archive_url": "https://raw.githubusercontent.com/infrastructureclub/open-house-london-images/master/images/2026/1867/building_1867_2025-ssw-front-of-church_64612bef62557174bf79155ce255ebfe.jpg",
                        "title": "Elizabeth Maragh"
                    },
                    {
                        "archive_url": "https://raw.githubusercontent.com/infrastructureclub/open-house-london-images/master/images/2026/1867/building_1867_st-stephen-walbrook_exaggerated-dome-image_cd692b6c704c45f287a291508ded4060.jpg",
                        "title": "Elizabeth Maragh"
                    }
                ],
                "name": "The City Churches: St Stephen Walbrook",
                "new_venue_this_year": "No",
                "start": "17:45:00",
                "ticketed_events": "No",
                "url": "https://programme.openhouse.org.uk/listings/1867"
            },
            "type": "Feature"
        },
        {
            "geometry": {
                "coordinates": [
                    -0.13911,
                    51.50853
                ],
                "type": "Point"
            },
            "properties": {
                "balloted": "No",
                "description": "The world's oldest active biological society. Founded in 1788, the Society takes its name from the Swedish naturalist Carl Linnaeus whose botanical, zoological and library collections have been in its keeping since 1829.",
                "end": "17:00:00",
                "fully_booked": "",
                "images": [
                    {
                        "archive_url": "https://raw.githubusercontent.com/infrastructureclub/open-house-london-images/master/images/2026/2074/building_2074_20230309_staircaselaunch_prints_01_959068ebfadae23a8ed669def6d6d391.jpg",
                        "title": "Linnean Society of London"
                    },
                    {
                        "archive_url": "https://raw.githubusercontent.com/infrastructureclub/open-house-london-images/master/images/2026/2074/building_2074_linnean-councilroom-details-16_b15ddb64cf932140f3f7db7616d7bc77.jpg",
                        "title": "Linnean Society of London"
                    },
                    {
                        "archive_url": "https://raw.githubusercontent.com/infrastructureclub/open-house-london-images/master/images/2026/2074/building_2074_linnean-foyer-details-23_643853231a843393af6077cad4bb0bc3.jpg",
                        "title": "Linnean Society of London"
                    },
                    {
                        "archive_url": "https://raw.githubusercontent.com/infrastructureclub/open-house-london-images/master/images/2026/2074/building_2074_linnean-library-details-118_d6fc522f1aabbf9a405982ebac30edc7.jpg",
                        "title": "Linnean Society of London"
                    },
                    {
                        "archive_url": "https://raw.githubusercontent.com/infrastructureclub/open-house-london-images/master/images/2026/2074/building_2074_linnean-meetingroom-details-23_08d1ea72a797e8259d17f63e52f1a7a9.jpg",
                        "title": "Linnean Society of London"
                    },
                    {
                        "archive_url": "https://raw.githubusercontent.com/infrastructureclub/open-house-london-images/master/images/2026/2074/building_2074_linnean-meetingroom-6_3edf04d69959e498f9a46ef878261485.jpg",
                        "title": "Linnean Society of London"
                    },
                    {
                        "archive_url": "https://raw.githubusercontent.com/infrastructureclub/open-house-london-images/master/images/2026/2074/building_2074_library_j-e-smith-portrait_globes_ffa5f5545c4e89ca2827ba7209ed9510.jpg",
                        "title": "Linnean Society of London"
                    },
                    {
                        "archive_url": "https://raw.githubusercontent.com/infrastructureclub/open-house-london-images/master/images/2026/2074/building_2074_ferussac_octopus_print_openhouse_6ac77eaacda29afac716d7bead98ace3.jpg",
                        "title": "Linnean Society of London"
                    },
                    {
                        "archive_url": "https://raw.githubusercontent.com/infrastructureclub/open-house-london-images/master/images/2026/2074/building_2074_column-cornice_28408fbfc1dae9895a36eaa9b3f7b141.jpg",
                        "title": "Linnean Society of London"
                    },
                    {
                        "archive_url": "https://raw.githubusercontent.com/infrastructureclub/open-house-london-images/master/images/2026/2074/building_2074_library-portrait_2020_ed740a62acd1783b37ee15e28fc1b4b1.jpg",
                        "title": "Linnean Society of London"
                    }
                ],
                "name": "Burlington House: Linnean Society of London",
                "new_venue_this_year": "No",
                "start": "10:00:00",
                "ticketed_events": "No",
                "url": "https://programme.openhouse.org.uk/listings/2074"
            },
            "type": "Feature"
        },
        {
            "geometry": {
                "coordinates": [
                    -0.08656,
                    51.52375
                ],
                "type": "Point"
            },
            "properties": {
                "balloted": "No",
                "description": "A fine example of a largely unaltered modest Georgian house, built in 1778 for John Wesley as his London base. Wesley's Chapel is adjacent and was completed at the same time. The chapel was altered internally during Victorian times, when the men's marble toilet facilities and Thomas Crapper toilets were also added.",
                "end": "15:00:00",
                "fully_booked": "",
                "images": [
                    {
                        "archive_url": "https://raw.githubusercontent.com/infrastructureclub/open-house-london-images/master/images/2026/2322/building_2322_house-whole-front_3dc54731691198f25a8078975bfdf0e3.jpg",
                        "title": "Photo of Wesley's Chapel and House"
                    },
                    {
                        "archive_url": "https://raw.githubusercontent.com/infrastructureclub/open-house-london-images/master/images/2026/2322/building_2322_chapel-and-garden_558d0bf9f4730739913bb4b297a598ee.jpg",
                        "title": "Photo of Wesley's Chapel and House"
                    }
                ],
                "name": "Wesley's Chapel and House",
                "new_venue_this_year": "No",
                "start": "11:00:00",
                "ticketed_events": "No",
                "url": "https://programme.openhouse.org.uk/listings/2322"
            },
            "type": "Feature"
        },
        {
            "geometry": {
                "coordinates": [
                    -0.1088368,
                    51.4982463
                ],
                "type": "Point"
            },
            "properties": {
                "balloted": "No",
                "description": "A stunning cathedral in the heart of London. Discover the story of a forgotten masterpiece. Designed by Augustus Pugin and opened in 1848, the original cathedral was hailed as England's foremost Catholic church before an incendiary bomb devastated the building in 1941. Explore the history, architecture and legacy that shaped the Cathedral you see today—and discover its remarkable story.",
                "end": "17:00:00",
                "fully_booked": "",
                "images": [
                    {
                        "archive_url": "https://raw.githubusercontent.com/infrastructureclub/open-house-london-images/master/images/2026/2502/building_2502_img_0187_4febec197ee63a29b7807ca5e339120a.jpg",
                        "title": "Photo of St George's Cathedral"
                    },
                    {
                        "archive_url": "https://raw.githubusercontent.com/infrastructureclub/open-house-london-images/master/images/2026/2502/building_2502_main-window_11f4f975224831ec2e5fa997e412aafb.jpg",
                        "title": "Photo of St George's Cathedral"
                    },
                    {
                        "archive_url": "https://raw.githubusercontent.com/infrastructureclub/open-house-london-images/master/images/2026/2502/building_2502_img_0061_32417627487755744b2ec347dbcdf6b8.jpg",
                        "title": "Photo of St George's Cathedral"
                    },
                    {
                        "archive_url": "https://raw.githubusercontent.com/infrastructureclub/open-house-london-images/master/images/2026/2502/building_2502_img_9677_47352922219bd3a7561a8304ca4d81fd.jpg",
                        "title": "Photo of St George's Cathedral"
                    }
                ],
                "name": "St George's Cathedral",
                "new_venue_this_year": "Yes",
                "start": "10:00:00",
                "ticketed_events": "No",
                "url": "https://programme.openhouse.org.uk/listings/2502"
            },
            "type": "Feature"
        },
        {
            "geometry": {
                "coordinates": [
                    -0.17138,
                    51.47864
                ],
                "type": "Point"
            },
            "properties": {
                "balloted": "No",
                "description": "During Open House, the Friends of Battersea Parish Church present a Floral Festival, organ recitals, historical displays, alongside 3 talks exploring history, creativity, sanctuary & Battersea’s radical past. Sat 12 Sept Dr. Peter Rumley at 6pm, Tues 15 Guy Stagg at 6.30pm,  Thurs 17 at 6.30pm Rory Walsh & Mike Squires.  Plus Join us for Choral Evensong amidst the flowers at St Mary’s Battersea.",
                "end": "20:30:00",
                "fully_booked": "No",
                "images": [
                    {
                        "archive_url": "https://raw.githubusercontent.com/infrastructureclub/open-house-london-images/master/images/2026/2533/building_2533_st-marys_a2b7ed70bb7cc4a5a26a096fb882503d.jpeg",
                        "title": "Photo of St Mary's Church, Battersea"
                    },
                    {
                        "archive_url": "https://raw.githubusercontent.com/infrastructureclub/open-house-london-images/master/images/2026/2533/building_2533_untitled-2-of-29_02c2a647df4611b359f3fff31d48a443.jpeg",
                        "title": "Photo of St Mary's Church, Battersea"
                    }
                ],
                "name": "St Mary's Church, Battersea",
                "new_venue_this_year": "No",
                "start": "10:00:00",
                "ticketed_events": "Yes",
                "url": "https://programme.openhouse.org.uk/listings/2533"
            },
            "type": "Feature"
        },
        {
            "geometry": {
                "coordinates": [
                    -0.12465,
                    51.51769
                ],
                "type": "Point"
            },
            "properties": {
                "balloted": "No",
                "description": "St George's Bloomsbury is one of the twelve new churches designed and paid for under the 1711 Act of Parliament for building fifty new Churches, and the sixth and final London Church designed by Hawksmoor.",
                "end": "14:00:00",
                "fully_booked": "",
                "images": [
                    {
                        "archive_url": "https://raw.githubusercontent.com/infrastructureclub/open-house-london-images/master/images/2026/2856/building_2856_004_44117bcb11ab44b8b07c8a4fab03a652.jpg",
                        "title": "Photo of St George's Bloomsbury"
                    },
                    {
                        "archive_url": "https://raw.githubusercontent.com/infrastructureclub/open-house-london-images/master/images/2026/2856/building_2856_church-scene_f09303546c75acf522a67a6ad872e978.jpg",
                        "title": "Photo of St George's Bloomsbury"
                    },
                    {
                        "archive_url": "https://raw.githubusercontent.com/infrastructureclub/open-house-london-images/master/images/2026/2856/building_2856_sgb-logo_a87b7c2bb6608253bedd8b9764978980.jpg",
                        "title": "Photo of St George's Bloomsbury"
                    },
                    {
                        "archive_url": "https://raw.githubusercontent.com/infrastructureclub/open-house-london-images/master/images/2026/2856/building_2856_tower-north_9fd30fbeb89abbf99ffc506f127fc9c2.jpg",
                        "title": "Photo of St George's Bloomsbury"
                    },
                    {
                        "archive_url": "https://raw.githubusercontent.com/infrastructureclub/open-house-london-images/master/images/2026/2856/building_2856_reredos_842d6d9ab2884d4e4218e4083b122446.jpg",
                        "title": "Photo of St George's Bloomsbury"
                    },
                    {
                        "archive_url": "https://raw.githubusercontent.com/infrastructureclub/open-house-london-images/master/images/2026/2856/building_2856_img_1640_ec27319f8aff87a5dc4e9ec416dccc15.jpg",
                        "title": "Photo of St George's Bloomsbury"
                    },
                    {
                        "archive_url": "https://raw.githubusercontent.com/infrastructureclub/open-house-london-images/master/images/2026/2856/building_2856_img_1643_60335fe0ab9f19cc2d53b05e3f66192e.jpg",
                        "title": "Photo of St George's Bloomsbury"
                    },
                    {
                        "archive_url": "https://raw.githubusercontent.com/infrastructureclub/open-house-london-images/master/images/2026/2856/building_2856_img_1633_4a52a779a9a0619a3f1a2d62ddc6a276.jpg",
                        "title": "Photo of St George's Bloomsbury"
                    },
                    {
                        "archive_url": "https://raw.githubusercontent.com/infrastructureclub/open-house-london-images/master/images/2026/2856/building_2856_img_1647_be5042684e011256004c791c1c46cdfb.jpg",
                        "title": "Photo of St George's Bloomsbury"
                    },
                    {
                        "archive_url": "https://raw.githubusercontent.com/infrastructureclub/open-house-london-images/master/images/2026/2856/building_2856_img_1636_fa53220bb6229178e597b42f0553a295.jpg",
                        "title": "Photo of St George's Bloomsbury"
                    },
                    {
                        "archive_url": "https://raw.githubusercontent.com/infrastructureclub/open-house-london-images/master/images/2026/2856/building_2856_img_1634-1_1a6acf60fc07da433c0b225ede1d4882.jpg",
                        "title": "Photo of St George's Bloomsbury"
                    },
                    {
                        "archive_url": "https://raw.githubusercontent.com/infrastructureclub/open-house-london-images/master/images/2026/2856/building_2856_img_8952_9fb326652367182c7466db590edc1087.jpg",
                        "title": "Photo of St George's Bloomsbury"
                    }
                ],
                "name": "St George's Bloomsbury",
                "new_venue_this_year": "No",
                "start": "12:00:00",
                "ticketed_events": "No",
                "url": "https://programme.openhouse.org.uk/listings/2856"
            },
            "type": "Feature"
        },
        {
            "geometry": {
                "coordinates": [
                    -0.13075,
                    51.52727
                ],
                "type": "Point"
            },
            "properties": {
                "balloted": "No",
                "description": "The church (1822 - Grade I listed) is an early and important example of Greek Revival architecture in London. Significant features include the caryatids and tower copied from models in Athens, and the atmospheric crypt.",
                "end": "15:15:00",
                "fully_booked": "",
                "images": [
                    {
                        "archive_url": "https://raw.githubusercontent.com/infrastructureclub/open-house-london-images/master/images/2026/3678/building_3678_untitled-design-1_6e928cad7b9552ae8c92d3384d37a1f8.png",
                        "title": "Photo of St Pancras Church & Crypt"
                    },
                    {
                        "archive_url": "https://raw.githubusercontent.com/infrastructureclub/open-house-london-images/master/images/2026/3678/building_3678_crypt-edited_96b2a45506ab10a88b8d867af8b1f0ca.jpg",
                        "title": "Photo of St Pancras Church & Crypt"
                    },
                    {
                        "archive_url": "https://raw.githubusercontent.com/infrastructureclub/open-house-london-images/master/images/2026/3678/building_3678_untitled-design-2_179538f69d1dd8bc695771f63af64d61.png",
                        "title": "Photo of St Pancras Church & Crypt"
                    }
                ],
                "name": "St Pancras Church & Crypt",
                "new_venue_this_year": "No",
                "start": "10:00:00",
                "ticketed_events": "No",
                "url": "https://programme.openhouse.org.uk/listings/3678"
            },
            "type": "Feature"
        },
        {
            "geometry": {
                "coordinates": [
                    -0.1098755,
                    51.5175436
                ],
                "type": "Point"
            },
            "properties": {
                "balloted": "No",
                "description": "Barnard's Inn in Holborn dates back to the mid-13th century. It is now the home of Gresham College which has been providing free public lectures since 1597. Over the centuries it has been a law school and home to the Mercers' School. Notable architectural elements include 15th-century wooden bays, 16th-century linen fold wood panelling, and has the only surviving crown posts in Greater London.",
                "end": "15:00:00",
                "fully_booked": "",
                "images": [
                    {
                        "archive_url": "https://raw.githubusercontent.com/infrastructureclub/open-house-london-images/master/images/2026/4838/building_4838_barnards-inn-hall-home-of-gresham-college_15206604765_o_116df39bb79b1546f14d9e32f2f4f127.jpg",
                        "title": "Gresham College"
                    },
                    {
                        "archive_url": "https://raw.githubusercontent.com/infrastructureclub/open-house-london-images/master/images/2026/4838/building_4838_barnard-s-inn-sign-post_0e941e161b227180a8c5d4c237641c57.jpg",
                        "title": "Gresham College"
                    },
                    {
                        "archive_url": "https://raw.githubusercontent.com/infrastructureclub/open-house-london-images/master/images/2026/4838/building_4838_front-entrance_0d92b858d304f998aefff7153ea3761f.png",
                        "title": "Gresham College"
                    }
                ],
                "name": "Barnard's Inn Hall",
                "new_venue_this_year": "No",
                "start": "10:00:00",
                "ticketed_events": "No",
                "url": "https://programme.openhouse.org.uk/listings/4838"
            },
            "type": "Feature"
        },
        {
            "geometry": {
                "coordinates": [
                    -0.01599,
                    51.45567
                ],
                "type": "Point"
            },
            "properties": {
                "balloted": "No",
                "description": "The church was rebuilt in late 15th century with some of that work still remaining to this day.\t\t\t\t\t\t\t\r\nDuring the Festival there will be opportunities to self-guide or to join a group tour which will include access to restricted areas such as the crypt and tower. These last about 30 min and will start on each hour with the last starting at 3 pm",
                "end": "16:00:00",
                "fully_booked": "",
                "images": [
                    {
                        "archive_url": "https://raw.githubusercontent.com/infrastructureclub/open-house-london-images/master/images/2026/5160/building_5160_st-mary-the-virgin_08b2a4ec02b39a4d98875cf5f20a47a7.jpg",
                        "title": "Mark Symons"
                    }
                ],
                "name": "Parish Church of St Mary The Virgin Lewisham",
                "new_venue_this_year": "Yes",
                "start": "10:30:00",
                "ticketed_events": "No",
                "url": "https://programme.openhouse.org.uk/listings/5160"
            },
            "type": "Feature"
        },
        {
            "geometry": {
                "coordinates": [
                    -0.28954,
                    51.48394
                ],
                "type": "Point"
            },
            "properties": {
                "balloted": "No",
                "description": "St Anne's Church, Kew Green was consecrated in 1714. Built with the support of Queen Anne it has been a place of worship for the Royal Families over the centuries. The original 'chapel' has been extended many times and the church is now a little known gem in South West London with a fascinating past.",
                "end": "16:00:00",
                "fully_booked": "",
                "images": [
                    {
                        "archive_url": "https://raw.githubusercontent.com/infrastructureclub/open-house-london-images/master/images/2026/5163/building_5163_st-anne-s-side_39593eefa0076f1314379442ab0ca54e.jpg",
                        "title": "Robert Anderson"
                    },
                    {
                        "archive_url": "https://raw.githubusercontent.com/infrastructureclub/open-house-london-images/master/images/2026/5163/building_5163_st-anne-s-interior_0228a351135c8db1750c22a844b31fbc.jpg",
                        "title": "Robert Anderson"
                    },
                    {
                        "archive_url": "https://raw.githubusercontent.com/infrastructureclub/open-house-london-images/master/images/2026/5163/building_5163_st-anne-s-front_89442d9e6fc7bacdba5776a3f7da2410.jpg",
                        "title": "Robert Anderson"
                    }
                ],
                "name": "St Anne's Church, Kew Green",
                "new_venue_this_year": "No",
                "start": "10:00:00",
                "ticketed_events": "No",
                "url": "https://programme.openhouse.org.uk/listings/5163"
            },
            "type": "Feature"
        },
        {
            "geometry": {
                "coordinates": [
                    -0.03039,
                    51.5107
                ],
                "type": "Point"
            },
            "properties": {
                "balloted": "No",
                "description": "St Anne's Limehouse has been described as 'the finest parish church in England.' Designed by Nicholas Hawksmoor, it is Grade I listed and one of the Major Churches in the Church of England. It is home to a thriving Christian congregation.",
                "end": "16:00:00",
                "fully_booked": "No",
                "images": [
                    {
                        "archive_url": "https://raw.githubusercontent.com/infrastructureclub/open-house-london-images/master/images/2026/6270/building_6270_churchandpyramid_ec44e4b75c727ae4fede91807bff6b57.jpg",
                        "title": "St Anne's Limehouse"
                    },
                    {
                        "archive_url": "https://raw.githubusercontent.com/infrastructureclub/open-house-london-images/master/images/2026/6270/building_6270_image1_1d815f5203b13c31f9efb3223ed33e58.jpeg",
                        "title": "Greywolf Studios London"
                    },
                    {
                        "archive_url": "https://raw.githubusercontent.com/infrastructureclub/open-house-london-images/master/images/2026/6270/building_6270_2-2_e1ba49d4d5ec2bbcfcc33dd6a7eb2a8b.jpg",
                        "title": "Photo of St Anne's Church, Limehouse"
                    },
                    {
                        "archive_url": "https://raw.githubusercontent.com/infrastructureclub/open-house-london-images/master/images/2026/6270/building_6270_1000043947_23fd6baf8ef3ee741bd6105a49f5eb50.jpg",
                        "title": "Photo of St Anne's Church, Limehouse"
                    }
                ],
                "name": "St Anne's Church, Limehouse",
                "new_venue_this_year": "No",
                "start": "10:00:00",
                "ticketed_events": "Yes",
                "url": "https://programme.openhouse.org.uk/listings/6270"
            },
            "type": "Feature"
        },
        {
            "geometry": {
                "coordinates": [
                    -0.13826,
                    51.51895
                ],
                "type": "Point"
            },
            "properties": {
                "balloted": "No",
                "description": "Loughborough Pearson's red brick building is unimposing from the outside, but inside is a riot of Gothic Revival design. Golden mosaics reveal the character of the Grade II* listed chapel, built as part of the Middlesex Hospital.",
                "end": "18:00:00",
                "fully_booked": "",
                "images": [
                    {
                        "archive_url": "https://raw.githubusercontent.com/infrastructureclub/open-house-london-images/master/images/2026/6534/building_6534_dsc_4004_b7259ee15bdec13d50a055d763a41b47.jpg",
                        "title": "Tareq Mooradun"
                    },
                    {
                        "archive_url": "https://raw.githubusercontent.com/infrastructureclub/open-house-london-images/master/images/2026/6534/building_6534_dsc_3989_281329c1b0e48f73a07a582c2db52299.jpg",
                        "title": "Tareq Mooradun"
                    },
                    {
                        "archive_url": "https://raw.githubusercontent.com/infrastructureclub/open-house-london-images/master/images/2026/6534/building_6534_dsc_4011_3691ddb616aa40c276d8544b704aed19.jpg",
                        "title": "Tareq Mooradun"
                    },
                    {
                        "archive_url": "https://raw.githubusercontent.com/infrastructureclub/open-house-london-images/master/images/2026/6534/building_6534_dsc_4088_85166f6539671e84ded3e068b09d8631.jpg",
                        "title": "Photo of Fitzrovia Chapel"
                    }
                ],
                "name": "Fitzrovia Chapel",
                "new_venue_this_year": "No",
                "start": "11:00:00",
                "ticketed_events": "No",
                "url": "https://programme.openhouse.org.uk/listings/6534"
            },
            "type": "Feature"
        },
        {
            "geometry": {
                "coordinates": [
                    -0.1315686,
                    51.5195747
                ],
                "type": "Point"
            },
            "properties": {
                "balloted": "No",
                "description": "Explore the Building Centre, a landmark home for architecture and the built environment in the heart of London. Discover its distinctive modernist spaces, public galleries and exhibitions, and learn how the building has brought together architects, designers, makers and city-shapers for more than 90 years.",
                "end": "18:00:00",
                "fully_booked": "",
                "images": [
                    {
                        "archive_url": "https://raw.githubusercontent.com/infrastructureclub/open-house-london-images/master/images/2026/6536/building_6536_01-small-file_0ea81a4f4ddcd56ccb4db75692db1e8b.jpg",
                        "title": "Photo of The Building Centre"
                    }
                ],
                "name": "The Building Centre",
                "new_venue_this_year": "Yes",
                "start": "10:00:00",
                "ticketed_events": "No",
                "url": "https://programme.openhouse.org.uk/listings/6536"
            },
            "type": "Feature"
        },
        {
            "geometry": {
                "coordinates": [
                    -0.30891,
                    51.48316
                ],
                "type": "Point"
            },
            "properties": {
                "balloted": "No",
                "description": "The walk starts in the Medieval market place, proceeds  through 17th century development and 18th century housing then explores 19th/20th century industrial legacy and striking new 21st century Thames-side regeneration schemes.",
                "end": "16:30:00",
                "fully_booked": "Yes",
                "images": [
                    {
                        "archive_url": "https://raw.githubusercontent.com/infrastructureclub/open-house-london-images/master/images/2026/6782/building_6782_img_0356_9a9dc7e6086c45b7e4d068f3e8434f01.jpg",
                        "title": "Howard Simmons"
                    },
                    {
                        "archive_url": "https://raw.githubusercontent.com/infrastructureclub/open-house-london-images/master/images/2026/6782/building_6782_img_0367_dc7bc15828323d214403d104390d8c47.jpg",
                        "title": "Howard Simmons"
                    },
                    {
                        "archive_url": "https://raw.githubusercontent.com/infrastructureclub/open-house-london-images/master/images/2026/6782/building_6782_img_0359_994f1d1f47d5248a7eb5bc775abd6ff7.JPG",
                        "title": "Howard Simmons"
                    },
                    {
                        "archive_url": "https://raw.githubusercontent.com/infrastructureclub/open-house-london-images/master/images/2026/6782/building_6782_img_0366_79b358f8aa39087c70fd487b7ebb6e58.JPG",
                        "title": "Howard Simmons"
                    },
                    {
                        "archive_url": "https://raw.githubusercontent.com/infrastructureclub/open-house-london-images/master/images/2026/6782/building_6782_img_0400_63f332b03429f3033608e02f69db2a6f.JPG",
                        "title": "Howard Simmons"
                    },
                    {
                        "archive_url": "https://raw.githubusercontent.com/infrastructureclub/open-house-london-images/master/images/2026/6782/building_6782_img_0406_3fc30e13bffee4a71cb3afe29b0c7c54.JPG",
                        "title": "Howard Simmons"
                    },
                    {
                        "archive_url": "https://raw.githubusercontent.com/infrastructureclub/open-house-london-images/master/images/2026/6782/building_6782_img_0360_184f8eb27728cef63544020b18bfb10b.JPG",
                        "title": "Howard Simmons"
                    }
                ],
                "name": "Brentford Then and Now/Brentford through the Ages",
                "new_venue_this_year": "No",
                "start": "14:30:00",
                "ticketed_events": "Yes",
                "url": "https://programme.openhouse.org.uk/listings/6782"
            },
            "type": "Feature"
        },
        {
            "geometry": {
                "coordinates": [
                    -0.12504,
                    51.53218
                ],
                "type": "Point"
            },
            "properties": {
                "balloted": "No",
                "description": "The Stirling-prize shortlisted King’s Cross Masterplan established a framework for the incremental redevelopment of this industrial heritage site through a mix of uses and a network of public spaces structuring new urban blocks and knitting the site into its context.",
                "end": "14:00:00",
                "fully_booked": "Yes",
                "images": [
                    {
                        "archive_url": "https://raw.githubusercontent.com/infrastructureclub/open-house-london-images/master/images/2026/7788/building_7788_aam_kx_granarysquare1_4964e1eef80f2fc5f37931ca762203cc.jpg",
                        "title": "Photo of King's Cross Masterplan"
                    },
                    {
                        "archive_url": "https://raw.githubusercontent.com/infrastructureclub/open-house-london-images/master/images/2026/7788/building_7788_kxc_image-3_cf5bb1a2fc971f27056eebd390c41805.jpg",
                        "title": "Photo of King's Cross Masterplan"
                    },
                    {
                        "archive_url": "https://raw.githubusercontent.com/infrastructureclub/open-house-london-images/master/images/2026/7788/building_7788_kxc_image-4_9ae23b8f753a5043aea55c08fb715838.jpg",
                        "title": "Photo of King's Cross Masterplan"
                    },
                    {
                        "archive_url": "https://raw.githubusercontent.com/infrastructureclub/open-house-london-images/master/images/2026/7788/building_7788_kxc_image-5_b2e0c6043bb9d5f3a0647bdc30ee9167.jpg",
                        "title": "Photo of King's Cross Masterplan"
                    },
                    {
                        "archive_url": "https://raw.githubusercontent.com/infrastructureclub/open-house-london-images/master/images/2026/7788/building_7788_kxc_image-6_247bfec58a539b918b54c6ed6ac5b6d7.jpg",
                        "title": "Photo of King's Cross Masterplan"
                    },
                    {
                        "archive_url": "https://raw.githubusercontent.com/infrastructureclub/open-house-london-images/master/images/2026/7788/building_7788_aam_kx_bagleywalk_24327f1c591e95a4505a9ef3ac9e77d1.jpg",
                        "title": "Photo of King's Cross Masterplan"
                    },
                    {
                        "archive_url": "https://raw.githubusercontent.com/infrastructureclub/open-house-london-images/master/images/2026/7788/building_7788_280_n1349_powerpoint_d8c944ab26356343d93f997509dfc7ae.jpg",
                        "title": "Photo of King's Cross Masterplan"
                    },
                    {
                        "archive_url": "https://raw.githubusercontent.com/infrastructureclub/open-house-london-images/master/images/2026/7788/building_7788_280_n1357_powerpoint-1_f34b604cd3a24740febb69e5da14c94a.jpg",
                        "title": "Photo of King's Cross Masterplan"
                    },
                    {
                        "archive_url": "https://raw.githubusercontent.com/infrastructureclub/open-house-london-images/master/images/2026/7788/building_7788_280_n419_powerpoint_54bab77adc40b780a34f4c4dbf406967.jpg",
                        "title": "Photo of King's Cross Masterplan"
                    }
                ],
                "name": "King's Cross Masterplan",
                "new_venue_this_year": "No",
                "start": "12:30:00",
                "ticketed_events": "Yes",
                "url": "https://programme.openhouse.org.uk/listings/7788"
            },
            "type": "Feature"
        },
        {
            "geometry": {
                "coordinates": [
                    -0.27315,
                    51.52855
                ],
                "type": "Point"
            },
            "properties": {
                "balloted": "No",
                "description": "An industrial building originally built for maintaining railways with a modern rear extension now housing a modern glass processing company",
                "end": "15:00:00",
                "fully_booked": "",
                "images": [
                    {
                        "archive_url": "https://raw.githubusercontent.com/infrastructureclub/open-house-london-images/master/images/2026/8230/building_8230__mg_5585_6a8b6b3aff37534c3b9ca947e3da5631.jpg",
                        "title": "Photo of Preedy Glass"
                    },
                    {
                        "archive_url": "https://raw.githubusercontent.com/infrastructureclub/open-house-london-images/master/images/2026/8230/building_8230__mg_5049_12f8b6049ea24c46d25ad82fcd812013.jpg",
                        "title": "Photo of Preedy Glass"
                    },
                    {
                        "archive_url": "https://raw.githubusercontent.com/infrastructureclub/open-house-london-images/master/images/2026/8230/building_8230__mg_5362-2_a5b86c6bf85f47671f930f129cc5c089.jpg",
                        "title": "Photo of Preedy Glass"
                    },
                    {
                        "archive_url": "https://raw.githubusercontent.com/infrastructureclub/open-house-london-images/master/images/2026/8230/building_8230__mg_5672_0f42b413621276713c431aae5d2fa460.jpg",
                        "title": "Photo of Preedy Glass"
                    }
                ],
                "name": "Preedy Glass",
                "new_venue_this_year": "No",
                "start": "07:00:00",
                "ticketed_events": "No",
                "url": "https://programme.openhouse.org.uk/listings/8230"
            },
            "type": "Feature"
        },
        {
            "geometry": {
                "coordinates": [
                    -0.21581,
                    51.56881
                ],
                "type": "Point"
            },
            "properties": {
                "balloted": "No",
                "description": "Come and visit this grassroots community enterprise where old meets new in the form of the historic farm buildings alongside our crowdfunded cafe. Find out how some of these historic buildings have been saved and lovingly bought back into community use, and find out about our future plans.",
                "end": "16:00:00",
                "fully_booked": "",
                "images": [
                    {
                        "archive_url": "https://raw.githubusercontent.com/infrastructureclub/open-house-london-images/master/images/2026/8339/building_8339_2-our-yard_f435cc753860b8f44d78102d0ff4e0fc.png",
                        "title": "Photo of Our Yard at Clitterhouse Farm"
                    },
                    {
                        "archive_url": "https://raw.githubusercontent.com/infrastructureclub/open-house-london-images/master/images/2026/8339/building_8339_screen-shot-2019-06-05-at-15-37-38_559440d5e8e37db032fc0fbaf9cee8e1.png",
                        "title": "Photo of Our Yard at Clitterhouse Farm"
                    },
                    {
                        "archive_url": "https://raw.githubusercontent.com/infrastructureclub/open-house-london-images/master/images/2026/8339/building_8339_cafe-model-full_d93c54b037a48e0151f8d0c0e9408506.jpg",
                        "title": "Billy Adams and Freddie Wiltshire"
                    },
                    {
                        "archive_url": "https://raw.githubusercontent.com/infrastructureclub/open-house-london-images/master/images/2026/8339/building_8339_img_7903-2-2048x1536_580d192202d1e5649f25949170e67560.jpg",
                        "title": "Thomas Ball"
                    },
                    {
                        "archive_url": "https://raw.githubusercontent.com/infrastructureclub/open-house-london-images/master/images/2026/8339/building_8339_img_0559-2-2048x1536_d46fbe4914401794e084569b504ce7cf.jpg",
                        "title": "Thomas Ball"
                    },
                    {
                        "archive_url": "https://raw.githubusercontent.com/infrastructureclub/open-house-london-images/master/images/2026/8339/building_8339_cafe-at-night_6eed7d3f0273d9b743b159e1eaca973c.jpeg",
                        "title": "Thomas Ball"
                    },
                    {
                        "archive_url": "https://raw.githubusercontent.com/infrastructureclub/open-house-london-images/master/images/2026/8339/building_8339_whatsapp-image-2025-06-12-at-16-38-46_bc0bfdab7c575c580776447c110b820d.jpeg",
                        "title": "Photo of Our Yard at Clitterhouse Farm"
                    }
                ],
                "name": "Our Yard at Clitterhouse Farm",
                "new_venue_this_year": "No",
                "start": "10:00:00",
                "ticketed_events": "No",
                "url": "https://programme.openhouse.org.uk/listings/8339"
            },
            "type": "Feature"
        },
        {
            "geometry": {
                "coordinates": [
                    -0.13857,
                    51.51759
                ],
                "type": "Point"
            },
            "properties": {
                "balloted": "No",
                "description": "Underground museum. Interior design by Sam Jacobs Studio. Design concept influenced by cartoon and comic narrative techniques.",
                "end": "14:45:00",
                "fully_booked": "Yes",
                "images": [
                    {
                        "archive_url": "https://raw.githubusercontent.com/infrastructureclub/open-house-london-images/master/images/2026/8790/building_8790_cartoon-museum-front-1_ad9f7ff4ffd810c382a6bcc26a23ab41.jpg",
                        "title": "Photo of The Cartoon Museum"
                    },
                    {
                        "archive_url": "https://raw.githubusercontent.com/infrastructureclub/open-house-london-images/master/images/2026/8790/building_8790_cartoonmuseum_sjs-jimstephenson-20-midres-1024x0-c-default_e40fec3c13c3cbb52357c7612b7f6af2.jpg",
                        "title": "The Cartoon Museum"
                    },
                    {
                        "archive_url": "https://raw.githubusercontent.com/infrastructureclub/open-house-london-images/master/images/2026/8790/building_8790_cartoonmuseum_sjs-jimstephenson-60-webres_c8b626dc0eb79860e7992845b3afdd7f.jpg",
                        "title": "The Cartoon Museum"
                    },
                    {
                        "archive_url": "https://raw.githubusercontent.com/infrastructureclub/open-house-london-images/master/images/2026/8790/building_8790_120326-cm-sb-event-15_7f6cf9fe59773004a1e1a97c4d3fe861.jpg",
                        "title": "Photo of The Cartoon Museum"
                    }
                ],
                "name": "The Cartoon Museum",
                "new_venue_this_year": "No",
                "start": "14:00:00",
                "ticketed_events": "Yes",
                "url": "https://programme.openhouse.org.uk/listings/8790"
            },
            "type": "Feature"
        },
        {
            "geometry": {
                "coordinates": [
                    -0.3183739,
                    51.49191829999999
                ],
                "type": "Point"
            },
            "properties": {
                "balloted": "No",
                "description": "Boston Manor House is a Jacobean House built for Lady Mary Reade in 1623 and later owned by the Clitherow family from the 1670s until the 1920s. The House is now open to the public with free entry six days a week. Its beautifully restored historic interiors, including breath-taking ornate plasterwork, are joined by two community exhibition galleries, meeting rooms and an attractive modern café.",
                "end": "16:00:00",
                "fully_booked": "No",
                "images": [
                    {
                        "archive_url": "https://raw.githubusercontent.com/infrastructureclub/open-house-london-images/master/images/2026/10142/building_10142_boston-manor-house-summer-2_c0f61ec64b1603fb550d52f0f09a6911.png",
                        "title": "Boston Manor House"
                    },
                    {
                        "archive_url": "https://raw.githubusercontent.com/infrastructureclub/open-house-london-images/master/images/2026/10142/building_10142_portico-view_999fec832900435c60d71d0e12234533.jpg",
                        "title": "Boston Manor House"
                    },
                    {
                        "archive_url": "https://raw.githubusercontent.com/infrastructureclub/open-house-london-images/master/images/2026/10142/building_10142_boston-manor-house-view-from-park-lake_1374c93e6b177cad683819c569dfe1c8.jpg",
                        "title": "Boston Manor House"
                    }
                ],
                "name": "Boston Manor House",
                "new_venue_this_year": "No",
                "start": "11:30:00",
                "ticketed_events": "Yes",
                "url": "https://programme.openhouse.org.uk/listings/10142"
            },
            "type": "Feature"
        },
        {
            "geometry": {
                "coordinates": [
                    -0.1080343,
                    51.51412879999999
                ],
                "type": "Point"
            },
            "properties": {
                "balloted": "No",
                "description": "The Fleet Street Heritage Wall comprises 86 A3 information panels about the people, places, ideas and newspapers which made the name of Fleet Street famous throughout the world.  From 17th to 20th Sept frequent talks will be given on the sundial and the Heritage Wall, and its innovative design features which will  make it accessible to all comers through web pages, Easy Read pages, and audio files",
                "end": "16:00:00",
                "fully_booked": "",
                "images": [
                    {
                        "archive_url": "https://raw.githubusercontent.com/infrastructureclub/open-house-london-images/master/images/2026/10644/building_10644_heritagesundial1045gmts_0ce92c6a803a30bfc01bb00c91cbea10.png",
                        "title": "Piers Nicholson"
                    },
                    {
                        "archive_url": "https://raw.githubusercontent.com/infrastructureclub/open-house-london-images/master/images/2026/10644/building_10644_heritage-wall-drawing_29694abd9a173540602f9f077fe229c6.png",
                        "title": "Piers Nicholson"
                    },
                    {
                        "archive_url": "https://raw.githubusercontent.com/infrastructureclub/open-house-london-images/master/images/2026/10644/building_10644_heritagewallphoto_2505a98dce470e2e3ad34b3c52a3b8d4.png",
                        "title": "Piers Nicholson"
                    },
                    {
                        "archive_url": "https://raw.githubusercontent.com/infrastructureclub/open-house-london-images/master/images/2026/10644/building_10644_mainimage-2026redstripe_09fab54bc3be2c5bbb33680909319e27.png",
                        "title": "Piers Nicholson"
                    }
                ],
                "name": "Fleet Street Heritage Wall and Sundial",
                "new_venue_this_year": "No",
                "start": "10:00:00",
                "ticketed_events": "No",
                "url": "https://programme.openhouse.org.uk/listings/10644"
            },
            "type": "Feature"
        },
        {
            "geometry": {
                "coordinates": [
                    -0.13092,
                    51.53106
                ],
                "type": "Point"
            },
            "properties": {
                "balloted": "No",
                "description": "A great little museum set in the Grade 2 listed Ossulston Estate - a prime example of pre-war Social housing - based on Karl Marz Hof in Vienna.\r\nOpen Tuesday to Saturday 10am-5pm, plus Sunday 13th 12am-4pm.",
                "end": "17:00:00",
                "fully_booked": "",
                "images": [
                    {
                        "archive_url": "https://raw.githubusercontent.com/infrastructureclub/open-house-london-images/master/images/2026/10952/building_10952_img_6471_8c646e7b585214745cac2bac5d892502.jpeg",
                        "title": "Photo of People's Museum Somers Town"
                    },
                    {
                        "archive_url": "https://raw.githubusercontent.com/infrastructureclub/open-house-london-images/master/images/2026/10952/building_10952_image-15_e16b0cc04819f673c9e9f48ceb631876.jpg",
                        "title": "Photo of People's Museum Somers Town"
                    },
                    {
                        "archive_url": "https://raw.githubusercontent.com/infrastructureclub/open-house-london-images/master/images/2026/10952/building_10952_bayes_draper_7f3e5b45b5214a3678350c626287e132.jpg",
                        "title": "Photo of People's Museum Somers Town"
                    },
                    {
                        "archive_url": "https://raw.githubusercontent.com/infrastructureclub/open-house-london-images/master/images/2026/10952/building_10952_image_5190c3ba3a353bf7d685190ba20e632f.jpg",
                        "title": "Photo of People's Museum Somers Town"
                    },
                    {
                        "archive_url": "https://raw.githubusercontent.com/infrastructureclub/open-house-london-images/master/images/2026/10952/building_10952_gqh6-qgxeaarxpf_ad2f7ba8f9690a14696531d538d5cfb6.jpeg",
                        "title": "Photo of People's Museum Somers Town"
                    },
                    {
                        "archive_url": "https://raw.githubusercontent.com/infrastructureclub/open-house-london-images/master/images/2026/10952/building_10952_img_6473_392358fa284aea6acbb4f7a047ac2f52.jpeg",
                        "title": "Photo of People's Museum Somers Town"
                    }
                ],
                "name": "People's Museum Somers Town",
                "new_venue_this_year": "No",
                "start": "10:00:00",
                "ticketed_events": "No",
                "url": "https://programme.openhouse.org.uk/listings/10952"
            },
            "type": "Feature"
        },
        {
            "geometry": {
                "coordinates": [
                    -0.04198,
                    51.59401
                ],
                "type": "Point"
            },
            "properties": {
                "balloted": "No",
                "description": "Built in the 1950s, this site was originally the head offices for a large consortium of industrial spaces which produced dyes and food colourings. It is now a creative workspace with 26 studios for creative businesses and an event space.",
                "end": "21:00:00",
                "fully_booked": "",
                "images": [
                    {
                        "archive_url": "https://raw.githubusercontent.com/infrastructureclub/open-house-london-images/master/images/2026/11358/building_11358_switchboard-studios_elevation-night-2_jan-kattein-architects-ltd_lowres_4438b1e58cb3a3ef4ba5e46847f2c23d.jpg",
                        "title": "Photo of Switchboard Studios"
                    },
                    {
                        "archive_url": "https://raw.githubusercontent.com/infrastructureclub/open-house-london-images/master/images/2026/11358/building_11358_colour-lab-25_colour-of-saying_2_f105e01d086b10483a2e005a00e98e9f.jpg",
                        "title": "Photo of Switchboard Studios"
                    },
                    {
                        "archive_url": "https://raw.githubusercontent.com/infrastructureclub/open-house-london-images/master/images/2026/11358/building_11358_cwl_ldf-banner_1920x1080px_4-v1_e20ecda1240f9618de3ed8794bceec56.jpg",
                        "title": "Photo of Switchboard Studios"
                    },
                    {
                        "archive_url": "https://raw.githubusercontent.com/infrastructureclub/open-house-london-images/master/images/2026/11358/building_11358_ethical-colour-ldf-091_a9f220ccee8b952ca11c32e70d869a2d.jpg",
                        "title": "Photo of Switchboard Studios"
                    },
                    {
                        "archive_url": "https://raw.githubusercontent.com/infrastructureclub/open-house-london-images/master/images/2026/11358/building_11358_banner_6ce2306080deaa0bbbbf6f9899ccd76e.jpg",
                        "title": "Photo of Switchboard Studios"
                    }
                ],
                "name": "Switchboard Studios",
                "new_venue_this_year": "No",
                "start": "18:30:00",
                "ticketed_events": "No",
                "url": "https://programme.openhouse.org.uk/listings/11358"
            },
            "type": "Feature"
        },
        {
            "geometry": {
                "coordinates": [
                    -0.1731,
                    51.54837
                ],
                "type": "Point"
            },
            "properties": {
                "balloted": "No",
                "description": "OmniDe is a two floors 100m2 office space conceived as a laboratory where Art, Design and Architecture live together. What we designed is a space that is born from the conversion of an existing accountant space into an architecture office.",
                "end": "16:00:00",
                "fully_booked": "",
                "images": [
                    {
                        "archive_url": "https://raw.githubusercontent.com/infrastructureclub/open-house-london-images/master/images/2026/11395/building_11395_belsize-labe_picture-4-min_899bfc3e10e1516c3de0336e599699e4.jpg",
                        "title": "Photo of OmniDe"
                    },
                    {
                        "archive_url": "https://raw.githubusercontent.com/infrastructureclub/open-house-london-images/master/images/2026/11395/building_11395_belsize-labe_picture-5-min_0805f301e175711591319829771a66d0.jpg",
                        "title": "Photo of OmniDe"
                    },
                    {
                        "archive_url": "https://raw.githubusercontent.com/infrastructureclub/open-house-london-images/master/images/2026/11395/building_11395_belsize-labe_picture-6-min_1a39597573dac5430e33f0b976708840.jpg",
                        "title": "Photo of OmniDe"
                    },
                    {
                        "archive_url": "https://raw.githubusercontent.com/infrastructureclub/open-house-london-images/master/images/2026/11395/building_11395_belsize-labe_picture-7-min_c4aac36d2aa6498cd9388b9014164d32.jpg",
                        "title": "Photo of OmniDe"
                    },
                    {
                        "archive_url": "https://raw.githubusercontent.com/infrastructureclub/open-house-london-images/master/images/2026/11395/building_11395_190404_out-of-darkeness-event-2_4691794c7a0a8a32c71cf34feec483a3.jpg",
                        "title": "Photo of OmniDe"
                    },
                    {
                        "archive_url": "https://raw.githubusercontent.com/infrastructureclub/open-house-london-images/master/images/2026/11395/building_11395_whatsapp-image-2024-06-30-at-17-52-38-1_80cc664686d878ef741644eac62408bf.jpeg",
                        "title": "Photo of OmniDe"
                    },
                    {
                        "archive_url": "https://raw.githubusercontent.com/infrastructureclub/open-house-london-images/master/images/2026/11395/building_11395_screenshot-2024-07-12-125252_0b4593b523bf55c85145041299d02214.png",
                        "title": "Photo of OmniDe"
                    }
                ],
                "name": "OmniDe",
                "new_venue_this_year": "No",
                "start": "09:00:00",
                "ticketed_events": "No",
                "url": "https://programme.openhouse.org.uk/listings/11395"
            },
            "type": "Feature"
        },
        {
            "geometry": {
                "coordinates": [
                    -0.17548,
                    51.50481
                ],
                "type": "Point"
            },
            "properties": {
                "balloted": "No",
                "description": "A floating acoustic architecture, playfully reframing public space as an essential community engagement through sound & site mapping. Accessed by smartphone, headphones & echoes.xyz app, the Pavilion is located outside the Serpentine Gallery,. Drawing on Oskar & Zofia Hansen’s Open Form architectural concept it is one of 15 in a series including Venice, Berlin, Dublin, Bergen and Arctic Norway.",
                "end": "19:30:00",
                "fully_booked": "",
                "images": [
                    {
                        "archive_url": "https://raw.githubusercontent.com/infrastructureclub/open-house-london-images/master/images/2026/11855/building_11855_london-open-form-pavilion-of-air-design-and-presentation_214cd30ce7ca5d941be727d86f2eb973.jpg",
                        "title": "Photo of London Open Form Pavilion of Air"
                    },
                    {
                        "archive_url": "https://raw.githubusercontent.com/infrastructureclub/open-house-london-images/master/images/2026/11855/building_11855_qr-code-london-open-form-pavilion-of-air-1_a87bb30e72967aa06b4470ab2e37b0d2.jpg",
                        "title": "Photo of London Open Form Pavilion of Air"
                    },
                    {
                        "archive_url": "https://raw.githubusercontent.com/infrastructureclub/open-house-london-images/master/images/2026/11855/building_11855_london-open-form-pavilion-of-air-design-and-presentation-05cd1c-map_7029344be6f1bc2ee855960aa0b17686.jpg",
                        "title": "Photo of London Open Form Pavilion of Air"
                    }
                ],
                "name": "London Open Form Pavilion of Air",
                "new_venue_this_year": "No",
                "start": "06:00:00",
                "ticketed_events": "No",
                "url": "https://programme.openhouse.org.uk/listings/11855"
            },
            "type": "Feature"
        },
        {
            "geometry": {
                "coordinates": [
                    -0.09939,
                    51.37226
                ],
                "type": "Point"
            },
            "properties": {
                "balloted": "No",
                "description": "Explore the Museum of Croydon and Croydon Archives:\r\n\r\n- Join the Curator of the Museum of Croydon and the Borough Archivist of the Croydon Archives on an intimate guided tour of our stored, rarely seen collections.\r\n- Explore our current exhibitions with our expert staff, including Grayson Perry's Essex House Tapestries and a brand-new exhibition on Croydon's Architecture",
                "end": "16:30:00",
                "fully_booked": "No",
                "images": [
                    {
                        "archive_url": "https://raw.githubusercontent.com/infrastructureclub/open-house-london-images/master/images/2026/12045/building_12045_croydon-buildings-86_83fa405c864616af53e3ce77bad96cd9.jpg",
                        "title": "Photo of Museum of Croydon"
                    }
                ],
                "name": "Museum of Croydon",
                "new_venue_this_year": "No",
                "start": "10:00:00",
                "ticketed_events": "Yes",
                "url": "https://programme.openhouse.org.uk/listings/12045"
            },
            "type": "Feature"
        },
        {
            "geometry": {
                "coordinates": [
                    -0.05552,
                    51.54152
                ],
                "type": "Point"
            },
            "properties": {
                "balloted": "No",
                "description": "Morris+Company is an award-winning architecture practice based in Hackney, east London. We have applied circular economy principles to the retrofit of our own studio, gallery and café space on Mare Street, reducing waste, reusing materials, and designing for longevity.  Through our public exhibition and event programme we place the creative ‘act’ of architecture onto the high street.",
                "end": "21:00:00",
                "fully_booked": "No",
                "images": [
                    {
                        "archive_url": "https://raw.githubusercontent.com/infrastructureclub/open-house-london-images/master/images/2026/12130/building_12130_230731_open-house_image_5d457e7b38b93820d7f9fddc584f071e.jpg",
                        "title": "Photo of Morris+Company | ‘The Circular City Starts With Community’"
                    },
                    {
                        "archive_url": "https://raw.githubusercontent.com/infrastructureclub/open-house-london-images/master/images/2026/12130/building_12130_121202_elly_restaurant_006_c4fb583ce61169ef4f02603f20bbf8f9.jpg",
                        "title": "Photo of Morris+Company | ‘The Circular City Starts With Community’"
                    }
                ],
                "name": "Morris+Company | ‘The Circular City Starts With Community’",
                "new_venue_this_year": "No",
                "start": "10:00:00",
                "ticketed_events": "Yes",
                "url": "https://programme.openhouse.org.uk/listings/12130"
            },
            "type": "Feature"
        },
        {
            "geometry": {
                "coordinates": [
                    -0.02107,
                    51.57685
                ],
                "type": "Point"
            },
            "properties": {
                "balloted": "No",
                "description": "St Barnabas Church is a grade II* listed building with many Arts and Crafts designed features. Including some wonderful examples of stained glass.",
                "end": "16:30:00",
                "fully_booked": "",
                "images": [
                    {
                        "archive_url": "https://raw.githubusercontent.com/infrastructureclub/open-house-london-images/master/images/2026/12235/building_12235_a5522542-1038-4764-85a1-907001c030b8_646b378e574bc0051fb03920b355c5af.jpeg",
                        "title": "Photo of St Barnabas Church"
                    },
                    {
                        "archive_url": "https://raw.githubusercontent.com/infrastructureclub/open-house-london-images/master/images/2026/12235/building_12235_55d3a3aa-1d93-41b6-9f20-b2cc49a62d4a_5f2c52f54940aaa65d9491203ad14c64.jpeg",
                        "title": "Photo of St Barnabas Church"
                    },
                    {
                        "archive_url": "https://raw.githubusercontent.com/infrastructureclub/open-house-london-images/master/images/2026/12235/building_12235_img_1237_614f04c3764c1de6e370a2f67893f2e6.jpeg",
                        "title": "Photo of St Barnabas Church"
                    }
                ],
                "name": "St Barnabas Church",
                "new_venue_this_year": "No",
                "start": "15:00:00",
                "ticketed_events": "No",
                "url": "https://programme.openhouse.org.uk/listings/12235"
            },
            "type": "Feature"
        },
        {
            "geometry": {
                "coordinates": [
                    -0.15707,
                    51.43028
                ],
                "type": "Point"
            },
            "properties": {
                "balloted": "No",
                "description": "A Gothic revival church of cathedral proportions completed in 1906 by Temple Moore with Italian baroque features from Bologna and Florence. Excellent acoustic design has enabled recordings from London Chamber Choir, Paul McCartney's tribute to Linda, Pavarotti, Placido Domingo, and many more!",
                "end": "12:00:00",
                "fully_booked": "",
                "images": [
                    {
                        "archive_url": "https://raw.githubusercontent.com/infrastructureclub/open-house-london-images/master/images/2026/12429/building_12429_asc_03dc4301b5be64138b55d3f3702a5fc8.jpeg",
                        "title": "Photo of All Saints Church, Tooting"
                    }
                ],
                "name": "All Saints Church, Tooting",
                "new_venue_this_year": "No",
                "start": "10:00:00",
                "ticketed_events": "No",
                "url": "https://programme.openhouse.org.uk/listings/12429"
            },
            "type": "Feature"
        },
        {
            "geometry": {
                "coordinates": [
                    -0.06782,
                    51.60602
                ],
                "type": "Point"
            },
            "properties": {
                "balloted": "No",
                "description": "Established by Lee Alexander McQueen to support the most fearless creative minds of the future, Sarabande provides heavily subsidised studios for artists across two sites in London. \r\n\r\nThe Tottenham site opened in 2023 and sits within two restored Georgian townhouses, part of the historic Northumberland Terrace and in stark contrast to the contemporary stadium next door.",
                "end": "12:00:00",
                "fully_booked": "Yes",
                "images": [
                    {
                        "archive_url": "https://raw.githubusercontent.com/infrastructureclub/open-house-london-images/master/images/2026/12451/building_12451_dsc05682-large_191985550659ddd462e6ac3ed0421937.jpeg",
                        "title": "Jordy Nasa"
                    }
                ],
                "name": "Sarabande Foundation",
                "new_venue_this_year": "No",
                "start": "10:00:00",
                "ticketed_events": "Yes",
                "url": "https://programme.openhouse.org.uk/listings/12451"
            },
            "type": "Feature"
        },
        {
            "geometry": {
                "coordinates": [
                    -0.18773,
                    51.45501
                ],
                "type": "Point"
            },
            "properties": {
                "balloted": "No",
                "description": "St Anne's Church, a SW London landmark, nicknamed Pepperpot, celebrated its bicentenary in 2024 (Robert Smirke 1824). The church will be open September 15, 17 and 18 for guided tours and exhibits from the archives.",
                "end": "15:30:00",
                "fully_booked": "",
                "images": [
                    {
                        "archive_url": "https://raw.githubusercontent.com/infrastructureclub/open-house-london-images/master/images/2026/12598/building_12598_church-photo_de49c7216183026554fe04edc7bd9c6a.jpg",
                        "title": "Photo of St Anne's Church Wandsworth"
                    }
                ],
                "name": "St Anne's Church Wandsworth",
                "new_venue_this_year": "No",
                "start": "09:30:00",
                "ticketed_events": "No",
                "url": "https://programme.openhouse.org.uk/listings/12598"
            },
            "type": "Feature"
        },
        {
            "geometry": {
                "coordinates": [
                    -0.1368,
                    51.50876
                ],
                "type": "Point"
            },
            "properties": {
                "balloted": "No",
                "description": "St James's Piccadilly is a Grade I listed Christopher Wren church in the heart of the West End. Completed in 1684, and known as the Artists' Church, its interiors include historic works of art by Grinling Gibbons (reredos, organ case and font), postwar Classical interiors by Albert Richardson, and contemporary art by Che Lovelace honouring the 18th-century abolitionist Quobna Ottobah Cugoano.",
                "end": "16:00:00",
                "fully_booked": "",
                "images": [
                    {
                        "archive_url": "https://raw.githubusercontent.com/infrastructureclub/open-house-london-images/master/images/2026/12659/building_12659_st-james-s-church-piccadilly-seen-from-jermyn-street-photo-by-elspeth-osman-allu-c-st-james-s-piccadilly_ea67beb044255e6d24322fa64b66b57c.jpg",
                        "title": "Photo of St James's Piccadilly"
                    },
                    {
                        "archive_url": "https://raw.githubusercontent.com/infrastructureclub/open-house-london-images/master/images/2026/12659/building_12659_jeremy-white-pic-church-interior_edfaf43975e22b9979b7e33ab55cf4e7.jpg",
                        "title": "Photo of St James's Piccadilly"
                    },
                    {
                        "archive_url": "https://raw.githubusercontent.com/infrastructureclub/open-house-london-images/master/images/2026/12659/building_12659_photo-22-02-2021-09-50-59-1_2246048c0ed6396c53f8b7c58d2c1329.jpg",
                        "title": "Photo of St James's Piccadilly"
                    },
                    {
                        "archive_url": "https://raw.githubusercontent.com/infrastructureclub/open-house-london-images/master/images/2026/12659/building_12659_the-river-and-passage-by-che-lovelace-installed-in-st-james-s-piccadilly-photo-stephen-white-co_afecc07be32374c40c4c9ad837d4e27a.jpg",
                        "title": "Photo of St James's Piccadilly"
                    }
                ],
                "name": "St James's Piccadilly",
                "new_venue_this_year": "No",
                "start": "10:00:00",
                "ticketed_events": "No",
                "url": "https://programme.openhouse.org.uk/listings/12659"
            },
            "type": "Feature"
        },
        {
            "geometry": {
                "coordinates": [
                    -0.10075,
                    51.37522
                ],
                "type": "Point"
            },
            "properties": {
                "balloted": "No",
                "description": "The Croydon Urban Room is a space to talk about the past, present and future of the Croydon town centre. Through conversa­tions, stories, exhibitions and events, the Urban Room brings together the views of those who live, work and visit the area to create a shared vision of the future and test new uses live in action.",
                "end": "16:00:00",
                "fully_booked": "",
                "images": [
                    {
                        "archive_url": "https://raw.githubusercontent.com/infrastructureclub/open-house-london-images/master/images/2026/12687/building_12687_1721246551928_a6d64c6db9d8edb6a0b069318bba4114.jfif",
                        "title": "Photo of Croydon Urban Room"
                    },
                    {
                        "archive_url": "https://raw.githubusercontent.com/infrastructureclub/open-house-london-images/master/images/2026/12687/building_12687_1721246553512_33b438725887eb97a2f260ce2d7bf8ef.jfif",
                        "title": "Photo of Croydon Urban Room"
                    },
                    {
                        "archive_url": "https://raw.githubusercontent.com/infrastructureclub/open-house-london-images/master/images/2026/12687/building_12687_1721246552001_e5541502caba6c4888613ef99bd1082f.jfif",
                        "title": "Photo of Croydon Urban Room"
                    }
                ],
                "name": "Croydon Urban Room",
                "new_venue_this_year": "No",
                "start": "10:00:00",
                "ticketed_events": "No",
                "url": "https://programme.openhouse.org.uk/listings/12687"
            },
            "type": "Feature"
        },
        {
            "geometry": {
                "coordinates": [
                    -0.14246,
                    51.51756
                ],
                "type": "Point"
            },
            "properties": {
                "balloted": "No",
                "description": "London is the world's first National Park City, and our visitors centre at 80 Mortimer Street is the entry point to hundreds of places to visit and things to do across a greener, healthier and wilder London.",
                "end": "18:00:00",
                "fully_booked": "No",
                "images": [
                    {
                        "archive_url": "https://raw.githubusercontent.com/infrastructureclub/open-house-london-images/master/images/2026/12692/building_12692_80_mortimer-street_412b139bc6dff7cd04f794b2e49a187c.jpg",
                        "title": "Photo of London National Park City Visitors Centre"
                    },
                    {
                        "archive_url": "https://raw.githubusercontent.com/infrastructureclub/open-house-london-images/master/images/2026/12692/building_12692_rangers_summit_18nov23_1600x800_1fe0c19fca59274ed40f31c7c3d09896.jpg",
                        "title": "Photo of London National Park City Visitors Centre"
                    }
                ],
                "name": "London National Park City Visitors Centre",
                "new_venue_this_year": "No",
                "start": "10:00:00",
                "ticketed_events": "Yes",
                "url": "https://programme.openhouse.org.uk/listings/12692"
            },
            "type": "Feature"
        },
        {
            "geometry": {
                "coordinates": [
                    -0.14662,
                    51.5221
                ],
                "type": "Point"
            },
            "properties": {
                "balloted": "No",
                "description": "Discover an exhibition exploring innovation in heritage through projects and stories with Donald Insall Associates. A curated display and film reveal how design, research and conservation are reshaping historic environments. Visit their Grade II-listed Edwardian studio (1914, Sydney Tatchell).",
                "end": "18:00:00",
                "fully_booked": "",
                "images": [
                    {
                        "archive_url": "https://raw.githubusercontent.com/infrastructureclub/open-house-london-images/master/images/2026/12696/building_12696_dia_n537_website_262182a99a328e4da3cb441b7a87286e.jpg",
                        "title": "Photo of Past Forward: Where Heritage Meets Innovation | Open studios at DIA"
                    },
                    {
                        "archive_url": "https://raw.githubusercontent.com/infrastructureclub/open-house-london-images/master/images/2026/12696/building_12696_dia_n526_website_314de9bf12595af8cae0d149ecc2a5a8.jpg",
                        "title": "Photo of Past Forward: Where Heritage Meets Innovation | Open studios at DIA"
                    }
                ],
                "name": "Past Forward: Where Heritage Meets Innovation | Open studios at DIA",
                "new_venue_this_year": "No",
                "start": "10:00:00",
                "ticketed_events": "No",
                "url": "https://programme.openhouse.org.uk/listings/12696"
            },
            "type": "Feature"
        },
        {
            "geometry": {
                "coordinates": [
                    -0.32577,
                    51.53539
                ],
                "type": "Point"
            },
            "properties": {
                "balloted": "No",
                "description": "We are a theatre company for performers and artists with learning disabilities in the West London area. We will put on an exhibition of artworks and costumes at our Community Arts Centre.",
                "end": "16:00:00",
                "fully_booked": "",
                "images": [
                    {
                        "archive_url": "https://raw.githubusercontent.com/infrastructureclub/open-house-london-images/master/images/2026/12809/building_12809_exhibition_65bd7051a3d0902c96cc1a6d8b941587.jpg",
                        "title": "Photo of IMPACT Community Arts Centre"
                    },
                    {
                        "archive_url": "https://raw.githubusercontent.com/infrastructureclub/open-house-london-images/master/images/2026/12809/building_12809_costume_2d16855d40192d47efd07e978f512dce.jpg",
                        "title": "Photo of IMPACT Community Arts Centre"
                    }
                ],
                "name": "IMPACT Community Arts Centre",
                "new_venue_this_year": "No",
                "start": "10:00:00",
                "ticketed_events": "No",
                "url": "https://programme.openhouse.org.uk/listings/12809"
            },
            "type": "Feature"
        },
        {
            "geometry": {
                "coordinates": [
                    -0.19529,
                    51.49487
                ],
                "type": "Point"
            },
            "properties": {
                "balloted": "No",
                "description": "Join a tour to learn about the of the history of Tower House, home of The Mosaic Rooms in Earl's Court. Built in 1872 by Thomas Huggett, the tour will also shed light on the interesting story of its former resident, the impresario Imre Kiralfy. See the building and the traces of its history in this walk-through with a presentation of visual materials about the previously unseen interiors.",
                "end": "16:00:00",
                "fully_booked": "",
                "images": [
                    {
                        "archive_url": "https://raw.githubusercontent.com/infrastructureclub/open-house-london-images/master/images/2026/12893/building_12893_cbff03e3-4082-4664-a527-ac8a97cd3fc6_39571b52eea3206cc73d590481866fa7.jpeg",
                        "title": "Photo of The Mosaic Rooms"
                    }
                ],
                "name": "The Mosaic Rooms",
                "new_venue_this_year": "No",
                "start": "14:00:00",
                "ticketed_events": "No",
                "url": "https://programme.openhouse.org.uk/listings/12893"
            },
            "type": "Feature"
        },
        {
            "geometry": {
                "coordinates": [
                    -0.13186,
                    51.5124
                ],
                "type": "Point"
            },
            "properties": {
                "balloted": "No",
                "description": "Start your exploration of the Open House Soho Neighbourhood with a shot of coffee, a refreshing cold drink and a bite to eat.  Explore our timeline of Soho, and our existing display on the church's history.   Relax in our calm and welcoming gardens.",
                "end": "18:00:00",
                "fully_booked": "",
                "images": [
                    {
                        "archive_url": "https://raw.githubusercontent.com/infrastructureclub/open-house-london-images/master/images/2026/12938/building_12938_sacred_grounds_f2c41ce07f97ca90f3d4f726d3fd0d70.png",
                        "title": "Photo of Sacred Grounds / St Anne's Church and Garden"
                    }
                ],
                "name": "Sacred Grounds / St Anne's Church and Garden",
                "new_venue_this_year": "No",
                "start": "10:00:00",
                "ticketed_events": "No",
                "url": "https://programme.openhouse.org.uk/listings/12938"
            },
            "type": "Feature"
        },
        {
            "geometry": {
                "coordinates": [
                    -0.16263,
                    51.54221
                ],
                "type": "Point"
            },
            "properties": {
                "balloted": "No",
                "description": "St Mary's is a Victorian church famous for its second vicar Percy Dearmer who together with Ralph Vaughn Williams produced the English Hymnal in 1906.  We have a rich history of Church Music, beautiful worship and  vestments.  We also have a passion for  social justice within our community.  We were the first parish in Edmonton Diocese to have a woman vicar.",
                "end": "18:00:00",
                "fully_booked": "",
                "images": [
                    {
                        "archive_url": "https://raw.githubusercontent.com/infrastructureclub/open-house-london-images/master/images/2026/13007/building_13007_1553c5b59f3f61255107640210fd9f62_5e2059770ea35b45b8c321b3a2e92318.jpg",
                        "title": "Photo of St Mary the Virgin Primrose Hill"
                    },
                    {
                        "archive_url": "https://raw.githubusercontent.com/infrastructureclub/open-house-london-images/master/images/2026/13007/building_13007_a1bd6252ad1b26f90cd4f543c9a14b6b_ccdf5dfc7dab6b2da7344672bb754994.jpg",
                        "title": "Photo of St Mary the Virgin Primrose Hill"
                    },
                    {
                        "archive_url": "https://raw.githubusercontent.com/infrastructureclub/open-house-london-images/master/images/2026/13007/building_13007_86b47c2f696df230b30ddcb1408f50c1_c8281333c47768fd078a8842e6c17770.jpg",
                        "title": "Photo of St Mary the Virgin Primrose Hill"
                    },
                    {
                        "archive_url": "https://raw.githubusercontent.com/infrastructureclub/open-house-london-images/master/images/2026/13007/building_13007_8ad645bcb4ed64a0e959e4ddd7037dd5_f63ffc2e109553ec287cf4ce25603544.jpg",
                        "title": "Photo of St Mary the Virgin Primrose Hill"
                    },
                    {
                        "archive_url": "https://raw.githubusercontent.com/infrastructureclub/open-house-london-images/master/images/2026/13007/building_13007_20180405_114638_28825122d9ecb1f6e32e427728539b7b.jpg",
                        "title": "Photo of St Mary the Virgin Primrose Hill"
                    },
                    {
                        "archive_url": "https://raw.githubusercontent.com/infrastructureclub/open-house-london-images/master/images/2026/13007/building_13007_dan_4583_f212d121e50fafe8abf7f2c145d1ef82.jpg",
                        "title": "Photo of St Mary the Virgin Primrose Hill"
                    }
                ],
                "name": "St Mary the Virgin Primrose Hill",
                "new_venue_this_year": "No",
                "start": "09:00:00",
                "ticketed_events": "No",
                "url": "https://programme.openhouse.org.uk/listings/13007"
            },
            "type": "Feature"
        },
        {
            "geometry": {
                "coordinates": [
                    -0.09308,
                    51.51644
                ],
                "type": "Point"
            },
            "properties": {
                "balloted": "No",
                "description": "A walking tour of the City, visiting key areas associated with famous writers, from Shakespeare, Dr Johnson, Oscar Wilde, and many others.",
                "end": "19:00:00",
                "fully_booked": "Yes",
                "images": [
                    {
                        "archive_url": "https://raw.githubusercontent.com/infrastructureclub/open-house-london-images/master/images/2026/13039/building_13039_michelle-at-stationers-hall-closeup-2022-niki-gorick-photography-1_aed71e6a9a4fda0985412e24a76a263e.jpg",
                        "title": "Katherine Pearce"
                    }
                ],
                "name": "The Literary City",
                "new_venue_this_year": "No",
                "start": "18:00:00",
                "ticketed_events": "Yes",
                "url": "https://programme.openhouse.org.uk/listings/13039"
            },
            "type": "Feature"
        },
        {
            "geometry": {
                "coordinates": [
                    -0.08352,
                    51.51276
                ],
                "type": "Point"
            },
            "properties": {
                "balloted": "No",
                "description": "A walk around places in the City you might recognise (or not) from the silver screen. Visit the impressive sites used in major films, including Harry Potter, Mission Impossible, James Bond, and many more.",
                "end": "19:00:00",
                "fully_booked": "Yes",
                "images": [
                    {
                        "archive_url": "https://raw.githubusercontent.com/infrastructureclub/open-house-london-images/master/images/2026/13040/building_13040_liz-c-at-thames-2022-niki-gorick-photography-4_2db139123cb695a0b45c1181729a7602.jpg",
                        "title": "Katherine Pearce"
                    }
                ],
                "name": "Film Locations of the City",
                "new_venue_this_year": "No",
                "start": "18:00:00",
                "ticketed_events": "Yes",
                "url": "https://programme.openhouse.org.uk/listings/13040"
            },
            "type": "Feature"
        },
        {
            "geometry": {
                "coordinates": [
                    -0.08132,
                    51.5257
                ],
                "type": "Point"
            },
            "properties": {
                "balloted": "No",
                "description": "A refurbished factory warehouse, the repurposed space now hosts educational programmes and activities of the School of Traditional Arts and the architectural team of the King’s Foundation. Live demonstrations of traditional arts skills by students and alumni, scheduled talks on KF's architectural projects, and guided tours all await the visitor.",
                "end": "20:00:00",
                "fully_booked": "No",
                "images": [
                    {
                        "archive_url": "https://raw.githubusercontent.com/infrastructureclub/open-house-london-images/master/images/2026/13043/building_13043_1_233482577f09c8874e05a62c22eab93c.jpg",
                        "title": "Photo of The King's Foundation - Charlotte Road"
                    },
                    {
                        "archive_url": "https://raw.githubusercontent.com/infrastructureclub/open-house-london-images/master/images/2026/13043/building_13043_2_08a8e80185806f1b521fab3e75e9c5ff.jpg",
                        "title": "Photo of The King's Foundation - Charlotte Road"
                    },
                    {
                        "archive_url": "https://raw.githubusercontent.com/infrastructureclub/open-house-london-images/master/images/2026/13043/building_13043_screenshot-2025-08-19-155424_0929dac83e64f056abf3a3a6cf43757c.png",
                        "title": "Photo of The King's Foundation - Charlotte Road"
                    }
                ],
                "name": "The King's Foundation - Charlotte Road",
                "new_venue_this_year": "No",
                "start": "18:30:00",
                "ticketed_events": "Yes",
                "url": "https://programme.openhouse.org.uk/listings/13043"
            },
            "type": "Feature"
        },
        {
            "geometry": {
                "coordinates": [
                    -0.1,
                    51.50345
                ],
                "type": "Point"
            },
            "properties": {
                "balloted": "No",
                "description": "Resonance FM is a pioneering, non-profit community radio station, with a studio at 7 Risborough Street, Southwark, London. Broadcasting 24/7 on 104.4 FM, DAB, and online, it offers over 100 weekly shows created by volunteer engineers and programme-makers. The station champions free expression and artistic diversity, providing a platform for local and international voices across arts & culture.",
                "end": "12:30:00",
                "fully_booked": "Yes",
                "images": [
                    {
                        "archive_url": "https://raw.githubusercontent.com/infrastructureclub/open-house-london-images/master/images/2026/13049/building_13049_screenshot-2025-07-01-at-10-51-28_bb79a5b2e045cec798d84900af8fd743.png",
                        "title": "Photo of Resonance FM Studios"
                    },
                    {
                        "archive_url": "https://raw.githubusercontent.com/infrastructureclub/open-house-london-images/master/images/2026/13049/building_13049_img_9010_2657c70e93c2387ad0f4bc4913626603.jpg",
                        "title": "Photo of Resonance FM Studios"
                    }
                ],
                "name": "Resonance FM Studios",
                "new_venue_this_year": "Yes",
                "start": "10:30:00",
                "ticketed_events": "Yes",
                "url": "https://programme.openhouse.org.uk/listings/13049"
            },
            "type": "Feature"
        },
        {
            "geometry": {
                "coordinates": [
                    -0.0845,
                    51.59571
                ],
                "type": "Point"
            },
            "properties": {
                "balloted": "No",
                "description": "Join us for a walking tour of Broadwater Farm (BWF) Estate & see up close the first new council homes built on the estate in 50 yrs. The tour will also incl. a visit to the historic England‑listed BWF Mosaic currently being restored, as well as the recently improved BWF community centre. To be delivered in collaboration with BWF stakeholders inc. Residents’ Ass, Harmony Gardens & The Lordship Rec.",
                "end": "15:30:00",
                "fully_booked": "",
                "images": [
                    {
                        "archive_url": "https://raw.githubusercontent.com/infrastructureclub/open-house-london-images/master/images/2026/13101/building_13101_3broadwatermarch14_1d4bd03ba514567b7f435e9bb6c54028.jpg",
                        "title": "Numan Hussain"
                    }
                ],
                "name": "Broadwater Farm Estate Tour inc visit to New Homes site",
                "new_venue_this_year": "No",
                "start": "14:00:00",
                "ticketed_events": "No",
                "url": "https://programme.openhouse.org.uk/listings/13101"
            },
            "type": "Feature"
        },
        {
            "geometry": {
                "coordinates": [
                    -0.22558,
                    51.50508
                ],
                "type": "Point"
            },
            "properties": {
                "balloted": "No",
                "description": "Culture House is the first permanent exhibition space for Somali artefacts curated by the Somali community.",
                "end": "20:00:00",
                "fully_booked": "No",
                "images": [
                    {
                        "archive_url": "https://raw.githubusercontent.com/infrastructureclub/open-house-london-images/master/images/2026/13159/building_13159_muna-sreception_6d56da52556e517ef33a13257196160e.jpg",
                        "title": "Photo of Culture House"
                    },
                    {
                        "archive_url": "https://raw.githubusercontent.com/infrastructureclub/open-house-london-images/master/images/2026/13159/building_13159_heritage_2daee79bbb0d7d0182365abe5e66eccc.jpg",
                        "title": "Photo of Culture House"
                    },
                    {
                        "archive_url": "https://raw.githubusercontent.com/infrastructureclub/open-house-london-images/master/images/2026/13159/building_13159_cultureobjectsgallery2_2aab41e014a3560158e1c80b34724a3c.jpg",
                        "title": "Photo of Culture House"
                    }
                ],
                "name": "Culture House",
                "new_venue_this_year": "No",
                "start": "14:00:00",
                "ticketed_events": "Yes",
                "url": "https://programme.openhouse.org.uk/listings/13159"
            },
            "type": "Feature"
        },
        {
            "geometry": {
                "coordinates": [
                    -0.01252,
                    51.58081
                ],
                "type": "Point"
            },
            "properties": {
                "balloted": "No",
                "description": "In 2022 we created an art gallery in the garage below our house in a residential street in Walthamstow village.   We aim to bring art into our community, acting as a resource to support artists on a not-for-profit basis.  By the time of Open House we will have hosted 26 exhibitions in a wide range of media, by both emerging and more experienced artists.",
                "end": "17:00:00",
                "fully_booked": "",
                "images": [
                    {
                        "archive_url": "https://raw.githubusercontent.com/infrastructureclub/open-house-london-images/master/images/2026/13170/building_13170_outside_e4a62160c096ca118f5a4b73565575a5.jpg",
                        "title": "Photo of Garage Gallery E17"
                    },
                    {
                        "archive_url": "https://raw.githubusercontent.com/infrastructureclub/open-house-london-images/master/images/2026/13170/building_13170_inside-front_c61ce3dfe5d86492ac971a50d50cb5f3.jpg",
                        "title": "Photo of Garage Gallery E17"
                    }
                ],
                "name": "Garage Gallery E17",
                "new_venue_this_year": "No",
                "start": "10:00:00",
                "ticketed_events": "No",
                "url": "https://programme.openhouse.org.uk/listings/13170"
            },
            "type": "Feature"
        },
        {
            "geometry": {
                "coordinates": [
                    -0.02052,
                    51.51203
                ],
                "type": "Point"
            },
            "properties": {
                "balloted": "No",
                "description": "Grade II Listed.   Designed by Adrian Gilbert Scott.  Cruciform shape (120 feet by 120 feet) of steel girder and brick construction. Its Lantern tower – based on Ely Cathedral – is supported on parabolic arches 35 feet wide and 50 feet high.  The Stained Glass Windows were designed by John Wilson of Edinburgh and the Stations of the Cross  carved in Blue Horton Stone by Peter Watts.",
                "end": "13:00:00",
                "fully_booked": "",
                "images": [
                    {
                        "archive_url": "https://raw.githubusercontent.com/infrastructureclub/open-house-london-images/master/images/2026/13253/building_13253_st-mary-st-joseph-rc-church-poplar_1_c-garrido_69fe391e814226a2b36f3a729164dd33.jpg",
                        "title": "Photo of St Mary & St Joseph Roman Catholic Church, Poplar"
                    },
                    {
                        "archive_url": "https://raw.githubusercontent.com/infrastructureclub/open-house-london-images/master/images/2026/13253/building_13253_poplar_st_mary_st_joseph_rc161113_2_81dc33bbb49f093edfd6e70ab82052bf.jpg",
                        "title": "Photo of St Mary & St Joseph Roman Catholic Church, Poplar"
                    },
                    {
                        "archive_url": "https://raw.githubusercontent.com/infrastructureclub/open-house-london-images/master/images/2026/13253/building_13253_st-mary-st-joseph-rc-church-poplar_2_c-garrido_6ef61d22b5ee5648e21ac29760f5c3da.jpg",
                        "title": "Photo of St Mary & St Joseph Roman Catholic Church, Poplar"
                    },
                    {
                        "archive_url": "https://raw.githubusercontent.com/infrastructureclub/open-house-london-images/master/images/2026/13253/building_13253_st-mary-st-joseph-rc-church-poplar_3_c-garrido_85d571032608ab92916a5e0a696b4de1.jpg",
                        "title": "Photo of St Mary & St Joseph Roman Catholic Church, Poplar"
                    },
                    {
                        "archive_url": "https://raw.githubusercontent.com/infrastructureclub/open-house-london-images/master/images/2026/13253/building_13253_church-interior-1-scaled-e1695941305485_65b08936351b54aa7137c540be5d1e04.jpg",
                        "title": "Photo of St Mary & St Joseph Roman Catholic Church, Poplar"
                    }
                ],
                "name": "St Mary & St Joseph Roman Catholic Church, Poplar",
                "new_venue_this_year": "No",
                "start": "10:00:00",
                "ticketed_events": "No",
                "url": "https://programme.openhouse.org.uk/listings/13253"
            },
            "type": "Feature"
        },
        {
            "geometry": {
                "coordinates": [
                    -0.13826,
                    51.51651
                ],
                "type": "Point"
            },
            "properties": {
                "balloted": "No",
                "description": "The Purpose of Light, Misan Harriman’s landmark photographic exhibition, bears witness to significant  moments, not with judgment or ideology, but with a deep and unflinching empathy for the human condition. Featuring 110 unique photographs, this exhibition is a call not for division, but for togetherness.",
                "end": "18:00:00",
                "fully_booked": "",
                "images": [
                    {
                        "archive_url": "https://raw.githubusercontent.com/infrastructureclub/open-house-london-images/master/images/2026/13445/building_13445_akiandmisan_d20ea15df753b35e64392faad27d938d.jpg",
                        "title": "Photo of The Purpose of Light: Exhibition by Misan Harriman"
                    },
                    {
                        "archive_url": "https://raw.githubusercontent.com/infrastructureclub/open-house-london-images/master/images/2026/13445/building_13445_power-near-parliament-sq-20th-of-june-2020_a0732383770c1b2511b75f654b300b0f.jpg",
                        "title": "Photo of The Purpose of Light: Exhibition by Misan Harriman"
                    }
                ],
                "name": "The Purpose of Light: Exhibition by Misan Harriman",
                "new_venue_this_year": "No",
                "start": "10:00:00",
                "ticketed_events": "No",
                "url": "https://programme.openhouse.org.uk/listings/13445"
            },
            "type": "Feature"
        },
        {
            "geometry": {
                "coordinates": [
                    -0.12588,
                    51.44044
                ],
                "type": "Point"
            },
            "properties": {
                "balloted": "No",
                "description": "As part of the Open House Festival, Streatham Hill Theatre stands out as a significant example of London’s theatrical heritage. Built in 1928–29, it was the final theatre designed by renowned architect W. G. R. Sprague. Opening in 1929, the venue hosted theatre, opera, ballet and variety performances until 1962, with a temporary closure between 1944 and 1950 due to wartime bomb damage.",
                "end": "16:00:00",
                "fully_booked": "",
                "images": [
                    {
                        "archive_url": "https://raw.githubusercontent.com/infrastructureclub/open-house-london-images/master/images/2026/13546/building_13546_ian-trayner_photographer-kingston-surrey_8509835_f1a30863a90b492cb0e57ebe8658766f.jpg",
                        "title": "Streatham Hill Theatre"
                    },
                    {
                        "archive_url": "https://raw.githubusercontent.com/infrastructureclub/open-house-london-images/master/images/2026/13546/building_13546_best-inside_17b1db3e5a98d7161c5d39b3c2ffc411.jpg",
                        "title": "Streatham Hill Theatre"
                    },
                    {
                        "archive_url": "https://raw.githubusercontent.com/infrastructureclub/open-house-london-images/master/images/2026/13546/building_13546_upstairs-foyer_3add42e5053946a569d2c4600d0fcdef.jpg",
                        "title": "Streatham Hill Theatre"
                    }
                ],
                "name": "Streatham Hill Theatre",
                "new_venue_this_year": "Yes",
                "start": "11:00:00",
                "ticketed_events": "No",
                "url": "https://programme.openhouse.org.uk/listings/13546"
            },
            "type": "Feature"
        },
        {
            "geometry": {
                "coordinates": [
                    -0.18379,
                    51.47832
                ],
                "type": "Point"
            },
            "properties": {
                "balloted": "No",
                "description": "The building of Worlds End Studios started life as a factory manufacturing machines for commercial baking ovens; it burned down and the remains were used as the foundations of what we know today.\r\nTwo young architects found the ruined site in 1974. They wanted to create a community workspace geared toward designers, one of the first of its kind, in London.",
                "end": "17:00:00",
                "fully_booked": "No",
                "images": [
                    {
                        "archive_url": "https://raw.githubusercontent.com/infrastructureclub/open-house-london-images/master/images/2026/13549/building_13549_wes_90q_403645009ca57db5ad5aabbf5e4f60ed.jpg",
                        "title": "Photo of Worlds End Studios"
                    },
                    {
                        "archive_url": "https://raw.githubusercontent.com/infrastructureclub/open-house-london-images/master/images/2026/13549/building_13549_old-elevation_a77e481fd9ac833277370220cf178590.jpg",
                        "title": "Photo of Worlds End Studios"
                    }
                ],
                "name": "Worlds End Studios",
                "new_venue_this_year": "Yes",
                "start": "11:00:00",
                "ticketed_events": "Yes",
                "url": "https://programme.openhouse.org.uk/listings/13549"
            },
            "type": "Feature"
        },
        {
            "geometry": {
                "coordinates": [
                    -0.10591,
                    51.50192
                ],
                "type": "Point"
            },
            "properties": {
                "balloted": "No",
                "description": "Tour of home & garden designed in 2018 by Nagan Johnson Architects",
                "end": "17:00:00",
                "fully_booked": "No",
                "images": [
                    {
                        "archive_url": "https://raw.githubusercontent.com/infrastructureclub/open-house-london-images/master/images/2026/13620/building_13620_pontypool-place-99-web_25f2998ff4120cca05a6754fcfc1f447.jpg",
                        "title": "Photo of 1 Pontypool Place"
                    },
                    {
                        "archive_url": "https://raw.githubusercontent.com/infrastructureclub/open-house-london-images/master/images/2026/13620/building_13620_studionj_alley-9-march_16bda831c9281fdf562e0bd9480ea463.jpg",
                        "title": "Photo of 1 Pontypool Place"
                    },
                    {
                        "archive_url": "https://raw.githubusercontent.com/infrastructureclub/open-house-london-images/master/images/2026/13620/building_13620_pontypool-place-246-web_20636a873ee75e40832f403e4d7a768a.jpg",
                        "title": "Photo of 1 Pontypool Place"
                    }
                ],
                "name": "1 Pontypool Place",
                "new_venue_this_year": "Yes",
                "start": "12:00:00",
                "ticketed_events": "Yes",
                "url": "https://programme.openhouse.org.uk/listings/13620"
            },
            "type": "Feature"
        },
        {
            "geometry": {
                "coordinates": [
                    -0.17997,
                    51.56145
                ],
                "type": "Point"
            },
            "properties": {
                "balloted": "No",
                "description": "Victorian London expanded as far north as Hampstead, beyond which lay the wilds of Middlesex. It was here that from 1907 the Hampstead Garden Suburb was built around what was to become the Heath Extension.\r\nJoin Calum Orr, Architectural Adviser to the Hampstead Garden Suburb Trust, on a walk from the hamlet of North End to the Suburb, as we try to understand the landscape at this decisive moment.",
                "end": "12:30:00",
                "fully_booked": "Yes",
                "images": [
                    {
                        "archive_url": "https://raw.githubusercontent.com/infrastructureclub/open-house-london-images/master/images/2026/13664/building_13664_img_1994_881fe291d6b7efa9c756c40242f723a3.jpg",
                        "title": "Photo of North End & Hampstead Garden Suburb Prehistory"
                    },
                    {
                        "archive_url": "https://raw.githubusercontent.com/infrastructureclub/open-house-london-images/master/images/2026/13664/building_13664_wyldes-1848_216b157d356ba650a7e0fa40c7b74339.jpg",
                        "title": "Photo of North End & Hampstead Garden Suburb Prehistory"
                    }
                ],
                "name": "North End & Hampstead Garden Suburb Prehistory",
                "new_venue_this_year": "Yes",
                "start": "11:00:00",
                "ticketed_events": "Yes",
                "url": "https://programme.openhouse.org.uk/listings/13664"
            },
            "type": "Feature"
        },
        {
            "geometry": {
                "coordinates": [
                    -0.12778,
                    51.49106
                ],
                "type": "Point"
            },
            "properties": {
                "balloted": "No",
                "description": "This tour will explore themes of incarceration, reuse, and renewal focusing on the Millbank Penitentiary and Millbank Estate in Westminster. The walk will explore where the Penitentiary stood, its architectural style, its chequered history and its conditions for inmates.  The walk will then take in Millbank Estate, its origins, design, and its physical connection with the Penitentiary.",
                "end": "11:45:00",
                "fully_booked": "Yes",
                "images": [
                    {
                        "archive_url": "https://raw.githubusercontent.com/infrastructureclub/open-house-london-images/master/images/2026/13666/building_13666_img_0034_d24470e3adf957521820b20d8ff20ade.jpeg",
                        "title": "Photo of Millbank – Incarceration, reuse and renewal"
                    },
                    {
                        "archive_url": "https://raw.githubusercontent.com/infrastructureclub/open-house-london-images/master/images/2026/13666/building_13666_img_0032_cab0d6dccdb131a2ee7e4068ec21ff72.jpeg",
                        "title": "Photo of Millbank – Incarceration, reuse and renewal"
                    },
                    {
                        "archive_url": "https://raw.githubusercontent.com/infrastructureclub/open-house-london-images/master/images/2026/13666/building_13666_img_0035_799d3d56bd74ed4108039b524dcff156.jpeg",
                        "title": "Photo of Millbank – Incarceration, reuse and renewal"
                    }
                ],
                "name": "Millbank – Incarceration, reuse and renewal",
                "new_venue_this_year": "Yes",
                "start": "10:00:00",
                "ticketed_events": "Yes",
                "url": "https://programme.openhouse.org.uk/listings/13666"
            },
            "type": "Feature"
        },
        {
            "geometry": {
                "coordinates": [
                    -0.08604,
                    51.50381
                ],
                "type": "Point"
            },
            "properties": {
                "balloted": "No",
                "description": "The tour examines the changing face of Bermondsey through its buildings, industries, and communities, tracing how the Industrial Revolution shaped the area and how that legacy continues to influence the neighbourhood today.",
                "end": "15:00:00",
                "fully_booked": "Yes",
                "images": [
                    {
                        "archive_url": "https://raw.githubusercontent.com/infrastructureclub/open-house-london-images/master/images/2026/13673/building_13673_hb-2_1fb63ebca675b47f10e91d5849049def.jpg",
                        "title": "Photo of West Bermondsey"
                    },
                    {
                        "archive_url": "https://raw.githubusercontent.com/infrastructureclub/open-house-london-images/master/images/2026/13673/building_13673_hb-1_e25a94ba61066604865f1f550a28c5a7.jpg",
                        "title": "Photo of West Bermondsey"
                    }
                ],
                "name": "West Bermondsey",
                "new_venue_this_year": "Yes",
                "start": "13:00:00",
                "ticketed_events": "Yes",
                "url": "https://programme.openhouse.org.uk/listings/13673"
            },
            "type": "Feature"
        },
        {
            "geometry": {
                "coordinates": [
                    -0.02671,
                    51.47888
                ],
                "type": "Point"
            },
            "properties": {
                "balloted": "No",
                "description": "This walking tour explores the stories and development of different ways of travelling through Greenwich Old Town across time. For its distinctive physical, social and historical character, Greenwich offers surprisingly a rich landscape of journey-making. The tour follows routes by river, rail, road and time.",
                "end": "16:30:00",
                "fully_booked": "Yes",
                "images": [
                    {
                        "archive_url": "https://raw.githubusercontent.com/infrastructureclub/open-house-london-images/master/images/2026/13675/building_13675_img_9952_ae0bbd067adfab69eea68d09b69015b1.jpeg",
                        "title": "K L  Lam"
                    },
                    {
                        "archive_url": "https://raw.githubusercontent.com/infrastructureclub/open-house-london-images/master/images/2026/13675/building_13675_cda672c1-7f79-4f22-a8a9-5f5fbe432bff_981f8a74-7e64-42d7-b804-4ec58716e005_fcc313f56b904897a313c4b9a66e8d49.jpeg",
                        "title": "K L  Lam"
                    },
                    {
                        "archive_url": "https://raw.githubusercontent.com/infrastructureclub/open-house-london-images/master/images/2026/13675/building_13675_img_9953_cd49430581845b52237d2af29be560e1.jpeg",
                        "title": "K L Lam"
                    },
                    {
                        "archive_url": "https://raw.githubusercontent.com/infrastructureclub/open-house-london-images/master/images/2026/13675/building_13675_img_9954_eecda5f1901f2a13b9ed293546f2e139.jpeg",
                        "title": "K L Lam"
                    }
                ],
                "name": "The making of journeys in Greenwich",
                "new_venue_this_year": "Yes",
                "start": "14:00:00",
                "ticketed_events": "Yes",
                "url": "https://programme.openhouse.org.uk/listings/13675"
            },
            "type": "Feature"
        },
        {
            "geometry": {
                "coordinates": [
                    -0.30416,
                    51.40435
                ],
                "type": "Point"
            },
            "properties": {
                "balloted": "No",
                "description": "London Square presents a rare opportunity to live within the sensitively restored former Surrey County Hall, complemented by a striking collection of contemporary new-build homes and commercial areas for hire.\r\n\r\nSet in the heart of Kingston, residents enjoy a riverside town rich in culture, green spaces, shopping and dining - all with excellent connection to London and beyond.",
                "end": "16:00:00",
                "fully_booked": "No",
                "images": [
                    {
                        "archive_url": "https://raw.githubusercontent.com/infrastructureclub/open-house-london-images/master/images/2026/13682/building_13682_vb5541606_county_hall_kingston_ext_refurb_hero_alternative_5k_3200x2135-1_3818eff8284234e494dae4476c2dd6bf.jpg",
                        "title": "County Hall Kingston"
                    },
                    {
                        "archive_url": "https://raw.githubusercontent.com/infrastructureclub/open-house-london-images/master/images/2026/13682/building_13682_vb5570146_county_hall_kingston_ext_courtyard02_final_2k_3200x1800_1b290e5cac85b6a5c8e7e1b1872ffe32.jpg",
                        "title": "County Hall Kingston"
                    },
                    {
                        "archive_url": "https://raw.githubusercontent.com/infrastructureclub/open-house-london-images/master/images/2026/13682/building_13682_vb5692969_chk_may_26_046_3200x2134_58d025c4020c7e1af27d8fbdb16ab81a.jpg",
                        "title": "County Hall Kingston"
                    },
                    {
                        "archive_url": "https://raw.githubusercontent.com/infrastructureclub/open-house-london-images/master/images/2026/13682/building_13682_vb5574102_county_hall_kingston_int_concierge_final_2k_3200x1800_5a7912286f950b414e045b4142a10b1d.jpg",
                        "title": "County Hall Kingston"
                    },
                    {
                        "archive_url": "https://raw.githubusercontent.com/infrastructureclub/open-house-london-images/master/images/2026/13682/building_13682_county_hall_kingston_int_court_room_final_2k_e0c0e3b7e10d402f0c2c73390358ee7d.jpg",
                        "title": "County Hall Kingston"
                    },
                    {
                        "archive_url": "https://raw.githubusercontent.com/infrastructureclub/open-house-london-images/master/images/2026/13682/building_13682_county_hall_kingston_int_grandhall_workspace_final_2k_cd956c9743f7ac3081e68ece286d9835.jpg",
                        "title": "County Hall Kingston"
                    },
                    {
                        "archive_url": "https://raw.githubusercontent.com/infrastructureclub/open-house-london-images/master/images/2026/13682/building_13682_county_hall_kingston_int_county_chamber_final_2k_afe65d00b677b6400bb545d047bb90ed.jpg",
                        "title": "County Hall Kingston"
                    }
                ],
                "name": "County Hall Kingston",
                "new_venue_this_year": "Yes",
                "start": "11:00:00",
                "ticketed_events": "Yes",
                "url": "https://programme.openhouse.org.uk/listings/13682"
            },
            "type": "Feature"
        },
        {
            "geometry": {
                "coordinates": [
                    -0.10496,
                    51.50392
                ],
                "type": "Point"
            },
            "properties": {
                "balloted": "No",
                "description": "Bankside was once a secluded powerhouse of Victorian London, a place that kept industry in and casual visitors out. Today, it boasts a network of arches and alleyways repurposed for public use. Led by a Bankside insider, this tour explores the history and reclamation of the arch as a usable space through an emerging urban trail – including the brand-new America Street redevelopment.",
                "end": "16:00:00",
                "fully_booked": "Yes",
                "images": [
                    {
                        "archive_url": "https://raw.githubusercontent.com/infrastructureclub/open-house-london-images/master/images/2026/13692/building_13692_img_9772_68fa76fcf718e89a264e1ea65667c480.jpeg",
                        "title": "Photo of Bankside: from arches to alleys"
                    },
                    {
                        "archive_url": "https://raw.githubusercontent.com/infrastructureclub/open-house-london-images/master/images/2026/13692/building_13692_img_9771_eb3b603838db8bc1ae4da4ef2dc94169.jpeg",
                        "title": "Photo of Bankside: from arches to alleys"
                    }
                ],
                "name": "Bankside: from arches to alleys",
                "new_venue_this_year": "Yes",
                "start": "14:00:00",
                "ticketed_events": "Yes",
                "url": "https://programme.openhouse.org.uk/listings/13692"
            },
            "type": "Feature"
        },
        {
            "geometry": {
                "coordinates": [
                    -0.13889,
                    51.53435
                ],
                "type": "Point"
            },
            "properties": {
                "balloted": "No",
                "description": "On a walk that begins and ends at Mornington Crescent station, discover how housing, industry, education, entertainment and social reform have shaped the surrounding area. Along the way, explore how buildings and public spaces have been demolished, adapted and given new lives, revealing layers of Camden's changing social history.",
                "end": "12:00:00",
                "fully_booked": "Yes",
                "images": [
                    {
                        "archive_url": "https://raw.githubusercontent.com/infrastructureclub/open-house-london-images/master/images/2026/13706/building_13706_1_ba99748b7335396057160b479c5da800.jpg",
                        "title": "Photo of Mornington Crescent: a walk through South Camden"
                    }
                ],
                "name": "Mornington Crescent: a walk through South Camden",
                "new_venue_this_year": "Yes",
                "start": "10:30:00",
                "ticketed_events": "Yes",
                "url": "https://programme.openhouse.org.uk/listings/13706"
            },
            "type": "Feature"
        },
        {
            "geometry": {
                "coordinates": [
                    -0.08784,
                    51.59387
                ],
                "type": "Point"
            },
            "properties": {
                "balloted": "No",
                "description": "What stories live inside Tottenham's streets, churches, parks and everyday places?\r\nLocal legends: stories from Tottenham's streets is a unique storytelling walk that uncovers the people, places  and community histories that have shaped Tottenham. Through poetry, oral history, personal memoir and local heritage, participants are invited to experience the neighbourhood through fresh eyes.",
                "end": "15:00:00",
                "fully_booked": "Yes",
                "images": [
                    {
                        "archive_url": "https://raw.githubusercontent.com/infrastructureclub/open-house-london-images/master/images/2026/13707/building_13707_lordship-rec-ground-main-entrance_b51d2540de3826890beda391d1b919fa.jpg",
                        "title": "Bridge Badoe McQuick"
                    },
                    {
                        "archive_url": "https://raw.githubusercontent.com/infrastructureclub/open-house-london-images/master/images/2026/13707/building_13707_st-phillips-church_ba9d2ad48034ebe484a61af0ada27595.jpg",
                        "title": "Bridge Badoe McQuick"
                    },
                    {
                        "archive_url": "https://raw.githubusercontent.com/infrastructureclub/open-house-london-images/master/images/2026/13707/building_13707_chesnuts-community-cenre_7ab5fa3b5c1df77f4428903ff6a76017.jpg",
                        "title": "Bridge Badoe McQuick"
                    }
                ],
                "name": "Local legends: stories from Tottenham’s streets",
                "new_venue_this_year": "Yes",
                "start": "13:00:00",
                "ticketed_events": "Yes",
                "url": "https://programme.openhouse.org.uk/listings/13707"
            },
            "type": "Feature"
        },
        {
            "geometry": {
                "coordinates": [
                    -0.04632,
                    51.56146
                ],
                "type": "Point"
            },
            "properties": {
                "balloted": "No",
                "description": "Paradise works artist studios in the Old Carbonic Works that is thought to be the birthplace of commercial fizzy drinks in the late 18th Century. It features in the Lea Valley and Hackney Conservation area report found online.\r\n\r\n\r\nhttps://hackney.moderngov.co.uk/documents/s68747/240220%20Appendix%20A%20Lea%20Bridge%20Conservation%20Area%20Appraisal.pdf",
                "end": "20:00:00",
                "fully_booked": "",
                "images": [
                    {
                        "archive_url": "https://raw.githubusercontent.com/infrastructureclub/open-house-london-images/master/images/2026/13772/building_13772_img_6371_3c49ffad7c24d4674beb0d048cb005fa.jpeg",
                        "title": "Photo of Former Carbonic Gas Works, 142 Lea Bridge Road"
                    },
                    {
                        "archive_url": "https://raw.githubusercontent.com/infrastructureclub/open-house-london-images/master/images/2026/13772/building_13772_img_6365_c936a82fbfcc227d79687fe287fb63ce.jpeg",
                        "title": "Photo of Former Carbonic Gas Works, 142 Lea Bridge Road"
                    },
                    {
                        "archive_url": "https://raw.githubusercontent.com/infrastructureclub/open-house-london-images/master/images/2026/13772/building_13772_img_6369_99cd1ab81b70892ab58d640deba91f6c.jpeg",
                        "title": "Photo of Former Carbonic Gas Works, 142 Lea Bridge Road"
                    },
                    {
                        "archive_url": "https://raw.githubusercontent.com/infrastructureclub/open-house-london-images/master/images/2026/13772/building_13772_img_6377_dc732573d9ac2f8b0b9f2698c9cfd982.jpeg",
                        "title": "Photo of Former Carbonic Gas Works, 142 Lea Bridge Road"
                    }
                ],
                "name": "Former Carbonic Gas Works, 142 Lea Bridge Road",
                "new_venue_this_year": "Yes",
                "start": "14:00:00",
                "ticketed_events": "No",
                "url": "https://programme.openhouse.org.uk/listings/13772"
            },
            "type": "Feature"
        },
        {
            "geometry": {
                "coordinates": [
                    -0.08198,
                    51.50342
                ],
                "type": "Point"
            },
            "properties": {
                "balloted": "No",
                "description": "Join our walk to explore the hidden enclaves around London Bridge. Discover the secrets of the riverside and some of Southwark’s lesser-known historic corners. We’ll learn how businesses and residents within this diverse enclave, in a former industrial neighbourhood, are joining forces in response to a changing climate in the bid to reach Net Zero.",
                "end": "19:30:00",
                "fully_booked": "Yes",
                "images": [
                    {
                        "archive_url": "https://raw.githubusercontent.com/infrastructureclub/open-house-london-images/master/images/2026/13775/building_13775_unknown-4_54b7e3d7f9b1e7c01aa2eb819a4d022a.jpeg",
                        "title": "Photo of Creative Connections -  Beyond London Bridge"
                    },
                    {
                        "archive_url": "https://raw.githubusercontent.com/infrastructureclub/open-house-london-images/master/images/2026/13775/building_13775_unknown-5_c9529060c2efa91dbe913b2a8851fac9.jpeg",
                        "title": "Photo of Creative Connections -  Beyond London Bridge"
                    },
                    {
                        "archive_url": "https://raw.githubusercontent.com/infrastructureclub/open-house-london-images/master/images/2026/13775/building_13775_unknown-6_ae3c4af703035600e767e1a8387d6848.jpeg",
                        "title": "Photo of Creative Connections -  Beyond London Bridge"
                    }
                ],
                "name": "Creative Connections -  Beyond London Bridge",
                "new_venue_this_year": "Yes",
                "start": "18:00:00",
                "ticketed_events": "Yes",
                "url": "https://programme.openhouse.org.uk/listings/13775"
            },
            "type": "Feature"
        },
        {
            "geometry": {
                "coordinates": [
                    -0.16598,
                    51.51461
                ],
                "type": "Point"
            },
            "properties": {
                "balloted": "No",
                "description": "Rooted in the history of Marble Arch as a place of protest and public assembly, we want young people to consider what democracy looks like, not in a parliament, but in the streets, squares and spaces they move through every day. Who has the right to be here? Who gets to decide? Join us to celebrate their work and see their visions for the future of Marble Arch.",
                "end": "18:00:00",
                "fully_booked": "",
                "images": [
                    {
                        "archive_url": "https://raw.githubusercontent.com/infrastructureclub/open-house-london-images/master/images/2026/13779/building_13779_260728_maya_amberley_5329_fe630af9de099f4a099e5421277c8e2d.jpg",
                        "title": "Photo of Marble Arch Youth Assembly - Celebration Event"
                    },
                    {
                        "archive_url": "https://raw.githubusercontent.com/infrastructureclub/open-house-london-images/master/images/2026/13779/building_13779_img_1043-1024x890_aa5740c219f1735997e0f2e44f81adaa.png",
                        "title": "Photo of Marble Arch Youth Assembly - Celebration Event"
                    }
                ],
                "name": "Marble Arch Youth Assembly - Celebration Event",
                "new_venue_this_year": "Yes",
                "start": "15:00:00",
                "ticketed_events": "No",
                "url": "https://programme.openhouse.org.uk/listings/13779"
            },
            "type": "Feature"
        },
        {
            "geometry": {
                "coordinates": [
                    -0.14195,
                    51.51741
                ],
                "type": "Point"
            },
            "properties": {
                "balloted": "No",
                "description": "Ibraaz is a London-based cultural institution for art,  culture and ideas from the Global Majority. Bringing together artists, thinkers, and communities through exhibitions, film, debate, publishing, and multidisciplinary programming, Ibraaz creates a brave space where culture fosters exchange, pluralism, and shared humanity.",
                "end": "16:30:00",
                "fully_booked": "Yes",
                "images": [
                    {
                        "archive_url": "https://raw.githubusercontent.com/infrastructureclub/open-house-london-images/master/images/2026/13822/building_13822_ibraaz-at-93-mortimer-street_2-courtesy-of-ibraaz-photo-vipul-sangoi_3bfed83d3a30711fb8ff567d9584fea1.jpg",
                        "title": "Photo of Ibraaz"
                    },
                    {
                        "archive_url": "https://raw.githubusercontent.com/infrastructureclub/open-house-london-images/master/images/2026/13822/building_13822_on_1156d_01_eb703a3414da16f5b1760d66f8947d3b.jpg",
                        "title": "Photo of Ibraaz"
                    }
                ],
                "name": "Ibraaz",
                "new_venue_this_year": "Yes",
                "start": "15:30:00",
                "ticketed_events": "Yes",
                "url": "https://programme.openhouse.org.uk/listings/13822"
            },
            "type": "Feature"
        },
        {
            "geometry": {
                "coordinates": [
                    -0.11365,
                    51.51094
                ],
                "type": "Point"
            },
            "properties": {
                "balloted": "No",
                "description": "Before 1540 London was home to over 40 magnificent monasteries, priories and nunneries. As a former monk myself I am fascinated by them, where they were and what happened to them.",
                "end": "20:00:00",
                "fully_booked": "Yes",
                "images": [
                    {
                        "archive_url": "https://raw.githubusercontent.com/infrastructureclub/open-house-london-images/master/images/2026/13864/building_13864_20250620_201040-1_88934de6fc55cd56c8135b7ca968837c.jpg",
                        "title": "Ian Wilkinson"
                    },
                    {
                        "archive_url": "https://raw.githubusercontent.com/infrastructureclub/open-house-london-images/master/images/2026/13864/building_13864_20250620_200823_ceb1c2cf939e202678f47d58e00de3c9.jpg",
                        "title": "Ian Wilkinson"
                    },
                    {
                        "archive_url": "https://raw.githubusercontent.com/infrastructureclub/open-house-london-images/master/images/2026/13864/building_13864_2-st-barts-1-1280-wide_7c14177ed2e428c071893fbd3deebba7.jpg",
                        "title": "Ian Wilkinson"
                    },
                    {
                        "archive_url": "https://raw.githubusercontent.com/infrastructureclub/open-house-london-images/master/images/2026/13864/building_13864_20250620_183515_61d4b6708c1177b9bc56b00c7dbbd4fd.jpg",
                        "title": "Ian Wilkinson"
                    },
                    {
                        "archive_url": "https://raw.githubusercontent.com/infrastructureclub/open-house-london-images/master/images/2026/13864/building_13864_2-blackfriars-2-1280-wide_e6fa9442581213f8052a62a2438cc383.jpg",
                        "title": "Ian Wilkinson"
                    },
                    {
                        "archive_url": "https://raw.githubusercontent.com/infrastructureclub/open-house-london-images/master/images/2026/13864/building_13864_1000044948_ae7ef5ba7b5ea0eb9db38ad86bb15dff.jpg",
                        "title": "Ian Wilkinson"
                    }
                ],
                "name": "Historic Monasteries of London",
                "new_venue_this_year": "Yes",
                "start": "18:00:00",
                "ticketed_events": "Yes",
                "url": "https://programme.openhouse.org.uk/listings/13864"
            },
            "type": "Feature"
        },
        {
            "geometry": {
                "coordinates": [
                    -0.12729,
                    51.49936
                ],
                "type": "Point"
            },
            "properties": {
                "balloted": "No",
                "description": "Come and enjoy a circular 2-hour walk around Westminster, Whitehall and St James’ and hear about the events of one of the most tumultuous periods in London’s history, spanning the years 1603 (the death of Elizabeth I and arrival of James I), through Civil War, Regicide, Cromwell’s Republic, the Restoration right through to 1714 and the end of the Stuart Dynasty.",
                "end": "13:00:00",
                "fully_booked": "Yes",
                "images": [
                    {
                        "archive_url": "https://raw.githubusercontent.com/infrastructureclub/open-house-london-images/master/images/2026/13865/building_13865_img_4190_3e0f699305f7dede4f4e7a86be5a69f3.png",
                        "title": "Photo of Walk through the Stuart Dynasty and Cromwell’s Republic"
                    },
                    {
                        "archive_url": "https://raw.githubusercontent.com/infrastructureclub/open-house-london-images/master/images/2026/13865/building_13865_img_2485_b5ce2c35a3a9903ed3d90926226116c7.jpeg",
                        "title": "Photo of Walk through the Stuart Dynasty and Cromwell’s Republic"
                    }
                ],
                "name": "Walk through the Stuart Dynasty and Cromwell’s Republic",
                "new_venue_this_year": "Yes",
                "start": "11:00:00",
                "ticketed_events": "Yes",
                "url": "https://programme.openhouse.org.uk/listings/13865"
            },
            "type": "Feature"
        },
        {
            "geometry": {
                "coordinates": [
                    -0.13776,
                    51.51702
                ],
                "type": "Point"
            },
            "properties": {
                "balloted": "No",
                "description": "We are a friendly artist run gallery in Wells Street offering affordable, handmade fine art prints with a broad range of subjects created using many different printmaking techniques.\r\nWe aim to encourage people who have never encountered art before to experience printmaking through our regular workshops.",
                "end": "17:00:00",
                "fully_booked": "No",
                "images": [
                    {
                        "archive_url": "https://raw.githubusercontent.com/infrastructureclub/open-house-london-images/master/images/2026/13875/building_13875_sbpm-73-wells-street-window_73122bd29be402382a7a2388df889a8e.jpg",
                        "title": "Photo of Southbank Printmakers"
                    },
                    {
                        "archive_url": "https://raw.githubusercontent.com/infrastructureclub/open-house-london-images/master/images/2026/13875/building_13875_martin-printing-at-sbpm_185bb19037ad91431a4ff3780a5ed99e.jpg",
                        "title": "Photo of Southbank Printmakers"
                    }
                ],
                "name": "Southbank Printmakers",
                "new_venue_this_year": "Yes",
                "start": "12:00:00",
                "ticketed_events": "Yes",
                "url": "https://programme.openhouse.org.uk/listings/13875"
            },
            "type": "Feature"
        },
        {
            "geometry": {
                "coordinates": [
                    -0.13004,
                    51.51628
                ],
                "type": "Point"
            },
            "properties": {
                "balloted": "No",
                "description": "Hear about the history of Soho on a walk around some of the sites associated with colourful characters of yesteryear. From Soho's beginnings as a fashionable suburb in the seventeenth century up to the 1950s, I regale you with delicious snippets of history. We end the tour with the option of refreshments at the birthplace of British RocknRoll.",
                "end": "13:00:00",
                "fully_booked": "Yes",
                "images": [
                    {
                        "archive_url": "https://raw.githubusercontent.com/infrastructureclub/open-house-london-images/master/images/2026/13881/building_13881_london-birthplace-of-espresso-cafe-culture_79af76ea7ce009d987b21cf46e6f78ee.jpg",
                        "title": "Susan Springall"
                    },
                    {
                        "archive_url": "https://raw.githubusercontent.com/infrastructureclub/open-house-london-images/master/images/2026/13881/building_13881_40s-couple_b200da3fc0d764a7adee48738e976607.jpg",
                        "title": "Photo of Refugees, Radicals and Revellers in Soho"
                    },
                    {
                        "archive_url": "https://raw.githubusercontent.com/infrastructureclub/open-house-london-images/master/images/2026/13881/building_13881_neon-2i-s_40340eec053ef3fbd4d12457c7534d02.jpg",
                        "title": "Susan Springall"
                    }
                ],
                "name": "Refugees, Radicals and Revellers in Soho",
                "new_venue_this_year": "Yes",
                "start": "11:30:00",
                "ticketed_events": "Yes",
                "url": "https://programme.openhouse.org.uk/listings/13881"
            },
            "type": "Feature"
        },
        {
            "geometry": {
                "coordinates": [
                    -0.03132,
                    51.47699
                ],
                "type": "Point"
            },
            "properties": {
                "balloted": "No",
                "description": "Now in its seventeenth year, Sedici consists of artists from many countries who are now based across England. Working across eclectic mediums and subject matter, this diverse body of artists shares an independent and contemporary purpose highlighting the ongoing strength of Art being made today. \r\n\r\nThe gallery itself is a reimagined, mid-century school gymnasium with original details",
                "end": "20:00:00",
                "fully_booked": "No",
                "images": [
                    {
                        "archive_url": "https://raw.githubusercontent.com/infrastructureclub/open-house-london-images/master/images/2026/13882/building_13882_7b5be741-7cbd-4433-8521-748127410d27_ba4b11ea9ae4d498604ebf9828271cd9.jpg",
                        "title": "Luke Merryweather"
                    },
                    {
                        "archive_url": "https://raw.githubusercontent.com/infrastructureclub/open-house-london-images/master/images/2026/13882/building_13882_img_5282_d1d2f44629535eb3af96789461d5412e.jpg",
                        "title": "Luke Merryweather"
                    }
                ],
                "name": "The Annual Sedici Post Grad Group Exhibition",
                "new_venue_this_year": "Yes",
                "start": "11:00:00",
                "ticketed_events": "Yes",
                "url": "https://programme.openhouse.org.uk/listings/13882"
            },
            "type": "Feature"
        },
        {
            "geometry": {
                "coordinates": [
                    -0.10031,
                    51.45032
                ],
                "type": "Point"
            },
            "properties": {
                "balloted": "No",
                "description": "Ongéan Ecosystem : \r\nArt Studios, Gallery, Performance Space, Edible Garden & Kitchen. All built and designed with 99% Reclaimed Materials by artist Adam Ge-Saelis.",
                "end": "21:00:00",
                "fully_booked": "",
                "images": [
                    {
                        "archive_url": "https://raw.githubusercontent.com/infrastructureclub/open-house-london-images/master/images/2026/13883/building_13883_img_0955_a4b1cc4fa0bf2cfa67595a38074262c6.jpeg",
                        "title": "Ongéan"
                    },
                    {
                        "archive_url": "https://raw.githubusercontent.com/infrastructureclub/open-house-london-images/master/images/2026/13883/building_13883_img_0958_ea1f11bffe50d35e987b80917e0e7dab.jpeg",
                        "title": "Ongéan"
                    },
                    {
                        "archive_url": "https://raw.githubusercontent.com/infrastructureclub/open-house-london-images/master/images/2026/13883/building_13883_img_0852_545b3a0e1aba532beea6944b5c23913a.jpeg",
                        "title": "Ongéan"
                    }
                ],
                "name": "Ongéan",
                "new_venue_this_year": "Yes",
                "start": "18:00:00",
                "ticketed_events": "No",
                "url": "https://programme.openhouse.org.uk/listings/13883"
            },
            "type": "Feature"
        },
        {
            "geometry": {
                "coordinates": [
                    -0.00162,
                    51.44235
                ],
                "type": "Point"
            },
            "properties": {
                "balloted": "No",
                "description": "Visit the Grade II listed Corbett Community Library building. This beautifully preserved Edwardian building is rich in architectural character and heritage, featuring , an impressive dome, ornate door handles, some stained glass and a historic brass plaque. Discover the history and craftsmanship of this remarkable community landmark during your visit.",
                "end": "17:30:00",
                "fully_booked": "",
                "images": [
                    {
                        "archive_url": "https://raw.githubusercontent.com/infrastructureclub/open-house-london-images/master/images/2026/13888/building_13888_event-day-2025_fba3f21ff59184552d302152259a92f6.jpg",
                        "title": "Rachel Braithwaite"
                    },
                    {
                        "archive_url": "https://raw.githubusercontent.com/infrastructureclub/open-house-london-images/master/images/2026/13888/building_13888_blue-skies_9ef2c0d6329548fb242ca70bef159eeb.jpg",
                        "title": "Rachel Braithwaite"
                    },
                    {
                        "archive_url": "https://raw.githubusercontent.com/infrastructureclub/open-house-london-images/master/images/2026/13888/building_13888_dome_10e45a4bb4d6ac4f1593d194c410746d.jpg",
                        "title": "Rachel Braithwaite"
                    }
                ],
                "name": "Corbett Community Library",
                "new_venue_this_year": "Yes",
                "start": "09:00:00",
                "ticketed_events": "No",
                "url": "https://programme.openhouse.org.uk/listings/13888"
            },
            "type": "Feature"
        },
        {
            "geometry": {
                "coordinates": [
                    -0.13307,
                    51.51381
                ],
                "type": "Point"
            },
            "properties": {
                "balloted": "No",
                "description": "A special exhibition exploring the people and places that shaped the area during the Second World War. Tracing famous figures who made Soho their home, and the ordinary everyday heroes who kept the area functioning and our spirits up!",
                "end": "17:00:00",
                "fully_booked": "",
                "images": [
                    {
                        "archive_url": "https://raw.githubusercontent.com/infrastructureclub/open-house-london-images/master/images/2026/13889/building_13889_west-end-at-war-final_12de51949b69585fd826cc96e41d83f2.jpg",
                        "title": "Museum of Soho"
                    },
                    {
                        "archive_url": "https://raw.githubusercontent.com/infrastructureclub/open-house-london-images/master/images/2026/13889/building_13889_img_20260818_134031_00b07eb36a274ab4710cab923e63e60c.png",
                        "title": "Museum of Soho"
                    }
                ],
                "name": "The West End At War",
                "new_venue_this_year": "Yes",
                "start": "12:00:00",
                "ticketed_events": "No",
                "url": "https://programme.openhouse.org.uk/listings/13889"
            },
            "type": "Feature"
        },
        {
            "geometry": {
                "coordinates": [
                    -0.14556,
                    51.48659
                ],
                "type": "Point"
            },
            "properties": {
                "balloted": "No",
                "description": "There's a Story in All of Us is ETAT's annual exhibition celebrating the creativity, voices and lived experiences of people at our charity. Discover artworks inspired by memory, identity and storytelling, plus the premiere of our silent film, a comedy about a grand art heist set in Pimlico. See how we use our community hall to foster creativity, connection and belonging. Thursday 17 Sept, 12–8pm",
                "end": "20:00:00",
                "fully_booked": "",
                "images": [
                    {
                        "archive_url": "https://raw.githubusercontent.com/infrastructureclub/open-house-london-images/master/images/2026/13893/building_13893_everyday-at-etat_f202aefcfd23db85208ead6b31fcfeba.png",
                        "title": "Photo of ETAT Annual Art Exhibition, Thamesbank Community Centre"
                    },
                    {
                        "archive_url": "https://raw.githubusercontent.com/infrastructureclub/open-house-london-images/master/images/2026/13893/building_13893_screenshot-2026-07-20-at-16-14-30_fb1c7e59ba3deb033b9e44c583de7ab0.jpeg",
                        "title": "Photo of ETAT Annual Art Exhibition, Thamesbank Community Centre"
                    }
                ],
                "name": "ETAT Annual Art Exhibition, Thamesbank Community Centre",
                "new_venue_this_year": "Yes",
                "start": "12:00:00",
                "ticketed_events": "No",
                "url": "https://programme.openhouse.org.uk/listings/13893"
            },
            "type": "Feature"
        },
        {
            "geometry": {
                "coordinates": [
                    -0.12805,
                    51.51024
                ],
                "type": "Point"
            },
            "properties": {
                "balloted": "No",
                "description": "The building has had many incarnations since its construction in the 1890s as a woolen warehouse.   It became a home to the Italian Benevolent Society, then a fascist club, a serviceman's club, and now a library with the largest publicly accessible collection of Chinese language books in the UK.",
                "end": "17:00:00",
                "fully_booked": "No",
                "images": [
                    {
                        "archive_url": "https://raw.githubusercontent.com/infrastructureclub/open-house-london-images/master/images/2026/13932/building_13932_cclibrary_aac4f61617dd886ae466832eb31b42b7.jpg",
                        "title": "Westminster City Council"
                    }
                ],
                "name": "Charing Cross Library",
                "new_venue_this_year": "Yes",
                "start": "11:00:00",
                "ticketed_events": "Yes",
                "url": "https://programme.openhouse.org.uk/listings/13932"
            },
            "type": "Feature"
        }
    ],
    "type": "FeatureCollection"
}