{
    "features": [
        {
            "geometry": {
                "coordinates": [
                    -0.12596,
                    51.51601
                ],
                "type": "Point"
            },
            "properties": {
                "balloted": "No",
                "description": "Built in a Renaissance style with high level Diocletian windows and a prominent grand cupola. In 2016 a new Fly Tower opened followed by remodelling of the auditorium in 2018 and the creation of a new basement space opened in 2022.",
                "end": "11:15:00",
                "fully_booked": "No",
                "images": [
                    {
                        "archive_url": "https://raw.githubusercontent.com/infrastructureclub/open-house-london-images/master/images/2026/152/building_152_1219_1023_c28b3190a40fb144c66729d53888295f.jpg",
                        "title": "Peter Cook"
                    },
                    {
                        "archive_url": "https://raw.githubusercontent.com/infrastructureclub/open-house-london-images/master/images/2026/152/building_152_nr-22-10-24-038_f6793b1b0c64621e2a59e7ba13206ba8.jpg",
                        "title": "Photo of Shaftesbury Theatre"
                    },
                    {
                        "archive_url": "https://raw.githubusercontent.com/infrastructureclub/open-house-london-images/master/images/2026/152/building_152_nr-22-07-27-378_09845aff7f567fd70fb33b0cbc129ea6.jpg",
                        "title": "Photo of Shaftesbury Theatre"
                    },
                    {
                        "archive_url": "https://raw.githubusercontent.com/infrastructureclub/open-house-london-images/master/images/2026/152/building_152_2023-07-24-1801-mickey-lf-lee-mx307108-mediumres_45a5a5e979fdc35e2d128722d5db57c7.jpg",
                        "title": "Photo of Shaftesbury Theatre"
                    },
                    {
                        "archive_url": "https://raw.githubusercontent.com/infrastructureclub/open-house-london-images/master/images/2026/152/building_152_2023-07-24-1532-mickey-lf-lee-mx504462-mediumres_eed1d00b85bababfe2e1ae13650875e4.jpg",
                        "title": "Photo of Shaftesbury Theatre"
                    }
                ],
                "name": "Shaftesbury Theatre",
                "new_venue_this_year": "No",
                "start": "09:00:00",
                "ticketed_events": "Yes",
                "url": "https://programme.openhouse.org.uk/listings/152"
            },
            "type": "Feature"
        },
        {
            "geometry": {
                "coordinates": [
                    -0.00617,
                    51.48106
                ],
                "type": "Point"
            },
            "properties": {
                "balloted": "No",
                "description": "Beautiful mausoleum in former Royal Navy cemetery, restored 1999 by the University of Greenwich. Many interesting plaques and gravestones.",
                "end": "16:00:00",
                "fully_booked": "",
                "images": [
                    {
                        "archive_url": "https://raw.githubusercontent.com/infrastructureclub/open-house-london-images/master/images/2026/249/building_249_devonport-mausoleum-2_866610793cdd77bfaf8426f0c40e3fc8.jpg",
                        "title": "Photo of Devonport Mausoleum"
                    }
                ],
                "name": "Devonport Mausoleum",
                "new_venue_this_year": "No",
                "start": "10:30:00",
                "ticketed_events": "No",
                "url": "https://programme.openhouse.org.uk/listings/249"
            },
            "type": "Feature"
        },
        {
            "geometry": {
                "coordinates": [
                    -0.2630588,
                    51.4333564
                ],
                "type": "Point"
            },
            "properties": {
                "balloted": "No",
                "description": "Dorich House is the former studio home of the sculptor Dora Gordine and her husband the Hon. Richard Hare, a scholar of Russian art and literature. Now Grade II listed, the building was completed in 1936, to Gordine’s design, and is an exceptional example of a modern studio house by a woman artist.",
                "end": "17:00:00",
                "fully_booked": "",
                "images": [
                    {
                        "archive_url": "https://raw.githubusercontent.com/infrastructureclub/open-house-london-images/master/images/2026/271/building_271_exterior-2016-dhm-photo-ellie-laycock-13_404776caae0dde037051be41a78570d8.jpg",
                        "title": "Dorich House Museum"
                    },
                    {
                        "archive_url": "https://raw.githubusercontent.com/infrastructureclub/open-house-london-images/master/images/2026/271/building_271_modelling-studio-dorich-house-museum-photo-ellie-laycock-1_f2ae305ca32b19e19d5e5f313ee9eb7b.jpg",
                        "title": "Dorich House Museum"
                    },
                    {
                        "archive_url": "https://raw.githubusercontent.com/infrastructureclub/open-house-london-images/master/images/2026/271/building_271_gallery-3-dhm-photo-ellie-laycock_c9da49b72aa4787dd64baedddf091a21.jpg",
                        "title": "Dorich House Museum"
                    },
                    {
                        "archive_url": "https://raw.githubusercontent.com/infrastructureclub/open-house-london-images/master/images/2026/271/building_271_tempimagejsw0db_e2630e41404a0d402c919faf9231ec33.jpeg",
                        "title": "Dorich House Museum"
                    }
                ],
                "name": "Dorich House Museum",
                "new_venue_this_year": "No",
                "start": "11:00:00",
                "ticketed_events": "No",
                "url": "https://programme.openhouse.org.uk/listings/271"
            },
            "type": "Feature"
        },
        {
            "geometry": {
                "coordinates": [
                    -0.1081791,
                    51.5150637
                ],
                "type": "Point"
            },
            "properties": {
                "balloted": "No",
                "description": "Fine example of an early 5-floor Queen Anne town house with original panelling, open staircase and unique 'swinging panels' on the open-plan first floor. Johnson compiled his famous 'Dictionary of the English Language' (1755)  here.",
                "end": "17:00:00",
                "fully_booked": "",
                "images": [
                    {
                        "archive_url": "https://raw.githubusercontent.com/infrastructureclub/open-house-london-images/master/images/2026/275/building_275_djh-ext-4-jpg_6a7b451e39e8c0df2b352acda4ee5c41.jpg",
                        "title": "Dr Johnson's House Trust"
                    },
                    {
                        "archive_url": "https://raw.githubusercontent.com/infrastructureclub/open-house-london-images/master/images/2026/275/building_275_first-floor-1-jpg_8f80a08889803174cf6f43f23ce644e4.jpg",
                        "title": "Dr Johnson's House Trust"
                    },
                    {
                        "archive_url": "https://raw.githubusercontent.com/infrastructureclub/open-house-london-images/master/images/2026/275/building_275_garret-stairs_f5c6937034da57f7e206514108c99139.jpg",
                        "title": "Dr Johnson's House Trust"
                    },
                    {
                        "archive_url": "https://raw.githubusercontent.com/infrastructureclub/open-house-london-images/master/images/2026/275/building_275_2011-garret-10_e9852059b2f2c6ea91d73580012bdf50.jpg",
                        "title": "Dr Johnson's House Trust"
                    },
                    {
                        "archive_url": "https://raw.githubusercontent.com/infrastructureclub/open-house-london-images/master/images/2026/275/building_275_library-11_825d271197f1a7cce65020bc4395e9ce.jpg",
                        "title": "Dr Johnson's House Trust"
                    },
                    {
                        "archive_url": "https://raw.githubusercontent.com/infrastructureclub/open-house-london-images/master/images/2026/275/building_275_parlour-1-jpg_7fc5b1feebac83b753966fffe2976aa0.jpg",
                        "title": "Dr Johnson's House Trust"
                    }
                ],
                "name": "Dr Johnson's House",
                "new_venue_this_year": "No",
                "start": "10:00:00",
                "ticketed_events": "No",
                "url": "https://programme.openhouse.org.uk/listings/275"
            },
            "type": "Feature"
        },
        {
            "geometry": {
                "coordinates": [
                    -0.0622921,
                    51.6251909
                ],
                "type": "Point"
            },
            "properties": {
                "balloted": "No",
                "description": "The former Charity School was constructed in 1793, by Obadiah Legrew, who also purchased the adjoining no.24 Church Street, part of the surviving earlier 18th century range, to create a small cottage for the School Mistress.",
                "end": "17:00:00",
                "fully_booked": "",
                "images": [
                    {
                        "archive_url": "https://raw.githubusercontent.com/infrastructureclub/open-house-london-images/master/images/2026/415/building_415_8a-view-along-church-street-edmonton_f5c16f027201780c30a76c64ab74b931.jpeg",
                        "title": "The Enfield Society"
                    },
                    {
                        "archive_url": "https://raw.githubusercontent.com/infrastructureclub/open-house-london-images/master/images/2026/415/building_415_charity-school-2_c2ad9a4570d3430c5a54bc9a02739bd3.jpg",
                        "title": "The Enfield Society"
                    }
                ],
                "name": "Former Edmonton Girls' Charity School",
                "new_venue_this_year": "No",
                "start": "11:00:00",
                "ticketed_events": "No",
                "url": "https://programme.openhouse.org.uk/listings/415"
            },
            "type": "Feature"
        },
        {
            "geometry": {
                "coordinates": [
                    -0.168501,
                    51.48025
                ],
                "type": "Point"
            },
            "properties": {
                "balloted": "No",
                "description": "We're excited to open up our London campus. Foster + Partners is a global studio for sustainable architecture, urbanism, engineering and design, founded by Norman Foster in 1967. Hosted across several buildings, the public can explore the studio, take part in interactive exhibitions and workshops, and gain an insight into the wide range of disciplines and projects across the globe.",
                "end": "15:30:00",
                "fully_booked": "",
                "images": [
                    {
                        "archive_url": "https://raw.githubusercontent.com/infrastructureclub/open-house-london-images/master/images/2026/422/building_422_0361_fp672815_indesign_8c96c03b1a87c61dc81ba3afd2a8505b.jpg",
                        "title": "Photo of Foster + Partners"
                    },
                    {
                        "archive_url": "https://raw.githubusercontent.com/infrastructureclub/open-house-london-images/master/images/2026/422/building_422_0361_fp132563_indesign_33952a67bdccede2f7f9ca39c80de84d.jpg",
                        "title": "Photo of Foster + Partners"
                    },
                    {
                        "archive_url": "https://raw.githubusercontent.com/infrastructureclub/open-house-london-images/master/images/2026/422/building_422_0361_fp636207_indesign_2262210ee4a45833f87aa6e615be1863.jpg",
                        "title": "Photo of Foster + Partners"
                    },
                    {
                        "archive_url": "https://raw.githubusercontent.com/infrastructureclub/open-house-london-images/master/images/2026/422/building_422_0361_1_fp855607_4da06a3ce4d1cb80a4b49bdbd658078d.jpg",
                        "title": "Photo of Foster + Partners"
                    }
                ],
                "name": "Foster + Partners",
                "new_venue_this_year": "No",
                "start": "10:00:00",
                "ticketed_events": "No",
                "url": "https://programme.openhouse.org.uk/listings/422"
            },
            "type": "Feature"
        },
        {
            "geometry": {
                "coordinates": [
                    -0.13223,
                    51.52657
                ],
                "type": "Point"
            },
            "properties": {
                "balloted": "No",
                "description": "The Grade II listed home of Quakers in Britain, Friends House won an RIBA bronze medal in 1927. The building houses the central offices of Quakers in Britain as well as their library and archive, event spaces, a café, bookshop, worship space, courtyard, and garden. Friends House serves as a hub for an array of events, meetings, conferences, and gatherings for organisations and individuals.",
                "end": "13:10:00",
                "fully_booked": "Yes",
                "images": [
                    {
                        "archive_url": "https://raw.githubusercontent.com/infrastructureclub/open-house-london-images/master/images/2026/443/building_443_log04361_9e2ad3f6a19b3398fe876a0d9238aa7c.jpg",
                        "title": "Photo of Friends House"
                    },
                    {
                        "archive_url": "https://raw.githubusercontent.com/infrastructureclub/open-house-london-images/master/images/2026/443/building_443_pxl_20250528_133043441-mp_6b4f98ffc53c3714a847cffde5d43bcc.jpg",
                        "title": "Photo of Friends House"
                    },
                    {
                        "archive_url": "https://raw.githubusercontent.com/infrastructureclub/open-house-london-images/master/images/2026/443/building_443_the-light-10_5ab6e725c06d028e1dd8131b8ede6fb5.jpg",
                        "title": "Photo of Friends House"
                    },
                    {
                        "archive_url": "https://raw.githubusercontent.com/infrastructureclub/open-house-london-images/master/images/2026/443/building_443_courtyard_af2ca677b2e66a5315ed784e20cab650.jpg",
                        "title": "Photo of Friends House"
                    }
                ],
                "name": "Friends House",
                "new_venue_this_year": "No",
                "start": "10:30:00",
                "ticketed_events": "Yes",
                "url": "https://programme.openhouse.org.uk/listings/443"
            },
            "type": "Feature"
        },
        {
            "geometry": {
                "coordinates": [
                    -0.11566,
                    51.58736
                ],
                "type": "Point"
            },
            "properties": {
                "balloted": "No",
                "description": "Grade II* listed tower with restored chapel remaining from Medieval parish church. Tour includes crypt, ringing chamber & main roof with excellent extensive views in all directions. Organised by Friends of Hornsey Church Tower.",
                "end": "17:00:00",
                "fully_booked": "",
                "images": [
                    {
                        "archive_url": "https://raw.githubusercontent.com/infrastructureclub/open-house-london-images/master/images/2026/662/building_662_1_east-elevation_ps_8139f357684fd6f829c6c8dfa51a2dc7.jpg",
                        "title": "Peter Sanders"
                    },
                    {
                        "archive_url": "https://raw.githubusercontent.com/infrastructureclub/open-house-london-images/master/images/2026/662/building_662_2_east-north-elevations_aj_c8802f7485f8c5bfa82b03d3136d4763.jpg",
                        "title": "Ann Jones"
                    },
                    {
                        "archive_url": "https://raw.githubusercontent.com/infrastructureclub/open-house-london-images/master/images/2026/662/building_662_3_north-face-of-tower_fc_b83ed273f0baf89472ceb9c421b81620.jpg",
                        "title": "Frances Colquhoun"
                    },
                    {
                        "archive_url": "https://raw.githubusercontent.com/infrastructureclub/open-house-london-images/master/images/2026/662/building_662_4_west-face-of-tower_fc_71d19a4fd2b27b838588f005f90a51c5.jpg",
                        "title": "Frances Colquhoun"
                    },
                    {
                        "archive_url": "https://raw.githubusercontent.com/infrastructureclub/open-house-london-images/master/images/2026/662/building_662_5_chapel-entrance_fc_f5f05dd1a5e60e1edda32c5542a030ba.jpg",
                        "title": "Frances Colquhoun"
                    },
                    {
                        "archive_url": "https://raw.githubusercontent.com/infrastructureclub/open-house-london-images/master/images/2026/662/building_662_6_part-of-the-churchyard_ps_006d6cabff340f8a82b6cd1238399f72.jpg",
                        "title": "Peter Sanders"
                    },
                    {
                        "archive_url": "https://raw.githubusercontent.com/infrastructureclub/open-house-london-images/master/images/2026/662/building_662_7_the-west-window_ps_1548564bd008f951f0ee2a0527111f9e.jpg",
                        "title": "Peter Sanders"
                    },
                    {
                        "archive_url": "https://raw.githubusercontent.com/infrastructureclub/open-house-london-images/master/images/2026/662/building_662_8_the-chapel-ceiling_ps_da76e48e26bc0963f24b53a620a9a1e9.jpg",
                        "title": "Peter Sanders"
                    },
                    {
                        "archive_url": "https://raw.githubusercontent.com/infrastructureclub/open-house-london-images/master/images/2026/662/building_662_10_tomb-stones-in-the-crypt_ps_0204eea68fbbba8c1be4ae7227deaed5.jpg",
                        "title": "Peter Sanders"
                    },
                    {
                        "archive_url": "https://raw.githubusercontent.com/infrastructureclub/open-house-london-images/master/images/2026/662/building_662_9_medieval-fireplace_ps_6d239c49bae78174cb8cf5bb8352f732.jpg",
                        "title": "Peter Sanders"
                    },
                    {
                        "archive_url": "https://raw.githubusercontent.com/infrastructureclub/open-house-london-images/master/images/2026/662/building_662_11_the-bell-ringing-chamber_rs_6cd9005a8db6fdd37a5b1d298c141720.jpg",
                        "title": "Rebecca Sheldon"
                    },
                    {
                        "archive_url": "https://raw.githubusercontent.com/infrastructureclub/open-house-london-images/master/images/2026/662/building_662_an-event-in-the-intimate-spacejpg_43816d4d957c0c7cc907715f44cbe7f3.jpg",
                        "title": "Friends of Hornsey Church Tower"
                    }
                ],
                "name": "Tower and Churchyard of St Mary's Hornsey",
                "new_venue_this_year": "No",
                "start": "14:00:00",
                "ticketed_events": "No",
                "url": "https://programme.openhouse.org.uk/listings/662"
            },
            "type": "Feature"
        },
        {
            "geometry": {
                "coordinates": [
                    -0.1771684,
                    51.4946504
                ],
                "type": "Point"
            },
            "properties": {
                "balloted": "No",
                "description": "1939 ArtDeco Grade II listed building refurbished in 1950, then restructured and modernised in 2014. Did you know that the Institut was founded in 1910 by a woman, Marie d’Orliac? Or that it welcomed Charles de Gaulle and the Free French Forces during WWII? Learn all about the Institut’s fascinating history and gorgeous ArtDeco architecture including its Grade II listed reading room.",
                "end": "17:45:00",
                "fully_booked": "Yes",
                "images": [
                    {
                        "archive_url": "https://raw.githubusercontent.com/infrastructureclub/open-house-london-images/master/images/2026/708/building_708_facade-17queensberry_c09cf4373f9acdb5458707e38f3513f1.jpg",
                        "title": "Photo of Institut français du Royaume-Uni"
                    },
                    {
                        "archive_url": "https://raw.githubusercontent.com/infrastructureclub/open-house-london-images/master/images/2026/708/building_708__mb00843_2af3c52a6e92ac5a7501dea6e73d1dbf.jpg",
                        "title": "Photo of Institut français du Royaume-Uni"
                    },
                    {
                        "archive_url": "https://raw.githubusercontent.com/infrastructureclub/open-house-london-images/master/images/2026/708/building_708_readingroom3_6e214d820b3d13e48a585ab73b070140.png",
                        "title": "Photo of Institut français du Royaume-Uni"
                    }
                ],
                "name": "Institut français du Royaume-Uni",
                "new_venue_this_year": "No",
                "start": "14:00:00",
                "ticketed_events": "Yes",
                "url": "https://programme.openhouse.org.uk/listings/708"
            },
            "type": "Feature"
        },
        {
            "geometry": {
                "coordinates": [
                    -0.30046,
                    51.40953
                ],
                "type": "Point"
            },
            "properties": {
                "balloted": "No",
                "description": "Adjoining Grade II listed Carnegie-funded library, museum and art gallery. Museum holdings range from ceramics to topographical drawings, including the collection left by Eadweard Muybridge, a native of Kingston and photographic pioneer.",
                "end": "17:00:00",
                "fully_booked": "",
                "images": [
                    {
                        "archive_url": "https://raw.githubusercontent.com/infrastructureclub/open-house-london-images/master/images/2026/781/building_781_kingston-museum2-nap-logo_6b9b6e0c651bd9f85748e4aa501eb262.jpg",
                        "title": "Kingston Library, Museum and Art Gallery"
                    }
                ],
                "name": "Kingston Library, Museum and Art Gallery",
                "new_venue_this_year": "No",
                "start": "10:00:00",
                "ticketed_events": "No",
                "url": "https://programme.openhouse.org.uk/listings/781"
            },
            "type": "Feature"
        },
        {
            "geometry": {
                "coordinates": [
                    -0.1675998,
                    51.5713284
                ],
                "type": "Point"
            },
            "properties": {
                "balloted": "No",
                "description": "A striking Neoclassical villa in tranquil gardens on Hampstead Heath, Kenwood boasts breath-taking interiors by Robert Adam and a world-class art collection.",
                "end": "15:00:00",
                "fully_booked": "No",
                "images": [
                    {
                        "archive_url": "https://raw.githubusercontent.com/infrastructureclub/open-house-london-images/master/images/2026/835/building_835_n070265_fdcf18b39bb6449a5959904020dc8bd6.jpg",
                        "title": "© Historic England Photo Library"
                    },
                    {
                        "archive_url": "https://raw.githubusercontent.com/infrastructureclub/open-house-london-images/master/images/2026/835/building_835_eh23404_33108a011191a7c667b45ffbdde0631a.jpg",
                        "title": "English Heritage Trust"
                    },
                    {
                        "archive_url": "https://raw.githubusercontent.com/infrastructureclub/open-house-london-images/master/images/2026/835/building_835_eh11705_16bb529ec7e2e204c0df7203d49ac552.jpg",
                        "title": "English Heritage Trust"
                    },
                    {
                        "archive_url": "https://raw.githubusercontent.com/infrastructureclub/open-house-london-images/master/images/2026/835/building_835_eh6660_d8b7860b7599685340dfc08bf3229afc.jpg",
                        "title": "English Heritage Trust"
                    },
                    {
                        "archive_url": "https://raw.githubusercontent.com/infrastructureclub/open-house-london-images/master/images/2026/835/building_835_music-room_web_54956b64555d813ac691ee2036dcf676.jpg",
                        "title": "Photograph by Henry Boston-Crayfourd"
                    },
                    {
                        "archive_url": "https://raw.githubusercontent.com/infrastructureclub/open-house-london-images/master/images/2026/835/building_835_eh6672_27e74e3aee04bcad889dcaac18d2e4dd.jpg",
                        "title": "English Heritage Trust"
                    },
                    {
                        "archive_url": "https://raw.githubusercontent.com/infrastructureclub/open-house-london-images/master/images/2026/835/building_835_eh11700_06405bb31831923f5e5d792e7d8a3d5c.jpg",
                        "title": "English Heritage Trust"
                    },
                    {
                        "archive_url": "https://raw.githubusercontent.com/infrastructureclub/open-house-london-images/master/images/2026/835/building_835_j910551_a25a5032071691c4fefec68cc68257e1.jpg",
                        "title": "Photo of Kenwood"
                    },
                    {
                        "archive_url": "https://raw.githubusercontent.com/infrastructureclub/open-house-london-images/master/images/2026/835/building_835_eh23374_4335ed6e7de2ff8f56abbfa8d6cea76e.jpg",
                        "title": "Photo of Kenwood"
                    },
                    {
                        "archive_url": "https://raw.githubusercontent.com/infrastructureclub/open-house-london-images/master/images/2026/835/building_835_eh51469_3b00013e5ed291bf6fbea1cb59de935b.jpg",
                        "title": "Photo of Kenwood"
                    },
                    {
                        "archive_url": "https://raw.githubusercontent.com/infrastructureclub/open-house-london-images/master/images/2026/835/building_835_eh28567_f3c273fd60cc2d5426250b074517eb12.jpg",
                        "title": "Photo of Kenwood"
                    },
                    {
                        "archive_url": "https://raw.githubusercontent.com/infrastructureclub/open-house-london-images/master/images/2026/835/building_835_eh72559_29963ca15d51c8eb3782a483a6b3c183.jpg",
                        "title": "Photo of Kenwood"
                    },
                    {
                        "archive_url": "https://raw.githubusercontent.com/infrastructureclub/open-house-london-images/master/images/2026/835/building_835_eh23406_4143c9892dfd0a6c79d8755c01ba3c25.jpg",
                        "title": "Photo of Kenwood"
                    }
                ],
                "name": "Kenwood",
                "new_venue_this_year": "No",
                "start": "11:00:00",
                "ticketed_events": "Yes",
                "url": "https://programme.openhouse.org.uk/listings/835"
            },
            "type": "Feature"
        },
        {
            "geometry": {
                "coordinates": [
                    -0.00606,
                    51.48257
                ],
                "type": "Point"
            },
            "properties": {
                "balloted": "No",
                "description": "Wren-designed building completed under the direction of Hawksmoor and Vanbrugh, 1698-1712. Original wood panelling, refurbished by Dannatt Johnson in 2001 for University of Greenwich.",
                "end": "15:00:00",
                "fully_booked": "",
                "images": [
                    {
                        "archive_url": "https://raw.githubusercontent.com/infrastructureclub/open-house-london-images/master/images/2026/846/building_846_king-william_0ea5b5d985d288e1daeeccb88b25efe0.jpg",
                        "title": "Photo of Old Royal Naval College - King William Court"
                    },
                    {
                        "archive_url": "https://raw.githubusercontent.com/infrastructureclub/open-house-london-images/master/images/2026/846/building_846_0v9a2363_034f2a5bbd696d8d6ae72e56504c36b4.jpeg",
                        "title": "Photo of Old Royal Naval College - King William Court"
                    }
                ],
                "name": "Old Royal Naval College - King William Court",
                "new_venue_this_year": "No",
                "start": "10:00:00",
                "ticketed_events": "No",
                "url": "https://programme.openhouse.org.uk/listings/846"
            },
            "type": "Feature"
        },
        {
            "geometry": {
                "coordinates": [
                    -0.11128,
                    51.51507
                ],
                "type": "Point"
            },
            "properties": {
                "balloted": "No",
                "description": "London's first fireproof building, built to house records of the Court of Chancery. Now renovated to house a fine university library.",
                "end": "17:00:00",
                "fully_booked": "",
                "images": [
                    {
                        "archive_url": "https://raw.githubusercontent.com/infrastructureclub/open-house-london-images/master/images/2026/847/building_847_maughan-library-1-2-red-flag-even-smaller_bfd3f3db325114b9bfe2b7682dbfd05d.jpg",
                        "title": "Paul Grundy"
                    }
                ],
                "name": "King's College London, The Maughan Library",
                "new_venue_this_year": "No",
                "start": "11:00:00",
                "ticketed_events": "No",
                "url": "https://programme.openhouse.org.uk/listings/847"
            },
            "type": "Feature"
        },
        {
            "geometry": {
                "coordinates": [
                    -0.12291,
                    51.51802
                ],
                "type": "Point"
            },
            "properties": {
                "balloted": "No",
                "description": "Grade II-listed Georgian domestic building c.1760, formerly part of the Bedford Estate. Interior refurbished 1925 to form lecture hall (restored 2014), library, bookshop and offices. Oak woodwork and green Doulton tiles line the staircase.",
                "end": "17:00:00",
                "fully_booked": "No",
                "images": [
                    {
                        "archive_url": "https://raw.githubusercontent.com/infrastructureclub/open-house-london-images/master/images/2026/889/building_889_swedenborg-hall_264a007f81a582f8f0af1fd74869529c.jpg",
                        "title": "Swedenborg Society"
                    },
                    {
                        "archive_url": "https://raw.githubusercontent.com/infrastructureclub/open-house-london-images/master/images/2026/889/building_889_david-wynter-room_548ffae9d7a67f97019eb7ce0b7b0ff1.jpg",
                        "title": "Swedenborg Society"
                    },
                    {
                        "archive_url": "https://raw.githubusercontent.com/infrastructureclub/open-house-london-images/master/images/2026/889/building_889_swedenborg-bust_dde974a91567e8107d7a632f566906c0.jpg",
                        "title": "Swedenborg Society"
                    },
                    {
                        "archive_url": "https://raw.githubusercontent.com/infrastructureclub/open-house-london-images/master/images/2026/889/building_889_swedenborg-stained-glass-x_91d98354279294f3b8fc629177cb8112.jpg",
                        "title": "Swedenborg Society"
                    }
                ],
                "name": "The Swedenborg Society",
                "new_venue_this_year": "No",
                "start": "10:00:00",
                "ticketed_events": "Yes",
                "url": "https://programme.openhouse.org.uk/listings/889"
            },
            "type": "Feature"
        },
        {
            "geometry": {
                "coordinates": [
                    -0.11453,
                    51.51598
                ],
                "type": "Point"
            },
            "properties": {
                "balloted": "No",
                "description": "Lincoln’s Inn is an Inn of Court and has been an association of barristers and judges for over 600 years. Usually closed to the public, the buildings within this tranquil 11-acre estate include Grade I and II listed gems (mediaeval, Victorian and Georgian architecture) with banqueting halls, a law library, a chapel, and a modern state-of-the-art teaching space.",
                "end": "15:30:00",
                "fully_booked": "",
                "images": [
                    {
                        "archive_url": "https://raw.githubusercontent.com/infrastructureclub/open-house-london-images/master/images/2026/928/building_928_lincoln-s-inn-004-unwatermarked-as-2000x1333px_757c06015e7d92c72485b638e5098660.jpg",
                        "title": "Photo of Lincoln's Inn"
                    },
                    {
                        "archive_url": "https://raw.githubusercontent.com/infrastructureclub/open-house-london-images/master/images/2026/928/building_928_lincoln-s-inn-library_2c897038bfa7fc67c18e56a939a53b1f.jpg",
                        "title": "Photo of Lincoln's Inn"
                    },
                    {
                        "archive_url": "https://raw.githubusercontent.com/infrastructureclub/open-house-london-images/master/images/2026/928/building_928_lincoln-s-inn-pt-2-023-as_c6152ddff96d03d61d5c9121403eb171.jpg",
                        "title": "Photo of Lincoln's Inn"
                    },
                    {
                        "archive_url": "https://raw.githubusercontent.com/infrastructureclub/open-house-london-images/master/images/2026/928/building_928_lincolns_inn_venue_hire_108-2000x1333px_7195aacbd1eb3e8ad521e31e361081a7.jpg",
                        "title": "Photo of Lincoln's Inn"
                    },
                    {
                        "archive_url": "https://raw.githubusercontent.com/infrastructureclub/open-house-london-images/master/images/2026/928/building_928_open-house-2023_09092023_19_e3b8eff19bed8b6a87f7e9a57c606087.jpeg",
                        "title": "Photo of Lincoln's Inn"
                    },
                    {
                        "archive_url": "https://raw.githubusercontent.com/infrastructureclub/open-house-london-images/master/images/2026/928/building_928_open-house-2023_09092023_93_f087a026d7f26a6e20707dcf630a6fa0.jpeg",
                        "title": "Photo of Lincoln's Inn"
                    },
                    {
                        "archive_url": "https://raw.githubusercontent.com/infrastructureclub/open-house-london-images/master/images/2026/928/building_928_open-house-2023_09092023_67_1d0c8afbfd995df85ba5ade567f94da5.jpeg",
                        "title": "Photo of Lincoln's Inn"
                    },
                    {
                        "archive_url": "https://raw.githubusercontent.com/infrastructureclub/open-house-london-images/master/images/2026/928/building_928_open_house_2024_004_bd983206310b738209fd27f8943b3a21.jpg",
                        "title": "Photo of Lincoln's Inn"
                    },
                    {
                        "archive_url": "https://raw.githubusercontent.com/infrastructureclub/open-house-london-images/master/images/2026/928/building_928_open_house_2024_001_04b8b39112c186069e7a60ea857c4e55.jpg",
                        "title": "Photo of Lincoln's Inn"
                    },
                    {
                        "archive_url": "https://raw.githubusercontent.com/infrastructureclub/open-house-london-images/master/images/2026/928/building_928_dscf4808_f0d89514969dfc191731a67f05bfa6c6.jpg",
                        "title": "Photo of Lincoln's Inn"
                    },
                    {
                        "archive_url": "https://raw.githubusercontent.com/infrastructureclub/open-house-london-images/master/images/2026/928/building_928_old-buildings-and-chapel-in-the-sun-by-helen_eb316de63a8659d920a6b8822017be9c.jpg",
                        "title": "Photo of Lincoln's Inn"
                    },
                    {
                        "archive_url": "https://raw.githubusercontent.com/infrastructureclub/open-house-london-images/master/images/2026/928/building_928_stone-buildings-11_6f394d53d740ebd3426a9769b2032b0f.jpg",
                        "title": "Photo of Lincoln's Inn"
                    },
                    {
                        "archive_url": "https://raw.githubusercontent.com/infrastructureclub/open-house-london-images/master/images/2026/928/building_928_library-exterior_ddff4ff3a6a932c397f8da26ca290298.jpg",
                        "title": "Photo of Lincoln's Inn"
                    },
                    {
                        "archive_url": "https://raw.githubusercontent.com/infrastructureclub/open-house-london-images/master/images/2026/928/building_928_main-image-for-open-house-web-listing-2026_b2caec984543975641afa4b100f04a98.png",
                        "title": "Photo of Lincoln's Inn"
                    }
                ],
                "name": "Lincoln's Inn",
                "new_venue_this_year": "No",
                "start": "10:00:00",
                "ticketed_events": "No",
                "url": "https://programme.openhouse.org.uk/listings/928"
            },
            "type": "Feature"
        },
        {
            "geometry": {
                "coordinates": [
                    -0.0900498,
                    51.5128676
                ],
                "type": "Point"
            },
            "properties": {
                "balloted": "No",
                "description": "The official residence of the Lord Mayor of the City of London, retaining its 18C character, with superb plasterwork and wood carving.\r\n\r\nPLEASE NOTE due to enhanced security measures ID will be required on the day for entry and security screening will be in place.",
                "end": "15:45:00",
                "fully_booked": "Yes",
                "images": [
                    {
                        "archive_url": "https://raw.githubusercontent.com/infrastructureclub/open-house-london-images/master/images/2026/1033/building_1033_mansion-house-1_0c85dd4cbb9c2c57cefdcb4bbec8eed7.jpg",
                        "title": "City of London"
                    },
                    {
                        "archive_url": "https://raw.githubusercontent.com/infrastructureclub/open-house-london-images/master/images/2026/1033/building_1033_masnion-hse1_0451ca93f28173823e91457530421a14.jpg",
                        "title": "City of London Corporation"
                    }
                ],
                "name": "Mansion House",
                "new_venue_this_year": "No",
                "start": "11:00:00",
                "ticketed_events": "Yes",
                "url": "https://programme.openhouse.org.uk/listings/1033"
            },
            "type": "Feature"
        },
        {
            "geometry": {
                "coordinates": [
                    -0.06145199999999999,
                    51.5818841
                ],
                "type": "Point"
            },
            "properties": {
                "balloted": "No",
                "description": "A masterpiece of Victorian engineering, Markfield Beam Engine provided a vital public health facility from 1855-1964.",
                "end": "16:00:00",
                "fully_booked": "",
                "images": [
                    {
                        "archive_url": "https://raw.githubusercontent.com/infrastructureclub/open-house-london-images/master/images/2026/1041/building_1041_img_20200626_184710_8c634c4b92391200f16cf94c55156618.jpg",
                        "title": "Emma Stell"
                    },
                    {
                        "archive_url": "https://raw.githubusercontent.com/infrastructureclub/open-house-london-images/master/images/2026/1041/building_1041_img_20200927_115257_35f45897341df32ee0fdbe44b8f51145.jpg",
                        "title": "Emma Stell"
                    },
                    {
                        "archive_url": "https://raw.githubusercontent.com/infrastructureclub/open-house-london-images/master/images/2026/1041/building_1041_img_20210627_132821_e58c9ee3617fade00adfacdabb9e30e3.jpg",
                        "title": "Emma Stell"
                    },
                    {
                        "archive_url": "https://raw.githubusercontent.com/infrastructureclub/open-house-london-images/master/images/2026/1041/building_1041_img_20210529_155141_a861a406bf33aac2d9991e55a4e8b0a4.jpg",
                        "title": "Emma Stell"
                    },
                    {
                        "archive_url": "https://raw.githubusercontent.com/infrastructureclub/open-house-london-images/master/images/2026/1041/building_1041_img_20210529_155058_a521dd19ce33348b953aeaff2d042f58.jpg",
                        "title": "Emma Stell"
                    },
                    {
                        "archive_url": "https://raw.githubusercontent.com/infrastructureclub/open-house-london-images/master/images/2026/1041/building_1041_img_20200830_111904_a00e7ef35065f65fc3e8b9ea25026d79.jpg",
                        "title": "Emma Stell"
                    }
                ],
                "name": "Markfield Beam Engine and House",
                "new_venue_this_year": "No",
                "start": "10:00:00",
                "ticketed_events": "No",
                "url": "https://programme.openhouse.org.uk/listings/1041"
            },
            "type": "Feature"
        },
        {
            "geometry": {
                "coordinates": [
                    -0.13803,
                    51.51364
                ],
                "type": "Point"
            },
            "properties": {
                "balloted": "No",
                "description": "The recently restored Grade II listed Marshall Street Baths were constructed in the Roman Renaissance style and feature elaborate brick and stonework, marble-lined halls and a stunning barrel vaulted roof.  Features a restoration of the marble-lined swimming pool which is an exemplar of 1930s architecture.",
                "end": "14:40:00",
                "fully_booked": "",
                "images": [
                    {
                        "archive_url": "https://raw.githubusercontent.com/infrastructureclub/open-house-london-images/master/images/2026/1047/building_1047_03-mslc-after-refurb-2010_5441dec0c0b98f72dca1fe188747b939.jpg",
                        "title": "Photo of Marshall Street Leisure Centre"
                    },
                    {
                        "archive_url": "https://raw.githubusercontent.com/infrastructureclub/open-house-london-images/master/images/2026/1047/building_1047_msb-dive-slide-002_665af25014708d0f1721049fa965bf1b.jpg",
                        "title": "Photo of Marshall Street Leisure Centre"
                    }
                ],
                "name": "Marshall Street Leisure Centre",
                "new_venue_this_year": "No",
                "start": "12:00:00",
                "ticketed_events": "No",
                "url": "https://programme.openhouse.org.uk/listings/1047"
            },
            "type": "Feature"
        },
        {
            "geometry": {
                "coordinates": [
                    -0.21046,
                    51.42819
                ],
                "type": "Point"
            },
            "properties": {
                "balloted": "No",
                "description": "Garden Hall has an uncompromisingly modern design using materials which echo the knapped flint and limestone of the Church. Incorporates a 'light-bar' of translucent glazing. RIBA Award Winner 2005.",
                "end": "14:00:00",
                "fully_booked": "",
                "images": [
                    {
                        "archive_url": "https://raw.githubusercontent.com/infrastructureclub/open-house-london-images/master/images/2026/1230/building_1230_oh-2026-gh-from-arthur_e871cca8d35feb7ba51a8c8ad61bd279.jpg",
                        "title": "Photo of St Mary's Wimbledon Garden Hall"
                    },
                    {
                        "archive_url": "https://raw.githubusercontent.com/infrastructureclub/open-house-london-images/master/images/2026/1230/building_1230_oh-2026-gh-and-spire_4a3c7357ddb0cdfafe0f19f3073021e4.jpg",
                        "title": "Photo of St Mary's Wimbledon Garden Hall"
                    },
                    {
                        "archive_url": "https://raw.githubusercontent.com/infrastructureclub/open-house-london-images/master/images/2026/1230/building_1230_oh-2026-gh-entrance_9f0429f5c501bfbcafc0221ee541f231.jpg",
                        "title": "Photo of St Mary's Wimbledon Garden Hall"
                    },
                    {
                        "archive_url": "https://raw.githubusercontent.com/infrastructureclub/open-house-london-images/master/images/2026/1230/building_1230_oh-2026-gh-face_a5ae97e6b015893430a9156f105a6722.jpg",
                        "title": "Photo of St Mary's Wimbledon Garden Hall"
                    }
                ],
                "name": "St Mary's Wimbledon Garden Hall",
                "new_venue_this_year": "Yes",
                "start": "10:00:00",
                "ticketed_events": "No",
                "url": "https://programme.openhouse.org.uk/listings/1230"
            },
            "type": "Feature"
        },
        {
            "geometry": {
                "coordinates": [
                    -0.05311,
                    51.4643
                ],
                "type": "Point"
            },
            "properties": {
                "balloted": "No",
                "description": "Nunhead Cemetery, a Grade II* listed Victorian burial ground, is one of London's Magnificent Seven cemeteries  and is of historic and ecological importance. Set on a hillside, its 52 acres of woodland provides a green breathing space offering peace and tranquillity.  Imposing tombs contrast with the tumbling headstones and carved angels peer through a covering of ivy. Visits to chapel and crypt.",
                "end": "16:30:00",
                "fully_booked": "",
                "images": [
                    {
                        "archive_url": "https://raw.githubusercontent.com/infrastructureclub/open-house-london-images/master/images/2026/1237/building_1237_2533_b5bb6969d0d6fc761cf0a5b04b858af2.jpg",
                        "title": "Photo of Nunhead Cemetery"
                    },
                    {
                        "archive_url": "https://raw.githubusercontent.com/infrastructureclub/open-house-london-images/master/images/2026/1237/building_1237_chapel-cropped_c82f370d07ba6fa43d5e1665246e1e9f.jpeg",
                        "title": "Photo of Nunhead Cemetery"
                    }
                ],
                "name": "Nunhead Cemetery",
                "new_venue_this_year": "No",
                "start": "13:45:00",
                "ticketed_events": "No",
                "url": "https://programme.openhouse.org.uk/listings/1237"
            },
            "type": "Feature"
        },
        {
            "geometry": {
                "coordinates": [
                    -0.00847,
                    51.48268
                ],
                "type": "Point"
            },
            "properties": {
                "balloted": "No",
                "description": "Sir Christopher Wren's riverside masterpiece in Greenwich, built as the Royal Hospital for Seamen and begun in 1696 on the site of the Tudor Greenwich Palace. Occupied by the Royal Naval College from 1869 to 1998, it is now a premier historic, cultural and educational destination in the heart of the Maritime Greenwich UNESCO World Heritage Site.",
                "end": "16:30:00",
                "fully_booked": "",
                "images": [
                    {
                        "archive_url": "https://raw.githubusercontent.com/infrastructureclub/open-house-london-images/master/images/2026/1310/building_1310_old-royal-naval-college_9471bb0d4370a4e76a3c8d1357bb623e.jpg",
                        "title": "ORNC"
                    },
                    {
                        "archive_url": "https://raw.githubusercontent.com/infrastructureclub/open-house-london-images/master/images/2026/1310/building_1310_admiral-s-house-ornc-edward-hill-photography-2013-2_4a4350bc978ff3db1a0250d18c92f146.jpg",
                        "title": "ORNC"
                    },
                    {
                        "archive_url": "https://raw.githubusercontent.com/infrastructureclub/open-house-london-images/master/images/2026/1310/building_1310_king-william-court-thedpc-com-2008_d15a5ca41f87624efe0089359185462e.jpg",
                        "title": "thepdc.com"
                    },
                    {
                        "archive_url": "https://raw.githubusercontent.com/infrastructureclub/open-house-london-images/master/images/2026/1310/building_1310_old-royal-naval-college-ornc-and-jigsaw-design-publishing-2010-60_f1b0fceb304ea26c4dbae3107f6fd0c8.jpg",
                        "title": "©ORNC and Jigsaw Design & Publishing"
                    },
                    {
                        "archive_url": "https://raw.githubusercontent.com/infrastructureclub/open-house-london-images/master/images/2026/1310/building_1310_queen-mary-colonnade-ornc-and-jigsaw-design-publishing-2013-3_06f3b053131dbf6d7d34e861bf7b41b2.jpg",
                        "title": "© ORNC and Jigsaw Design & Publishing"
                    },
                    {
                        "archive_url": "https://raw.githubusercontent.com/infrastructureclub/open-house-london-images/master/images/2026/1310/building_1310_king-william-colonnade-james-brittain-photography-2-1_57c67711f488ad6be06aa1c499945cca.jpg",
                        "title": "© James Brittain Photography"
                    }
                ],
                "name": "Old Royal Naval College",
                "new_venue_this_year": "No",
                "start": "10:30:00",
                "ticketed_events": "No",
                "url": "https://programme.openhouse.org.uk/listings/1310"
            },
            "type": "Feature"
        },
        {
            "geometry": {
                "coordinates": [
                    -0.09495,
                    51.51164
                ],
                "type": "Point"
            },
            "properties": {
                "balloted": "No",
                "description": "Acquired in 1532 and rebuilt in 1670 after the Great Fire, the Hall was partially destroyed in 1941 by enemy action and rebuilt in a Neo-Georgian style in 1960. The original charter, portraiture and stained glass are of particular interest.",
                "end": "16:00:00",
                "fully_booked": "",
                "images": [
                    {
                        "archive_url": "https://raw.githubusercontent.com/infrastructureclub/open-house-london-images/master/images/2026/1311/building_1311_entrance-hall_070ba275bf79b4ed2e964b0cef00d8dc.jpg",
                        "title": "Helen Granger"
                    },
                    {
                        "archive_url": "https://raw.githubusercontent.com/infrastructureclub/open-house-london-images/master/images/2026/1311/building_1311_stained-glass-phoenix_eba86dd6d57e073ec72a4b99bb2ea502.jpg",
                        "title": "Mel Howse"
                    },
                    {
                        "archive_url": "https://raw.githubusercontent.com/infrastructureclub/open-house-london-images/master/images/2026/1311/building_1311_potkin-picture_9a70fb72b98ee4f5097ed53ade2843d2.jpg",
                        "title": "Helen Granger"
                    },
                    {
                        "archive_url": "https://raw.githubusercontent.com/infrastructureclub/open-house-london-images/master/images/2026/1311/building_1311_lm-coat-of-arms_905cb5bf942aad418454ff467500565f.jpg",
                        "title": "Mel Howse"
                    },
                    {
                        "archive_url": "https://raw.githubusercontent.com/infrastructureclub/open-house-london-images/master/images/2026/1311/building_1311_charter_ec70de5b2761196f46cefe6768ba69a0.jpg",
                        "title": "Helen Granger"
                    },
                    {
                        "archive_url": "https://raw.githubusercontent.com/infrastructureclub/open-house-london-images/master/images/2026/1311/building_1311_livery-031_1f125971c6ade9e0ccd1f05f459d4198.jpg",
                        "title": "Chris Twyman"
                    },
                    {
                        "archive_url": "https://raw.githubusercontent.com/infrastructureclub/open-house-london-images/master/images/2026/1311/building_1311_ps-2022artprizes0192_456815a1ab1f9f4c94485b6c757619cd.jpg",
                        "title": "Helen Granger"
                    },
                    {
                        "archive_url": "https://raw.githubusercontent.com/infrastructureclub/open-house-london-images/master/images/2026/1311/building_1311_pstain2022stluke0785_6e3c6b645ab05849e042079c7a11c5fb.jpg",
                        "title": "Helen Granger"
                    },
                    {
                        "archive_url": "https://raw.githubusercontent.com/infrastructureclub/open-house-london-images/master/images/2026/1311/building_1311_wcps-crest-2023_173148cc653d374cc72dce745592623b.jpg",
                        "title": "Helen Granger"
                    },
                    {
                        "archive_url": "https://raw.githubusercontent.com/infrastructureclub/open-house-london-images/master/images/2026/1311/building_1311_in-practice_0ea6b297132e1cc4a46a629b5e3e2de8.jpg",
                        "title": "Helen Granger"
                    },
                    {
                        "archive_url": "https://raw.githubusercontent.com/infrastructureclub/open-house-london-images/master/images/2026/1311/building_1311_livery-hall-dinner_83e4a5f99061d1d8f97bb896d636cdb4.jpg",
                        "title": "Helen Granger"
                    }
                ],
                "name": "Painters' Hall",
                "new_venue_this_year": "No",
                "start": "10:00:00",
                "ticketed_events": "No",
                "url": "https://programme.openhouse.org.uk/listings/1311"
            },
            "type": "Feature"
        },
        {
            "geometry": {
                "coordinates": [
                    -0.0993428,
                    51.5324006
                ],
                "type": "Point"
            },
            "properties": {
                "balloted": "No",
                "description": "Conversion of a canalside Victorian warehouse, formerly a terrazzo factory, into spacious offices, garden and glazed extension with one of the best waterside views in London. Refurbished, 2022. This year’s event will place a strong emphasis on community-led housing and creative collaboration. PTE will celebrate ten years of New Ground Cohousing.",
                "end": "16:00:00",
                "fully_booked": "",
                "images": [
                    {
                        "archive_url": "https://raw.githubusercontent.com/infrastructureclub/open-house-london-images/master/images/2026/1375/building_1375_92_437_diespeker_wharf_refurb_2022_n12_indesa4_83ff11c85b88e1874ac48e22f1702704.jpg",
                        "title": "Photo of Pollard Thomas Edwards - Diespeker Wharf"
                    },
                    {
                        "archive_url": "https://raw.githubusercontent.com/infrastructureclub/open-house-london-images/master/images/2026/1375/building_1375_92_437_diespeker_wharf_refurb_2022_n37_indesa4_03685ede2cb80f23fff04457848f94c7.jpg",
                        "title": "Photo of Pollard Thomas Edwards - Diespeker Wharf"
                    },
                    {
                        "archive_url": "https://raw.githubusercontent.com/infrastructureclub/open-house-london-images/master/images/2026/1375/building_1375_92_437_diespeker_wharf_refurb_2022_n50_indesa4_8a6c39c6ff81592a1222565313a440c1.jpg",
                        "title": "Photo of Pollard Thomas Edwards - Diespeker Wharf"
                    },
                    {
                        "archive_url": "https://raw.githubusercontent.com/infrastructureclub/open-house-london-images/master/images/2026/1375/building_1375_92_437_diespeker_wharf_refurb_2022_n68_indesa3_0624bac1757fcb1015d7240206608093.jpg",
                        "title": "Photo of Pollard Thomas Edwards - Diespeker Wharf"
                    },
                    {
                        "archive_url": "https://raw.githubusercontent.com/infrastructureclub/open-house-london-images/master/images/2026/1375/building_1375_e_240925_open_house_london_n46_indesa3_02a3adf4e7e74ff47559d045b5011995.jpg",
                        "title": "Photo of Pollard Thomas Edwards - Diespeker Wharf"
                    },
                    {
                        "archive_url": "https://raw.githubusercontent.com/infrastructureclub/open-house-london-images/master/images/2026/1375/building_1375_s_250925_n78_indesa3_136b1713668d1bef9dd8ee22a889de8e.jpg",
                        "title": "Photo of Pollard Thomas Edwards - Diespeker Wharf"
                    }
                ],
                "name": "Pollard Thomas Edwards - Diespeker Wharf",
                "new_venue_this_year": "No",
                "start": "10:00:00",
                "ticketed_events": "No",
                "url": "https://programme.openhouse.org.uk/listings/1375"
            },
            "type": "Feature"
        },
        {
            "geometry": {
                "coordinates": [
                    -0.3068136,
                    51.4588156
                ],
                "type": "Point"
            },
            "properties": {
                "balloted": "No",
                "description": "Red brick and Bath stone grand 'Elizabethan Renaissance' style building altered by war, political changes and reflecting Richmond's history.",
                "end": "15:00:00",
                "fully_booked": "Yes",
                "images": [
                    {
                        "archive_url": "https://raw.githubusercontent.com/infrastructureclub/open-house-london-images/master/images/2026/1381/building_1381_lcf-22706-old-town-hall_9a44e44a79644167bb8e1ead5e5e599f.jpg",
                        "title": "Photo of The Old Town Hall, Richmond"
                    },
                    {
                        "archive_url": "https://raw.githubusercontent.com/infrastructureclub/open-house-london-images/master/images/2026/1381/building_1381_oth-1_fb65efb409da1c452b37b78836236bf8.jpg",
                        "title": "Photo of The Old Town Hall, Richmond"
                    },
                    {
                        "archive_url": "https://raw.githubusercontent.com/infrastructureclub/open-house-london-images/master/images/2026/1381/building_1381_oth-2_5aa61200edb69e68890822e1b079898c.jpg",
                        "title": "Photo of The Old Town Hall, Richmond"
                    },
                    {
                        "archive_url": "https://raw.githubusercontent.com/infrastructureclub/open-house-london-images/master/images/2026/1381/building_1381_oth-3_3191d18aff8cf9b7aa4a7e2510d40786.jpg",
                        "title": "Photo of The Old Town Hall, Richmond"
                    }
                ],
                "name": "The Old Town Hall, Richmond",
                "new_venue_this_year": "No",
                "start": "10:00:00",
                "ticketed_events": "Yes",
                "url": "https://programme.openhouse.org.uk/listings/1381"
            },
            "type": "Feature"
        },
        {
            "geometry": {
                "coordinates": [
                    -0.09159,
                    51.51551
                ],
                "type": "Point"
            },
            "properties": {
                "balloted": "No",
                "description": "Open daily 10am-5pm. \r\nRegular free guided tours 12.15pm & 1.15pm on Tuesday-Sunday, with extra tours on the final Open House weekend.\r\nHome of the City of London's art collection, & remains of London's Roman Amphitheatre",
                "end": "16:00:00",
                "fully_booked": "",
                "images": [
                    {
                        "archive_url": "https://raw.githubusercontent.com/infrastructureclub/open-house-london-images/master/images/2026/1405/building_1405_guildhall-small-size-2_1a6ef8cc181ab53ec1bdc507db670cac.jpg",
                        "title": "Sam Roberts"
                    },
                    {
                        "archive_url": "https://raw.githubusercontent.com/infrastructureclub/open-house-london-images/master/images/2026/1405/building_1405_amphitheatre1_3b5e4320da956ddfed22574fea2d3a30.jpg",
                        "title": "Clive Totman"
                    },
                    {
                        "archive_url": "https://raw.githubusercontent.com/infrastructureclub/open-house-london-images/master/images/2026/1405/building_1405_guildhall-small-size-50_1d7a771d1fc626393a8d07daeadfdb07.jpg",
                        "title": "Sam Roberts"
                    },
                    {
                        "archive_url": "https://raw.githubusercontent.com/infrastructureclub/open-house-london-images/master/images/2026/1405/building_1405_guildhall-art-gallery-nap-logo_e2a2fcb26ed1d39c3c1f4c089cdd923b.jpg",
                        "title": "Sam Roberts 2015"
                    }
                ],
                "name": "Guildhall Art Gallery",
                "new_venue_this_year": "No",
                "start": "11:00:00",
                "ticketed_events": "No",
                "url": "https://programme.openhouse.org.uk/listings/1405"
            },
            "type": "Feature"
        },
        {
            "geometry": {
                "coordinates": [
                    -0.1917397,
                    51.4565224
                ],
                "type": "Point"
            },
            "properties": {
                "balloted": "No",
                "description": "Grade II listed, this is the oldest Quaker meeting house in London. Built in 1778, it has original panelling & a minister's gallery. See flagstones from the earlier 1674 buildings. Also a secluded burial ground & garden. Free refreshments.",
                "end": "16:00:00",
                "fully_booked": "",
                "images": [
                    {
                        "archive_url": "https://raw.githubusercontent.com/infrastructureclub/open-house-london-images/master/images/2026/1422/building_1422_quaker-meeting-house-wandsworth-memorial-stone-resized_208f62d148de67e370d1dd8bb74991d9.jpeg",
                        "title": "Photo of Quaker Meeting House - Wandsworth"
                    },
                    {
                        "archive_url": "https://raw.githubusercontent.com/infrastructureclub/open-house-london-images/master/images/2026/1422/building_1422_unknown_124f4716e78421a9a99054a18432d22e.jpeg",
                        "title": "Photo of Quaker Meeting House - Wandsworth"
                    },
                    {
                        "archive_url": "https://raw.githubusercontent.com/infrastructureclub/open-house-london-images/master/images/2026/1422/building_1422_unknown-1_8846f89b967b374c3b996e39c118780c.jpeg",
                        "title": "Photo of Quaker Meeting House - Wandsworth"
                    },
                    {
                        "archive_url": "https://raw.githubusercontent.com/infrastructureclub/open-house-london-images/master/images/2026/1422/building_1422_unknown_d7bb7768a8635d3716aa3217dae7d1a2.jpeg",
                        "title": "Photo of Quaker Meeting House - Wandsworth"
                    },
                    {
                        "archive_url": "https://raw.githubusercontent.com/infrastructureclub/open-house-london-images/master/images/2026/1422/building_1422_unknown_63afcdc1761281f85322535790181fde.jpeg",
                        "title": "Photo of Quaker Meeting House - Wandsworth"
                    },
                    {
                        "archive_url": "https://raw.githubusercontent.com/infrastructureclub/open-house-london-images/master/images/2026/1422/building_1422_unknown_96b754b28d3fec044e197d6298752e15.jpeg",
                        "title": "Photo of Quaker Meeting House - Wandsworth"
                    }
                ],
                "name": "Quaker Meeting House - Wandsworth",
                "new_venue_this_year": "No",
                "start": "12:00:00",
                "ticketed_events": "No",
                "url": "https://programme.openhouse.org.uk/listings/1422"
            },
            "type": "Feature"
        },
        {
            "geometry": {
                "coordinates": [
                    -0.00524,
                    51.48387
                ],
                "type": "Point"
            },
            "properties": {
                "balloted": "No",
                "description": "Wren and Hawksmoor building, completed 1749 when Thomas Ripley built the pavilions facing the river. Highlights include council boardroom, grand staircase and restored Portland stonework. Refurbished in 2000 for University of Greenwich.",
                "end": "15:30:00",
                "fully_booked": "",
                "images": [
                    {
                        "archive_url": "https://raw.githubusercontent.com/infrastructureclub/open-house-london-images/master/images/2026/1425/building_1425_direct-view-of-queen-anne-building-from-lower-grand-square_e9b73cb69ef856e8b6baa30e57a1be08.jpg",
                        "title": "Photo of Old Royal Naval College - Queen Anne Court"
                    },
                    {
                        "archive_url": "https://raw.githubusercontent.com/infrastructureclub/open-house-london-images/master/images/2026/1425/building_1425_0v9a2363_9037db6cb51ef37051b7bab07f50fe1d.jpeg",
                        "title": "Photo of Old Royal Naval College - Queen Anne Court"
                    }
                ],
                "name": "Old Royal Naval College - Queen Anne Court",
                "new_venue_this_year": "No",
                "start": "10:30:00",
                "ticketed_events": "No",
                "url": "https://programme.openhouse.org.uk/listings/1425"
            },
            "type": "Feature"
        },
        {
            "geometry": {
                "coordinates": [
                    -0.00403,
                    51.48283
                ],
                "type": "Point"
            },
            "properties": {
                "balloted": "No",
                "description": "Last major building on the site (1751). Original layout, timber panelling, barrel vaulting and Portland stone. Refurbished in 2000 by Dannatt Johnson for University of Greenwich.",
                "end": "15:30:00",
                "fully_booked": "",
                "images": [
                    {
                        "archive_url": "https://raw.githubusercontent.com/infrastructureclub/open-house-london-images/master/images/2026/1433/building_1433_qm-colonnades-from-marketing_2597e8c84f6a67b06082e6fcd295802a.jpg",
                        "title": "Photo of Old Royal Naval College - Queen Mary Court"
                    },
                    {
                        "archive_url": "https://raw.githubusercontent.com/infrastructureclub/open-house-london-images/master/images/2026/1433/building_1433_0v9a2363_ff367630aedcab77392eb0c669cce833.jpeg",
                        "title": "Photo of Old Royal Naval College - Queen Mary Court"
                    }
                ],
                "name": "Old Royal Naval College - Queen Mary Court",
                "new_venue_this_year": "No",
                "start": "10:30:00",
                "ticketed_events": "No",
                "url": "https://programme.openhouse.org.uk/listings/1433"
            },
            "type": "Feature"
        },
        {
            "geometry": {
                "coordinates": [
                    -0.13349,
                    51.50658
                ],
                "type": "Point"
            },
            "properties": {
                "balloted": "No",
                "description": "Built as a Whig gentleman's club and inspired by Italian Renaissance palaces. Lobby leads to an enclosed colonnaded courtyard with complementary glazed roof and tessellated floor. Tunnelled staircase leads to upper floor.",
                "end": "17:45:00",
                "fully_booked": "Yes",
                "images": [
                    {
                        "archive_url": "https://raw.githubusercontent.com/infrastructureclub/open-house-london-images/master/images/2026/1457/building_1457_2003-reform-club-2_3b83804d6c14d64329df1eac5bfe9032.jpg",
                        "title": "Photo of Reform Club"
                    }
                ],
                "name": "Reform Club",
                "new_venue_this_year": "No",
                "start": "10:00:00",
                "ticketed_events": "Yes",
                "url": "https://programme.openhouse.org.uk/listings/1457"
            },
            "type": "Feature"
        },
        {
            "geometry": {
                "coordinates": [
                    -0.2222801,
                    51.426534
                ],
                "type": "Point"
            },
            "properties": {
                "balloted": "No",
                "description": "Built as a private house for his parents, the project encapsulates Rogers' vision of a home built using industrially manufactured components. As such it was seen as a prototype for mass affordable housing. Opening for the Festival in association with The Wimbledon Society",
                "end": "16:00:00",
                "fully_booked": "Yes",
                "images": [
                    {
                        "archive_url": "https://raw.githubusercontent.com/infrastructureclub/open-house-london-images/master/images/2026/1491/building_1491_wimbledon-house-rra-4298-lo-res-72dpi_90c2302d9e45819e15489661650f2e92.jpg",
                        "title": "Iwan Baan"
                    },
                    {
                        "archive_url": "https://raw.githubusercontent.com/infrastructureclub/open-house-london-images/master/images/2026/1491/building_1491_wimbledon-house-rra-3560-lo-res-72dpi_d1d71f03b44f4afd36c74554988fd36c.jpg",
                        "title": "Iwan Baan"
                    },
                    {
                        "archive_url": "https://raw.githubusercontent.com/infrastructureclub/open-house-london-images/master/images/2026/1491/building_1491_wimbledon-house-rra-3969-lo-res-72dpi_cce1296087841ff1a853617e76e518d4.jpg",
                        "title": "Iwan Baan"
                    },
                    {
                        "archive_url": "https://raw.githubusercontent.com/infrastructureclub/open-house-london-images/master/images/2026/1491/building_1491_wimbledon-house-rra-3545-lo-res-72dpi_b5bf0ca9e5d889a148fc58acbc73c60d.jpg",
                        "title": "Iwan Baan"
                    }
                ],
                "name": "Rogers House, Wimbledon",
                "new_venue_this_year": "No",
                "start": "10:00:00",
                "ticketed_events": "Yes",
                "url": "https://programme.openhouse.org.uk/listings/1491"
            },
            "type": "Feature"
        },
        {
            "geometry": {
                "coordinates": [
                    -0.1340191,
                    51.5265851
                ],
                "type": "Point"
            },
            "properties": {
                "balloted": "No",
                "description": "Grade II* listed building. Restored in 2012 to showcase magnificent Edwardian faience tile work, mosaic floor and other historic features in transformed modern surroundings that now provide the headquarters of the RCGP.",
                "end": "15:00:00",
                "fully_booked": "Yes",
                "images": [
                    {
                        "archive_url": "https://raw.githubusercontent.com/infrastructureclub/open-house-london-images/master/images/2026/1523/building_1523_img_0739_3eedfd6ec436edfc9e8441754dcf0ac5.jpg",
                        "title": "Sharon Messenger"
                    },
                    {
                        "archive_url": "https://raw.githubusercontent.com/infrastructureclub/open-house-london-images/master/images/2026/1523/building_1523_img_1657_4d398a1a2c93cb487b21e6f0dbabbf5e.jpg",
                        "title": "Juan Blanco"
                    },
                    {
                        "archive_url": "https://raw.githubusercontent.com/infrastructureclub/open-house-london-images/master/images/2026/1523/building_1523_img_1658_135b06f461989185cc85fd18bc8bad99.jpg",
                        "title": "Juan Blanco"
                    },
                    {
                        "archive_url": "https://raw.githubusercontent.com/infrastructureclub/open-house-london-images/master/images/2026/1523/building_1523_img_1659_bc22c668dfbd3a0a2f88a7dd3d7db525.jpg",
                        "title": "Juan Blanco"
                    },
                    {
                        "archive_url": "https://raw.githubusercontent.com/infrastructureclub/open-house-london-images/master/images/2026/1523/building_1523_exhibition-space-from-above_e0f2ccd127f50ef63b2110ab20e060e8.jpg",
                        "title": "Photo of Royal College of General Practitioners"
                    },
                    {
                        "archive_url": "https://raw.githubusercontent.com/infrastructureclub/open-house-london-images/master/images/2026/1523/building_1523_front-of-30es-2_6207ea36da7815d8c148b4cf3c10a8a3.jfif",
                        "title": "Photo of Royal College of General Practitioners"
                    },
                    {
                        "archive_url": "https://raw.githubusercontent.com/infrastructureclub/open-house-london-images/master/images/2026/1523/building_1523_front-of-30es_6379cc8939ec74dde47f3e60b2a790cf.jfif",
                        "title": "Photo of Royal College of General Practitioners"
                    }
                ],
                "name": "Royal College of General Practitioners",
                "new_venue_this_year": "No",
                "start": "10:00:00",
                "ticketed_events": "Yes",
                "url": "https://programme.openhouse.org.uk/listings/1523"
            },
            "type": "Feature"
        },
        {
            "geometry": {
                "coordinates": [
                    -0.1603,
                    51.48658
                ],
                "type": "Point"
            },
            "properties": {
                "balloted": "No",
                "description": "Part of the Chelsea Heritage Quarter, the Royal Hospital Chelsea has housed the Chelsea Pensioners since 1692. Join a Pensioner‑led tour of our grounds exploring its history and architecture from Wren to Soane. Enjoy free access to the Soane Stable Yard, museum and café, and visit nearby CHQ partners—the National Army Museum and Chelsea Physic Garden which are a short walk from each other.",
                "end": "16:00:00",
                "fully_booked": "Yes",
                "images": [
                    {
                        "archive_url": "https://raw.githubusercontent.com/infrastructureclub/open-house-london-images/master/images/2026/1538/building_1538_figure-court-2_15599543c5de99cd7e32bddfc217626a.jpg",
                        "title": "Royal Hospital Chelsea"
                    },
                    {
                        "archive_url": "https://raw.githubusercontent.com/infrastructureclub/open-house-london-images/master/images/2026/1538/building_1538_rhc-grounds-shoot-feb-2018-feb-2018-20_aee188345b39a25df3468b56cba569ef.jpg",
                        "title": "Royal Hospital Chelsea"
                    },
                    {
                        "archive_url": "https://raw.githubusercontent.com/infrastructureclub/open-house-london-images/master/images/2026/1538/building_1538_rhc-grounds-shoot-feb-2018-feb-2018-85_0f299d41c34fa0de5cc415d8024f3e88.jpg",
                        "title": "Royal Hospital Chelsea"
                    },
                    {
                        "archive_url": "https://raw.githubusercontent.com/infrastructureclub/open-house-london-images/master/images/2026/1538/building_1538__dsc7791-1_0475c706daefc327adabf1519924f547.jpg",
                        "title": "Deep"
                    },
                    {
                        "archive_url": "https://raw.githubusercontent.com/infrastructureclub/open-house-london-images/master/images/2026/1538/building_1538_1538_d5682_graded_3k_200910_028342a0aacb62d4a22975b77d336a54.jpg",
                        "title": "Royal Hospital Chelsea"
                    }
                ],
                "name": "Royal Hospital Chelsea, Home of the Chelsea Pensioners",
                "new_venue_this_year": "No",
                "start": "13:30:00",
                "ticketed_events": "Yes",
                "url": "https://programme.openhouse.org.uk/listings/1538"
            },
            "type": "Feature"
        },
        {
            "geometry": {
                "coordinates": [
                    -0.31631,
                    51.45384
                ],
                "type": "Point"
            },
            "properties": {
                "balloted": "No",
                "description": "Sandycombe Lodge was built in 1813 to the designs of England’s great landscape painter, J.M.W. Turner; working here as his own architect to create a quiet retreat for himself, away from the pressures of the London art world. We will offer guided tours and an Art Fair in the garden, with refreshments and cakes, will also be available.",
                "end": "16:00:00",
                "fully_booked": "Yes",
                "images": [
                    {
                        "archive_url": "https://raw.githubusercontent.com/infrastructureclub/open-house-london-images/master/images/2026/1598/building_1598_jmw-turner-house-sandycombe-lodge-london-1050x680_43a1acfb16ae2c1921cc0d6b44cdd4ae.jpg",
                        "title": "Anne Purkiss"
                    },
                    {
                        "archive_url": "https://raw.githubusercontent.com/infrastructureclub/open-house-london-images/master/images/2026/1598/building_1598_turner-s-house-2017-05-24-dsc_1042-corridor_547c8bc2c7ce09301b621f5e27a8a4ad.JPG",
                        "title": "Anne Purkiss"
                    },
                    {
                        "archive_url": "https://raw.githubusercontent.com/infrastructureclub/open-house-london-images/master/images/2026/1598/building_1598_turner-s-house-2017-06-16-dsc_2976-ed_7436420d81ecb2f6b4123a6d1701a529.JPG",
                        "title": "Anne Purkiss"
                    },
                    {
                        "archive_url": "https://raw.githubusercontent.com/infrastructureclub/open-house-london-images/master/images/2026/1598/building_1598_turner-s-house-2017-05-24-dsc_1050-staircase_a5a27b7a60e277241653bf9959012a19.JPG",
                        "title": "Anne Purkiss"
                    },
                    {
                        "archive_url": "https://raw.githubusercontent.com/infrastructureclub/open-house-london-images/master/images/2026/1598/building_1598_20260527_143420_6a060cb8a34873db3e4360f6e4681403.jpg",
                        "title": "Photo of Turner's House in Twickenham"
                    }
                ],
                "name": "Turner's House in Twickenham",
                "new_venue_this_year": "Yes",
                "start": "11:15:00",
                "ticketed_events": "Yes",
                "url": "https://programme.openhouse.org.uk/listings/1598"
            },
            "type": "Feature"
        },
        {
            "geometry": {
                "coordinates": [
                    -0.1309,
                    51.52296
                ],
                "type": "Point"
            },
            "properties": {
                "balloted": "No",
                "description": "London’s tallest secular building when it opened as the HQ of the University of London and home to the Ministry of Information during WWII, this Grade II* listed landmark features Classicism and Art Deco elements.",
                "end": "17:00:00",
                "fully_booked": "No",
                "images": [
                    {
                        "archive_url": "https://raw.githubusercontent.com/infrastructureclub/open-house-london-images/master/images/2026/1617/building_1617_exteriors-43_small_34b817fa467058c38267ab1021a3e9d6.jpg",
                        "title": "University of London"
                    },
                    {
                        "archive_url": "https://raw.githubusercontent.com/infrastructureclub/open-house-london-images/master/images/2026/1617/building_1617_chancellors-hall-13_small_20fb080143238cc1d55909754dd77de3.jpg",
                        "title": "University of London"
                    },
                    {
                        "archive_url": "https://raw.githubusercontent.com/infrastructureclub/open-house-london-images/master/images/2026/1617/building_1617_cloisters_small_6bce9941a9e5740bde59f2c852fb7365.jpg",
                        "title": "University of London"
                    },
                    {
                        "archive_url": "https://raw.githubusercontent.com/infrastructureclub/open-house-london-images/master/images/2026/1617/building_1617_crush-hall-23_small_b3f0cfac315da2342b3b66eb4e8c69c3.jpg",
                        "title": "University of London"
                    },
                    {
                        "archive_url": "https://raw.githubusercontent.com/infrastructureclub/open-house-london-images/master/images/2026/1617/building_1617_crush-hall-31_small_0a64cc41d0e94d960d5d6f8bf2ec8aef.jpg",
                        "title": "University of London"
                    },
                    {
                        "archive_url": "https://raw.githubusercontent.com/infrastructureclub/open-house-london-images/master/images/2026/1617/building_1617_senate-room-18_small_94da139395c6642754d9a6d807273704.jpg",
                        "title": "University of London"
                    }
                ],
                "name": "Senate House",
                "new_venue_this_year": "No",
                "start": "11:00:00",
                "ticketed_events": "Yes",
                "url": "https://programme.openhouse.org.uk/listings/1617"
            },
            "type": "Feature"
        },
        {
            "geometry": {
                "coordinates": [
                    -0.26243,
                    51.54789
                ],
                "type": "Point"
            },
            "properties": {
                "balloted": "No",
                "description": "Europe’s first traditional Hindu temple is a masterpiece of exquisite Indian craftsmanship. Using 5,000 tonnes of Italian and Indian marble and the finest Bulgarian limestone, it was hand-carved in India before being assembled in London.",
                "end": "16:00:00",
                "fully_booked": "",
                "images": [
                    {
                        "archive_url": "https://raw.githubusercontent.com/infrastructureclub/open-house-london-images/master/images/2026/1645/building_1645_001-baps-shri-swaminarayan-mandir-london_24182ad200cad3178d4cb5c69b9d4664.jpg",
                        "title": "Photo of BAPS Shri Swaminarayan Mandir"
                    },
                    {
                        "archive_url": "https://raw.githubusercontent.com/infrastructureclub/open-house-london-images/master/images/2026/1645/building_1645_baps-shri-swaminarayan-mandir-london-aerial_c7201a7ba4cc35489fe63254ca045541.jpg",
                        "title": "BAPS Shri Swaminarayan Mandir"
                    },
                    {
                        "archive_url": "https://raw.githubusercontent.com/infrastructureclub/open-house-london-images/master/images/2026/1645/building_1645_baps-shri-swaminarayan-mandir-london-central-dome_23fd9ca7b5af0cd47773e5fe7bba2dcb.jpg",
                        "title": "BAPS Shri Swaminarayan Mandir"
                    },
                    {
                        "archive_url": "https://raw.githubusercontent.com/infrastructureclub/open-house-london-images/master/images/2026/1645/building_1645_baps-shri-swaminarayan-mandir-london-from-ceremonial-gate-square_c95d49c96a57444b7b199514cd8f37f6.jpg",
                        "title": "BAPS Shri Swaminarayan Mandir"
                    },
                    {
                        "archive_url": "https://raw.githubusercontent.com/infrastructureclub/open-house-london-images/master/images/2026/1645/building_1645_baps-shri-swaminarayan-mandir-london-haveli-assembly-hall_009834ee3a9568dc590e4ebbdc08fc43.jpg",
                        "title": "BAPS Shri Swaminarayan Mandir"
                    },
                    {
                        "archive_url": "https://raw.githubusercontent.com/infrastructureclub/open-house-london-images/master/images/2026/1645/building_1645_baps-shri-swaminarayan-mandir-london-haveli-atrium_c3f2c3aeaefc0d0cc895f84db1bce49e.jpg",
                        "title": "BAPS Shri Swaminarayan Mandir"
                    },
                    {
                        "archive_url": "https://raw.githubusercontent.com/infrastructureclub/open-house-london-images/master/images/2026/1645/building_1645_web_baps-shri-swaminarayan-mandir-london-haveli-interior-detail_5049751ee0053d2aed9afd6e23cb3c9d.jpg",
                        "title": "BAPS Shri Swaminarayan Mandir"
                    },
                    {
                        "archive_url": "https://raw.githubusercontent.com/infrastructureclub/open-house-london-images/master/images/2026/1645/building_1645_web_baps-shri-swaminarayan-mandir-london-haveli-window_351c4532c78e3bc8393a430a266ca7d4.jpg",
                        "title": "BAPS Shri Swaminarayan Mandir"
                    },
                    {
                        "archive_url": "https://raw.githubusercontent.com/infrastructureclub/open-house-london-images/master/images/2026/1645/building_1645_web_baps-shri-swaminarayan-mandir-london-inner-sanctum_b2c91b89be132d7eeb8efcd71f6be334.jpg",
                        "title": "BAPS Shri Swaminarayan Mandir"
                    },
                    {
                        "archive_url": "https://raw.githubusercontent.com/infrastructureclub/open-house-london-images/master/images/2026/1645/building_1645_baps-shri-swaminarayan-mandir-london-panorama-from-garden_f525f85c72da1e90aac46906a6beb309.jpg",
                        "title": "BAPS Shri Swaminarayan Mandir"
                    },
                    {
                        "archive_url": "https://raw.githubusercontent.com/infrastructureclub/open-house-london-images/master/images/2026/1645/building_1645_baps-shri-swaminarayan-mandir-london-sanctum-interior_b9a888fbe25b29c818beca6ae7250cf1.jpg",
                        "title": "BAPS Shri Swaminarayan Mandir"
                    }
                ],
                "name": "BAPS Shri Swaminarayan Mandir",
                "new_venue_this_year": "No",
                "start": "10:00:00",
                "ticketed_events": "No",
                "url": "https://programme.openhouse.org.uk/listings/1645"
            },
            "type": "Feature"
        },
        {
            "geometry": {
                "coordinates": [
                    -0.09914039999999999,
                    51.5142511
                ],
                "type": "Point"
            },
            "properties": {
                "balloted": "No",
                "description": "Guided tours of the Triforium space to see: Christopher Wren’s magnificent ‘Great Model’ made in 1673; the recently conserved Library (including William Tyndale's New Testament of 1526) the Geometrical Staircase and the stunning view from the West Gallery. \r\nFamily Tours of the building take in the dome and Geometrical stairs - and feature a \"build your\" own engineering challenge.",
                "end": "16:45:00",
                "fully_booked": "Yes",
                "images": [
                    {
                        "archive_url": "https://raw.githubusercontent.com/infrastructureclub/open-house-london-images/master/images/2026/1669/building_1669_great-model_f2845acecdc99ce70e454c25e38dae88.jpg",
                        "title": "Simon Carter"
                    },
                    {
                        "archive_url": "https://raw.githubusercontent.com/infrastructureclub/open-house-london-images/master/images/2026/1669/building_1669_dsc_1370-nef_78079c402d9241820d3afa119e491ce6.jpg",
                        "title": "Graham Lacdao"
                    }
                ],
                "name": "St Paul’s Cathedral Tours",
                "new_venue_this_year": "No",
                "start": "10:00:00",
                "ticketed_events": "Yes",
                "url": "https://programme.openhouse.org.uk/listings/1669"
            },
            "type": "Feature"
        },
        {
            "geometry": {
                "coordinates": [
                    -0.32552,
                    51.44673
                ],
                "type": "Point"
            },
            "properties": {
                "balloted": "No",
                "description": "Grade II listed former waterman's cottage c1720. Restored and converted into a museum celebrating the rich history of Twickenham, Whitton, Teddington and the Hamptons.",
                "end": "15:00:00",
                "fully_booked": "",
                "images": [
                    {
                        "archive_url": "https://raw.githubusercontent.com/infrastructureclub/open-house-london-images/master/images/2026/1741/building_1741_twick-museum_c54a903070b20e254eb7ee68226d0f51.jpg",
                        "title": "Photo of Twickenham Museum"
                    },
                    {
                        "archive_url": "https://raw.githubusercontent.com/infrastructureclub/open-house-london-images/master/images/2026/1741/building_1741_image00018_9f5b3b6715eaa25c01ed0e6af435685c.jpeg",
                        "title": "Photo of Twickenham Museum"
                    }
                ],
                "name": "Twickenham Museum",
                "new_venue_this_year": "No",
                "start": "12:00:00",
                "ticketed_events": "No",
                "url": "https://programme.openhouse.org.uk/listings/1741"
            },
            "type": "Feature"
        },
        {
            "geometry": {
                "coordinates": [
                    -0.00801,
                    51.47904
                ],
                "type": "Point"
            },
            "properties": {
                "balloted": "No",
                "description": "Carefully restored Grade II* listed Georgian town houses, retaining many principal architectural features, including elegant façades and panelled rooms. Now houses the UK's only museum devoted to the history of fans and craft of fan making.",
                "end": "17:00:00",
                "fully_booked": "No",
                "images": [
                    {
                        "archive_url": "https://raw.githubusercontent.com/infrastructureclub/open-house-london-images/master/images/2026/1944/building_1944_ext-5-finished_bb2f00696d67de93339799639c138c17.jpg",
                        "title": "The Fan Museum"
                    },
                    {
                        "archive_url": "https://raw.githubusercontent.com/infrastructureclub/open-house-london-images/master/images/2026/1944/building_1944_ext-1-finished_10a81c2fb12a33aadd2b81e672013006.jpg",
                        "title": "Photo of The Fan Museum"
                    },
                    {
                        "archive_url": "https://raw.githubusercontent.com/infrastructureclub/open-house-london-images/master/images/2026/1944/building_1944_visit-9-finished_3e675d5a26c52dcad8a5d372daad9ceb.jpg",
                        "title": "Photo of The Fan Museum"
                    },
                    {
                        "archive_url": "https://raw.githubusercontent.com/infrastructureclub/open-house-london-images/master/images/2026/1944/building_1944_up-8-a-finished_97985d7b8da3f323821d96e65ab4e357.jpg",
                        "title": "Photo of The Fan Museum"
                    },
                    {
                        "archive_url": "https://raw.githubusercontent.com/infrastructureclub/open-house-london-images/master/images/2026/1944/building_1944_museum_28_7d2b1ef0da8b32e6e77578b5e34eb0a4.jpg",
                        "title": "Photo of The Fan Museum"
                    },
                    {
                        "archive_url": "https://raw.githubusercontent.com/infrastructureclub/open-house-london-images/master/images/2026/1944/building_1944_museum_1_72b236a7588ee1d8c6a7c64d8bb18862.jpg",
                        "title": "Photo of The Fan Museum"
                    },
                    {
                        "archive_url": "https://raw.githubusercontent.com/infrastructureclub/open-house-london-images/master/images/2026/1944/building_1944_museum_13_f0241dd399384e7375f2e2f6aa4afc18.jpg",
                        "title": "Photo of The Fan Museum"
                    }
                ],
                "name": "The Fan Museum",
                "new_venue_this_year": "No",
                "start": "11:00:00",
                "ticketed_events": "Yes",
                "url": "https://programme.openhouse.org.uk/listings/1944"
            },
            "type": "Feature"
        },
        {
            "geometry": {
                "coordinates": [
                    -0.1235,
                    51.45319
                ],
                "type": "Point"
            },
            "properties": {
                "balloted": "No",
                "description": "A wonderful reminder of Brixton's rural past and inner London's last working mill. Built in 1816 by the Ashby family who produced flour until 1934.  Restored to working order 2011. Producing flour today thanks to our volunteer millers.",
                "end": "17:00:00",
                "fully_booked": "",
                "images": [
                    {
                        "archive_url": "https://raw.githubusercontent.com/infrastructureclub/open-house-london-images/master/images/2026/1971/building_1971_sun-and-wheat-2014-ol_b168baf09262ea3bddd5e3ae91296f16.jpg",
                        "title": "Owen Llewellyn"
                    },
                    {
                        "archive_url": "https://raw.githubusercontent.com/infrastructureclub/open-house-london-images/master/images/2026/1971/building_1971_ol-daffs_31f739d9b73c01b78643af82c14f7434.jpg",
                        "title": "Owen Llewellyn"
                    },
                    {
                        "archive_url": "https://raw.githubusercontent.com/infrastructureclub/open-house-london-images/master/images/2026/1971/building_1971_ol-daffs-landscape-copy_502b1b64e0764f7448949e853582e4d7.jpg",
                        "title": "Owen Llewellyn"
                    },
                    {
                        "archive_url": "https://raw.githubusercontent.com/infrastructureclub/open-house-london-images/master/images/2026/1971/building_1971_restored-stone-floor-ol_ef0d6fb88ab584afada5278f6cf9b58b.jpg",
                        "title": "Owen Llewellyn"
                    },
                    {
                        "archive_url": "https://raw.githubusercontent.com/infrastructureclub/open-house-london-images/master/images/2026/1971/building_1971_restored-sails-2011-jk_e8d2427b5dae98bee167713e39594285.jpg",
                        "title": "Jean Kerrigan"
                    },
                    {
                        "archive_url": "https://raw.githubusercontent.com/infrastructureclub/open-house-london-images/master/images/2026/1971/building_1971_sunset-august-16-nw_3f683cde4c7a2d8c4422ab91d0cf7587.jpg",
                        "title": "Nick Weedon"
                    },
                    {
                        "archive_url": "https://raw.githubusercontent.com/infrastructureclub/open-house-london-images/master/images/2026/1971/building_1971_grinding-flour-using-modular-millstones_865e37522d173446f95ccb19eb3387c1.jpg",
                        "title": "Jeff Thomas"
                    },
                    {
                        "archive_url": "https://raw.githubusercontent.com/infrastructureclub/open-house-london-images/master/images/2026/1971/building_1971_kids-club-visit_16aca4b246f8a4f49691cf8dadb803ba.jpg",
                        "title": "Jeff Thomas"
                    },
                    {
                        "archive_url": "https://raw.githubusercontent.com/infrastructureclub/open-house-london-images/master/images/2026/1971/building_1971_35_brixtonwindmillcentre_c-jackhobhouse_eb6cd0c26b77d008ba538f112aa3379e.jpg",
                        "title": "Photo of Brixton Windmill"
                    },
                    {
                        "archive_url": "https://raw.githubusercontent.com/infrastructureclub/open-house-london-images/master/images/2026/1971/building_1971_10_brixtonwindmillcentre_c-jackhobhouse-1_67dafe4dfec84666f78f9b9da3d9ae5e.jpg",
                        "title": "Photo of Brixton Windmill"
                    },
                    {
                        "archive_url": "https://raw.githubusercontent.com/infrastructureclub/open-house-london-images/master/images/2026/1971/building_1971_20230501-brixton-windmill-beer-bread-festival-019-1_b1e8c0e4d784b87a6730d269280524d1.jpg",
                        "title": "Brixton Windmill"
                    }
                ],
                "name": "Brixton Windmill",
                "new_venue_this_year": "No",
                "start": "13:00:00",
                "ticketed_events": "No",
                "url": "https://programme.openhouse.org.uk/listings/1971"
            },
            "type": "Feature"
        },
        {
            "geometry": {
                "coordinates": [
                    -0.09844,
                    51.51508
                ],
                "type": "Point"
            },
            "properties": {
                "balloted": "No",
                "description": "Temple Bar is a 350 year old gateway to the City of London, designed by Sir Christopher Wren. It formerly stood in Fleet Street, and is the last surviving gateway to the City of London. This beautiful structure has a fascinating history, which will be revealed to visitors.",
                "end": "16:00:00",
                "fully_booked": "",
                "images": [
                    {
                        "archive_url": "https://raw.githubusercontent.com/infrastructureclub/open-house-london-images/master/images/2026/1983/building_1983_20220614_gcs_0163-copy_34926de7b4c3dcf603acf9ff3c90af46.jpg",
                        "title": "© Grant Smith"
                    },
                    {
                        "archive_url": "https://raw.githubusercontent.com/infrastructureclub/open-house-london-images/master/images/2026/1983/building_1983_20220607_gcs_0033-copy_c20cbb8f2e9e20dd4bf2b34aae6db486.jpg",
                        "title": "© Grant Smith"
                    },
                    {
                        "archive_url": "https://raw.githubusercontent.com/infrastructureclub/open-house-london-images/master/images/2026/1983/building_1983_20220614_gcs_0150-copy_af760b38381babfc7ba962a336199cfb.jpg",
                        "title": "© Grant Smith"
                    }
                ],
                "name": "Temple Bar",
                "new_venue_this_year": "No",
                "start": "10:00:00",
                "ticketed_events": "No",
                "url": "https://programme.openhouse.org.uk/listings/1983"
            },
            "type": "Feature"
        },
        {
            "geometry": {
                "coordinates": [
                    -0.12272,
                    51.52149
                ],
                "type": "Point"
            },
            "properties": {
                "balloted": "No",
                "description": "1713 terraced house with 1914 hall at rear. Notable renovated Arts and Crafts interior. Newly refurbished glass vaulted courtyard. Portraits of Guild Masters since 1884.",
                "end": "17:00:00",
                "fully_booked": "No",
                "images": [
                    {
                        "archive_url": "https://raw.githubusercontent.com/infrastructureclub/open-house-london-images/master/images/2026/2003/building_2003_2024_11_04_133404-small_965971ad32a1ca663bd84e9785ab78f8.jpg",
                        "title": "Photo of Table Top Museums at The Art Workers’ Guild"
                    },
                    {
                        "archive_url": "https://raw.githubusercontent.com/infrastructureclub/open-house-london-images/master/images/2026/2003/building_2003_20170926_102635_resized_65cb88d1c3437718884d6c4b7ce2592a.jpg",
                        "title": "Photo of Table Top Museums at The Art Workers’ Guild"
                    },
                    {
                        "archive_url": "https://raw.githubusercontent.com/infrastructureclub/open-house-london-images/master/images/2026/2003/building_2003_official-copy_4ccd453de90f6786d950a48862f9ce11.jpg",
                        "title": "Photo of Table Top Museums at The Art Workers’ Guild"
                    },
                    {
                        "archive_url": "https://raw.githubusercontent.com/infrastructureclub/open-house-london-images/master/images/2026/2003/building_2003_hall-master-chair-graham-miller_dcedaae32c874c8601c83dd8d1f802b6.jpg",
                        "title": "Photo of Table Top Museums at The Art Workers’ Guild"
                    },
                    {
                        "archive_url": "https://raw.githubusercontent.com/infrastructureclub/open-house-london-images/master/images/2026/2003/building_2003_master-s-room_87345e60ca810c6e26b4eba8958f2761.jpg",
                        "title": "Photo of Table Top Museums at The Art Workers’ Guild"
                    },
                    {
                        "archive_url": "https://raw.githubusercontent.com/infrastructureclub/open-house-london-images/master/images/2026/2003/building_2003_2025_01_09_134772-small_70b68dbebdfdf116811a85c7f1e58f8b.jpg",
                        "title": "Photo of Table Top Museums at The Art Workers’ Guild"
                    },
                    {
                        "archive_url": "https://raw.githubusercontent.com/infrastructureclub/open-house-london-images/master/images/2026/2003/building_2003_2025_01_09_134768-small_6b9f49b6191ae63e036a57cf8b7a8051.jpg",
                        "title": "Photo of Table Top Museums at The Art Workers’ Guild"
                    },
                    {
                        "archive_url": "https://raw.githubusercontent.com/infrastructureclub/open-house-london-images/master/images/2026/2003/building_2003_2025_01_09_134762-small_c4d63bfaf264844d24156ae7fad7aa1f.jpg",
                        "title": "Photo of Table Top Museums at The Art Workers’ Guild"
                    },
                    {
                        "archive_url": "https://raw.githubusercontent.com/infrastructureclub/open-house-london-images/master/images/2026/2003/building_2003_pxl_20240418_133818646-open-house-image_7f6b7c20ade8f6cea863b2722c5730d0.jpg",
                        "title": "Photo of Table Top Museums at The Art Workers’ Guild"
                    }
                ],
                "name": "Table Top Museums at The Art Workers’ Guild",
                "new_venue_this_year": "No",
                "start": "11:00:00",
                "ticketed_events": "Yes",
                "url": "https://programme.openhouse.org.uk/listings/2003"
            },
            "type": "Feature"
        },
        {
            "geometry": {
                "coordinates": [
                    -0.47975,
                    51.48961
                ],
                "type": "Point"
            },
            "properties": {
                "balloted": "No",
                "description": "This year we’re celebrating the 600th anniversary of Harmondsworth’s magnificent Great Barn. It’s over 190 feet long, nearly 40 feet high, and over 95% of its structural timbers are original. Displays include details of its construction, the conservation/repairs carried out in 2014, and its place in the agricultural history of the village.",
                "end": "17:00:00",
                "fully_booked": "",
                "images": [
                    {
                        "archive_url": "https://raw.githubusercontent.com/infrastructureclub/open-house-london-images/master/images/2026/2050/building_2050_wp_20180923_15_30_00_pro_e6668c28c648c997e636b64d0113c3a8.jpg",
                        "title": "Photo of The Great Barn, Harmondsworth"
                    },
                    {
                        "archive_url": "https://raw.githubusercontent.com/infrastructureclub/open-house-london-images/master/images/2026/2050/building_2050_dp170255_d8506c61fe59198af30a6c96388049e0.jpg",
                        "title": "Photo of The Great Barn, Harmondsworth"
                    },
                    {
                        "archive_url": "https://raw.githubusercontent.com/infrastructureclub/open-house-london-images/master/images/2026/2050/building_2050_dp170257_7d08225e04b0effa88848f954dccb108.jpg",
                        "title": "Photo of The Great Barn, Harmondsworth"
                    },
                    {
                        "archive_url": "https://raw.githubusercontent.com/infrastructureclub/open-house-london-images/master/images/2026/2050/building_2050_img_0529_c0841e7af1022f965717b1382883a101.jpg",
                        "title": "Photo of The Great Barn, Harmondsworth"
                    },
                    {
                        "archive_url": "https://raw.githubusercontent.com/infrastructureclub/open-house-london-images/master/images/2026/2050/building_2050_img-20241010_bf17aa553803907173d6c0121ea31b32.jpg",
                        "title": "Photo of The Great Barn, Harmondsworth"
                    }
                ],
                "name": "The Great Barn, Harmondsworth",
                "new_venue_this_year": "No",
                "start": "11:00:00",
                "ticketed_events": "No",
                "url": "https://programme.openhouse.org.uk/listings/2050"
            },
            "type": "Feature"
        },
        {
            "geometry": {
                "coordinates": [
                    -0.1531897,
                    51.50055039999999
                ],
                "type": "Point"
            },
            "properties": {
                "balloted": "No",
                "description": "During the Open House Festival people will have the unique opportunity to explore the historic mansion.  Opening its doors on this special occasion, visitors will enjoy unprecedented access to the Argentine Ambassador's Residence in the UK and explore a glimpse of our culture through an art exposition of different Argentine artists.",
                "end": "17:00:00",
                "fully_booked": "",
                "images": [
                    {
                        "archive_url": "https://raw.githubusercontent.com/infrastructureclub/open-house-london-images/master/images/2026/2060/building_2060_11ac6a74-8744-41f4-ade0-85fa47c0f729_cf50129a21983e923231d26fd993222a.jpeg",
                        "title": "Embassy of Argentina in the UK"
                    },
                    {
                        "archive_url": "https://raw.githubusercontent.com/infrastructureclub/open-house-london-images/master/images/2026/2060/building_2060_argentine_ambassador-s_residence_002_176a80db4d5468fd42564711f7dad663.jpg",
                        "title": "Photo of Argentine Ambassador's Residence"
                    },
                    {
                        "archive_url": "https://raw.githubusercontent.com/infrastructureclub/open-house-london-images/master/images/2026/2060/building_2060_50169010558_c909a99166_k_9036daf6aa8c5b1fea3f6116ea8a42de.jpg",
                        "title": "Embassy of Argentina in the UK"
                    },
                    {
                        "archive_url": "https://raw.githubusercontent.com/infrastructureclub/open-house-london-images/master/images/2026/2060/building_2060_50169009568_1606542788_k_d08b25b4e05a22fbd353606f6fe8d9f8.jpg",
                        "title": "Embassy of Argentina in the UK"
                    },
                    {
                        "archive_url": "https://raw.githubusercontent.com/infrastructureclub/open-house-london-images/master/images/2026/2060/building_2060_50169806862_7c89cc8a8e_k_c673326ef5dccf17009ce6de70571bfe.jpg",
                        "title": "Embassy of Argentina in the UK"
                    },
                    {
                        "archive_url": "https://raw.githubusercontent.com/infrastructureclub/open-house-london-images/master/images/2026/2060/building_2060_48871135403_4b0a70ac46_k_3ec2a03dec55e3e9bd24dee9361a3c53.jpg",
                        "title": "Embassy of Argentina in the UK"
                    }
                ],
                "name": "Argentine Ambassador's Residence",
                "new_venue_this_year": "No",
                "start": "10:00:00",
                "ticketed_events": "No",
                "url": "https://programme.openhouse.org.uk/listings/2060"
            },
            "type": "Feature"
        },
        {
            "geometry": {
                "coordinates": [
                    -0.1827407,
                    51.5653652
                ],
                "type": "Point"
            },
            "properties": {
                "balloted": "No",
                "description": "800ft long Grade II* listed pergola is designed in one of London's secret gardens at the rear of Inverforth House, Lord Leverhulme's London residence (1904-25).",
                "end": "12:30:00",
                "fully_booked": "Yes",
                "images": [
                    {
                        "archive_url": "https://raw.githubusercontent.com/infrastructureclub/open-house-london-images/master/images/2026/2106/building_2106_img_5498_c50853764d51e9c6a768331a82ae4937.jpeg",
                        "title": "Photo of Hampstead Heath Pergola"
                    },
                    {
                        "archive_url": "https://raw.githubusercontent.com/infrastructureclub/open-house-london-images/master/images/2026/2106/building_2106_img_5507_6f45c36f1c90ac422e412d9e20f396f7.jpeg",
                        "title": "Photo of Hampstead Heath Pergola"
                    },
                    {
                        "archive_url": "https://raw.githubusercontent.com/infrastructureclub/open-house-london-images/master/images/2026/2106/building_2106_img_5510_ef4ad9e4ebb38d0e5241e568eb92e6de.jpeg",
                        "title": "Photo of Hampstead Heath Pergola"
                    },
                    {
                        "archive_url": "https://raw.githubusercontent.com/infrastructureclub/open-house-london-images/master/images/2026/2106/building_2106_img_5543_36f15eaba5103b2a4dcc30fe3502fdaa.jpeg",
                        "title": "Photo of Hampstead Heath Pergola"
                    }
                ],
                "name": "Hampstead Heath Pergola",
                "new_venue_this_year": "Yes",
                "start": "11:00:00",
                "ticketed_events": "Yes",
                "url": "https://programme.openhouse.org.uk/listings/2106"
            },
            "type": "Feature"
        },
        {
            "geometry": {
                "coordinates": [
                    -0.26898,
                    51.42213
                ],
                "type": "Point"
            },
            "properties": {
                "balloted": "No",
                "description": "Completed in 1968 by Kenneth Wood, the house is an untouched time capsule of 1960s colour, innovation and design, with interiors  provided by the Conran Group. \r\n\r\nSituated in a quiet cul-de-sac on steeply sloping ground, the location was both an inspiration and a challenge for Ken Wood when creating the modern split-level design. The garden and pavilion gallery are also included in the tour.",
                "end": "16:30:00",
                "fully_booked": "Yes",
                "images": [
                    {
                        "archive_url": "https://raw.githubusercontent.com/infrastructureclub/open-house-london-images/master/images/2026/2144/building_2144_pickerautumn24-jimstephenson-9-print_a2c01e4d8b3da7f97f936d68a8211346.jpg",
                        "title": "The Stanley Picker Trust, Picker House"
                    },
                    {
                        "archive_url": "https://raw.githubusercontent.com/infrastructureclub/open-house-london-images/master/images/2026/2144/building_2144_pickerspring23-jimstephenson-1-print_a5ae6bb313f0e1c408e488cf0137d05c.jpg",
                        "title": "The Stanley Picker Trust, Picker House"
                    }
                ],
                "name": "The Stanley Picker Trust, Picker House",
                "new_venue_this_year": "No",
                "start": "11:00:00",
                "ticketed_events": "Yes",
                "url": "https://programme.openhouse.org.uk/listings/2144"
            },
            "type": "Feature"
        },
        {
            "geometry": {
                "coordinates": [
                    -0.13911,
                    51.43182
                ],
                "type": "Point"
            },
            "properties": {
                "balloted": "No",
                "description": "Outdoor pool 100x33 yards. One million gallons of unheated water. Iconic outdoor cubicle doors, fountain and café added in the 1930s, with Art Deco style entrance in 2001. Sports hall pavilion added in 2016.",
                "end": "16:00:00",
                "fully_booked": "",
                "images": [
                    {
                        "archive_url": "https://raw.githubusercontent.com/infrastructureclub/open-house-london-images/master/images/2026/2181/building_2181_alexmcfayden_2_80e9d4a4dde7c123330dc07d53e9bbb3.JPG",
                        "title": "Alex McFadyen"
                    },
                    {
                        "archive_url": "https://raw.githubusercontent.com/infrastructureclub/open-house-london-images/master/images/2026/2181/building_2181_alexmcfayden_4_smaller_5075d59389c4baa54e3f8592328cffa4.jpg",
                        "title": "Alex McFadyen"
                    },
                    {
                        "archive_url": "https://raw.githubusercontent.com/infrastructureclub/open-house-london-images/master/images/2026/2181/building_2181_2001_entrance_6105e3699f513f5b3471b5d52d2325df.jpg",
                        "title": "SLSC"
                    },
                    {
                        "archive_url": "https://raw.githubusercontent.com/infrastructureclub/open-house-london-images/master/images/2026/2181/building_2181_pavilion-2_c4f4a59bf0403db80cd4f11c225fa3a5.jpg",
                        "title": "Gail McLean"
                    },
                    {
                        "archive_url": "https://raw.githubusercontent.com/infrastructureclub/open-house-london-images/master/images/2026/2181/building_2181_pavilion-1_8caa4b1bbaf8895608872e52d084d88b.jpg",
                        "title": "Gail McLean"
                    },
                    {
                        "archive_url": "https://raw.githubusercontent.com/infrastructureclub/open-house-london-images/master/images/2026/2181/building_2181_pavilion_132d42e8c422fd3f8f8091c86ddffd40.jpg",
                        "title": "Gail McLean"
                    },
                    {
                        "archive_url": "https://raw.githubusercontent.com/infrastructureclub/open-house-london-images/master/images/2026/2181/building_2181_murals_8f76eaefa00ef6004af76abeb02ae226.jpg",
                        "title": "Photo of Tooting Bec Lido"
                    }
                ],
                "name": "Tooting Bec Lido",
                "new_venue_this_year": "No",
                "start": "09:00:00",
                "ticketed_events": "No",
                "url": "https://programme.openhouse.org.uk/listings/2181"
            },
            "type": "Feature"
        },
        {
            "geometry": {
                "coordinates": [
                    0.00894,
                    51.50862
                ],
                "type": "Point"
            },
            "properties": {
                "balloted": "No",
                "description": "Home to London's only lighthouse, fine stock buildings, examples of the innovative Container City buildings and SS Robin, the world’s only surviving complete\r\nVictorian steamship. This former buoy manufacturing site is now a centre for the creative industries with various sculptures and installations.",
                "end": "17:00:00",
                "fully_booked": "No",
                "images": [
                    {
                        "archive_url": "https://raw.githubusercontent.com/infrastructureclub/open-house-london-images/master/images/2026/2205/building_2205_web-size-aerial-drone-tbw-2024-1-copy_f14096fc7e696aad476a5fad31b60ab4.jpg",
                        "title": "Photo of Trinity Buoy Wharf/Container City"
                    },
                    {
                        "archive_url": "https://raw.githubusercontent.com/infrastructureclub/open-house-london-images/master/images/2026/2205/building_2205_credit-harry-dwyer-3_0748fbe3e348214949b50af301670c10.jpg",
                        "title": "Photo of Trinity Buoy Wharf/Container City"
                    },
                    {
                        "archive_url": "https://raw.githubusercontent.com/infrastructureclub/open-house-london-images/master/images/2026/2205/building_2205_edited-trinity-buoy-wharf-lighthouse_dae022228ce9ba089ce5d3627a161aa9.jpg",
                        "title": "Photo of Trinity Buoy Wharf/Container City"
                    },
                    {
                        "archive_url": "https://raw.githubusercontent.com/infrastructureclub/open-house-london-images/master/images/2026/2205/building_2205_trinity-buoy-wharf-11_e0d6b8d3b2581db49fd8e02c2ba6fa54.jpg",
                        "title": "Photo of Trinity Buoy Wharf/Container City"
                    },
                    {
                        "archive_url": "https://raw.githubusercontent.com/infrastructureclub/open-house-london-images/master/images/2026/2205/building_2205_trinity-buoy-wharf-3_ed68af16d09e30d669f2d5a68c920d5a.jpg",
                        "title": "Photo of Trinity Buoy Wharf/Container City"
                    },
                    {
                        "archive_url": "https://raw.githubusercontent.com/infrastructureclub/open-house-london-images/master/images/2026/2205/building_2205_the-orchard-cafe_657f58ada302190ee51c50c5383fdd58.jpg",
                        "title": "Photo of Trinity Buoy Wharf/Container City"
                    }
                ],
                "name": "Trinity Buoy Wharf/Container City",
                "new_venue_this_year": "No",
                "start": "11:00:00",
                "ticketed_events": "Yes",
                "url": "https://programme.openhouse.org.uk/listings/2205"
            },
            "type": "Feature"
        },
        {
            "geometry": {
                "coordinates": [
                    -0.13008,
                    51.4975
                ],
                "type": "Point"
            },
            "properties": {
                "balloted": "No",
                "description": "Modern red brick building purpose-built to house the City of Westminster's historic records. Opportunity to visit the conservation studio and see treasures of the archives.",
                "end": "15:00:00",
                "fully_booked": "",
                "images": [
                    {
                        "archive_url": "https://raw.githubusercontent.com/infrastructureclub/open-house-london-images/master/images/2026/2336/building_2336_media-37_b5be8d4106dea531dbbc563c2ced4e76.jpg",
                        "title": "Photo of City of Westminster Archives Centre"
                    },
                    {
                        "archive_url": "https://raw.githubusercontent.com/infrastructureclub/open-house-london-images/master/images/2026/2336/building_2336_st-margaret-s-overseers-accounts-1595_615fba1e719806f6c0caf29d87fe9299.jpg",
                        "title": "Photo of City of Westminster Archives Centre"
                    },
                    {
                        "archive_url": "https://raw.githubusercontent.com/infrastructureclub/open-house-london-images/master/images/2026/2336/building_2336_archives-exterior_9efc66cccdd350e681f5fcb145ab9669.jpeg",
                        "title": "Photo of City of Westminster Archives Centre"
                    }
                ],
                "name": "City of Westminster Archives Centre",
                "new_venue_this_year": "No",
                "start": "10:00:00",
                "ticketed_events": "No",
                "url": "https://programme.openhouse.org.uk/listings/2336"
            },
            "type": "Feature"
        },
        {
            "geometry": {
                "coordinates": [
                    -0.33238,
                    51.46581
                ],
                "type": "Point"
            },
            "properties": {
                "balloted": "No",
                "description": "Victorian era stable blocks which were converted to art studios in the late 1990s with National Lottery grant funding. \r\n\r\nThe first artists took up leased studio spaces in 1995 and ‘Artists at Redlees’ was born.  \r\n\r\nFacilities include work spaces, reception large open gallery, and three kiln rooms.",
                "end": "16:30:00",
                "fully_booked": "",
                "images": [
                    {
                        "archive_url": "https://raw.githubusercontent.com/infrastructureclub/open-house-london-images/master/images/2026/2341/building_2341_img_20260526_150938691-003_437fe65de0dcbfa22ac6b4695c43a19b.jpg",
                        "title": "Photo of Redlees Studios"
                    },
                    {
                        "archive_url": "https://raw.githubusercontent.com/infrastructureclub/open-house-london-images/master/images/2026/2341/building_2341_dji_fly_20241130_135352_496_1732975386148_photo-002_97198922604076cb904d5a6de140d29f.jpg",
                        "title": "Photo of Redlees Studios"
                    },
                    {
                        "archive_url": "https://raw.githubusercontent.com/infrastructureclub/open-house-london-images/master/images/2026/2341/building_2341_dji_fly_20241130_135646_510_1732975360632_photo-002_d390ad6ee8f8715725b0d7998db23f44.jpg",
                        "title": "Photo of Redlees Studios"
                    },
                    {
                        "archive_url": "https://raw.githubusercontent.com/infrastructureclub/open-house-london-images/master/images/2026/2341/building_2341_dsc00430-002_86451800794a16d21f8e3d9e59e41187.jpg",
                        "title": "Photo of Redlees Studios"
                    },
                    {
                        "archive_url": "https://raw.githubusercontent.com/infrastructureclub/open-house-london-images/master/images/2026/2341/building_2341_dji_fly_20241130_135534_503_1732975375209_photo-002_2fa3abf9f0bb683a57df00599b48dd3a.jpg",
                        "title": "Photo of Redlees Studios"
                    },
                    {
                        "archive_url": "https://raw.githubusercontent.com/infrastructureclub/open-house-london-images/master/images/2026/2341/building_2341_img_20260526_150837991-003_b51ee83f2a6473e5f083e0daf74ea816.jpg",
                        "title": "Photo of Redlees Studios"
                    },
                    {
                        "archive_url": "https://raw.githubusercontent.com/infrastructureclub/open-house-london-images/master/images/2026/2341/building_2341_redlees-house-2-003_c12e5f903cc238226d5b24fb33308949.jpg",
                        "title": "Photo of Redlees Studios"
                    }
                ],
                "name": "Redlees Studios",
                "new_venue_this_year": "Yes",
                "start": "10:00:00",
                "ticketed_events": "No",
                "url": "https://programme.openhouse.org.uk/listings/2341"
            },
            "type": "Feature"
        },
        {
            "geometry": {
                "coordinates": [
                    -0.1248869,
                    51.5076423
                ],
                "type": "Point"
            },
            "properties": {
                "balloted": "No",
                "description": "Just steps from Trafalgar Square, is Benjamin Franklin House, the world's only remaining Franklin home.\r\n\r\nFor nearly sixteen years between 1757 and 1775, Benjamin Franklin – scientist, diplomat, philosopher, inventor, and Founding Father of the United States – lived behind its doors.\r\n\r\nBuilt circa 1730, we are a Grade I listed house, with largely original flooring and wall paneling.",
                "end": "15:00:00",
                "fully_booked": "",
                "images": [
                    {
                        "archive_url": "https://raw.githubusercontent.com/infrastructureclub/open-house-london-images/master/images/2026/2347/building_2347_108471840_10157814229813191_5282745387740849018_n_28bff91e5fd34e2d8576cad3350cfebf.jpg",
                        "title": "Mark Weeks Photography"
                    },
                    {
                        "archive_url": "https://raw.githubusercontent.com/infrastructureclub/open-house-london-images/master/images/2026/2347/building_2347_bfh-exterior-19_8c6e1c0e1ddd5f5768ad51de39a943a2.jpg",
                        "title": "© Benjamin Franklin House"
                    },
                    {
                        "archive_url": "https://raw.githubusercontent.com/infrastructureclub/open-house-london-images/master/images/2026/2347/building_2347_202_1201b7fce20dde491bf1debd7a74bc6f.jpg",
                        "title": "Mark Weeks Photography"
                    },
                    {
                        "archive_url": "https://raw.githubusercontent.com/infrastructureclub/open-house-london-images/master/images/2026/2347/building_2347__mg_2524_aaf4004b43cdaaaee343213af526438c.jpg",
                        "title": "Photo of Benjamin Franklin House"
                    },
                    {
                        "archive_url": "https://raw.githubusercontent.com/infrastructureclub/open-house-london-images/master/images/2026/2347/building_2347_glass-armonica-500x500_e35967870e1a9925aa77af54af5dd811.jpg",
                        "title": "Photo of Benjamin Franklin House"
                    },
                    {
                        "archive_url": "https://raw.githubusercontent.com/infrastructureclub/open-house-london-images/master/images/2026/2347/building_2347_bfh-historical-experience_73f3fbc276c403bcee72ef4b6b58a913.jpg",
                        "title": "Photo of Benjamin Franklin House"
                    },
                    {
                        "archive_url": "https://raw.githubusercontent.com/infrastructureclub/open-house-london-images/master/images/2026/2347/building_2347_img_4118_c68e6026647cfb42f51273597b3bb6a3.jpg",
                        "title": "Photo of Benjamin Franklin House"
                    }
                ],
                "name": "Benjamin Franklin House",
                "new_venue_this_year": "No",
                "start": "10:00:00",
                "ticketed_events": "No",
                "url": "https://programme.openhouse.org.uk/listings/2347"
            },
            "type": "Feature"
        },
        {
            "geometry": {
                "coordinates": [
                    -0.2355918,
                    51.4905675
                ],
                "type": "Point"
            },
            "properties": {
                "balloted": "No",
                "description": "Residence of Sir Francis Ronalds, George MacDonald and (from 1878-96) William Morris. Organised by the William Morris Society. Access to the William Morris Society's premises in the Coach House and basement only, including the current exhibition.",
                "end": "17:00:00",
                "fully_booked": "",
                "images": [
                    {
                        "archive_url": "https://raw.githubusercontent.com/infrastructureclub/open-house-london-images/master/images/2026/2387/building_2387__w9a1101-75_ff9f8fe32c09d71e5eccadbc2f37c9f6.jpg",
                        "title": "William Morris Society - Kelmscott House"
                    },
                    {
                        "archive_url": "https://raw.githubusercontent.com/infrastructureclub/open-house-london-images/master/images/2026/2387/building_2387__w9a5485-269_574031b8106f11146373b41e6be53646.jpg",
                        "title": "William Morris Society - Kelmscott House"
                    },
                    {
                        "archive_url": "https://raw.githubusercontent.com/infrastructureclub/open-house-london-images/master/images/2026/2387/building_2387__w9a5466-264_d24257afd76975ce536245c0e5017b71.jpg",
                        "title": "William Morris Society - Kelmscott House"
                    },
                    {
                        "archive_url": "https://raw.githubusercontent.com/infrastructureclub/open-house-london-images/master/images/2026/2387/building_2387__w9a5416-241_eb866732c1f4622a858c953ecf8498b6.jpg",
                        "title": "William Morris Society - Kelmscott House"
                    },
                    {
                        "archive_url": "https://raw.githubusercontent.com/infrastructureclub/open-house-london-images/master/images/2026/2387/building_2387__w9a5194-hdr-193_77d38646405f5a057e03050757879b08.jpg",
                        "title": "William Morris Society - Kelmscott House"
                    },
                    {
                        "archive_url": "https://raw.githubusercontent.com/infrastructureclub/open-house-london-images/master/images/2026/2387/building_2387__w9a5508-278_b966d6352c42794ae094ce3ac0a525e6.jpg",
                        "title": "William Morris Society - Kelmscott House"
                    },
                    {
                        "archive_url": "https://raw.githubusercontent.com/infrastructureclub/open-house-london-images/master/images/2026/2387/building_2387__w9a1097-72-1_aa1a03cb1f0b500d5a8728bb691a86be.jpg",
                        "title": "William Morris Society - Kelmscott House"
                    }
                ],
                "name": "William Morris Society - Kelmscott House",
                "new_venue_this_year": "No",
                "start": "10:00:00",
                "ticketed_events": "No",
                "url": "https://programme.openhouse.org.uk/listings/2387"
            },
            "type": "Feature"
        },
        {
            "geometry": {
                "coordinates": [
                    -0.23263,
                    51.43312
                ],
                "type": "Point"
            },
            "properties": {
                "balloted": "No",
                "description": "Rare example of a hollow post mill (1817). Grade II* listed, it now contains a museum depicting the history and development of windmills in Britain. Many working models, windmill machinery, equipment and tools.",
                "end": "17:00:00",
                "fully_booked": "",
                "images": [
                    {
                        "archive_url": "https://raw.githubusercontent.com/infrastructureclub/open-house-london-images/master/images/2026/2396/building_2396_wimbledon-windmill-a_60723a9db5cf094360076c9b2916de14.jpg",
                        "title": "Dudley Smith"
                    },
                    {
                        "archive_url": "https://raw.githubusercontent.com/infrastructureclub/open-house-london-images/master/images/2026/2396/building_2396_the-windmill-as-it-was-in-its-working-days_67333b71460ae417d3cec1cea2f1d9ef.jpg",
                        "title": "Dudley Smith"
                    },
                    {
                        "archive_url": "https://raw.githubusercontent.com/infrastructureclub/open-house-london-images/master/images/2026/2396/building_2396_part-of-the-tool-collection_05d3a59b7b0a0def0082eb588cc9589a.jpg",
                        "title": "Dudley Smith"
                    }
                ],
                "name": "Wimbledon Windmill Museum",
                "new_venue_this_year": "No",
                "start": "14:00:00",
                "ticketed_events": "No",
                "url": "https://programme.openhouse.org.uk/listings/2396"
            },
            "type": "Feature"
        },
        {
            "geometry": {
                "coordinates": [
                    0.06696,
                    51.41915
                ],
                "type": "Point"
            },
            "properties": {
                "balloted": "No",
                "description": "Fine Victorian church with large mosaic and painted reredos, screen and wall paintings and some unusual glass. Arts and crafts decoration by Nathaniel Westlake and Salviati Bros.",
                "end": "16:00:00",
                "fully_booked": "No",
                "images": [
                    {
                        "archive_url": "https://raw.githubusercontent.com/infrastructureclub/open-house-london-images/master/images/2026/2469/building_2469_soc3_da49e066cae22be126dc025e49b26fef.jpg",
                        "title": "Paul Farthing"
                    }
                ],
                "name": "Church of the Annunciation",
                "new_venue_this_year": "No",
                "start": "09:00:00",
                "ticketed_events": "Yes",
                "url": "https://programme.openhouse.org.uk/listings/2469"
            },
            "type": "Feature"
        },
        {
            "geometry": {
                "coordinates": [
                    -0.08285,
                    51.65298
                ],
                "type": "Point"
            },
            "properties": {
                "balloted": "No",
                "description": "Grade ll Listed church, that has been much added to over the 800 years of its existence. We have  recently refurbished the organ which has a fine circa 1750s wooden organ case.  The Church has an eight-bell peal still in weekly use– the oldest bell dates from 1680.",
                "end": "16:00:00",
                "fully_booked": "",
                "images": [
                    {
                        "archive_url": "https://raw.githubusercontent.com/infrastructureclub/open-house-london-images/master/images/2026/2479/building_2479_dsc_0377_c996697c80ab084898dba4268652023a.JPG",
                        "title": "Jeremy Taylor"
                    },
                    {
                        "archive_url": "https://raw.githubusercontent.com/infrastructureclub/open-house-london-images/master/images/2026/2479/building_2479_wp_20170605_17_37_31_pro-2_5fcdab09b1a5e38d6985109e2c9b5fa6.jpg",
                        "title": "Jeremy Taylor"
                    },
                    {
                        "archive_url": "https://raw.githubusercontent.com/infrastructureclub/open-house-london-images/master/images/2026/2479/building_2479_dsc_0373_1f27b0713f33777fbcbe8d3d718d95ae.JPG",
                        "title": "Jeremy Taylor"
                    }
                ],
                "name": "Parish Church of St Andrew, Enfield",
                "new_venue_this_year": "No",
                "start": "10:00:00",
                "ticketed_events": "No",
                "url": "https://programme.openhouse.org.uk/listings/2479"
            },
            "type": "Feature"
        },
        {
            "geometry": {
                "coordinates": [
                    -0.1916647,
                    51.53353509999999
                ],
                "type": "Point"
            },
            "properties": {
                "balloted": "No",
                "description": "St. Augustine's, Kilburn affectionately known as 'The Cathedral of North London' was established in 1870. Fr. Kirkpatrick, the first Vicar, engaged John Loughborough Pearson as the architect with the result being what many consider one of his finest works. Externally in 1890 with the tower and spire it became the 2nd tallest building in London (now ecclesiastically 2nd to St. Paul's Cathedral).",
                "end": "16:00:00",
                "fully_booked": "No",
                "images": [
                    {
                        "archive_url": "https://raw.githubusercontent.com/infrastructureclub/open-house-london-images/master/images/2026/2490/building_2490_4444_2655fdea7a05994093f41aec7202ab94.jpg",
                        "title": "Photo of St Augustine's Church"
                    },
                    {
                        "archive_url": "https://raw.githubusercontent.com/infrastructureclub/open-house-london-images/master/images/2026/2490/building_2490_222-1_70cec86469aa256758388aff55a5d630.jpg",
                        "title": "Photo of St Augustine's Church"
                    }
                ],
                "name": "St Augustine's Church",
                "new_venue_this_year": "No",
                "start": "10:00:00",
                "ticketed_events": "Yes",
                "url": "https://programme.openhouse.org.uk/listings/2490"
            },
            "type": "Feature"
        },
        {
            "geometry": {
                "coordinates": [
                    -0.1088368,
                    51.4982463
                ],
                "type": "Point"
            },
            "properties": {
                "balloted": "No",
                "description": "A stunning cathedral in the heart of London. Discover the story of a forgotten masterpiece. Designed by Augustus Pugin and opened in 1848, the original cathedral was hailed as England's foremost Catholic church before an incendiary bomb devastated the building in 1941. Explore the history, architecture and legacy that shaped the Cathedral you see today—and discover its remarkable story.",
                "end": "17:00:00",
                "fully_booked": "",
                "images": [
                    {
                        "archive_url": "https://raw.githubusercontent.com/infrastructureclub/open-house-london-images/master/images/2026/2502/building_2502_img_0187_4febec197ee63a29b7807ca5e339120a.jpg",
                        "title": "Photo of St George's Cathedral"
                    },
                    {
                        "archive_url": "https://raw.githubusercontent.com/infrastructureclub/open-house-london-images/master/images/2026/2502/building_2502_main-window_11f4f975224831ec2e5fa997e412aafb.jpg",
                        "title": "Photo of St George's Cathedral"
                    },
                    {
                        "archive_url": "https://raw.githubusercontent.com/infrastructureclub/open-house-london-images/master/images/2026/2502/building_2502_img_0061_32417627487755744b2ec347dbcdf6b8.jpg",
                        "title": "Photo of St George's Cathedral"
                    },
                    {
                        "archive_url": "https://raw.githubusercontent.com/infrastructureclub/open-house-london-images/master/images/2026/2502/building_2502_img_9677_47352922219bd3a7561a8304ca4d81fd.jpg",
                        "title": "Photo of St George's Cathedral"
                    }
                ],
                "name": "St George's Cathedral",
                "new_venue_this_year": "Yes",
                "start": "10:00:00",
                "ticketed_events": "No",
                "url": "https://programme.openhouse.org.uk/listings/2502"
            },
            "type": "Feature"
        },
        {
            "geometry": {
                "coordinates": [
                    0.19029,
                    51.51843
                ],
                "type": "Point"
            },
            "properties": {
                "balloted": "No",
                "description": "Grade I listed Norman church with notable chancel arch with chevron and nailhead ornament, built by Richard De Lucy.",
                "end": "16:00:00",
                "fully_booked": "",
                "images": [
                    {
                        "archive_url": "https://raw.githubusercontent.com/infrastructureclub/open-house-london-images/master/images/2026/2507/building_2507_rainham-parish-church_28_06639682dfb3d5647ed4972ded5c1447.jpg",
                        "title": "Alan Dell"
                    },
                    {
                        "archive_url": "https://raw.githubusercontent.com/infrastructureclub/open-house-london-images/master/images/2026/2507/building_2507_rainham-church-for-puzzle_b023100451d8c1100049cf3c3394c568.jpg",
                        "title": "Alan Dell"
                    },
                    {
                        "archive_url": "https://raw.githubusercontent.com/infrastructureclub/open-house-london-images/master/images/2026/2507/building_2507_rainham-parish-church_12_bbe588586c1573866d7eaa660f5f627a.jpg",
                        "title": "Alan Dell"
                    },
                    {
                        "archive_url": "https://raw.githubusercontent.com/infrastructureclub/open-house-london-images/master/images/2026/2507/building_2507_rainham-parish-church_7_8hdr-web_d8b78e29175ec7f92491ccc7cbacb6a2.jpg",
                        "title": "Alan Dell"
                    },
                    {
                        "archive_url": "https://raw.githubusercontent.com/infrastructureclub/open-house-london-images/master/images/2026/2507/building_2507_rainham-parish-church_9_7e624271578fb2b8c3f148847cbbcefc.jpg",
                        "title": "Alan Dell"
                    },
                    {
                        "archive_url": "https://raw.githubusercontent.com/infrastructureclub/open-house-london-images/master/images/2026/2507/building_2507_rainham-parish-church_d1a8ad90f8f6d9cad779e40300c489be.jpg",
                        "title": "Alan Dell"
                    },
                    {
                        "archive_url": "https://raw.githubusercontent.com/infrastructureclub/open-house-london-images/master/images/2026/2507/building_2507_rainham-parish-church_2_051697bef090efff22e7c37a67b5e353.jpg",
                        "title": "Alan Dell"
                    },
                    {
                        "archive_url": "https://raw.githubusercontent.com/infrastructureclub/open-house-london-images/master/images/2026/2507/building_2507_rainham-parish-church_32_66b70a7c22d1b54b1e48deedfaa86f46.jpg",
                        "title": "Alan Dell"
                    },
                    {
                        "archive_url": "https://raw.githubusercontent.com/infrastructureclub/open-house-london-images/master/images/2026/2507/building_2507_rainham-parish-church_25_5c220c38013129efafd49e22f427af52.jpg",
                        "title": "Alan Dell"
                    }
                ],
                "name": "Rainham Parish Church of St Helen and St Giles",
                "new_venue_this_year": "No",
                "start": "10:00:00",
                "ticketed_events": "No",
                "url": "https://programme.openhouse.org.uk/listings/2507"
            },
            "type": "Feature"
        },
        {
            "geometry": {
                "coordinates": [
                    -0.17138,
                    51.47864
                ],
                "type": "Point"
            },
            "properties": {
                "balloted": "No",
                "description": "During Open House, the Friends of Battersea Parish Church present a Floral Festival, organ recitals, historical displays, alongside 3 talks exploring history, creativity, sanctuary & Battersea’s radical past. Sat 12 Sept Dr. Peter Rumley at 6pm, Tues 15 Guy Stagg at 6.30pm,  Thurs 17 at 6.30pm Rory Walsh & Mike Squires.  Plus Join us for Choral Evensong amidst the flowers at St Mary’s Battersea.",
                "end": "20:00:00",
                "fully_booked": "No",
                "images": [
                    {
                        "archive_url": "https://raw.githubusercontent.com/infrastructureclub/open-house-london-images/master/images/2026/2533/building_2533_st-marys_a2b7ed70bb7cc4a5a26a096fb882503d.jpeg",
                        "title": "Photo of St Mary's Church, Battersea"
                    },
                    {
                        "archive_url": "https://raw.githubusercontent.com/infrastructureclub/open-house-london-images/master/images/2026/2533/building_2533_untitled-2-of-29_02c2a647df4611b359f3fff31d48a443.jpeg",
                        "title": "Photo of St Mary's Church, Battersea"
                    }
                ],
                "name": "St Mary's Church, Battersea",
                "new_venue_this_year": "No",
                "start": "10:00:00",
                "ticketed_events": "Yes",
                "url": "https://programme.openhouse.org.uk/listings/2533"
            },
            "type": "Feature"
        },
        {
            "geometry": {
                "coordinates": [
                    -0.10166,
                    51.48463
                ],
                "type": "Point"
            },
            "properties": {
                "balloted": "No",
                "description": "Modern architecture church with large copper and lead roof and concrete, brick and stained glass external structure. Marble, wood and plaster interior and artwork by Sculptor Freda Pinto and Gerald Holtom.",
                "end": "14:00:00",
                "fully_booked": "",
                "images": [
                    {
                        "archive_url": "https://raw.githubusercontent.com/infrastructureclub/open-house-london-images/master/images/2026/2556/building_2556_exteriorside_963b49c8b8f5fbe81f216efad67a1061.jpg",
                        "title": "St Paul's Church"
                    },
                    {
                        "archive_url": "https://raw.githubusercontent.com/infrastructureclub/open-house-london-images/master/images/2026/2556/building_2556_figure0741-084-b_25fc81df6e95d19183d756f2012b2aab.gif",
                        "title": "Photo of St Paul's, Newington"
                    },
                    {
                        "archive_url": "https://raw.githubusercontent.com/infrastructureclub/open-house-london-images/master/images/2026/2556/building_2556_stpaulsaltar_oh_04c71fb02cf0289f5ab5463ed23bda74.jpg",
                        "title": "St Paul's Church "
                    },
                    {
                        "archive_url": "https://raw.githubusercontent.com/infrastructureclub/open-house-london-images/master/images/2026/2556/building_2556_stpinner2-oh_c06683beb34b10e3ba058208f65b2a8f.jpg",
                        "title": "St Paul's Church"
                    },
                    {
                        "archive_url": "https://raw.githubusercontent.com/infrastructureclub/open-house-london-images/master/images/2026/2556/building_2556_img_20200117_134620_903622a70744f68faf532134d40b4c76.jpg",
                        "title": "Photo of St Paul's, Newington"
                    },
                    {
                        "archive_url": "https://raw.githubusercontent.com/infrastructureclub/open-house-london-images/master/images/2026/2556/building_2556_mainbalconyinterior_c06826737a50a8be55008d4ce145582e.jpg",
                        "title": "St Paul's Church"
                    },
                    {
                        "archive_url": "https://raw.githubusercontent.com/infrastructureclub/open-house-london-images/master/images/2026/2556/building_2556_windowcrossinterior_f3810e880960009d24f364bbd6051af3.jpg",
                        "title": "St Paul's Church"
                    },
                    {
                        "archive_url": "https://raw.githubusercontent.com/infrastructureclub/open-house-london-images/master/images/2026/2556/building_2556_christinglory_6a93fc1ba2b024e8129c32067f21f988.jpg",
                        "title": "Freda Skinner"
                    }
                ],
                "name": "St Paul's, Newington",
                "new_venue_this_year": "No",
                "start": "10:30:00",
                "ticketed_events": "No",
                "url": "https://programme.openhouse.org.uk/listings/2556"
            },
            "type": "Feature"
        },
        {
            "geometry": {
                "coordinates": [
                    -0.29062,
                    51.51424
                ],
                "type": "Point"
            },
            "properties": {
                "balloted": "No",
                "description": "Saturday 12th September. Meet at the Iron Duke sculpture for a 2.00 p.m. start. Ends at 3.30 p.m. with refreshments at All Saints Church. Walk along the perimeter of  Ealing Common, taking in the range of architectural styles. Highlights: the home of a Wimbledon champion and the death mask of a prime minister.",
                "end": "15:30:00",
                "fully_booked": "Yes",
                "images": [
                    {
                        "archive_url": "https://raw.githubusercontent.com/infrastructureclub/open-house-london-images/master/images/2026/2574/building_2574_st-matthews_f17c403ca0069a490f9bff18a549e950.jpg",
                        "title": "Victorian Geometric Gothic"
                    },
                    {
                        "archive_url": "https://raw.githubusercontent.com/infrastructureclub/open-house-london-images/master/images/2026/2574/building_2574_greystone-house_b29256b0d607b66a5dec2b03e4619e6d.jpg",
                        "title": "Unknown"
                    }
                ],
                "name": "Ealing Common Walk",
                "new_venue_this_year": "No",
                "start": "14:00:00",
                "ticketed_events": "Yes",
                "url": "https://programme.openhouse.org.uk/listings/2574"
            },
            "type": "Feature"
        },
        {
            "geometry": {
                "coordinates": [
                    -0.12892,
                    51.50802
                ],
                "type": "Point"
            },
            "properties": {
                "balloted": "No",
                "description": "Canada's diplomatic home in the United Kingdom, the revitalised Canada House serves as a showcase for the very best of Canadian art and design in the 21C.",
                "end": "16:00:00",
                "fully_booked": "Yes",
                "images": [
                    {
                        "archive_url": "https://raw.githubusercontent.com/infrastructureclub/open-house-london-images/master/images/2026/2783/building_2783_canada-house-ben-blossom_5f109df95b3c20c99159e7314b48f731.jpg",
                        "title": "Photo of Canada House"
                    },
                    {
                        "archive_url": "https://raw.githubusercontent.com/infrastructureclub/open-house-london-images/master/images/2026/2783/building_2783_eb-stamp_canada_house_with_flag_to_fit_fd0a0d196431d1a3af190b04980b8a00.jpg",
                        "title": "High Commission of Canada"
                    },
                    {
                        "archive_url": "https://raw.githubusercontent.com/infrastructureclub/open-house-london-images/master/images/2026/2783/building_2783_51_chc_fit-out13_v2_lr-11_abe2090dc66385d0b83c549aca49119e.jpg",
                        "title": "Photo of Canada House"
                    },
                    {
                        "archive_url": "https://raw.githubusercontent.com/infrastructureclub/open-house-london-images/master/images/2026/2783/building_2783_canada-house-external_c4d5f9c71812b7dc77887a4613afb25e.jpg",
                        "title": "Photo of Canada House"
                    },
                    {
                        "archive_url": "https://raw.githubusercontent.com/infrastructureclub/open-house-london-images/master/images/2026/2783/building_2783_canada_house-with-flag-re-touch-no_side_flag_90946b8bcd129d1b77c414d651c57f77.jpg",
                        "title": "Photo of Canada House"
                    },
                    {
                        "archive_url": "https://raw.githubusercontent.com/infrastructureclub/open-house-london-images/master/images/2026/2783/building_2783_chc_4_terrace_7092_hr_v2_20e54b95cee59abadcfd81b8b049f292.jpg",
                        "title": "Photo of Canada House"
                    },
                    {
                        "archive_url": "https://raw.githubusercontent.com/infrastructureclub/open-house-london-images/master/images/2026/2783/building_2783_chc_ext2_9257_hr_48dad66a953740715b97e47d79906629.jpg",
                        "title": "Photo of Canada House"
                    },
                    {
                        "archive_url": "https://raw.githubusercontent.com/infrastructureclub/open-house-london-images/master/images/2026/2783/building_2783_img_6371_9c819f9c795b72a49550afcc81243afb.jpg",
                        "title": "Photo of Canada House"
                    },
                    {
                        "archive_url": "https://raw.githubusercontent.com/infrastructureclub/open-house-london-images/master/images/2026/2783/building_2783_maple_1857c8351e7b46b7c9386aba366f1e9e.jpg",
                        "title": "Photo of Canada House"
                    }
                ],
                "name": "Canada House",
                "new_venue_this_year": "No",
                "start": "10:00:00",
                "ticketed_events": "Yes",
                "url": "https://programme.openhouse.org.uk/listings/2783"
            },
            "type": "Feature"
        },
        {
            "geometry": {
                "coordinates": [
                    0.03717,
                    51.48059
                ],
                "type": "Point"
            },
            "properties": {
                "balloted": "No",
                "description": "Charlton House is one of the UK's few remaining Jacobean manor homes and a Grade-I listed building. Find it in Charlton Park, southeast London. Built between 1607-1612 for Sir Adam Newton, tutor to Henry, Prince of Wales, many original features still exist. They include red brick with stone dressings, oak staircases, panelled rooms, strapwork ceilings, and original fireplaces.",
                "end": "15:30:00",
                "fully_booked": "No",
                "images": [
                    {
                        "archive_url": "https://raw.githubusercontent.com/infrastructureclub/open-house-london-images/master/images/2026/2840/building_2840_dsc_0985_0e812b4d67d9d208c2172e961c8da5a5.jpg",
                        "title": "Richard Hulttom"
                    },
                    {
                        "archive_url": "https://raw.githubusercontent.com/infrastructureclub/open-house-london-images/master/images/2026/2840/building_2840_dsc_1135_484cae922590c50cb73fe120e9646d15.jpg",
                        "title": "Photo of Charlton House & Gardens"
                    },
                    {
                        "archive_url": "https://raw.githubusercontent.com/infrastructureclub/open-house-london-images/master/images/2026/2840/building_2840_charlton-house-1_4927beaf28d794b8686055c965281a0f.jpg",
                        "title": "Photo of Charlton House & Gardens"
                    },
                    {
                        "archive_url": "https://raw.githubusercontent.com/infrastructureclub/open-house-london-images/master/images/2026/2840/building_2840_1_5bbea89136f74ad1aff3b63422803766.jpg",
                        "title": "Photo of Charlton House & Gardens"
                    },
                    {
                        "archive_url": "https://raw.githubusercontent.com/infrastructureclub/open-house-london-images/master/images/2026/2840/building_2840_2_8cf6e5a8021abf1a623c2c57148b4261.jpg",
                        "title": "Photo of Charlton House & Gardens"
                    },
                    {
                        "archive_url": "https://raw.githubusercontent.com/infrastructureclub/open-house-london-images/master/images/2026/2840/building_2840_3_b1be357abf116a10835f001e1c1d86d3.jpg",
                        "title": "Photo of Charlton House & Gardens"
                    },
                    {
                        "archive_url": "https://raw.githubusercontent.com/infrastructureclub/open-house-london-images/master/images/2026/2840/building_2840_4_666307aa676891a98fff803a350c7d3f.jpg",
                        "title": "Photo of Charlton House & Gardens"
                    },
                    {
                        "archive_url": "https://raw.githubusercontent.com/infrastructureclub/open-house-london-images/master/images/2026/2840/building_2840_5_4baf94cb0ae9bab3241cdb4461b8d6a6.jpg",
                        "title": "Photo of Charlton House & Gardens"
                    },
                    {
                        "archive_url": "https://raw.githubusercontent.com/infrastructureclub/open-house-london-images/master/images/2026/2840/building_2840_6_5224461002927ea556c014d23f7451cf.jpg",
                        "title": "Photo of Charlton House & Gardens"
                    },
                    {
                        "archive_url": "https://raw.githubusercontent.com/infrastructureclub/open-house-london-images/master/images/2026/2840/building_2840_7_155f32fff16ccacce67afa70ecc0f636.jpg",
                        "title": "Photo of Charlton House & Gardens"
                    },
                    {
                        "archive_url": "https://raw.githubusercontent.com/infrastructureclub/open-house-london-images/master/images/2026/2840/building_2840_10_ff66210f13baf3b8df821c908cdb639b.jpg",
                        "title": "Photo of Charlton House & Gardens"
                    },
                    {
                        "archive_url": "https://raw.githubusercontent.com/infrastructureclub/open-house-london-images/master/images/2026/2840/building_2840_9_8023bd3c3afd9281d9e9fcae20209eb2.jpg",
                        "title": "Photo of Charlton House & Gardens"
                    },
                    {
                        "archive_url": "https://raw.githubusercontent.com/infrastructureclub/open-house-london-images/master/images/2026/2840/building_2840_8_9963bb5bc06ad4c05b0e3a4ae2e6143e.jpg",
                        "title": "Photo of Charlton House & Gardens"
                    },
                    {
                        "archive_url": "https://raw.githubusercontent.com/infrastructureclub/open-house-london-images/master/images/2026/2840/building_2840_12_3ec30c4f7542eab0a9a7558bd61e04d8.jpg",
                        "title": "Photo of Charlton House & Gardens"
                    },
                    {
                        "archive_url": "https://raw.githubusercontent.com/infrastructureclub/open-house-london-images/master/images/2026/2840/building_2840_13_1bc4e39f6d84294ca55f79bbd6a1fbd9.jpg",
                        "title": "Photo of Charlton House & Gardens"
                    }
                ],
                "name": "Charlton House & Gardens",
                "new_venue_this_year": "No",
                "start": "11:00:00",
                "ticketed_events": "Yes",
                "url": "https://programme.openhouse.org.uk/listings/2840"
            },
            "type": "Feature"
        },
        {
            "geometry": {
                "coordinates": [
                    -0.12465,
                    51.51769
                ],
                "type": "Point"
            },
            "properties": {
                "balloted": "No",
                "description": "St George's Bloomsbury is one of the twelve new churches designed and paid for under the 1711 Act of Parliament for building fifty new Churches, and the sixth and final London Church designed by Hawksmoor.",
                "end": "16:00:00",
                "fully_booked": "",
                "images": [
                    {
                        "archive_url": "https://raw.githubusercontent.com/infrastructureclub/open-house-london-images/master/images/2026/2856/building_2856_004_44117bcb11ab44b8b07c8a4fab03a652.jpg",
                        "title": "Photo of St George's Bloomsbury"
                    },
                    {
                        "archive_url": "https://raw.githubusercontent.com/infrastructureclub/open-house-london-images/master/images/2026/2856/building_2856_church-scene_f09303546c75acf522a67a6ad872e978.jpg",
                        "title": "Photo of St George's Bloomsbury"
                    },
                    {
                        "archive_url": "https://raw.githubusercontent.com/infrastructureclub/open-house-london-images/master/images/2026/2856/building_2856_sgb-logo_a87b7c2bb6608253bedd8b9764978980.jpg",
                        "title": "Photo of St George's Bloomsbury"
                    },
                    {
                        "archive_url": "https://raw.githubusercontent.com/infrastructureclub/open-house-london-images/master/images/2026/2856/building_2856_tower-north_9fd30fbeb89abbf99ffc506f127fc9c2.jpg",
                        "title": "Photo of St George's Bloomsbury"
                    },
                    {
                        "archive_url": "https://raw.githubusercontent.com/infrastructureclub/open-house-london-images/master/images/2026/2856/building_2856_reredos_842d6d9ab2884d4e4218e4083b122446.jpg",
                        "title": "Photo of St George's Bloomsbury"
                    },
                    {
                        "archive_url": "https://raw.githubusercontent.com/infrastructureclub/open-house-london-images/master/images/2026/2856/building_2856_img_1640_ec27319f8aff87a5dc4e9ec416dccc15.jpg",
                        "title": "Photo of St George's Bloomsbury"
                    },
                    {
                        "archive_url": "https://raw.githubusercontent.com/infrastructureclub/open-house-london-images/master/images/2026/2856/building_2856_img_1643_60335fe0ab9f19cc2d53b05e3f66192e.jpg",
                        "title": "Photo of St George's Bloomsbury"
                    },
                    {
                        "archive_url": "https://raw.githubusercontent.com/infrastructureclub/open-house-london-images/master/images/2026/2856/building_2856_img_1633_4a52a779a9a0619a3f1a2d62ddc6a276.jpg",
                        "title": "Photo of St George's Bloomsbury"
                    },
                    {
                        "archive_url": "https://raw.githubusercontent.com/infrastructureclub/open-house-london-images/master/images/2026/2856/building_2856_img_1647_be5042684e011256004c791c1c46cdfb.jpg",
                        "title": "Photo of St George's Bloomsbury"
                    },
                    {
                        "archive_url": "https://raw.githubusercontent.com/infrastructureclub/open-house-london-images/master/images/2026/2856/building_2856_img_1636_fa53220bb6229178e597b42f0553a295.jpg",
                        "title": "Photo of St George's Bloomsbury"
                    },
                    {
                        "archive_url": "https://raw.githubusercontent.com/infrastructureclub/open-house-london-images/master/images/2026/2856/building_2856_img_1634-1_1a6acf60fc07da433c0b225ede1d4882.jpg",
                        "title": "Photo of St George's Bloomsbury"
                    },
                    {
                        "archive_url": "https://raw.githubusercontent.com/infrastructureclub/open-house-london-images/master/images/2026/2856/building_2856_img_8952_9fb326652367182c7466db590edc1087.jpg",
                        "title": "Photo of St George's Bloomsbury"
                    }
                ],
                "name": "St George's Bloomsbury",
                "new_venue_this_year": "No",
                "start": "10:00:00",
                "ticketed_events": "No",
                "url": "https://programme.openhouse.org.uk/listings/2856"
            },
            "type": "Feature"
        },
        {
            "geometry": {
                "coordinates": [
                    -0.12106,
                    51.51341
                ],
                "type": "Point"
            },
            "properties": {
                "balloted": "No",
                "description": "A Church of Scotland in London, home to the longest-established Presbyterian congregation in London, worshipping in this location in Covent Garden since 1719. The current building is red brick with Portland stone dressings in a restrained, finely crafted Free Style. Three storeys, recessed slated attic, mullioned and transomed windows. Fine stained glass, most of which is by Farrar Bell.",
                "end": "17:00:00",
                "fully_booked": "",
                "images": [
                    {
                        "archive_url": "https://raw.githubusercontent.com/infrastructureclub/open-house-london-images/master/images/2026/3284/building_3284_crown-court-church-8100154_427819fdd0307a7edac29552d5b7ac69.jpg",
                        "title": "Photo of Crown Court Church of Scotland"
                    },
                    {
                        "archive_url": "https://raw.githubusercontent.com/infrastructureclub/open-house-london-images/master/images/2026/3284/building_3284_crown-court-church-8109734_febb601afa578a510328762e3e7e8f56.jpg",
                        "title": "Photo of Crown Court Church of Scotland"
                    }
                ],
                "name": "Crown Court Church of Scotland",
                "new_venue_this_year": "No",
                "start": "10:00:00",
                "ticketed_events": "No",
                "url": "https://programme.openhouse.org.uk/listings/3284"
            },
            "type": "Feature"
        },
        {
            "geometry": {
                "coordinates": [
                    -0.37068,
                    51.57401
                ],
                "type": "Point"
            },
            "properties": {
                "balloted": "No",
                "description": "Grade II* listed Art Deco building with well-preserved interior. Auditorium with deep coved ribs; proscenium arch flanked by fluted columns. Restoration fully funded by in house donations from Zoroastrian faith community, without government grants.",
                "end": "16:00:00",
                "fully_booked": "",
                "images": [
                    {
                        "archive_url": "https://raw.githubusercontent.com/infrastructureclub/open-house-london-images/master/images/2026/3433/building_3433_z-centre-entrance_93d9fba39571894da044c0ba1c703721.jpg",
                        "title": "Photo of Zoroastrian Centre For Europe (formerly Grosvenor Cinema)"
                    }
                ],
                "name": "Zoroastrian Centre For Europe (formerly Grosvenor Cinema)",
                "new_venue_this_year": "No",
                "start": "10:00:00",
                "ticketed_events": "No",
                "url": "https://programme.openhouse.org.uk/listings/3433"
            },
            "type": "Feature"
        },
        {
            "geometry": {
                "coordinates": [
                    -0.0998395,
                    51.3739482
                ],
                "type": "Point"
            },
            "properties": {
                "balloted": "No",
                "description": "Tudor almshouses dating from 1596 and founded by the Archbishop of Canterbury John Whitgift. Chapel and Courtyard with original 16C clock.",
                "end": "16:15:00",
                "fully_booked": "Yes",
                "images": [
                    {
                        "archive_url": "https://raw.githubusercontent.com/infrastructureclub/open-house-london-images/master/images/2026/3543/building_3543__rsn1603_4bd4757bb6c7b361eb0e56f9c19864b0.jpg",
                        "title": "Photo of Whitgift Almshouses"
                    },
                    {
                        "archive_url": "https://raw.githubusercontent.com/infrastructureclub/open-house-london-images/master/images/2026/3543/building_3543__rsn1585_c3318294a1da5698d760759f42c93753.jpg",
                        "title": "Photo of Whitgift Almshouses"
                    },
                    {
                        "archive_url": "https://raw.githubusercontent.com/infrastructureclub/open-house-london-images/master/images/2026/3543/building_3543__rsn1598_21aca3288c24fc0756e45982d94a9348.jpg",
                        "title": "Photo of Whitgift Almshouses"
                    },
                    {
                        "archive_url": "https://raw.githubusercontent.com/infrastructureclub/open-house-london-images/master/images/2026/3543/building_3543__rsn1607_66044400f68efd45ceace315ea6f4949.jpg",
                        "title": "Photo of Whitgift Almshouses"
                    },
                    {
                        "archive_url": "https://raw.githubusercontent.com/infrastructureclub/open-house-london-images/master/images/2026/3543/building_3543__rsn1617_854cac385914f3a9a8e7b26786f12b36.jpg",
                        "title": "Photo of Whitgift Almshouses"
                    }
                ],
                "name": "Whitgift Almshouses",
                "new_venue_this_year": "No",
                "start": "10:30:00",
                "ticketed_events": "Yes",
                "url": "https://programme.openhouse.org.uk/listings/3543"
            },
            "type": "Feature"
        },
        {
            "geometry": {
                "coordinates": [
                    -0.19289,
                    51.5355
                ],
                "type": "Point"
            },
            "properties": {
                "balloted": "No",
                "description": "Constructed in 1863, Kilburn’s grade II corrugated Iron Church set about it’s new course in the 1950's when it’s interior was transformed to resemble naval training ship (TS) Bicester.",
                "end": "16:00:00",
                "fully_booked": "",
                "images": [
                    {
                        "archive_url": "https://raw.githubusercontent.com/infrastructureclub/open-house-london-images/master/images/2026/3660/building_3660_2013-tin-tabernacle-outside_1251aa03f34500cebd1e6e5bade7e2ba.jpg",
                        "title": "Photo of The Tin Tabernacle / Cambridge Hall"
                    },
                    {
                        "archive_url": "https://raw.githubusercontent.com/infrastructureclub/open-house-london-images/master/images/2026/3660/building_3660_tintabernaclekilburn-40_eeebf44120dae48272a9e4c0216425b9.jpg",
                        "title": "Kevin Percival"
                    },
                    {
                        "archive_url": "https://raw.githubusercontent.com/infrastructureclub/open-house-london-images/master/images/2026/3660/building_3660_tintabernaclekilburn-55_5760acde563645570b3012b3c772811b.jpg",
                        "title": "Kevin Percival "
                    }
                ],
                "name": "The Tin Tabernacle / Cambridge Hall",
                "new_venue_this_year": "No",
                "start": "12:00:00",
                "ticketed_events": "No",
                "url": "https://programme.openhouse.org.uk/listings/3660"
            },
            "type": "Feature"
        },
        {
            "geometry": {
                "coordinates": [
                    -0.13075,
                    51.52727
                ],
                "type": "Point"
            },
            "properties": {
                "balloted": "No",
                "description": "The church (1822 - Grade I listed) is an early and important example of Greek Revival architecture in London. Significant features include the caryatids and tower copied from models in Athens, and the atmospheric crypt.",
                "end": "15:15:00",
                "fully_booked": "",
                "images": [
                    {
                        "archive_url": "https://raw.githubusercontent.com/infrastructureclub/open-house-london-images/master/images/2026/3678/building_3678_untitled-design-1_6e928cad7b9552ae8c92d3384d37a1f8.png",
                        "title": "Photo of St Pancras Church & Crypt"
                    },
                    {
                        "archive_url": "https://raw.githubusercontent.com/infrastructureclub/open-house-london-images/master/images/2026/3678/building_3678_crypt-edited_96b2a45506ab10a88b8d867af8b1f0ca.jpg",
                        "title": "Photo of St Pancras Church & Crypt"
                    },
                    {
                        "archive_url": "https://raw.githubusercontent.com/infrastructureclub/open-house-london-images/master/images/2026/3678/building_3678_untitled-design-2_179538f69d1dd8bc695771f63af64d61.png",
                        "title": "Photo of St Pancras Church & Crypt"
                    }
                ],
                "name": "St Pancras Church & Crypt",
                "new_venue_this_year": "No",
                "start": "10:00:00",
                "ticketed_events": "No",
                "url": "https://programme.openhouse.org.uk/listings/3678"
            },
            "type": "Feature"
        },
        {
            "geometry": {
                "coordinates": [
                    -0.1079907,
                    51.5026749
                ],
                "type": "Point"
            },
            "properties": {
                "balloted": "No",
                "description": "Housed in the Old Vic Theatre’s grade II former annex (built 1958) in the Brutalist style, the Studio exists to develop new work for the National Theatre. The Studio is also home to the National Theatre Archive.  \r\n\r\nTours will include the rehearsal spaces, writers’ rooms and script library alongside the Archive strongroom where the National Theatre’s collections are housed.",
                "end": "15:30:00",
                "fully_booked": "Yes",
                "images": [
                    {
                        "archive_url": "https://raw.githubusercontent.com/infrastructureclub/open-house-london-images/master/images/2026/3700/building_3700_haworth-tompkins_nt-studio_philip-vile_99a01d6508ca167911f6663544ca2869.jpg",
                        "title": "National Theatre Studio"
                    },
                    {
                        "archive_url": "https://raw.githubusercontent.com/infrastructureclub/open-house-london-images/master/images/2026/3700/building_3700_0405-vil_8037_16e72f084852b9f9726d285e14fb05b6.jpg",
                        "title": "National Theatre Studio"
                    }
                ],
                "name": "National Theatre Studio",
                "new_venue_this_year": "Yes",
                "start": "10:30:00",
                "ticketed_events": "Yes",
                "url": "https://programme.openhouse.org.uk/listings/3700"
            },
            "type": "Feature"
        },
        {
            "geometry": {
                "coordinates": [
                    -0.16684,
                    51.36508
                ],
                "type": "Point"
            },
            "properties": {
                "balloted": "No",
                "description": "Early 18C Grade II listed building incorporating plunge bath with Delft tiles, orangery, saloon and pump chamber with part-restored water wheel. Hermitage and sham bridge in grounds.",
                "end": "17:00:00",
                "fully_booked": "",
                "images": [
                    {
                        "archive_url": "https://raw.githubusercontent.com/infrastructureclub/open-house-london-images/master/images/2026/3745/building_3745_tower-01_2dfd419a37456c0da5d699501dd428a9.jpg",
                        "title": "Friends of Carshalton Water Tower"
                    },
                    {
                        "archive_url": "https://raw.githubusercontent.com/infrastructureclub/open-house-london-images/master/images/2026/3745/building_3745_img022_89ddb784acf4b4e1b0433139ebde3a8c.jpg",
                        "title": "Friends of Carshalton Water Tower"
                    },
                    {
                        "archive_url": "https://raw.githubusercontent.com/infrastructureclub/open-house-london-images/master/images/2026/3745/building_3745_tower-02_5b754a5fb0422bad66d32f00d8580bc9.jpg",
                        "title": "Friends of Carshalton Water Tower"
                    },
                    {
                        "archive_url": "https://raw.githubusercontent.com/infrastructureclub/open-house-london-images/master/images/2026/3745/building_3745_tower-03_6885b8fd60a90b119e73b7311bb641d3.jpg",
                        "title": "Friends of Carshalton Water Tower"
                    }
                ],
                "name": "Carshalton Water Tower and Historic Gardens",
                "new_venue_this_year": "No",
                "start": "13:00:00",
                "ticketed_events": "No",
                "url": "https://programme.openhouse.org.uk/listings/3745"
            },
            "type": "Feature"
        },
        {
            "geometry": {
                "coordinates": [
                    -0.2162826,
                    51.360717
                ],
                "type": "Point"
            },
            "properties": {
                "balloted": "No",
                "description": "Saxon and Medieval former chancel of parish church, preserved  after remainder was demolished in 1864. Part C11, with many important post-Reformation monuments, including those to the family of John, Lord Lumley of Nonsuch Palace.  An expert CCT volunteer will be on hand to guide you through the complex and turbulent history of this 1000 year old building and the people who worshipped here.",
                "end": "15:00:00",
                "fully_booked": "",
                "images": [
                    {
                        "archive_url": "https://raw.githubusercontent.com/infrastructureclub/open-house-london-images/master/images/2026/3747/building_3747_cheam-lumley-chapel-742_3976deeeca37c041e4f216b415e5a4fd.png",
                        "title": "Photo of Lumley Chapel"
                    },
                    {
                        "archive_url": "https://raw.githubusercontent.com/infrastructureclub/open-house-london-images/master/images/2026/3747/building_3747_dscf7854_9fecd34a21362160c7401c1db7af5467.jpg",
                        "title": "Photo of Lumley Chapel"
                    },
                    {
                        "archive_url": "https://raw.githubusercontent.com/infrastructureclub/open-house-london-images/master/images/2026/3747/building_3747_dscf0027_2d52101e12c7e1b3118bceef45309fe6.jpg",
                        "title": "Photo of Lumley Chapel"
                    }
                ],
                "name": "Lumley Chapel",
                "new_venue_this_year": "No",
                "start": "10:00:00",
                "ticketed_events": "No",
                "url": "https://programme.openhouse.org.uk/listings/3747"
            },
            "type": "Feature"
        },
        {
            "geometry": {
                "coordinates": [
                    -0.16291,
                    51.36488
                ],
                "type": "Point"
            },
            "properties": {
                "balloted": "No",
                "description": "12C south aisle and former chancel. Blomfield nave, chancel, baptistry. Kempe glass, Bodley reredos and screen, spectacular Comper decorations, monuments and brasses, award-winning lighting scheme, fine modern benches.",
                "end": "17:00:00",
                "fully_booked": "",
                "images": [
                    {
                        "archive_url": "https://raw.githubusercontent.com/infrastructureclub/open-house-london-images/master/images/2026/3749/building_3749_interior_cf95de1d585a07bf5241b1dc196977c7.jpg",
                        "title": "Photo of All Saints Carshalton"
                    },
                    {
                        "archive_url": "https://raw.githubusercontent.com/infrastructureclub/open-house-london-images/master/images/2026/3749/building_3749_jmm-15_0e563fbc9b91dd3eec84770b020737bf.jpg",
                        "title": "J Martin"
                    },
                    {
                        "archive_url": "https://raw.githubusercontent.com/infrastructureclub/open-house-london-images/master/images/2026/3749/building_3749_211eb14c-a86c-4a4e-bf40-6ef171ead53f_10ee8b389da449513d29e2c092013514.jpg",
                        "title": "Photo of All Saints Carshalton"
                    },
                    {
                        "archive_url": "https://raw.githubusercontent.com/infrastructureclub/open-house-london-images/master/images/2026/3749/building_3749_5e5ad114-6be6-4555-b6b5-f7b122f49aba_53e54b5785cc5ccfee6d5202b0000cd9.jpg",
                        "title": "Photo of All Saints Carshalton"
                    },
                    {
                        "archive_url": "https://raw.githubusercontent.com/infrastructureclub/open-house-london-images/master/images/2026/3749/building_3749_98797156-7d31-47c5-a865-4c4ce6920d53_4b719a8cb71541eebcacaf73f9eb6852.jpg",
                        "title": "Photo of All Saints Carshalton"
                    },
                    {
                        "archive_url": "https://raw.githubusercontent.com/infrastructureclub/open-house-london-images/master/images/2026/3749/building_3749_img_0202_5e1cfae0dff2ac1494ec56f6aae44261.jpeg",
                        "title": "Photo of All Saints Carshalton"
                    }
                ],
                "name": "All Saints Carshalton",
                "new_venue_this_year": "No",
                "start": "12:00:00",
                "ticketed_events": "No",
                "url": "https://programme.openhouse.org.uk/listings/3749"
            },
            "type": "Feature"
        },
        {
            "geometry": {
                "coordinates": [
                    -0.09886,
                    51.5131
                ],
                "type": "Point"
            },
            "properties": {
                "balloted": "No",
                "description": "London's main tourist information centre is clad in a specially manufactured system of 220 pre-finished stainless steel panels. The subtly reflective surface provides a striking counterpoint to St Paul's.",
                "end": "17:30:00",
                "fully_booked": "",
                "images": [
                    {
                        "archive_url": "https://raw.githubusercontent.com/infrastructureclub/open-house-london-images/master/images/2026/4009/building_4009_totman_080213_001_d748bb54f5f3d1215a873893b5810cba.jpg",
                        "title": "Clive Totman"
                    },
                    {
                        "archive_url": "https://raw.githubusercontent.com/infrastructureclub/open-house-london-images/master/images/2026/4009/building_4009_cic-exterior-20_a54ad8f670912d334eb213bfc5ecf17e.jpg",
                        "title": "City of London"
                    },
                    {
                        "archive_url": "https://raw.githubusercontent.com/infrastructureclub/open-house-london-images/master/images/2026/4009/building_4009_cic-credit-ben-broomfield-1_7fdd531e22dca5b9a834beb028f50ee2.jpg",
                        "title": "Ben Broomfield"
                    }
                ],
                "name": "City Information Centre",
                "new_venue_this_year": "No",
                "start": "09:30:00",
                "ticketed_events": "No",
                "url": "https://programme.openhouse.org.uk/listings/4009"
            },
            "type": "Feature"
        },
        {
            "geometry": {
                "coordinates": [
                    -0.13605,
                    51.53526
                ],
                "type": "Point"
            },
            "properties": {
                "balloted": "No",
                "description": "Outstanding Edwardian building (1905 grade II; many original features). \r\n\r\nThe oldest UK adult college, founded as the Working Men's College in 1854 by FD Maurice, John Ruskin & Christian Socialist. Purpose-designed by WD Caröe; updated for modern educational aspirations. \r\n\r\nNow known as WM College - inspiring learning since 1854.",
                "end": "16:00:00",
                "fully_booked": "No",
                "images": [
                    {
                        "archive_url": "https://raw.githubusercontent.com/infrastructureclub/open-house-london-images/master/images/2026/4131/building_4131_0u9a8357_e9efb41951642225655591096e59454b.jpg",
                        "title": "Photo of WM College"
                    },
                    {
                        "archive_url": "https://raw.githubusercontent.com/infrastructureclub/open-house-london-images/master/images/2026/4131/building_4131_ruskin-cafe-olc_a2c20d6f25474fb5453df03aea63a2b8.jpg",
                        "title": "Photo of WM College"
                    },
                    {
                        "archive_url": "https://raw.githubusercontent.com/infrastructureclub/open-house-london-images/master/images/2026/4131/building_4131_original-main-entrance_e99debcd2824641fed84ea1462f6bacc.jpg",
                        "title": "Photo of WM College"
                    },
                    {
                        "archive_url": "https://raw.githubusercontent.com/infrastructureclub/open-house-london-images/master/images/2026/4131/building_4131_ruskin-art-room_b687eb010b1d43a8ed9eb811beae17a3.jpg",
                        "title": "Photo of WM College"
                    },
                    {
                        "archive_url": "https://raw.githubusercontent.com/infrastructureclub/open-house-london-images/master/images/2026/4131/building_4131_wd-caroe_4303f28c4aff175f78af85756d2d9d27.jpg",
                        "title": "Photo of WM College"
                    },
                    {
                        "archive_url": "https://raw.githubusercontent.com/infrastructureclub/open-house-london-images/master/images/2026/4131/building_4131_former-common-room_1e63006f7fefb80a8fa243cd678332eb.jpg",
                        "title": "Photo of WM College"
                    },
                    {
                        "archive_url": "https://raw.githubusercontent.com/infrastructureclub/open-house-london-images/master/images/2026/4131/building_4131_background-45_6d7db8923526a892fe1e42d9856b8fe9.jpg",
                        "title": "Photo of WM College"
                    },
                    {
                        "archive_url": "https://raw.githubusercontent.com/infrastructureclub/open-house-london-images/master/images/2026/4131/building_4131_background-50_8bff57072870104ecdf5a91e91e73981.jpg",
                        "title": "Photo of WM College"
                    },
                    {
                        "archive_url": "https://raw.githubusercontent.com/infrastructureclub/open-house-london-images/master/images/2026/4131/building_4131_background-53_a7bd3a2f6e3e4439219ac9f74e3b9d6d.jpg",
                        "title": "Photo of WM College"
                    },
                    {
                        "archive_url": "https://raw.githubusercontent.com/infrastructureclub/open-house-london-images/master/images/2026/4131/building_4131_background-56_65be515c309d4e75cdcf89673bbf941e.jpg",
                        "title": "Photo of WM College"
                    },
                    {
                        "archive_url": "https://raw.githubusercontent.com/infrastructureclub/open-house-london-images/master/images/2026/4131/building_4131_background-58_04cad811e1bedafd34b6208d6ce35aa2.jpg",
                        "title": "Photo of WM College"
                    },
                    {
                        "archive_url": "https://raw.githubusercontent.com/infrastructureclub/open-house-london-images/master/images/2026/4131/building_4131_background-60_7edf99f9bb48338c26c7ca0f7c8dd921.jpg",
                        "title": "Photo of WM College"
                    },
                    {
                        "archive_url": "https://raw.githubusercontent.com/infrastructureclub/open-house-london-images/master/images/2026/4131/building_4131_background-68_751dfcebc005dd676856a16115dcf6ef.jpg",
                        "title": "Photo of WM College"
                    },
                    {
                        "archive_url": "https://raw.githubusercontent.com/infrastructureclub/open-house-london-images/master/images/2026/4131/building_4131_interior_08_98bf97f63c321ee999a32637d7bca5fd.jpg",
                        "title": "Photo of WM College"
                    },
                    {
                        "archive_url": "https://raw.githubusercontent.com/infrastructureclub/open-house-london-images/master/images/2026/4131/building_4131_interior_16_808de80fb7e23c00dc76dd78c230008d.jpg",
                        "title": "Photo of WM College"
                    },
                    {
                        "archive_url": "https://raw.githubusercontent.com/infrastructureclub/open-house-london-images/master/images/2026/4131/building_4131_interior_20_abd4754136fb186701d9c3e491e4431e.jpg",
                        "title": "Photo of WM College"
                    },
                    {
                        "archive_url": "https://raw.githubusercontent.com/infrastructureclub/open-house-london-images/master/images/2026/4131/building_4131_background-40_451766487bcf09f0ff7ddcdc778c81d9.jpg",
                        "title": "Photo of WM College"
                    },
                    {
                        "archive_url": "https://raw.githubusercontent.com/infrastructureclub/open-house-london-images/master/images/2026/4131/building_4131_background-25_2ecd52c155e5fdd78fa61aeb7d5970f4.jpg",
                        "title": "Photo of WM College"
                    },
                    {
                        "archive_url": "https://raw.githubusercontent.com/infrastructureclub/open-house-london-images/master/images/2026/4131/building_4131_background-12_2146e28c8126dedf8f9b3a15073c79e8.jpg",
                        "title": "Photo of WM College"
                    },
                    {
                        "archive_url": "https://raw.githubusercontent.com/infrastructureclub/open-house-london-images/master/images/2026/4131/building_4131_background-31_54ced18c239fcb80e5e8d389397b3211.jpg",
                        "title": "Photo of WM College"
                    },
                    {
                        "archive_url": "https://raw.githubusercontent.com/infrastructureclub/open-house-london-images/master/images/2026/4131/building_4131_arts-awards-2025_87_a2e28abd962dd8a6f98c7ce8aa253a36.jpg",
                        "title": "Photo of WM College"
                    }
                ],
                "name": "WM College",
                "new_venue_this_year": "No",
                "start": "11:00:00",
                "ticketed_events": "Yes",
                "url": "https://programme.openhouse.org.uk/listings/4131"
            },
            "type": "Feature"
        },
        {
            "geometry": {
                "coordinates": [
                    -0.21138,
                    51.42798
                ],
                "type": "Point"
            },
            "properties": {
                "balloted": "No",
                "description": "Grade II listed church by Gilbert Scott of knapped flint and limestone.",
                "end": "16:00:00",
                "fully_booked": "",
                "images": [
                    {
                        "archive_url": "https://raw.githubusercontent.com/infrastructureclub/open-house-london-images/master/images/2026/4286/building_4286_oh-2026-spire_445eeb2123c6bbc6df675014d0efabda.jpg",
                        "title": "Photo of St Mary's Wimbledon, Parish Church"
                    },
                    {
                        "archive_url": "https://raw.githubusercontent.com/infrastructureclub/open-house-london-images/master/images/2026/4286/building_4286_oh-2026-warrior-chapel_2a5983d813923d7780c5cec48b001097.jpg",
                        "title": "Photo of St Mary's Wimbledon, Parish Church"
                    },
                    {
                        "archive_url": "https://raw.githubusercontent.com/infrastructureclub/open-house-london-images/master/images/2026/4286/building_4286_oh-2026-organ-pipes_c8527bdcd81d35b086d8ba933d1c95a2.jpg",
                        "title": "Photo of St Mary's Wimbledon, Parish Church"
                    },
                    {
                        "archive_url": "https://raw.githubusercontent.com/infrastructureclub/open-house-london-images/master/images/2026/4286/building_4286_open-house-2026-chancel_75e25643f9e5f464fb362ff5a924989e.jpg",
                        "title": "Photo of St Mary's Wimbledon, Parish Church"
                    }
                ],
                "name": "St Mary's Wimbledon, Parish Church",
                "new_venue_this_year": "Yes",
                "start": "10:00:00",
                "ticketed_events": "No",
                "url": "https://programme.openhouse.org.uk/listings/4286"
            },
            "type": "Feature"
        },
        {
            "geometry": {
                "coordinates": [
                    -0.21656,
                    51.42321
                ],
                "type": "Point"
            },
            "properties": {
                "balloted": "No",
                "description": "A Victorian Gothic Village Club and Lecture Hall comprising village hall, members’ club, museum, gallery and arts/ activities spaces.",
                "end": "16:00:00",
                "fully_booked": "No",
                "images": [
                    {
                        "archive_url": "https://raw.githubusercontent.com/infrastructureclub/open-house-london-images/master/images/2026/4472/building_4472_img_20190527_101019149_hdr-v2_e1b9db92db4974a0908a5923bae96359.jpg",
                        "title": "Photo of Wimbledon Village Club, Museum and Lecture Hall"
                    },
                    {
                        "archive_url": "https://raw.githubusercontent.com/infrastructureclub/open-house-london-images/master/images/2026/4472/building_4472_28913cfc-3f08-4c93-9024-cea46de251e0_1_201_a_38178adcdcdaab979a3842530076cd88.jpeg",
                        "title": "Photo of Wimbledon Village Club, Museum and Lecture Hall"
                    },
                    {
                        "archive_url": "https://raw.githubusercontent.com/infrastructureclub/open-house-london-images/master/images/2026/4472/building_4472_64134ed5-7c74-4712-a630-197db0ac2592_1_201_a_71d0820d48fa45d081d37836fd721a37.jpeg",
                        "title": "Photo of Wimbledon Village Club, Museum and Lecture Hall"
                    },
                    {
                        "archive_url": "https://raw.githubusercontent.com/infrastructureclub/open-house-london-images/master/images/2026/4472/building_4472_cimg3185_ac168ba5fa326ac579092d5bbdc9b432.jpg",
                        "title": "Photo of Wimbledon Village Club, Museum and Lecture Hall"
                    }
                ],
                "name": "Wimbledon Village Club, Museum and Lecture Hall",
                "new_venue_this_year": "No",
                "start": "11:00:00",
                "ticketed_events": "Yes",
                "url": "https://programme.openhouse.org.uk/listings/4472"
            },
            "type": "Feature"
        },
        {
            "geometry": {
                "coordinates": [
                    -0.2164071,
                    51.4201861
                ],
                "type": "Point"
            },
            "properties": {
                "balloted": "No",
                "description": "St John's was designed by Sir TG Jackson in the Gothic Revival style. He later went on to design many buildings in Oxford (including Bridge of Sighs at Hertford College). One of the stained glass windows was created by The William Morris works at Merton. The fine Italianate floor mosaics in the chancel bear a great resemblance to the 13th Century Cosmetic Great Pavement in Westminster Abbey.",
                "end": "17:00:00",
                "fully_booked": "",
                "images": [
                    {
                        "archive_url": "https://raw.githubusercontent.com/infrastructureclub/open-house-london-images/master/images/2026/4480/building_4480_20-north-porch-cc_b5b3aed234826f85aae8e9becefbc6c5.jpg",
                        "title": "Photo of St John the Baptist Church, Wimbledon"
                    },
                    {
                        "archive_url": "https://raw.githubusercontent.com/infrastructureclub/open-house-london-images/master/images/2026/4480/building_4480_17-chancel-floor_62c34d5204c44784d071d2a0ab78985a.jpg",
                        "title": "Photo of St John the Baptist Church, Wimbledon"
                    },
                    {
                        "archive_url": "https://raw.githubusercontent.com/infrastructureclub/open-house-london-images/master/images/2026/4480/building_4480_window-8_16bddceae43bff562931554c04eb8d14.jpg",
                        "title": "Photo of St John the Baptist Church, Wimbledon"
                    }
                ],
                "name": "St John the Baptist Church, Wimbledon",
                "new_venue_this_year": "Yes",
                "start": "10:00:00",
                "ticketed_events": "No",
                "url": "https://programme.openhouse.org.uk/listings/4480"
            },
            "type": "Feature"
        },
        {
            "geometry": {
                "coordinates": [
                    -0.27587,
                    51.49461
                ],
                "type": "Point"
            },
            "properties": {
                "balloted": "No",
                "description": "Ruskinian walk from RIBA award-winning Chiswick Business Park, Gunnersbury Triangle Nature Reserve through South Acton Estate, birthplace of artist Patrick Caulfield; Woodlands Park Ice House; to home of William Willett, initiator of Daylight Saving Time.",
                "end": "14:30:00",
                "fully_booked": "Yes",
                "images": [
                    {
                        "archive_url": "https://raw.githubusercontent.com/infrastructureclub/open-house-london-images/master/images/2026/4686/building_4686_beaumaris-tower-2-may-17_de61ba51f03f6da2c3b9f60eab3b54b7.jpg",
                        "title": "Photo of A Ruskinian Walk Through Shared Heritage"
                    },
                    {
                        "archive_url": "https://raw.githubusercontent.com/infrastructureclub/open-house-london-images/master/images/2026/4686/building_4686_harlech-tower_90a043390fc2715e6376b277dc461cba.jpg",
                        "title": "Bertilla Cappelletti "
                    },
                    {
                        "archive_url": "https://raw.githubusercontent.com/infrastructureclub/open-house-london-images/master/images/2026/4686/building_4686_19th-20th-century_4099730a0a02bf883553eb5136c37d82.jpg",
                        "title": "SCBC"
                    },
                    {
                        "archive_url": "https://raw.githubusercontent.com/infrastructureclub/open-house-london-images/master/images/2026/4686/building_4686_open-house-banner-2017_dd6531e1546f5585c4d71b34bf332539.jpg",
                        "title": "SCBC"
                    },
                    {
                        "archive_url": "https://raw.githubusercontent.com/infrastructureclub/open-house-london-images/master/images/2026/4686/building_4686_home-of-richard-white_6441d3b56b7c0fff555e2cddbe916ade.jpg",
                        "title": "SCBC"
                    },
                    {
                        "archive_url": "https://raw.githubusercontent.com/infrastructureclub/open-house-london-images/master/images/2026/4686/building_4686_home-of-william-willett_ee90027ef094ab13634ab9fb410bf6ec.jpg",
                        "title": "SCBC"
                    },
                    {
                        "archive_url": "https://raw.githubusercontent.com/infrastructureclub/open-house-london-images/master/images/2026/4686/building_4686_the-south-acton-rec-1889-90_59b99ba9a1c179a36f03644190dd956a.jpg",
                        "title": "SCBC"
                    },
                    {
                        "archive_url": "https://raw.githubusercontent.com/infrastructureclub/open-house-london-images/master/images/2026/4686/building_4686_21st-c-all-saints-road_1648a42a7346a328fbb671be733f7b40.jpg",
                        "title": "SCBC"
                    },
                    {
                        "archive_url": "https://raw.githubusercontent.com/infrastructureclub/open-house-london-images/master/images/2026/4686/building_4686_jerome-tower_8f3e30256560715549f0b695d8773fcf.jpg",
                        "title": "SARAG"
                    },
                    {
                        "archive_url": "https://raw.githubusercontent.com/infrastructureclub/open-house-london-images/master/images/2026/4686/building_4686_eib-corfe-twr-3-2009_e648c3d6e2549cefef1f1e53b2ec59e3.JPG",
                        "title": "SARAG"
                    },
                    {
                        "archive_url": "https://raw.githubusercontent.com/infrastructureclub/open-house-london-images/master/images/2026/4686/building_4686_walking-workshop-from-chiswick-park-business-estate_e8e40afe51afadc9e91877119afa83ce.jpg",
                        "title": "Bertilla Cappelletti"
                    },
                    {
                        "archive_url": "https://raw.githubusercontent.com/infrastructureclub/open-house-london-images/master/images/2026/4686/building_4686_scbc-office-william-morris-house_26868597145018c12008ed18f76503f6.jpg",
                        "title": "Thomas Alawode"
                    },
                    {
                        "archive_url": "https://raw.githubusercontent.com/infrastructureclub/open-house-london-images/master/images/2026/4686/building_4686_south-acton-estate-s-green-lung_4b5791db71b5927846e79eb3ac430540.jpg",
                        "title": "Thomas Alawode"
                    },
                    {
                        "archive_url": "https://raw.githubusercontent.com/infrastructureclub/open-house-london-images/master/images/2026/4686/building_4686_william-willett-s-wall-peeps-through-the-foliage_ea40b33825cb0b689e576875a0c2d517.jpg",
                        "title": "Thomas Alawode"
                    },
                    {
                        "archive_url": "https://raw.githubusercontent.com/infrastructureclub/open-house-london-images/master/images/2026/4686/building_4686_img_1545_e34a8533614eb7a1841ac81be097a3ac.jpg",
                        "title": "Thomas Alawode"
                    },
                    {
                        "archive_url": "https://raw.githubusercontent.com/infrastructureclub/open-house-london-images/master/images/2026/4686/building_4686_img_8116_de7e6f5e2b806a1a318db4c0afa03080.jpg",
                        "title": "Thomas Alawode"
                    },
                    {
                        "archive_url": "https://raw.githubusercontent.com/infrastructureclub/open-house-london-images/master/images/2026/4686/building_4686_img_8084_04f906e70f52591acfad3c7fd9ae9247.jpg",
                        "title": "Thomas Alawode"
                    },
                    {
                        "archive_url": "https://raw.githubusercontent.com/infrastructureclub/open-house-london-images/master/images/2026/4686/building_4686_img_8093_fcaefe7a22fac1f367c74dd4852b7938.jpg",
                        "title": "Thomas Alawode"
                    },
                    {
                        "archive_url": "https://raw.githubusercontent.com/infrastructureclub/open-house-london-images/master/images/2026/4686/building_4686_img_8129_9eb5697d4fa8d05bdb4002842e3bf9e5.jpg",
                        "title": "Thomas Alawode"
                    },
                    {
                        "archive_url": "https://raw.githubusercontent.com/infrastructureclub/open-house-london-images/master/images/2026/4686/building_4686_img_8132_f6aaf510c7f636d0c6058f531eada6a2.jpg",
                        "title": "Thomas Alawode"
                    },
                    {
                        "archive_url": "https://raw.githubusercontent.com/infrastructureclub/open-house-london-images/master/images/2026/4686/building_4686_img_8151_f8015c7e703a2bee4fac9f274f93ed88.jpg",
                        "title": "Thomas Alawode"
                    },
                    {
                        "archive_url": "https://raw.githubusercontent.com/infrastructureclub/open-house-london-images/master/images/2026/4686/building_4686_img_8145-v2_aab66f14654f4c79618d668a69df3387.jpg",
                        "title": "Thomas Alawode"
                    },
                    {
                        "archive_url": "https://raw.githubusercontent.com/infrastructureclub/open-house-london-images/master/images/2026/4686/building_4686_img_8146-v2_7ea204cccfb2ec1ae4a84567d02fa81d.jpg",
                        "title": "Thomas Alawode"
                    },
                    {
                        "archive_url": "https://raw.githubusercontent.com/infrastructureclub/open-house-london-images/master/images/2026/4686/building_4686_img_8109-v2_fb835285a09c3cf4bdbcb25f8b3598f5.jpg",
                        "title": "Thomas Alawode"
                    },
                    {
                        "archive_url": "https://raw.githubusercontent.com/infrastructureclub/open-house-london-images/master/images/2026/4686/building_4686_img_8125-v2_7d0309109ca01ac54634a19dacebdc57.jpg",
                        "title": "Thomas Alawode"
                    },
                    {
                        "archive_url": "https://raw.githubusercontent.com/infrastructureclub/open-house-london-images/master/images/2026/4686/building_4686_acton-working-mens-club-plaque-cropped_d6b2f8d8c3d1d5903bd6189153423d95.jpg",
                        "title": "Chisanga Passwell"
                    },
                    {
                        "archive_url": "https://raw.githubusercontent.com/infrastructureclub/open-house-london-images/master/images/2026/4686/building_4686_6-wp_20210729_15_56_48_pro_5af123af40746c22d7531a722f2e3e4b.jpg",
                        "title": "Bertilla Cappelletti"
                    },
                    {
                        "archive_url": "https://raw.githubusercontent.com/infrastructureclub/open-house-london-images/master/images/2026/4686/building_4686_9-wp_20210729_16_12_05_pro_b7ffe82c544aeec39ed7ace2ebaef80c.jpg",
                        "title": "Bertilla Cappelletti"
                    },
                    {
                        "archive_url": "https://raw.githubusercontent.com/infrastructureclub/open-house-london-images/master/images/2026/4686/building_4686_acton-coat-arms-sculpture-large_2796e1ae132452dfab844bb08067b702.jpg",
                        "title": "John Aldus"
                    }
                ],
                "name": "A Ruskinian Walk Through Shared Heritage",
                "new_venue_this_year": "No",
                "start": "12:00:00",
                "ticketed_events": "Yes",
                "url": "https://programme.openhouse.org.uk/listings/4686"
            },
            "type": "Feature"
        },
        {
            "geometry": {
                "coordinates": [
                    -0.2194,
                    51.41664
                ],
                "type": "Point"
            },
            "properties": {
                "balloted": "No",
                "description": "New build rear extension to Victorian house, entailing extensive remodelling of ground floor to create a large open plan flow-through living, dining and kitchen space. Close integration with the garden is achieved by careful design of levels and paving surfaces.",
                "end": "16:00:00",
                "fully_booked": "",
                "images": [
                    {
                        "archive_url": "https://raw.githubusercontent.com/infrastructureclub/open-house-london-images/master/images/2026/5129/building_5129_img_0950_8edfd68847c71784eec3d3fefc74c3c8.jpeg",
                        "title": "Photo of 15 Edge Hill"
                    }
                ],
                "name": "15 Edge Hill",
                "new_venue_this_year": "Yes",
                "start": "10:00:00",
                "ticketed_events": "No",
                "url": "https://programme.openhouse.org.uk/listings/5129"
            },
            "type": "Feature"
        },
        {
            "geometry": {
                "coordinates": [
                    -0.05393,
                    51.52869
                ],
                "type": "Point"
            },
            "properties": {
                "balloted": "No",
                "description": "Grade II* listed building designed by Edward Goldie, built in 1911 in the Gothic style with five buttressed bays. Church interior is simple consisting of large nave and high & deep chancel. Nave side walls show shallow-arched recesses into which are fitted finely carved oak confessional boxes and colourful altars and statues throughout. One of only two Assumptionist Parishes in the UK.",
                "end": "17:00:00",
                "fully_booked": "",
                "images": [
                    {
                        "archive_url": "https://raw.githubusercontent.com/infrastructureclub/open-house-london-images/master/images/2026/5135/building_5135_img_1448-large_51ff3603ef89417d8b6318cffd7cecb4.jpeg",
                        "title": "Photo of Our Lady of the Assumption Church"
                    },
                    {
                        "archive_url": "https://raw.githubusercontent.com/infrastructureclub/open-house-london-images/master/images/2026/5135/building_5135_img_1443-large_515e8f4dd89767a237509e8d4390cbb3.jpeg",
                        "title": "Photo of Our Lady of the Assumption Church"
                    },
                    {
                        "archive_url": "https://raw.githubusercontent.com/infrastructureclub/open-house-london-images/master/images/2026/5135/building_5135_img_1400-large_1e8434cd348e66eaa7c6954eff2c9021.jpeg",
                        "title": "Photo of Our Lady of the Assumption Church"
                    },
                    {
                        "archive_url": "https://raw.githubusercontent.com/infrastructureclub/open-house-london-images/master/images/2026/5135/building_5135_img_1398-large_c1a3a96c5ec8b8389e4f639ef32c9713.jpeg",
                        "title": "Photo of Our Lady of the Assumption Church"
                    },
                    {
                        "archive_url": "https://raw.githubusercontent.com/infrastructureclub/open-house-london-images/master/images/2026/5135/building_5135_img_1424-large_7604f8d27f85c11226083180bb675ba3.jpeg",
                        "title": "Photo of Our Lady of the Assumption Church"
                    },
                    {
                        "archive_url": "https://raw.githubusercontent.com/infrastructureclub/open-house-london-images/master/images/2026/5135/building_5135_img_1407-large_940e96c7834e62e03e2a1d891b382ed2.jpeg",
                        "title": "Photo of Our Lady of the Assumption Church"
                    }
                ],
                "name": "Our Lady of the Assumption Church",
                "new_venue_this_year": "Yes",
                "start": "10:00:00",
                "ticketed_events": "No",
                "url": "https://programme.openhouse.org.uk/listings/5135"
            },
            "type": "Feature"
        },
        {
            "geometry": {
                "coordinates": [
                    -0.01599,
                    51.45567
                ],
                "type": "Point"
            },
            "properties": {
                "balloted": "No",
                "description": "The church was rebuilt in late 15th century with some of that work still remaining to this day.\t\t\t\t\t\t\t\r\nDuring the Festival there will be opportunities to self-guide or to join a group tour which will include access to restricted areas such as the crypt and tower. These last about 30 min and will start on each hour with the last starting at 3 pm",
                "end": "16:00:00",
                "fully_booked": "",
                "images": [
                    {
                        "archive_url": "https://raw.githubusercontent.com/infrastructureclub/open-house-london-images/master/images/2026/5160/building_5160_st-mary-the-virgin_08b2a4ec02b39a4d98875cf5f20a47a7.jpg",
                        "title": "Mark Symons"
                    }
                ],
                "name": "Parish Church of St Mary The Virgin Lewisham",
                "new_venue_this_year": "Yes",
                "start": "10:30:00",
                "ticketed_events": "No",
                "url": "https://programme.openhouse.org.uk/listings/5160"
            },
            "type": "Feature"
        },
        {
            "geometry": {
                "coordinates": [
                    -0.28954,
                    51.48394
                ],
                "type": "Point"
            },
            "properties": {
                "balloted": "No",
                "description": "St Anne's Church, Kew Green was consecrated in 1714. Built with the support of Queen Anne it has been a place of worship for the Royal Families over the centuries. The original 'chapel' has been extended many times and the church is now a little known gem in South West London with a fascinating past.",
                "end": "16:00:00",
                "fully_booked": "",
                "images": [
                    {
                        "archive_url": "https://raw.githubusercontent.com/infrastructureclub/open-house-london-images/master/images/2026/5163/building_5163_st-anne-s-side_39593eefa0076f1314379442ab0ca54e.jpg",
                        "title": "Robert Anderson"
                    },
                    {
                        "archive_url": "https://raw.githubusercontent.com/infrastructureclub/open-house-london-images/master/images/2026/5163/building_5163_st-anne-s-interior_0228a351135c8db1750c22a844b31fbc.jpg",
                        "title": "Robert Anderson"
                    },
                    {
                        "archive_url": "https://raw.githubusercontent.com/infrastructureclub/open-house-london-images/master/images/2026/5163/building_5163_st-anne-s-front_89442d9e6fc7bacdba5776a3f7da2410.jpg",
                        "title": "Robert Anderson"
                    }
                ],
                "name": "St Anne's Church, Kew Green",
                "new_venue_this_year": "No",
                "start": "10:00:00",
                "ticketed_events": "No",
                "url": "https://programme.openhouse.org.uk/listings/5163"
            },
            "type": "Feature"
        },
        {
            "geometry": {
                "coordinates": [
                    -0.08305,
                    51.50928
                ],
                "type": "Point"
            },
            "properties": {
                "balloted": "No",
                "description": "Some of London's best Roman remains, comprising late 2C house with a 3C bath house built within its courtyard. First discovered in 1848.",
                "end": "14:45:00",
                "fully_booked": "Yes",
                "images": [
                    {
                        "archive_url": "https://raw.githubusercontent.com/infrastructureclub/open-house-london-images/master/images/2026/5296/building_5296_low-res-billingsgate-bathhouse-1_b203a43c0c5609f9e32f2e658b510b8a.jpg",
                        "title": "City of London"
                    },
                    {
                        "archive_url": "https://raw.githubusercontent.com/infrastructureclub/open-house-london-images/master/images/2026/5296/building_5296_billingsgate-roman-house-baths-credit-city-of-london-corporation-image-by-jamie-smith-2_e65ee301f300f600c21161c2326034bb.jpg",
                        "title": "City of London"
                    }
                ],
                "name": "Billingsgate Roman House & Baths",
                "new_venue_this_year": "No",
                "start": "11:00:00",
                "ticketed_events": "Yes",
                "url": "https://programme.openhouse.org.uk/listings/5296"
            },
            "type": "Feature"
        },
        {
            "geometry": {
                "coordinates": [
                    0.01621,
                    51.50718
                ],
                "type": "Point"
            },
            "properties": {
                "balloted": "No",
                "description": "The sustainable headquarters of the Mayor of London and London Assembly located in the Royal Docks, Newham. The docks are re-emerging as a commercial and cultural hub, and an exciting new waterfront.",
                "end": "16:00:00",
                "fully_booked": "",
                "images": [
                    {
                        "archive_url": "https://raw.githubusercontent.com/infrastructureclub/open-house-london-images/master/images/2026/5318/building_5318_large_web_image-the-crystal-city-hall_76614f0c93254671cd1ed47742641ea7.jpg",
                        "title": "Photo of City Hall"
                    },
                    {
                        "archive_url": "https://raw.githubusercontent.com/infrastructureclub/open-house-london-images/master/images/2026/5318/building_5318_chamber-city-hall__bf016434e92223c20395523020eaa13d.jpg",
                        "title": "Photo of City Hall"
                    },
                    {
                        "archive_url": "https://raw.githubusercontent.com/infrastructureclub/open-house-london-images/master/images/2026/5318/building_5318_large_web_image-llr-city-hall_f7cbe43049542a12ff91899ad430b8e2.jpg",
                        "title": "Photo of City Hall"
                    },
                    {
                        "archive_url": "https://raw.githubusercontent.com/infrastructureclub/open-house-london-images/master/images/2026/5318/building_5318_ddch12_30ebbd13a79add5f701b30d15f073e31.jpg",
                        "title": "Sonny Malhotra"
                    }
                ],
                "name": "City Hall",
                "new_venue_this_year": "No",
                "start": "10:00:00",
                "ticketed_events": "No",
                "url": "https://programme.openhouse.org.uk/listings/5318"
            },
            "type": "Feature"
        },
        {
            "geometry": {
                "coordinates": [
                    -0.05877,
                    51.48147
                ],
                "type": "Point"
            },
            "properties": {
                "balloted": "No",
                "description": "Ever WONDERED what happens to your recycling?\r\n\r\nSouthwark's FREE fun-filled, family-friendly Wonder Day is back on Saturday 12 September 2026, 10am - 4pm.\r\n \r\nCome along to our annual Wonder Day, to see our Integrated Waste Management Facility (IWMF) sort recycling using the latest innovations and meet some of the amazing experts that work behind the scenes.",
                "end": "16:00:00",
                "fully_booked": "",
                "images": [
                    {
                        "archive_url": "https://raw.githubusercontent.com/infrastructureclub/open-house-london-images/master/images/2026/5389/building_5389_veoliawonderday__egp0178-edit_asis_small_528adbccf9b5bda3b259d51a00a46246.jpg",
                        "title": "Photo of Southwark Integrated Waste Management Facility"
                    },
                    {
                        "archive_url": "https://raw.githubusercontent.com/infrastructureclub/open-house-london-images/master/images/2026/5389/building_5389_img_0307_b8de1dbbfb4f0273b71ef985f6ae1936.jpg",
                        "title": "Photo of Southwark Integrated Waste Management Facility"
                    },
                    {
                        "archive_url": "https://raw.githubusercontent.com/infrastructureclub/open-house-london-images/master/images/2026/5389/building_5389_img_0313_84e9ae94e957a8ab04536e549d1d7611.jpg",
                        "title": "Photo of Southwark Integrated Waste Management Facility"
                    },
                    {
                        "archive_url": "https://raw.githubusercontent.com/infrastructureclub/open-house-london-images/master/images/2026/5389/building_5389_378121845_342925148060046_8181347252705318304_n_b1fe3aea219006a18d4c0a7dbeeabaa1.jpg",
                        "title": "Photo of Southwark Integrated Waste Management Facility"
                    },
                    {
                        "archive_url": "https://raw.githubusercontent.com/infrastructureclub/open-house-london-images/master/images/2026/5389/building_5389_15110_315_graingephotography_505d7f742fbc372cd36244c75046a117.jpg",
                        "title": "Photo of Southwark Integrated Waste Management Facility"
                    },
                    {
                        "archive_url": "https://raw.githubusercontent.com/infrastructureclub/open-house-london-images/master/images/2026/5389/building_5389_15110_350_graingephotography_6fa1a27604f4c04bef5d9761e4b1759b.jpg",
                        "title": "Photo of Southwark Integrated Waste Management Facility"
                    },
                    {
                        "archive_url": "https://raw.githubusercontent.com/infrastructureclub/open-house-london-images/master/images/2026/5389/building_5389_15110_246_graingephotography_c33d82b6cb4701c3dd057d193f32a129.jpg",
                        "title": "Photo of Southwark Integrated Waste Management Facility"
                    },
                    {
                        "archive_url": "https://raw.githubusercontent.com/infrastructureclub/open-house-london-images/master/images/2026/5389/building_5389_15110_238_graingephotography_d6ffbca60813f5e6acb0c13190ea6968.jpg",
                        "title": "Photo of Southwark Integrated Waste Management Facility"
                    },
                    {
                        "archive_url": "https://raw.githubusercontent.com/infrastructureclub/open-house-london-images/master/images/2026/5389/building_5389_15110_149_graingephotography_fee4dca62517451eebcf65716e7675b6.jpg",
                        "title": "Photo of Southwark Integrated Waste Management Facility"
                    },
                    {
                        "archive_url": "https://raw.githubusercontent.com/infrastructureclub/open-house-london-images/master/images/2026/5389/building_5389_376283710_342928344726393_319053957455775479_n_66fdfeda882e79b20ffcece4f1992102.jpg",
                        "title": "Photo of Southwark Integrated Waste Management Facility"
                    },
                    {
                        "archive_url": "https://raw.githubusercontent.com/infrastructureclub/open-house-london-images/master/images/2026/5389/building_5389_15110_286_graingephotography_7080852c0d7b21da86fd63e0f269b905.jpg",
                        "title": "Photo of Southwark Integrated Waste Management Facility"
                    },
                    {
                        "archive_url": "https://raw.githubusercontent.com/infrastructureclub/open-house-london-images/master/images/2026/5389/building_5389_378142170_342925221393372_3059501834476860098_n_f87a5995046a076f4544add268498294.jpg",
                        "title": "Photo of Southwark Integrated Waste Management Facility"
                    },
                    {
                        "archive_url": "https://raw.githubusercontent.com/infrastructureclub/open-house-london-images/master/images/2026/5389/building_5389_15110_255_graingephotography_10bff55dae72ab4ff0b9d3247b4b000d.jpg",
                        "title": "Photo of Southwark Integrated Waste Management Facility"
                    },
                    {
                        "archive_url": "https://raw.githubusercontent.com/infrastructureclub/open-house-london-images/master/images/2026/5389/building_5389_15110_294_graingephotography_22924196bedbe45692a3b853a04ba0a3.jpg",
                        "title": "Photo of Southwark Integrated Waste Management Facility"
                    }
                ],
                "name": "Southwark Integrated Waste Management Facility",
                "new_venue_this_year": "No",
                "start": "10:00:00",
                "ticketed_events": "No",
                "url": "https://programme.openhouse.org.uk/listings/5389"
            },
            "type": "Feature"
        },
        {
            "geometry": {
                "coordinates": [
                    -0.28586,
                    51.48255
                ],
                "type": "Point"
            },
            "properties": {
                "balloted": "No",
                "description": "A family home renown for it's quality of space and light, set around a courtyard and formed from two gabled Corten steel buildings connected by a glazed link.  The basement gallery will be showing Art Form, an exhibition on the engineering of 50 major artworks by Price & Myers.",
                "end": "17:00:00",
                "fully_booked": "",
                "images": [
                    {
                        "archive_url": "https://raw.githubusercontent.com/infrastructureclub/open-house-london-images/master/images/2026/5737/building_5737_kew-house-front-view-c-tim-lucas_9ebf639ab7a6147db529a9d9d69995df.jpg",
                        "title": "Photo of Kew House"
                    },
                    {
                        "archive_url": "https://raw.githubusercontent.com/infrastructureclub/open-house-london-images/master/images/2026/5737/building_5737_piercyandco_kew-house_roof-c-jack-hobhouse_1c422ea0435523bf32938c56080e976e.jpg",
                        "title": "Jack Hobhouse"
                    },
                    {
                        "archive_url": "https://raw.githubusercontent.com/infrastructureclub/open-house-london-images/master/images/2026/5737/building_5737_piercyandco_kew-house_-cambridge-road-view-c-jack-hobhouse_5007e059cb2c5735430370705a2d03b2.jpg",
                        "title": "Jack Hobhouse"
                    },
                    {
                        "archive_url": "https://raw.githubusercontent.com/infrastructureclub/open-house-london-images/master/images/2026/5737/building_5737_piercyandco_kew-house_-installation-of-shells_38d9473494071e96aa6186985fd2e522.jpg",
                        "title": "Tim Lucas"
                    },
                    {
                        "archive_url": "https://raw.githubusercontent.com/infrastructureclub/open-house-london-images/master/images/2026/5737/building_5737_kew-house-02_2fa24f351863eaac7a271ca41a39bd5d.jpg",
                        "title": "Photo of Kew House"
                    },
                    {
                        "archive_url": "https://raw.githubusercontent.com/infrastructureclub/open-house-london-images/master/images/2026/5737/building_5737_kew-house-basement-gallery-c-tim-lucas_b6ce85ac48adccb6d5b4a094106e032c.jpg",
                        "title": "Photo of Kew House"
                    },
                    {
                        "archive_url": "https://raw.githubusercontent.com/infrastructureclub/open-house-london-images/master/images/2026/5737/building_5737_kew-house-basement-space-c-tim-lucas_d2c1d6d6ae3adc50c312e57e5c3df58b.jpg",
                        "title": "Photo of Kew House"
                    }
                ],
                "name": "Kew House",
                "new_venue_this_year": "No",
                "start": "10:00:00",
                "ticketed_events": "No",
                "url": "https://programme.openhouse.org.uk/listings/5737"
            },
            "type": "Feature"
        },
        {
            "geometry": {
                "coordinates": [
                    0.08505,
                    51.59318
                ],
                "type": "Point"
            },
            "properties": {
                "balloted": "No",
                "description": "The library was built on an open site in Barkingside High Street. Circular library design copies nearby roundabout. Complex is set back from the pavement, to form a new local civic centre with a public space. Refurbished 1990 and 2011.",
                "end": "16:00:00",
                "fully_booked": "",
                "images": [
                    {
                        "archive_url": "https://raw.githubusercontent.com/infrastructureclub/open-house-london-images/master/images/2026/5874/building_5874_fx_5f98316ae06ff6b4714506a73e81e79b.jpg",
                        "title": "Redbridge Heritage Service"
                    },
                    {
                        "archive_url": "https://raw.githubusercontent.com/infrastructureclub/open-house-london-images/master/images/2026/5874/building_5874_fx_ef2223efb470ae1b814b6b92e022e7ba.jpg",
                        "title": "Photo of Fullwell Cross Library"
                    }
                ],
                "name": "Fullwell Cross Library",
                "new_venue_this_year": "No",
                "start": "11:00:00",
                "ticketed_events": "No",
                "url": "https://programme.openhouse.org.uk/listings/5874"
            },
            "type": "Feature"
        },
        {
            "geometry": {
                "coordinates": [
                    -0.00908,
                    51.47997
                ],
                "type": "Point"
            },
            "properties": {
                "balloted": "No",
                "description": "The building features a limestone exterior designed to 'complement but not mimic' the surrounding historical architecture, whilst behind the façade is a 4-storey composition of steel, glass and exposed concrete.",
                "end": "16:00:00",
                "fully_booked": "",
                "images": [
                    {
                        "archive_url": "https://raw.githubusercontent.com/infrastructureclub/open-house-london-images/master/images/2026/6096/building_6096_img_8357-stockwell-street_be48d4418cba65a2f3f2b36956313a61.jpg",
                        "title": "Photo of University of Greenwich, Stockwell Street"
                    },
                    {
                        "archive_url": "https://raw.githubusercontent.com/infrastructureclub/open-house-london-images/master/images/2026/6096/building_6096_img_8372-stockwell-street_aed3ef6288b1e97e777715f5635baad8.jpg",
                        "title": "Photo of University of Greenwich, Stockwell Street"
                    }
                ],
                "name": "University of Greenwich, Stockwell Street",
                "new_venue_this_year": "No",
                "start": "10:00:00",
                "ticketed_events": "No",
                "url": "https://programme.openhouse.org.uk/listings/6096"
            },
            "type": "Feature"
        },
        {
            "geometry": {
                "coordinates": [
                    -0.03039,
                    51.5107
                ],
                "type": "Point"
            },
            "properties": {
                "balloted": "No",
                "description": "St Anne's Limehouse has been described as 'the finest parish church in England.' Designed by Nicholas Hawksmoor, it is Grade I listed and one of the Major Churches in the Church of England. It is home to a thriving Christian congregation.",
                "end": "16:00:00",
                "fully_booked": "No",
                "images": [
                    {
                        "archive_url": "https://raw.githubusercontent.com/infrastructureclub/open-house-london-images/master/images/2026/6270/building_6270_churchandpyramid_ec44e4b75c727ae4fede91807bff6b57.jpg",
                        "title": "St Anne's Limehouse"
                    },
                    {
                        "archive_url": "https://raw.githubusercontent.com/infrastructureclub/open-house-london-images/master/images/2026/6270/building_6270_image1_1d815f5203b13c31f9efb3223ed33e58.jpeg",
                        "title": "Greywolf Studios London"
                    },
                    {
                        "archive_url": "https://raw.githubusercontent.com/infrastructureclub/open-house-london-images/master/images/2026/6270/building_6270_2-2_e1ba49d4d5ec2bbcfcc33dd6a7eb2a8b.jpg",
                        "title": "Photo of St Anne's Church, Limehouse"
                    },
                    {
                        "archive_url": "https://raw.githubusercontent.com/infrastructureclub/open-house-london-images/master/images/2026/6270/building_6270_1000043947_23fd6baf8ef3ee741bd6105a49f5eb50.jpg",
                        "title": "Photo of St Anne's Church, Limehouse"
                    }
                ],
                "name": "St Anne's Church, Limehouse",
                "new_venue_this_year": "No",
                "start": "10:00:00",
                "ticketed_events": "Yes",
                "url": "https://programme.openhouse.org.uk/listings/6270"
            },
            "type": "Feature"
        },
        {
            "geometry": {
                "coordinates": [
                    -0.15295,
                    51.51942
                ],
                "type": "Point"
            },
            "properties": {
                "balloted": "No",
                "description": "Enjoy one of two exclusive tours of a special exhibition, \"Change,\" celebrating SOM London’s 40th anniversary and SOM’s 90th anniversary worldwide. Discover rare insights into the work of the globally renowned architecture, engineering and urban planning practice, and explore how innovative design, technology, materials and construction are shaping a more resilient and sustainable future.",
                "end": "16:00:00",
                "fully_booked": "Yes",
                "images": [
                    {
                        "archive_url": "https://raw.githubusercontent.com/infrastructureclub/open-house-london-images/master/images/2026/6325/building_6325_miysis_3d_som_urban-sequoia_view1_final_v2_007_med_d0a9640a9090fc9628c0bfdd1a7b00d5.jpg",
                        "title": "Photo of \"Change: 40 Years of SOM London,” a special exhibition exploring design as a cultural practice"
                    },
                    {
                        "archive_url": "https://raw.githubusercontent.com/infrastructureclub/open-house-london-images/master/images/2026/6325/building_6325_grant-donaldson_som-20_med_2623fc4aa7bf291a75386590cfbf84e8.jpg",
                        "title": "Photo of \"Change: 40 Years of SOM London,” a special exhibition exploring design as a cultural practice"
                    },
                    {
                        "archive_url": "https://raw.githubusercontent.com/infrastructureclub/open-house-london-images/master/images/2026/6325/building_6325_londonoffice_som_daveburk_014_med_580ae30598a7d15471b5a0673c8a881a.jpg",
                        "title": "Photo of \"Change: 40 Years of SOM London,” a special exhibition exploring design as a cultural practice"
                    },
                    {
                        "archive_url": "https://raw.githubusercontent.com/infrastructureclub/open-house-london-images/master/images/2026/6325/building_6325_00179_010v2_med_914c0c34d1f781709edcf815bab650f5.jpg",
                        "title": "Photo of \"Change: 40 Years of SOM London,” a special exhibition exploring design as a cultural practice"
                    }
                ],
                "name": "\"Change: 40 Years of SOM London,” a special exhibition exploring design as a cultural practice",
                "new_venue_this_year": "No",
                "start": "13:00:00",
                "ticketed_events": "Yes",
                "url": "https://programme.openhouse.org.uk/listings/6325"
            },
            "type": "Feature"
        },
        {
            "geometry": {
                "coordinates": [
                    -0.1130917,
                    51.5218569
                ],
                "type": "Point"
            },
            "properties": {
                "balloted": "No",
                "description": "A former Victorian workhouse that has been transformed through LB Camden's Community Investment Programme into a state of the art facility for 50 homeless people laid out around a beautiful suntrap courtyard.",
                "end": "17:00:00",
                "fully_booked": "",
                "images": [
                    {
                        "archive_url": "https://raw.githubusercontent.com/infrastructureclub/open-house-london-images/master/images/2026/6355/building_6355_mp-internal-courtyard_02_72af0ebb115c1dfd853d8ec878e5307e.jpg",
                        "title": "Peter Barber Architects"
                    },
                    {
                        "archive_url": "https://raw.githubusercontent.com/infrastructureclub/open-house-london-images/master/images/2026/6355/building_6355_mp-internal-courtyard_01_378ba57c725df269a9e3df36a6bb0614.jpg",
                        "title": "Peter Barber Architects"
                    },
                    {
                        "archive_url": "https://raw.githubusercontent.com/infrastructureclub/open-house-london-images/master/images/2026/6355/building_6355_mp-external_05_e6085f9c6817db576e1cea1e2db245b2.jpg",
                        "title": "Peter Barber Architects"
                    },
                    {
                        "archive_url": "https://raw.githubusercontent.com/infrastructureclub/open-house-london-images/master/images/2026/6355/building_6355_mount-pleasant-courtyard_f476fcc4cbdedfa8a1cb42f875aea7d5.jpg",
                        "title": "Photo of Mount Pleasant"
                    },
                    {
                        "archive_url": "https://raw.githubusercontent.com/infrastructureclub/open-house-london-images/master/images/2026/6355/building_6355_mount-pleasant-courtyard2_e6513836d7fccf566df3cc3c103a4c99.jpg",
                        "title": "Photo of Mount Pleasant"
                    },
                    {
                        "archive_url": "https://raw.githubusercontent.com/infrastructureclub/open-house-london-images/master/images/2026/6355/building_6355_mount-pleasant-reception_48d6a77f06c2af053e50d26ad03c1554.jpg",
                        "title": "Photo of Mount Pleasant"
                    }
                ],
                "name": "Mount Pleasant",
                "new_venue_this_year": "No",
                "start": "10:00:00",
                "ticketed_events": "No",
                "url": "https://programme.openhouse.org.uk/listings/6355"
            },
            "type": "Feature"
        },
        {
            "geometry": {
                "coordinates": [
                    -0.23139,
                    51.50572
                ],
                "type": "Point"
            },
            "properties": {
                "balloted": "No",
                "description": "Making efficient use of an irregular urban site, this house is made up of interconnecting top-lit pavilions arranged to define a tranquil private courtyard.",
                "end": "13:00:00",
                "fully_booked": "",
                "images": [
                    {
                        "archive_url": "https://raw.githubusercontent.com/infrastructureclub/open-house-london-images/master/images/2026/6428/building_6428__mg_0236hxfltr-1_00f6050eb2c974a502499744c8b1d3e7.jpg",
                        "title": "Tim Soar"
                    },
                    {
                        "archive_url": "https://raw.githubusercontent.com/infrastructureclub/open-house-london-images/master/images/2026/6428/building_6428_gavriilux_london_20190213_hd_f5cfcbce2cea97861b814119df4deda7.jpg",
                        "title": "Gavriil Papadiotis "
                    },
                    {
                        "archive_url": "https://raw.githubusercontent.com/infrastructureclub/open-house-london-images/master/images/2026/6428/building_6428_2880_tin-house-231_d8e214031f23aa8c80cd6b54d3b5ffb0.jpg",
                        "title": "Henning Stummel Architects"
                    },
                    {
                        "archive_url": "https://raw.githubusercontent.com/infrastructureclub/open-house-london-images/master/images/2026/6428/building_6428_160806-henning-stummel-tin-house-376_58c0c9ed02d0db599be3ca279589fddc.jpg",
                        "title": "Henning Stummel Architects"
                    },
                    {
                        "archive_url": "https://raw.githubusercontent.com/infrastructureclub/open-house-london-images/master/images/2026/6428/building_6428_160806-henning-stummel-tin-house-073_794723530e5d4aed898ea25d7cef7bf7.jpg",
                        "title": "Henning Stummel Architects"
                    },
                    {
                        "archive_url": "https://raw.githubusercontent.com/infrastructureclub/open-house-london-images/master/images/2026/6428/building_6428_hr-henning-stummel-tin-house-051_8a4219fa6de47cfc8153060cd90feba8.jpg",
                        "title": "Henning Stummel Architects"
                    },
                    {
                        "archive_url": "https://raw.githubusercontent.com/infrastructureclub/open-house-london-images/master/images/2026/6428/building_6428_living-room-building-4-from-kitchen-building-3_d576a23c4fbff091f82716a594162393.jpg",
                        "title": "Henning Stummel Architects"
                    },
                    {
                        "archive_url": "https://raw.githubusercontent.com/infrastructureclub/open-house-london-images/master/images/2026/6428/building_6428_tin-house-095-300dpi_f04df2d92ce2ff024a52e5bca5247387.jpg",
                        "title": "Henning Stummel Architects"
                    }
                ],
                "name": "Tin House",
                "new_venue_this_year": "No",
                "start": "10:00:00",
                "ticketed_events": "No",
                "url": "https://programme.openhouse.org.uk/listings/6428"
            },
            "type": "Feature"
        },
        {
            "geometry": {
                "coordinates": [
                    -0.0710449,
                    51.48474239999999
                ],
                "type": "Point"
            },
            "properties": {
                "balloted": "No",
                "description": "The operational factory of Kaymet, a maker of trays and trolleys since 1947. A hidden 1950s building with a small yard, originally a printing works. It is brick built, with clear-storey glazing and tubular truss north-light main shed roof.",
                "end": "16:00:00",
                "fully_booked": "",
                "images": [
                    {
                        "archive_url": "https://raw.githubusercontent.com/infrastructureclub/open-house-london-images/master/images/2026/6826/building_6826_1-img_7919_2f58d451f2821c88739d78489e21b77a.jpg",
                        "title": "Mark Brearley"
                    },
                    {
                        "archive_url": "https://raw.githubusercontent.com/infrastructureclub/open-house-london-images/master/images/2026/6826/building_6826_2-img_7949_ab2c3c15ea6de20d8f5cc2027d9c7702.jpg",
                        "title": "Mark Brearley"
                    },
                    {
                        "archive_url": "https://raw.githubusercontent.com/infrastructureclub/open-house-london-images/master/images/2026/6826/building_6826_3-img_7932_ac753adb0b7131d19819994b2f4e7013.jpg",
                        "title": "Mark Brearley"
                    },
                    {
                        "archive_url": "https://raw.githubusercontent.com/infrastructureclub/open-house-london-images/master/images/2026/6826/building_6826_4-img_7954_a4b2e4d9b7819de2935cae88dec994ad.jpg",
                        "title": "Mark Brearley"
                    },
                    {
                        "archive_url": "https://raw.githubusercontent.com/infrastructureclub/open-house-london-images/master/images/2026/6826/building_6826_5-img_7945_e783c813d62bfba4ad9d5f33095a4b2f.jpg",
                        "title": "Mark Brearley"
                    }
                ],
                "name": "Kaymet Factory",
                "new_venue_this_year": "No",
                "start": "10:00:00",
                "ticketed_events": "No",
                "url": "https://programme.openhouse.org.uk/listings/6826"
            },
            "type": "Feature"
        },
        {
            "geometry": {
                "coordinates": [
                    -0.1762358,
                    51.4836113
                ],
                "type": "Point"
            },
            "properties": {
                "balloted": "No",
                "description": "A former stable yard of Sir Thomas More's Chelsea estate, now an 18C Chapel, other buildings, and burial ground. Parts of the enclosing walls are Tudor in origin. Ernest and Mary Gillick enhanced the grounds in the 20C.",
                "end": "17:00:00",
                "fully_booked": "",
                "images": [
                    {
                        "archive_url": "https://raw.githubusercontent.com/infrastructureclub/open-house-london-images/master/images/2026/6835/building_6835_fetter-lane-moravian-church_bcebe47a04f465f808608e3e36f4b13f.jpg",
                        "title": "Fetter Lane Moravian Church"
                    },
                    {
                        "archive_url": "https://raw.githubusercontent.com/infrastructureclub/open-house-london-images/master/images/2026/6835/building_6835_img_0663_4fa2f339a39ae04f0ecc81fcf51fb242.jpg",
                        "title": "Photo of Moravian Close"
                    },
                    {
                        "archive_url": "https://raw.githubusercontent.com/infrastructureclub/open-house-london-images/master/images/2026/6835/building_6835_img_0659_d44af0a3ace8cd78ce6397b47224ce27.jpg",
                        "title": "Photo of Moravian Close"
                    },
                    {
                        "archive_url": "https://raw.githubusercontent.com/infrastructureclub/open-house-london-images/master/images/2026/6835/building_6835_commemorating-the-work-of-mary-and-ernest-gillick-sculptors-who-worked-at-the-close-in-the-mid-20thc_f8e0aefd0429e421dfae467d861ade45.jpeg",
                        "title": "Photo of Moravian Close"
                    }
                ],
                "name": "Moravian Close",
                "new_venue_this_year": "No",
                "start": "13:00:00",
                "ticketed_events": "No",
                "url": "https://programme.openhouse.org.uk/listings/6835"
            },
            "type": "Feature"
        },
        {
            "geometry": {
                "coordinates": [
                    -0.30596,
                    51.40824
                ],
                "type": "Point"
            },
            "properties": {
                "balloted": "No",
                "description": "Built in the Georgian style, the Guildhall brought together Kingston's administrative functions. Purpose-built Magistrates Courts were included in the building, part of which are now home to Kingston History Centre.",
                "end": "16:30:00",
                "fully_booked": "No",
                "images": [
                    {
                        "archive_url": "https://raw.githubusercontent.com/infrastructureclub/open-house-london-images/master/images/2026/6960/building_6960_guildhall_3e073ba99bdc80d0a406bfa78bbaff7b.jpg",
                        "title": "Kingston Guildhall and History Centre"
                    },
                    {
                        "archive_url": "https://raw.githubusercontent.com/infrastructureclub/open-house-london-images/master/images/2026/6960/building_6960_k1-1196_a1ee603b90588c2b520f4cba751856dd.jpg",
                        "title": "Kingston Guildhall and History Centre"
                    },
                    {
                        "archive_url": "https://raw.githubusercontent.com/infrastructureclub/open-house-london-images/master/images/2026/6960/building_6960_khc-open-house-sep-2023_a9a639607dceb697cf4cdc3a021af1bd.jpg",
                        "title": "Kingston Guildhall and History Centre"
                    }
                ],
                "name": "Kingston Guildhall and History Centre",
                "new_venue_this_year": "No",
                "start": "10:00:00",
                "ticketed_events": "Yes",
                "url": "https://programme.openhouse.org.uk/listings/6960"
            },
            "type": "Feature"
        },
        {
            "geometry": {
                "coordinates": [
                    -0.237489,
                    51.4935842
                ],
                "type": "Point"
            },
            "properties": {
                "balloted": "No",
                "description": "Built 1972-74 in a part-brutalist style, POSK is the largest Polish Centre in Western Europe. It contains a theatre, the Polish Library, the Polish University Abroad, a Joseph Conrad collection, the Piłsudski Institute, Jazz Café with regular live concerts, art gallery, and art collection on public display.",
                "end": "16:45:00",
                "fully_booked": "No",
                "images": [
                    {
                        "archive_url": "https://raw.githubusercontent.com/infrastructureclub/open-house-london-images/master/images/2026/7272/building_7272_posk-london_5745317e3a50215b89f21eaacc2a841d.jpg",
                        "title": "Janusz Marszewski"
                    },
                    {
                        "archive_url": "https://raw.githubusercontent.com/infrastructureclub/open-house-london-images/master/images/2026/7272/building_7272_posk-front_50f7be5587348fd58273b1cca2102692.jpg",
                        "title": "POSK"
                    },
                    {
                        "archive_url": "https://raw.githubusercontent.com/infrastructureclub/open-house-london-images/master/images/2026/7272/building_7272_posk-snow_6b4cbc4bace665dbe5c413e315b5b8bb.jpg",
                        "title": "Bart Nowak"
                    },
                    {
                        "archive_url": "https://raw.githubusercontent.com/infrastructureclub/open-house-london-images/master/images/2026/7272/building_7272_posk-jazz-cafe-1_568097cb5f502ab6c53fe8b5bb266b92.jpg",
                        "title": "POSK"
                    },
                    {
                        "archive_url": "https://raw.githubusercontent.com/infrastructureclub/open-house-london-images/master/images/2026/7272/building_7272_posk-theatre-1_f566502aa92bbebfc8c530576ca85769.jpg",
                        "title": "POSK"
                    },
                    {
                        "archive_url": "https://raw.githubusercontent.com/infrastructureclub/open-house-london-images/master/images/2026/7272/building_7272_posk-reception_eee5e64d1fb4d29c1c292052ae668422.jpg",
                        "title": "POSK"
                    },
                    {
                        "archive_url": "https://raw.githubusercontent.com/infrastructureclub/open-house-london-images/master/images/2026/7272/building_7272_posk-gallery_d374811908116751ebf090e19d59ab1d.jpg",
                        "title": "POSK"
                    }
                ],
                "name": "Polish Social and Cultural Association",
                "new_venue_this_year": "No",
                "start": "10:30:00",
                "ticketed_events": "Yes",
                "url": "https://programme.openhouse.org.uk/listings/7272"
            },
            "type": "Feature"
        },
        {
            "geometry": {
                "coordinates": [
                    -0.11522,
                    51.46404
                ],
                "type": "Point"
            },
            "properties": {
                "balloted": "No",
                "description": "The Department Store is an RIBA National Award-winning refurbishment of a dilapidated Edwardian building in Brixton, completed by Squire & Partners in 2017. The design was informed by the layers of history and existing fabric of the heritage building.",
                "end": "13:00:00",
                "fully_booked": "Yes",
                "images": [
                    {
                        "archive_url": "https://raw.githubusercontent.com/infrastructureclub/open-house-london-images/master/images/2026/7607/building_7607_01_the-department-store_squire-and-partners-james-jones_35b79c2e401b53bb00e5723b495e5101.jpg",
                        "title": "James Jones"
                    },
                    {
                        "archive_url": "https://raw.githubusercontent.com/infrastructureclub/open-house-london-images/master/images/2026/7607/building_7607_02_the-department-store_squire-and-partners-james-jones_b7f8b5234c3d484b20e2c0c7fbead0c6.jpg",
                        "title": "James Jones"
                    },
                    {
                        "archive_url": "https://raw.githubusercontent.com/infrastructureclub/open-house-london-images/master/images/2026/7607/building_7607_03_the-department-store_squire-and-partners-james-jones_d10088e0a46a6fa8648fe09fd823e4f6.jpg",
                        "title": "James Jones"
                    },
                    {
                        "archive_url": "https://raw.githubusercontent.com/infrastructureclub/open-house-london-images/master/images/2026/7607/building_7607_20_the-department-store_squire-and-partners-james-jones_2fa9b404665d3ec07ae7d218615ee229.jpg",
                        "title": "James Jones"
                    },
                    {
                        "archive_url": "https://raw.githubusercontent.com/infrastructureclub/open-house-london-images/master/images/2026/7607/building_7607_21_the-department-store_squire-and-partners-james-jones_c526efa794acd415f3c862ad18a74a89.jpg",
                        "title": "James Jones"
                    },
                    {
                        "archive_url": "https://raw.githubusercontent.com/infrastructureclub/open-house-london-images/master/images/2026/7607/building_7607_23_the-department-store_squire-and-partners-james-jones_42baf6dab4651a2cba3b4495d8cda801.jpg",
                        "title": "James Jones"
                    },
                    {
                        "archive_url": "https://raw.githubusercontent.com/infrastructureclub/open-house-london-images/master/images/2026/7607/building_7607_08_the-department-store_squire-and-partners-james-jones_1dfa81f64b98b2946ac12746f2970f22.jpg",
                        "title": "James Jones"
                    },
                    {
                        "archive_url": "https://raw.githubusercontent.com/infrastructureclub/open-house-london-images/master/images/2026/7607/building_7607_10_the-department-store_squire-and-partners-james-jones-min_d7345895bf2b4213018c4b1e2cc52b77.jpg",
                        "title": "James Jones"
                    },
                    {
                        "archive_url": "https://raw.githubusercontent.com/infrastructureclub/open-house-london-images/master/images/2026/7607/building_7607_31_the-department-store_squire-and-partners-james-jones-min_142ab12a5f91f5bfdcb81d0f7dd866cb.jpg",
                        "title": "James Jones"
                    },
                    {
                        "archive_url": "https://raw.githubusercontent.com/infrastructureclub/open-house-london-images/master/images/2026/7607/building_7607_38_the-department-store_squire-and-partners-james-jones-min_e7a3c8e2fe0e6bfa102258e1d71a0aa4.jpg",
                        "title": "James Jones"
                    },
                    {
                        "archive_url": "https://raw.githubusercontent.com/infrastructureclub/open-house-london-images/master/images/2026/7607/building_7607_61_the-department-store_squire-and-partners-james-jones_9888b111308ff83d49acad0750db20e5.jpg",
                        "title": "James Jones"
                    },
                    {
                        "archive_url": "https://raw.githubusercontent.com/infrastructureclub/open-house-london-images/master/images/2026/7607/building_7607_67_the-department-store_squire-and-partners-james-jones_f38c7c71ddbab35b3058fe5b48afabc7.jpg",
                        "title": "James Jones"
                    },
                    {
                        "archive_url": "https://raw.githubusercontent.com/infrastructureclub/open-house-london-images/master/images/2026/7607/building_7607_69_the-department-store_squire-and-partners-james-jones_fc5ed0142e1976e4a2b9d6943e74f3a5.jpg",
                        "title": "James Jones"
                    },
                    {
                        "archive_url": "https://raw.githubusercontent.com/infrastructureclub/open-house-london-images/master/images/2026/7607/building_7607_112_the-department-store_squire-and-partners-james-jones-min_4352264bd86a46f238119a9e653026f5.jpg",
                        "title": "James Jones"
                    },
                    {
                        "archive_url": "https://raw.githubusercontent.com/infrastructureclub/open-house-london-images/master/images/2026/7607/building_7607_113_the-department-store_squire-and-partners-james-jones-min_bf9c6ce1834594f85670974ac214acfd.jpg",
                        "title": "James Jones"
                    },
                    {
                        "archive_url": "https://raw.githubusercontent.com/infrastructureclub/open-house-london-images/master/images/2026/7607/building_7607_115_the-department-store_squire-and-partners-james-jones_6893194e48c8b18fa277000d8e647396.jpg",
                        "title": "James Jones"
                    },
                    {
                        "archive_url": "https://raw.githubusercontent.com/infrastructureclub/open-house-london-images/master/images/2026/7607/building_7607_119_the-department-store_squire-and-partners-james-jones-min_2972dd828d2464084e0a5ea9fc7135b6.jpg",
                        "title": "James Jones"
                    },
                    {
                        "archive_url": "https://raw.githubusercontent.com/infrastructureclub/open-house-london-images/master/images/2026/7607/building_7607_120_the-department-store_squire-and-partners-james-jones-min_2920bcc835cb2732fd0cfeedeca9f4f4.jpg",
                        "title": "James Jones"
                    },
                    {
                        "archive_url": "https://raw.githubusercontent.com/infrastructureclub/open-house-london-images/master/images/2026/7607/building_7607_84_the-department-store_squire-and-partners-james-jones_ef27e3c725c7bc64a4ce57477828df70.jpg",
                        "title": "James Jones"
                    },
                    {
                        "archive_url": "https://raw.githubusercontent.com/infrastructureclub/open-house-london-images/master/images/2026/7607/building_7607_85_the-department-store_squire-and-partners-james-jones-min_c47360856266bc6c12f48fae458ae354.jpg",
                        "title": "James Jones"
                    },
                    {
                        "archive_url": "https://raw.githubusercontent.com/infrastructureclub/open-house-london-images/master/images/2026/7607/building_7607_90_the-department-store_squire-and-partners-james-jones_0464c87c508762f70f579f811168f2df.jpg",
                        "title": "James Jones"
                    },
                    {
                        "archive_url": "https://raw.githubusercontent.com/infrastructureclub/open-house-london-images/master/images/2026/7607/building_7607_104_the-department-store_squire-and-partners-james-jones-min_fa06611e7dee9fcbe8bfffe96aa927f9.jpg",
                        "title": "James Jones"
                    },
                    {
                        "archive_url": "https://raw.githubusercontent.com/infrastructureclub/open-house-london-images/master/images/2026/7607/building_7607_105_the-department-store_squire-and-partners-james-jones_72c3f5530a2e94a787a155eab531c343.jpg",
                        "title": "James Jones"
                    }
                ],
                "name": "The Department Store",
                "new_venue_this_year": "No",
                "start": "10:00:00",
                "ticketed_events": "Yes",
                "url": "https://programme.openhouse.org.uk/listings/7607"
            },
            "type": "Feature"
        },
        {
            "geometry": {
                "coordinates": [
                    -0.3062179,
                    51.40975359999999
                ],
                "type": "Point"
            },
            "properties": {
                "balloted": "No",
                "description": "We are running our usual guided walking tours around historic Kingston this year. Come and find out interesting facts and stories about old Kingston. You will be amazed about how much you learn and enjoy.\r\n\r\n\r\n\r\nOur guided tours are informative, interesting and fun. For more information about us visit: https://www.kingstontourguides.org.uk/",
                "end": "12:30:00",
                "fully_booked": "Yes",
                "images": [
                    {
                        "archive_url": "https://raw.githubusercontent.com/infrastructureclub/open-house-london-images/master/images/2026/7678/building_7678_jack-wills-building_5634d10159f2358034caaeac3fb2e521.jpg",
                        "title": "Mike Gibbs"
                    },
                    {
                        "archive_url": "https://raw.githubusercontent.com/infrastructureclub/open-house-london-images/master/images/2026/7678/building_7678_kingston-bridge_be450e983311e694512f575cae978d2f.jpg",
                        "title": "Mike Gibbs"
                    },
                    {
                        "archive_url": "https://raw.githubusercontent.com/infrastructureclub/open-house-london-images/master/images/2026/7678/building_7678_the-apple-market_2b28c40cb0d2207b8daf8372129ec2a5.jpg",
                        "title": "Mike Gibbs"
                    },
                    {
                        "archive_url": "https://raw.githubusercontent.com/infrastructureclub/open-house-london-images/master/images/2026/7678/building_7678_the-clattern-bridge_383018ded43a5a33952dab54d2910e3b.jpg",
                        "title": "Mike Gibbs"
                    },
                    {
                        "archive_url": "https://raw.githubusercontent.com/infrastructureclub/open-house-london-images/master/images/2026/7678/building_7678_the-market-house_84ad33e5e2040ffdc0dfd13070e0173f.jpg",
                        "title": "Mike Gibbs"
                    },
                    {
                        "archive_url": "https://raw.githubusercontent.com/infrastructureclub/open-house-london-images/master/images/2026/7678/building_7678_the-old-mortuary_8dd9a7ec9e2f81b6d11696c91ab04618.jpg",
                        "title": "Mike Gibbs"
                    },
                    {
                        "archive_url": "https://raw.githubusercontent.com/infrastructureclub/open-house-london-images/master/images/2026/7678/building_7678_top-of-nuttalls_41dcdc3cda0374b6e307758c175991a8.jpg",
                        "title": "Mike Gibbs"
                    },
                    {
                        "archive_url": "https://raw.githubusercontent.com/infrastructureclub/open-house-london-images/master/images/2026/7678/building_7678_the-coronation-stone_9a7b4e7050216549954dc87b4dd8fd7c.jpg",
                        "title": "Mike Gibbs"
                    },
                    {
                        "archive_url": "https://raw.githubusercontent.com/infrastructureclub/open-house-london-images/master/images/2026/7678/building_7678_the-guildhall_e41960d8e5f89ac5c88318929f2fe7ab.jpg",
                        "title": "Kingston Tour Guides"
                    }
                ],
                "name": "Kingston Historic walk",
                "new_venue_this_year": "No",
                "start": "11:00:00",
                "ticketed_events": "Yes",
                "url": "https://programme.openhouse.org.uk/listings/7678"
            },
            "type": "Feature"
        },
        {
            "geometry": {
                "coordinates": [
                    -0.1210654,
                    51.4936018
                ],
                "type": "Point"
            },
            "properties": {
                "balloted": "No",
                "description": "The International Maritime Organization is a specialized agency of the UN, responsible for the safety and security of shipping and the prevention of marine pollution by ships. It is the only UN organization with headquarters in London.",
                "end": "16:00:00",
                "fully_booked": "",
                "images": [
                    {
                        "archive_url": "https://raw.githubusercontent.com/infrastructureclub/open-house-london-images/master/images/2026/7730/building_7730_22947987730_bef0ccc663_k_6d1a5ac2fe639baf1574cf988f9a3666.jpg",
                        "title": "International Maritime Organization"
                    },
                    {
                        "archive_url": "https://raw.githubusercontent.com/infrastructureclub/open-house-london-images/master/images/2026/7730/building_7730_22489472584_3ec36c763f_h_2f7600936a4b99669b86523bea5164f5.jpg",
                        "title": "International Maritime Organization"
                    },
                    {
                        "archive_url": "https://raw.githubusercontent.com/infrastructureclub/open-house-london-images/master/images/2026/7730/building_7730_30005296161_a2b7addb84_k_2c38950f18379390cb7adaf9234802dc.jpg",
                        "title": "International Maritime Organization"
                    },
                    {
                        "archive_url": "https://raw.githubusercontent.com/infrastructureclub/open-house-london-images/master/images/2026/7730/building_7730_5926186601_ca9f296fd5_b_f6724ea8010d7af65ac5505993ce325d.jpg",
                        "title": "Sculptor: Michael Sandle - International Maritime Organization"
                    },
                    {
                        "archive_url": "https://raw.githubusercontent.com/infrastructureclub/open-house-london-images/master/images/2026/7730/building_7730_5926747912_371d85a74f_b_7d7a0d9cfde2ffbba16c918233bf3b51.jpg",
                        "title": "Sculptor: Michael Sandle - International Maritime Organization"
                    },
                    {
                        "archive_url": "https://raw.githubusercontent.com/infrastructureclub/open-house-london-images/master/images/2026/7730/building_7730_53833492637_8be17a4797_c_6457152671a2af51b77709fb893958cd.jpg",
                        "title": "International Maritime Organization"
                    }
                ],
                "name": "International Maritime Organization",
                "new_venue_this_year": "No",
                "start": "10:00:00",
                "ticketed_events": "No",
                "url": "https://programme.openhouse.org.uk/listings/7730"
            },
            "type": "Feature"
        },
        {
            "geometry": {
                "coordinates": [
                    -0.14111,
                    51.4971
                ],
                "type": "Point"
            },
            "properties": {
                "balloted": "No",
                "description": "Quote - “All the secrets of the world worth knowing are hiding in plain sight”, the City of Westminster Tour Guides are offering a new walk around the quieter streets of Victoria, we will unveil some of these Hidden in Plain Sight secrets.",
                "end": "16:30:00",
                "fully_booked": "Yes",
                "images": [
                    {
                        "archive_url": "https://raw.githubusercontent.com/infrastructureclub/open-house-london-images/master/images/2026/7774/building_7774_maunsel-streete_08d30427722c8518c21a2db0eec95fbe.jpeg",
                        "title": "Photo of Victoria: Hidden in Plain Sight"
                    },
                    {
                        "archive_url": "https://raw.githubusercontent.com/infrastructureclub/open-house-london-images/master/images/2026/7774/building_7774_coroners-court_a0e64ac9e2bc402e4e48dbbb9e8a4014.jpeg",
                        "title": "Photo of Victoria: Hidden in Plain Sight"
                    },
                    {
                        "archive_url": "https://raw.githubusercontent.com/infrastructureclub/open-house-london-images/master/images/2026/7774/building_7774_westminster-cathedral_bcce20272c0c9bb0302aeb3430dbf674.jpeg",
                        "title": "Photo of Victoria: Hidden in Plain Sight"
                    }
                ],
                "name": "Victoria: Hidden in Plain Sight",
                "new_venue_this_year": "No",
                "start": "10:00:00",
                "ticketed_events": "Yes",
                "url": "https://programme.openhouse.org.uk/listings/7774"
            },
            "type": "Feature"
        },
        {
            "geometry": {
                "coordinates": [
                    -0.10064,
                    51.54393
                ],
                "type": "Point"
            },
            "properties": {
                "balloted": "No",
                "description": "The Estorick Collection is housed in a beautiful Georgian building previously known as Northampton Lodge. Today, the museum comprises six galleries over three floors, as well as a library, offices, a café and bookshop.",
                "end": "18:00:00",
                "fully_booked": "No",
                "images": [
                    {
                        "archive_url": "https://raw.githubusercontent.com/infrastructureclub/open-house-london-images/master/images/2026/7787/building_7787_estorickcollection_b9552e825dacf278ae1248e4ee98057c.jpg",
                        "title": "Estorick Collection"
                    },
                    {
                        "archive_url": "https://raw.githubusercontent.com/infrastructureclub/open-house-london-images/master/images/2026/7787/building_7787__mg_0206_7a925d37ec346374c46d8b01fd92eec2.jpg",
                        "title": "Estorick Collection"
                    },
                    {
                        "archive_url": "https://raw.githubusercontent.com/infrastructureclub/open-house-london-images/master/images/2026/7787/building_7787_img_0269_dc011817ddf11a25419c24cfc10d249b.jpg",
                        "title": "Estorick Collection"
                    },
                    {
                        "archive_url": "https://raw.githubusercontent.com/infrastructureclub/open-house-london-images/master/images/2026/7787/building_7787_img_6090_46db23493f8a4ba54eaeecf267ed981f.jpg",
                        "title": "Estorick Collection"
                    },
                    {
                        "archive_url": "https://raw.githubusercontent.com/infrastructureclub/open-house-london-images/master/images/2026/7787/building_7787_galler-3-ok_b3c9e851f60e655910ec3acbcc0fc1ef.jpg",
                        "title": "Estorick Collection"
                    },
                    {
                        "archive_url": "https://raw.githubusercontent.com/infrastructureclub/open-house-london-images/master/images/2026/7787/building_7787__mg_7371_617e71d07693318ca982170dc413f8b8.jpg",
                        "title": "Estorick Collection"
                    },
                    {
                        "archive_url": "https://raw.githubusercontent.com/infrastructureclub/open-house-london-images/master/images/2026/7787/building_7787_img_0041_c0240ed1f63431d1c22900e95410484a.jpg",
                        "title": "Estorick Collection"
                    },
                    {
                        "archive_url": "https://raw.githubusercontent.com/infrastructureclub/open-house-london-images/master/images/2026/7787/building_7787_291875091_10158604562186120_1740871208041342548_n_6d4895487f0978ac8c86b6534c782690.jpg",
                        "title": "Estorick Collection"
                    },
                    {
                        "archive_url": "https://raw.githubusercontent.com/infrastructureclub/open-house-london-images/master/images/2026/7787/building_7787_292225560_10158604562056120_8803104308365383816_n_51357329378e3e79319cfa76036a732b.jpg",
                        "title": "Estorick Collection"
                    }
                ],
                "name": "Estorick Collection of Modern Italian Art",
                "new_venue_this_year": "No",
                "start": "11:00:00",
                "ticketed_events": "Yes",
                "url": "https://programme.openhouse.org.uk/listings/7787"
            },
            "type": "Feature"
        },
        {
            "geometry": {
                "coordinates": [
                    -0.01485,
                    51.54758
                ],
                "type": "Point"
            },
            "properties": {
                "balloted": "No",
                "description": "London’s 2012 Olympic and Paralympic Games provided a catalyst for regeneration in the Lower Lea Valley. Guided by the Legacy Masterplan, thousands of new homes and jobs are now being created, stitching together existing communities across the former floodplain.",
                "end": "13:30:00",
                "fully_booked": "Yes",
                "images": [
                    {
                        "archive_url": "https://raw.githubusercontent.com/infrastructureclub/open-house-london-images/master/images/2026/7789/building_7789_aam_olympic-tour_b8520f816e9bb8a648cd1335e3ca8a63.jpg",
                        "title": "Allies and Morrison"
                    },
                    {
                        "archive_url": "https://raw.githubusercontent.com/infrastructureclub/open-house-london-images/master/images/2026/7789/building_7789_olm_image-5_2c283117dfc149b80e5c8f1b7ba7f11e.jpg",
                        "title": "Photo of Olympic Legacy Masterplan"
                    },
                    {
                        "archive_url": "https://raw.githubusercontent.com/infrastructureclub/open-house-london-images/master/images/2026/7789/building_7789_olm_image-7_63433f6e4c1902a05466606ac1e352f4.jpg",
                        "title": "Photo of Olympic Legacy Masterplan"
                    },
                    {
                        "archive_url": "https://raw.githubusercontent.com/infrastructureclub/open-house-london-images/master/images/2026/7789/building_7789_olm_image-8_4444f78dd0fc3ec2f0d3a2b08eaab484.jpg",
                        "title": "Photo of Olympic Legacy Masterplan"
                    },
                    {
                        "archive_url": "https://raw.githubusercontent.com/infrastructureclub/open-house-london-images/master/images/2026/7789/building_7789_stratford-waterfront_lcf-public-realm_00927cfcd54227de6d80fe78cc37f104.jpg",
                        "title": "Photo of Olympic Legacy Masterplan"
                    },
                    {
                        "archive_url": "https://raw.githubusercontent.com/infrastructureclub/open-house-london-images/master/images/2026/7789/building_7789_17097_02_powerpoint-2_e7a74e277b2754f5dce176a5da2f0a07.jpg",
                        "title": "Photo of Olympic Legacy Masterplan"
                    }
                ],
                "name": "Olympic Legacy Masterplan",
                "new_venue_this_year": "No",
                "start": "11:30:00",
                "ticketed_events": "Yes",
                "url": "https://programme.openhouse.org.uk/listings/7789"
            },
            "type": "Feature"
        },
        {
            "geometry": {
                "coordinates": [
                    -0.21459,
                    51.4516
                ],
                "type": "Point"
            },
            "properties": {
                "balloted": "No",
                "description": "The original Grade II listed house was a former Georgian villa. 3 extensions were added through the Victorian period reflecting the style of the era.  Subsequent additions reflect medical practices. An archivist will be giving free tours.",
                "end": "16:00:00",
                "fully_booked": "Yes",
                "images": [
                    {
                        "archive_url": "https://raw.githubusercontent.com/infrastructureclub/open-house-london-images/master/images/2026/8198/building_8198_0277_rhn-032_a6330091cde193cd4291cd1a8f6dbc7a.jpg",
                        "title": "Martin Gammon"
                    },
                    {
                        "archive_url": "https://raw.githubusercontent.com/infrastructureclub/open-house-london-images/master/images/2026/8198/building_8198_0277_rhn-028-small_eb0134c700439e14e0b5ec9403938d42.jpg",
                        "title": "Martin Gammon"
                    },
                    {
                        "archive_url": "https://raw.githubusercontent.com/infrastructureclub/open-house-london-images/master/images/2026/8198/building_8198_img_6591-small_3c3f251763939ca058c4480b5021df71.jpg",
                        "title": "Photo of Royal Hospital for Neuro-disability"
                    },
                    {
                        "archive_url": "https://raw.githubusercontent.com/infrastructureclub/open-house-london-images/master/images/2026/8198/building_8198_assembly-room-heritage2_60f103cea31c70e5bf0f72894682730f.jpg",
                        "title": "Photo of Royal Hospital for Neuro-disability"
                    },
                    {
                        "archive_url": "https://raw.githubusercontent.com/infrastructureclub/open-house-london-images/master/images/2026/8198/building_8198_img_0834-cropped_987bc7b455ad577b8a8f6ab4e3f33732.jpg",
                        "title": "Photo of Royal Hospital for Neuro-disability"
                    },
                    {
                        "archive_url": "https://raw.githubusercontent.com/infrastructureclub/open-house-london-images/master/images/2026/8198/building_8198_img_0664_2f10cf5b8bc9ae238d6c18c5708174e5.jpg",
                        "title": "Photo of Royal Hospital for Neuro-disability"
                    },
                    {
                        "archive_url": "https://raw.githubusercontent.com/infrastructureclub/open-house-london-images/master/images/2026/8198/building_8198_img_4089_d12edc4be2ee68dae370a42417bfe66f.jpg",
                        "title": "Photo of Royal Hospital for Neuro-disability"
                    },
                    {
                        "archive_url": "https://raw.githubusercontent.com/infrastructureclub/open-house-london-images/master/images/2026/8198/building_8198_0277_rhn-002_7cd38a9d94a23a11073b0fb3b535e48f.jpg",
                        "title": "Martin Gammon"
                    },
                    {
                        "archive_url": "https://raw.githubusercontent.com/infrastructureclub/open-house-london-images/master/images/2026/8198/building_8198_bf28000d-3bf2-4b53-8bf5-dc4f1e2e8a5a_30f0519834df9d7635f9ceca36c0666a.jpeg",
                        "title": "Photo of Royal Hospital for Neuro-disability"
                    }
                ],
                "name": "Royal Hospital for Neuro-disability",
                "new_venue_this_year": "No",
                "start": "11:00:00",
                "ticketed_events": "Yes",
                "url": "https://programme.openhouse.org.uk/listings/8198"
            },
            "type": "Feature"
        },
        {
            "geometry": {
                "coordinates": [
                    -0.30367,
                    51.45904
                ],
                "type": "Point"
            },
            "properties": {
                "balloted": "No",
                "description": "An independent Calvinistic chapel on the east side of Church Terrace in Richmond, London. Built in 1797, the small 1-storey stuccoed building is Grade II* listed. It still has its original galleried interior with pews and pulpit.",
                "end": "15:30:00",
                "fully_booked": "",
                "images": [
                    {
                        "archive_url": "https://raw.githubusercontent.com/infrastructureclub/open-house-london-images/master/images/2026/8264/building_8264_img_20230516_163539_180f16ac5e3e57bd7b8bcfbac2d04def.jpg",
                        "title": "Photo of Bethlehem Chapel Richmond upon Thames"
                    },
                    {
                        "archive_url": "https://raw.githubusercontent.com/infrastructureclub/open-house-london-images/master/images/2026/8264/building_8264_101358048-67539-800_a7d851c042a9e29fcc27c33f3edb3ab9.jpg",
                        "title": "Photo of Bethlehem Chapel Richmond upon Thames"
                    }
                ],
                "name": "Bethlehem Chapel Richmond upon Thames",
                "new_venue_this_year": "No",
                "start": "10:00:00",
                "ticketed_events": "No",
                "url": "https://programme.openhouse.org.uk/listings/8264"
            },
            "type": "Feature"
        },
        {
            "geometry": {
                "coordinates": [
                    -0.26473,
                    51.53604
                ],
                "type": "Point"
            },
            "properties": {
                "balloted": "No",
                "description": "Built in 1958 to the 'Middlesex' design, Park Royal Fire Station is a 2-storey fire station with appliance bays that can accommodate two fire appliances. It has a 4-storey drill tower in the yard and backs onto the Grand Union Canal.",
                "end": "17:00:00",
                "fully_booked": "",
                "images": [
                    {
                        "archive_url": "https://raw.githubusercontent.com/infrastructureclub/open-house-london-images/master/images/2026/8326/building_8326_untitled_d51b48ac01cf88cb5c10dc0e11cb9e31.png",
                        "title": "Photo of Park Royal Fire Station"
                    },
                    {
                        "archive_url": "https://raw.githubusercontent.com/infrastructureclub/open-house-london-images/master/images/2026/8326/building_8326_thumbnail_image-1_be57948737e34d103c8a355959dd99c8.png",
                        "title": "Photo of Park Royal Fire Station"
                    }
                ],
                "name": "Park Royal Fire Station",
                "new_venue_this_year": "No",
                "start": "10:30:00",
                "ticketed_events": "No",
                "url": "https://programme.openhouse.org.uk/listings/8326"
            },
            "type": "Feature"
        },
        {
            "geometry": {
                "coordinates": [
                    0.00054,
                    51.46278
                ],
                "type": "Point"
            },
            "properties": {
                "balloted": "No",
                "description": "The Church was built in 1839/41 as a white 'Hall-Church'. \r\nThe 1870s Gothic Revivalism was overseen to a very high standard, by James Brooks and helped by 10 top craftsmen of the day. We also have a WWI Memorial by Violet Pinwill.",
                "end": "17:00:00",
                "fully_booked": "",
                "images": [
                    {
                        "archive_url": "https://raw.githubusercontent.com/infrastructureclub/open-house-london-images/master/images/2026/8327/building_8327_dsc04346_d4140ffeb0c18306c707475e5b2eb2e5.JPG",
                        "title": "Ray Brookes"
                    },
                    {
                        "archive_url": "https://raw.githubusercontent.com/infrastructureclub/open-house-london-images/master/images/2026/8327/building_8327_dsc04382_3d4ed950ed8b9f0888b74ea5dd0606e0.JPG",
                        "title": "St. Margaret's Church"
                    },
                    {
                        "archive_url": "https://raw.githubusercontent.com/infrastructureclub/open-house-london-images/master/images/2026/8327/building_8327_dsc04400_8bcc087d8ec6ba15f6c7f1b2dbe73000.JPG",
                        "title": "St. Margaret's Church"
                    },
                    {
                        "archive_url": "https://raw.githubusercontent.com/infrastructureclub/open-house-london-images/master/images/2026/8327/building_8327_church-1_ea4c6bf95f331d96327df6700fe74f77.jpg",
                        "title": "St. Margaret's Church"
                    },
                    {
                        "archive_url": "https://raw.githubusercontent.com/infrastructureclub/open-house-london-images/master/images/2026/8327/building_8327_church-img_6625-east-end-2_3fca7fa64c51bffa633c8d337b19d681.jpg",
                        "title": "St. Margaret's Church"
                    },
                    {
                        "archive_url": "https://raw.githubusercontent.com/infrastructureclub/open-house-london-images/master/images/2026/8327/building_8327_img_6619-exterior_d239b82cd97abfda7c5c61f0d9d5ef7e.jpg",
                        "title": "St. Margaret's Church"
                    },
                    {
                        "archive_url": "https://raw.githubusercontent.com/infrastructureclub/open-house-london-images/master/images/2026/8327/building_8327_magna-carta-window_956c8325e1c72427a4ecf760cbfb713a.jpg",
                        "title": "St. Margaret's Church"
                    },
                    {
                        "archive_url": "https://raw.githubusercontent.com/infrastructureclub/open-house-london-images/master/images/2026/8327/building_8327_halley-tomb_0589b880a5a176dd8deef31354c475e0.jpg",
                        "title": "St. Margaret's Church"
                    }
                ],
                "name": "St Margaret's Church, Lee",
                "new_venue_this_year": "No",
                "start": "10:00:00",
                "ticketed_events": "No",
                "url": "https://programme.openhouse.org.uk/listings/8327"
            },
            "type": "Feature"
        },
        {
            "geometry": {
                "coordinates": [
                    -0.21581,
                    51.56881
                ],
                "type": "Point"
            },
            "properties": {
                "balloted": "No",
                "description": "Come and visit this grassroots community enterprise where old meets new in the form of the historic farm buildings alongside our crowdfunded cafe. Find out how some of these historic buildings have been saved and lovingly bought back into community use, and find out about our future plans.",
                "end": "16:00:00",
                "fully_booked": "",
                "images": [
                    {
                        "archive_url": "https://raw.githubusercontent.com/infrastructureclub/open-house-london-images/master/images/2026/8339/building_8339_2-our-yard_f435cc753860b8f44d78102d0ff4e0fc.png",
                        "title": "Photo of Our Yard at Clitterhouse Farm"
                    },
                    {
                        "archive_url": "https://raw.githubusercontent.com/infrastructureclub/open-house-london-images/master/images/2026/8339/building_8339_screen-shot-2019-06-05-at-15-37-38_559440d5e8e37db032fc0fbaf9cee8e1.png",
                        "title": "Photo of Our Yard at Clitterhouse Farm"
                    },
                    {
                        "archive_url": "https://raw.githubusercontent.com/infrastructureclub/open-house-london-images/master/images/2026/8339/building_8339_cafe-model-full_d93c54b037a48e0151f8d0c0e9408506.jpg",
                        "title": "Billy Adams and Freddie Wiltshire"
                    },
                    {
                        "archive_url": "https://raw.githubusercontent.com/infrastructureclub/open-house-london-images/master/images/2026/8339/building_8339_img_7903-2-2048x1536_580d192202d1e5649f25949170e67560.jpg",
                        "title": "Thomas Ball"
                    },
                    {
                        "archive_url": "https://raw.githubusercontent.com/infrastructureclub/open-house-london-images/master/images/2026/8339/building_8339_img_0559-2-2048x1536_d46fbe4914401794e084569b504ce7cf.jpg",
                        "title": "Thomas Ball"
                    },
                    {
                        "archive_url": "https://raw.githubusercontent.com/infrastructureclub/open-house-london-images/master/images/2026/8339/building_8339_cafe-at-night_6eed7d3f0273d9b743b159e1eaca973c.jpeg",
                        "title": "Thomas Ball"
                    },
                    {
                        "archive_url": "https://raw.githubusercontent.com/infrastructureclub/open-house-london-images/master/images/2026/8339/building_8339_whatsapp-image-2025-06-12-at-16-38-46_bc0bfdab7c575c580776447c110b820d.jpeg",
                        "title": "Photo of Our Yard at Clitterhouse Farm"
                    }
                ],
                "name": "Our Yard at Clitterhouse Farm",
                "new_venue_this_year": "No",
                "start": "10:00:00",
                "ticketed_events": "No",
                "url": "https://programme.openhouse.org.uk/listings/8339"
            },
            "type": "Feature"
        },
        {
            "geometry": {
                "coordinates": [
                    -0.11981,
                    51.50093
                ],
                "type": "Point"
            },
            "properties": {
                "balloted": "No",
                "description": "Join award-winning guide Katie Wignall on a riverside walk along the route of Illuminated River, the world's longest public art commission illuminating 9 bridges of the Thames. Journey from Westminster to Bankside in search of the hidden details and surprising stories along the Thames, and learn about how the bridges shaped this area through time and how they continue to influence London today.",
                "end": "20:00:00",
                "fully_booked": "Yes",
                "images": [
                    {
                        "archive_url": "https://raw.githubusercontent.com/infrastructureclub/open-house-london-images/master/images/2026/8382/building_8382_westminster-img_3111-paul-crawley-new_2000px_11c8865d802b86616a9fd3d9c2a1148f.jpg",
                        "title": "Photo of Illuminated River Walk: Explore London’s Bridges After Dark"
                    },
                    {
                        "archive_url": "https://raw.githubusercontent.com/infrastructureclub/open-house-london-images/master/images/2026/8382/building_8382_millennium-bridge_credit-paul-crawley_apr2026_img_2864_2000pxw_cb0672d19071f928004caf593cd1de7d.jpg",
                        "title": "Photo of Illuminated River Walk: Explore London’s Bridges After Dark"
                    }
                ],
                "name": "Illuminated River Walk: Explore London’s Bridges After Dark",
                "new_venue_this_year": "Yes",
                "start": "18:45:00",
                "ticketed_events": "Yes",
                "url": "https://programme.openhouse.org.uk/listings/8382"
            },
            "type": "Feature"
        },
        {
            "geometry": {
                "coordinates": [
                    -0.0990206,
                    51.5192561
                ],
                "type": "Point"
            },
            "properties": {
                "balloted": "No",
                "description": "Founders’ Hall is the home of the Worshipful Company of Founders (one of the City’s ancient livery companies). Built in the 1980s with a striking and eclectic design, the Hall preserves historic traits whilst embracing modern ideas. Drop in during Open House to explore its treasures, meet members, and enjoy activities for all ages!",
                "end": "16:00:00",
                "fully_booked": "",
                "images": [
                    {
                        "archive_url": "https://raw.githubusercontent.com/infrastructureclub/open-house-london-images/master/images/2026/8396/building_8396_pxl_20230215_122648530_2_634a9c33db11699a6aeb60e20337471a.jpg",
                        "title": "Eloise Harris"
                    },
                    {
                        "archive_url": "https://raw.githubusercontent.com/infrastructureclub/open-house-london-images/master/images/2026/8396/building_8396_ita-venues-founder-s-hall-stairwell-3-copy_50360261d1638cfc498469e76e2a3269.jpg",
                        "title": "Eloise Harris"
                    },
                    {
                        "archive_url": "https://raw.githubusercontent.com/infrastructureclub/open-house-london-images/master/images/2026/8396/building_8396_ita-founders-hall-outside-building-2_69d4fe56d52049b493bd97f916953502.jpg",
                        "title": "Eloise Harris"
                    },
                    {
                        "archive_url": "https://raw.githubusercontent.com/infrastructureclub/open-house-london-images/master/images/2026/8396/building_8396_pxl_20220110_144145659_83ea2e435b7d694e5bad064dd5107f94.jpg",
                        "title": "Art by John Ryan, Photograph by Eloise Harris"
                    },
                    {
                        "archive_url": "https://raw.githubusercontent.com/infrastructureclub/open-house-london-images/master/images/2026/8396/building_8396_coade-stone-photograph-2021_e99ecfd8df468147a6e2051584e2f572.jpg",
                        "title": "Photo by Eloise Harris"
                    },
                    {
                        "archive_url": "https://raw.githubusercontent.com/infrastructureclub/open-house-london-images/master/images/2026/8396/building_8396_picture1_b19e097f93e8c4de9b9284f05d16aa41.jpg",
                        "title": "Photo by Eloise Harris"
                    },
                    {
                        "archive_url": "https://raw.githubusercontent.com/infrastructureclub/open-house-london-images/master/images/2026/8396/building_8396_pxl_20220301_133727085_b7c9b0c8722b9dc7a6301230493667b4.jpg",
                        "title": "Eloise Harris"
                    },
                    {
                        "archive_url": "https://raw.githubusercontent.com/infrastructureclub/open-house-london-images/master/images/2026/8396/building_8396_pxl_20230413_104441570_f0f994088eba037e1816b9f37ab02770.jpg",
                        "title": "Eloise Harris"
                    }
                ],
                "name": "Founders' Hall",
                "new_venue_this_year": "No",
                "start": "10:00:00",
                "ticketed_events": "No",
                "url": "https://programme.openhouse.org.uk/listings/8396"
            },
            "type": "Feature"
        },
        {
            "geometry": {
                "coordinates": [
                    -0.10608,
                    51.37271
                ],
                "type": "Point"
            },
            "properties": {
                "balloted": "No",
                "description": "Medieval style church rebuilt by Sir George Gilbert Scott after 1867 fire. Tower & south porch are 15C. Large nave with open timber-work roof leads to chancel dominated by superb stained glass window & rich alabaster reredos.",
                "end": "17:00:00",
                "fully_booked": "",
                "images": [
                    {
                        "archive_url": "https://raw.githubusercontent.com/infrastructureclub/open-house-london-images/master/images/2026/8724/building_8724_minster-interior_df4588e250fed1c560501edde5f1fb50.jpg",
                        "title": "Unknown"
                    },
                    {
                        "archive_url": "https://raw.githubusercontent.com/infrastructureclub/open-house-london-images/master/images/2026/8724/building_8724_croydon-133_7a187c48f2f95dece8efa0d602b01afc.jpg",
                        "title": "Ilse Lujens"
                    },
                    {
                        "archive_url": "https://raw.githubusercontent.com/infrastructureclub/open-house-london-images/master/images/2026/8724/building_8724_7-jul_8500b79c5f79ec992a57f3a47f4bcc55.jpg",
                        "title": "Ilse Lujens"
                    },
                    {
                        "archive_url": "https://raw.githubusercontent.com/infrastructureclub/open-house-london-images/master/images/2026/8724/building_8724_5-may_0c30ad4ed554ca69a62dc74bc54912ca.jpg",
                        "title": "Ilse Lujens"
                    },
                    {
                        "archive_url": "https://raw.githubusercontent.com/infrastructureclub/open-house-london-images/master/images/2026/8724/building_8724_20181225_114315-crop_7b2920eaf34aa1323f9950fd74a36b78.jpg",
                        "title": "Pamela Hall"
                    },
                    {
                        "archive_url": "https://raw.githubusercontent.com/infrastructureclub/open-house-london-images/master/images/2026/8724/building_8724_0-cover_30dece8ef44c95880f9bfc7bd094db89.jpg",
                        "title": "Ilse Lujens"
                    },
                    {
                        "archive_url": "https://raw.githubusercontent.com/infrastructureclub/open-house-london-images/master/images/2026/8724/building_8724_minster-exterior-by-gary-watson_ec85bb548eb2c11741841ae3bcbbbc31.jpg",
                        "title": "Gary Watson"
                    },
                    {
                        "archive_url": "https://raw.githubusercontent.com/infrastructureclub/open-house-london-images/master/images/2026/8724/building_8724_p1150146_40faacd473c564b34e3a89e34833054d.jpg",
                        "title": "Photo of Croydon Minster"
                    }
                ],
                "name": "Croydon Minster",
                "new_venue_this_year": "No",
                "start": "11:00:00",
                "ticketed_events": "No",
                "url": "https://programme.openhouse.org.uk/listings/8724"
            },
            "type": "Feature"
        },
        {
            "geometry": {
                "coordinates": [
                    -0.10827,
                    51.50846
                ],
                "type": "Point"
            },
            "properties": {
                "balloted": "No",
                "description": "Carreducker bespoke shoemakers and Shoe & Leather School is located at Unit 1.20, one of 25 workshop and retail units in Oxo Tower Wharf. It overlooks the courtyard towards the Bargehouse building from the first floor walkway and is a multi-purpose space used as a workshop, showroom and teaching space.",
                "end": "18:00:00",
                "fully_booked": "",
                "images": [
                    {
                        "archive_url": "https://raw.githubusercontent.com/infrastructureclub/open-house-london-images/master/images/2026/8766/building_8766_carreducker-oxo-tower_73e30dc4c8f3f1c1e5f35048167a6af7.jpg",
                        "title": "Carreducker"
                    },
                    {
                        "archive_url": "https://raw.githubusercontent.com/infrastructureclub/open-house-london-images/master/images/2026/8766/building_8766_20220420_141750_a06e38cbed634b7fc637a386fcd65ebb.jpg",
                        "title": "Carreducker"
                    },
                    {
                        "archive_url": "https://raw.githubusercontent.com/infrastructureclub/open-house-london-images/master/images/2026/8766/building_8766_20211116_155851_6d34328406b47ad2a2be4ff4de19f1f4.jpg",
                        "title": "Carreducker"
                    },
                    {
                        "archive_url": "https://raw.githubusercontent.com/infrastructureclub/open-house-london-images/master/images/2026/8766/building_8766_carreducker-wall-of-lasts-with-lasting-jack_4b4b83e8f93dcaa15d2f1d0e86edf55c.jpg",
                        "title": "Photo of 1.20 Oxo Tower Wharf"
                    },
                    {
                        "archive_url": "https://raw.githubusercontent.com/infrastructureclub/open-house-london-images/master/images/2026/8766/building_8766_images-for-top-three-for-open-house_518707438bb8d7c099f5cb228403ed46.jpg",
                        "title": "Photo of 1.20 Oxo Tower Wharf"
                    }
                ],
                "name": "1.20 Oxo Tower Wharf",
                "new_venue_this_year": "No",
                "start": "11:00:00",
                "ticketed_events": "No",
                "url": "https://programme.openhouse.org.uk/listings/8766"
            },
            "type": "Feature"
        },
        {
            "geometry": {
                "coordinates": [
                    -0.1888,
                    51.35499
                ],
                "type": "Point"
            },
            "properties": {
                "balloted": "No",
                "description": "The church is designed in the Gothic style, with a semicircular barrel-vaulted ceiling, a highly carved chancel screen and magnificent stained glass windows, notably the large West window, depicting Christ the King enthroned in heaven.",
                "end": "17:00:00",
                "fully_booked": "",
                "images": [
                    {
                        "archive_url": "https://raw.githubusercontent.com/infrastructureclub/open-house-london-images/master/images/2026/9134/building_9134_sutton-churches-0102-rev_23fd375a822e458de40ff8e7d0eba259.jpg",
                        "title": "Christ Church, Sutton"
                    },
                    {
                        "archive_url": "https://raw.githubusercontent.com/infrastructureclub/open-house-london-images/master/images/2026/9134/building_9134_christ-church-west-window_a3c18dcca4952c685a81c55c4fdef845.jpg",
                        "title": "Christ Church, Sutton"
                    }
                ],
                "name": "Christ Church",
                "new_venue_this_year": "No",
                "start": "13:00:00",
                "ticketed_events": "No",
                "url": "https://programme.openhouse.org.uk/listings/9134"
            },
            "type": "Feature"
        },
        {
            "geometry": {
                "coordinates": [
                    -0.09755,
                    51.51488
                ],
                "type": "Point"
            },
            "properties": {
                "balloted": "No",
                "description": "We will explore sites and institutions with direct links to the history of slavery and hear why the apologies were made in 2020, whilst wandering within the story packed streets and alleyways of the Square Mile.",
                "end": "13:00:00",
                "fully_booked": "Yes",
                "images": [
                    {
                        "archive_url": "https://raw.githubusercontent.com/infrastructureclub/open-house-london-images/master/images/2026/9344/building_9344_1200px-slaveshipposter_dd5f05438dd12f692164e60e3caf3886.jpg",
                        "title": "Courtney Plank"
                    },
                    {
                        "archive_url": "https://raw.githubusercontent.com/infrastructureclub/open-house-london-images/master/images/2026/9344/building_9344_open-house-version_da871a818a112995a528b2b7a522672b.jpg",
                        "title": "Courtney Plank"
                    },
                    {
                        "archive_url": "https://raw.githubusercontent.com/infrastructureclub/open-house-london-images/master/images/2026/9344/building_9344_a52b6ec2-ee47-4048-9db1-bd8fe57d153b_1097d44476a6aa2bf7b6a5cd28cee4b5.jpeg",
                        "title": "Wikicommons -  Courtney Plank"
                    }
                ],
                "name": "Slavery and the City",
                "new_venue_this_year": "No",
                "start": "11:00:00",
                "ticketed_events": "Yes",
                "url": "https://programme.openhouse.org.uk/listings/9344"
            },
            "type": "Feature"
        },
        {
            "geometry": {
                "coordinates": [
                    -0.19722,
                    51.46995
                ],
                "type": "Point"
            },
            "properties": {
                "balloted": "No",
                "description": "Amongst the RIBA Stirling Prize shortlist 2022 sits Mæ Architect's Sands End Arts & Community Centre in Fulham. The centre consists of a single-storey building comprising bright, airy and flexible event spaces and a community café.",
                "end": "17:30:00",
                "fully_booked": "No",
                "images": [
                    {
                        "archive_url": "https://raw.githubusercontent.com/infrastructureclub/open-house-london-images/master/images/2026/9662/building_9662_03_rorygardiner1421c_01_304cc2e322e8ffe0e7a066c119f607ff.jpg",
                        "title": "Rory Gardiner"
                    },
                    {
                        "archive_url": "https://raw.githubusercontent.com/infrastructureclub/open-house-london-images/master/images/2026/9662/building_9662_j6307_n14_high_68f1f9873d1102f20dce14077ab85aab.jpg",
                        "title": "Rory Gardiner"
                    },
                    {
                        "archive_url": "https://raw.githubusercontent.com/infrastructureclub/open-house-london-images/master/images/2026/9662/building_9662_j6307_n11_high_d493290fdde1acc3755e47603bf58737.jpg",
                        "title": "Rory Gardiner"
                    },
                    {
                        "archive_url": "https://raw.githubusercontent.com/infrastructureclub/open-house-london-images/master/images/2026/9662/building_9662_j6307_n12_high_f60bbc96d7a57e471bfbae1b5f5f54ca.jpg",
                        "title": "Rory Gardiner"
                    },
                    {
                        "archive_url": "https://raw.githubusercontent.com/infrastructureclub/open-house-london-images/master/images/2026/9662/building_9662_j6307_n13_high_7ef4fc092850625b08c162844d8e4c2c.jpg",
                        "title": "Rory Gardiner"
                    }
                ],
                "name": "Sands End Arts & Community Centre",
                "new_venue_this_year": "No",
                "start": "10:30:00",
                "ticketed_events": "Yes",
                "url": "https://programme.openhouse.org.uk/listings/9662"
            },
            "type": "Feature"
        },
        {
            "geometry": {
                "coordinates": [
                    -0.151156,
                    51.5171666
                ],
                "type": "Point"
            },
            "properties": {
                "balloted": "No",
                "description": "Hinde Street Methodist Church is a gorgeous, Grade II-listed Victorian church in the heart of historic Marylebone. The Church was constructed in 1887 with a grand pillared portico, spire and classical interior which remains largely unaltered. The entrance foyer was remodelled in 2014 to give the church a more open appearance, better reflecting the welcoming nature of its congregation.",
                "end": "16:00:00",
                "fully_booked": "",
                "images": [
                    {
                        "archive_url": "https://raw.githubusercontent.com/infrastructureclub/open-house-london-images/master/images/2026/9976/building_9976_exterior-dec09_2_1-1_39c852ca0481b83f272d050ca761302a.jpg",
                        "title": "Not Known"
                    },
                    {
                        "archive_url": "https://raw.githubusercontent.com/infrastructureclub/open-house-london-images/master/images/2026/9976/building_9976_interior-organ2_e64dbdf4120c734a3b4af6d407c24703.jpg",
                        "title": "Not Known"
                    },
                    {
                        "archive_url": "https://raw.githubusercontent.com/infrastructureclub/open-house-london-images/master/images/2026/9976/building_9976_spire_7cef67aa09db49a0985794f9d1f02b52.jpeg",
                        "title": "Photo of Hinde Street Methodist Church"
                    },
                    {
                        "archive_url": "https://raw.githubusercontent.com/infrastructureclub/open-house-london-images/master/images/2026/9976/building_9976_church-portico_4c2d2b4921b0bc712cc1c17a50f314e9.jpg",
                        "title": "Photo of Hinde Street Methodist Church"
                    },
                    {
                        "archive_url": "https://raw.githubusercontent.com/infrastructureclub/open-house-london-images/master/images/2026/9976/building_9976_52d075d8-7ab2-49e8-b8e7-c60870d1ac39-85743-000039f7d978de98_9884467f63fef9e0b91a1e2e2479038e.jpg",
                        "title": "Photo of Hinde Street Methodist Church"
                    }
                ],
                "name": "Hinde Street Methodist Church",
                "new_venue_this_year": "No",
                "start": "10:00:00",
                "ticketed_events": "No",
                "url": "https://programme.openhouse.org.uk/listings/9976"
            },
            "type": "Feature"
        },
        {
            "geometry": {
                "coordinates": [
                    -0.10554,
                    51.51376
                ],
                "type": "Point"
            },
            "properties": {
                "balloted": "No",
                "description": "Wren designed building of 1675, interior lost in blitz of 1940, reopened 1957 with 'Wren inspired' interior",
                "end": "15:00:00",
                "fully_booked": "",
                "images": [
                    {
                        "archive_url": "https://raw.githubusercontent.com/infrastructureclub/open-house-london-images/master/images/2026/10035/building_10035_saint-brides-slater-king-354_bb8f07c9db1f49a68fbe0607f358d945.jpg",
                        "title": "Slater King"
                    },
                    {
                        "archive_url": "https://raw.githubusercontent.com/infrastructureclub/open-house-london-images/master/images/2026/10035/building_10035__dsc5779_cd3d912e5447e35e717d236627d51849.jpg",
                        "title": "John Lamb"
                    },
                    {
                        "archive_url": "https://raw.githubusercontent.com/infrastructureclub/open-house-london-images/master/images/2026/10035/building_10035__dsc5914_179a1c91dd4d40e08e3a1850fa0f390c.jpg",
                        "title": "John Lamb"
                    },
                    {
                        "archive_url": "https://raw.githubusercontent.com/infrastructureclub/open-house-london-images/master/images/2026/10035/building_10035_saint-brides-slater-king-418_c22f6b0ed23f0c5ed4d2af75a40e3446.jpg",
                        "title": "Slater King"
                    },
                    {
                        "archive_url": "https://raw.githubusercontent.com/infrastructureclub/open-house-london-images/master/images/2026/10035/building_10035_saint-brides-slater-king-337_46871a9de60eca0f2b50cb5dbc1b3314.jpg",
                        "title": "Slater King"
                    },
                    {
                        "archive_url": "https://raw.githubusercontent.com/infrastructureclub/open-house-london-images/master/images/2026/10035/building_10035_saint-brides-slater-king-370_d2eda4854bb80af0cf057fca1dbc9b38.jpg",
                        "title": "Slater King"
                    }
                ],
                "name": "St Bride's Church, Fleet Street",
                "new_venue_this_year": "No",
                "start": "10:00:00",
                "ticketed_events": "No",
                "url": "https://programme.openhouse.org.uk/listings/10035"
            },
            "type": "Feature"
        },
        {
            "geometry": {
                "coordinates": [
                    -0.3183739,
                    51.49191829999999
                ],
                "type": "Point"
            },
            "properties": {
                "balloted": "No",
                "description": "Boston Manor House is a Jacobean House built for Lady Mary Reade in 1623 and later owned by the Clitherow family from the 1670s until the 1920s. The House is now open to the public with free entry six days a week. Its beautifully restored historic interiors, including breath-taking ornate plasterwork, are joined by two community exhibition galleries, meeting rooms and an attractive modern café.",
                "end": "16:00:00",
                "fully_booked": "No",
                "images": [
                    {
                        "archive_url": "https://raw.githubusercontent.com/infrastructureclub/open-house-london-images/master/images/2026/10142/building_10142_boston-manor-house-summer-2_c0f61ec64b1603fb550d52f0f09a6911.png",
                        "title": "Boston Manor House"
                    },
                    {
                        "archive_url": "https://raw.githubusercontent.com/infrastructureclub/open-house-london-images/master/images/2026/10142/building_10142_portico-view_999fec832900435c60d71d0e12234533.jpg",
                        "title": "Boston Manor House"
                    },
                    {
                        "archive_url": "https://raw.githubusercontent.com/infrastructureclub/open-house-london-images/master/images/2026/10142/building_10142_boston-manor-house-view-from-park-lake_1374c93e6b177cad683819c569dfe1c8.jpg",
                        "title": "Boston Manor House"
                    }
                ],
                "name": "Boston Manor House",
                "new_venue_this_year": "No",
                "start": "11:30:00",
                "ticketed_events": "Yes",
                "url": "https://programme.openhouse.org.uk/listings/10142"
            },
            "type": "Feature"
        },
        {
            "geometry": {
                "coordinates": [
                    0.2172764,
                    51.5067131
                ],
                "type": "Point"
            },
            "properties": {
                "balloted": "No",
                "description": "Grade II listed Norman church dating from as early as 1190 and as late as 1248.",
                "end": "16:00:00",
                "fully_booked": "",
                "images": [
                    {
                        "archive_url": "https://raw.githubusercontent.com/infrastructureclub/open-house-london-images/master/images/2026/10184/building_10184_wennington-church_31_3991fdad59334365db00b2ac00ba3555.jpg",
                        "title": "Alan Dell"
                    },
                    {
                        "archive_url": "https://raw.githubusercontent.com/infrastructureclub/open-house-london-images/master/images/2026/10184/building_10184_wennington-church_17_a0dbf8c6d463a2cbbcf0c1ff3e7ac7e4.jpg",
                        "title": "Alan Dell"
                    }
                ],
                "name": "Wennington Parish Church of St Mary and St Peter",
                "new_venue_this_year": "No",
                "start": "10:00:00",
                "ticketed_events": "No",
                "url": "https://programme.openhouse.org.uk/listings/10184"
            },
            "type": "Feature"
        },
        {
            "geometry": {
                "coordinates": [
                    -0.0836,
                    51.3752
                ],
                "type": "Point"
            },
            "properties": {
                "balloted": "No",
                "description": "Historic walking tour of East Croydon led by a native. Those who come along are welcome to contribute their memories.  Marvel at one of the oldest electricity sub-stations in Croydon. Tour ends at the iconic One Croydon, the \"Thru'penny Bit\" office block designed by Seifert in the 1960s.  Join us for a drink afterwards in a Victorian hostelry.",
                "end": "17:00:00",
                "fully_booked": "Yes",
                "images": [
                    {
                        "archive_url": "https://raw.githubusercontent.com/infrastructureclub/open-house-london-images/master/images/2026/10217/building_10217_1801croydonenclosuremapdetail_27fe6ddcf27eab0cd3170e67dca327ee.jpg",
                        "title": "Corbett Anderson, J. (1889) Croydon Enclosure 1787-1801. Croydon"
                    },
                    {
                        "archive_url": "https://raw.githubusercontent.com/infrastructureclub/open-house-london-images/master/images/2026/10217/building_10217_ecco-area_f79313c847eb9dc9cb03755bf12e57cf.jpeg",
                        "title": "Photo of East Croydon History Walk"
                    }
                ],
                "name": "East Croydon History Walk",
                "new_venue_this_year": "No",
                "start": "15:00:00",
                "ticketed_events": "Yes",
                "url": "https://programme.openhouse.org.uk/listings/10217"
            },
            "type": "Feature"
        },
        {
            "geometry": {
                "coordinates": [
                    -0.07738,
                    51.39709
                ],
                "type": "Point"
            },
            "properties": {
                "balloted": "No",
                "description": "The purpose-built library is a fine example of brutalist architecture. Built by Hugh Lea, Borough Architect for Croydon, in 1968 the main volume shows Miesian influence with an abundance of natural light, interrupted by a concrete cuboid.",
                "end": "16:00:00",
                "fully_booked": "",
                "images": [
                    {
                        "archive_url": "https://raw.githubusercontent.com/infrastructureclub/open-house-london-images/master/images/2026/10218/building_10218_screenshot-2021-07-22-at-15-13-03_9d1f595e9441e504a7c6ddd2b716687c.png",
                        "title": "Jo Underhill "
                    },
                    {
                        "archive_url": "https://raw.githubusercontent.com/infrastructureclub/open-house-london-images/master/images/2026/10218/building_10218_snl-original-proposal-croydon-archive_901123117b6c84ca45b7c1895fb4c3b2.jpg",
                        "title": "Hugh Lea, Collections held at Croydon archives"
                    },
                    {
                        "archive_url": "https://raw.githubusercontent.com/infrastructureclub/open-house-london-images/master/images/2026/10218/building_10218_3ec39218-742d-4f97-b5fd-996fd2e862d7_83d8abb728639bb3f201b91f964bda43.jpg",
                        "title": "Verena Ammon"
                    },
                    {
                        "archive_url": "https://raw.githubusercontent.com/infrastructureclub/open-house-london-images/master/images/2026/10218/building_10218_img_8125_75f61eafed1e410f6b0bcc542bd18507.jpg",
                        "title": "Collections held at Croydon archives"
                    },
                    {
                        "archive_url": "https://raw.githubusercontent.com/infrastructureclub/open-house-london-images/master/images/2026/10218/building_10218_snl-_dsc6005_first-crop_9b09708f9a22369600dd0179db8f9258.jpeg",
                        "title": "Christopher Hope-Fitch "
                    },
                    {
                        "archive_url": "https://raw.githubusercontent.com/infrastructureclub/open-house-london-images/master/images/2026/10218/building_10218_snl-_dsc7909-books_e1602eafe1d00012e6c743689666050c.jpeg",
                        "title": "Christopher Hope-Fitch "
                    },
                    {
                        "archive_url": "https://raw.githubusercontent.com/infrastructureclub/open-house-london-images/master/images/2026/10218/building_10218_snl-_dsc7930-inside_7e8ceb73dc7b763896ef1c8c24e7f56b.jpeg",
                        "title": "Christopher Hope-Fitch "
                    },
                    {
                        "archive_url": "https://raw.githubusercontent.com/infrastructureclub/open-house-london-images/master/images/2026/10218/building_10218_img_9352_219415d1ad5e516e526f8c913d71c272.jpg",
                        "title": "Verena Ammon"
                    }
                ],
                "name": "South Norwood Library",
                "new_venue_this_year": "No",
                "start": "10:00:00",
                "ticketed_events": "No",
                "url": "https://programme.openhouse.org.uk/listings/10218"
            },
            "type": "Feature"
        },
        {
            "geometry": {
                "coordinates": [
                    -0.1447966,
                    51.5467627
                ],
                "type": "Point"
            },
            "properties": {
                "balloted": "No",
                "description": "West Kentish Town Conservation Area. Brandon Cadbury (of the famous philanthropic chocolatiers) was so impressed with our founder and our young people's services that he donated our building. As a thank-you, we named the charity after him in 1984.",
                "end": "14:00:00",
                "fully_booked": "",
                "images": [
                    {
                        "archive_url": "https://raw.githubusercontent.com/infrastructureclub/open-house-london-images/master/images/2026/10233/building_10233_brandon-1_d86efb80094784ed2eeddab041e914be.jpg",
                        "title": "Photo of Brandon Centre"
                    },
                    {
                        "archive_url": "https://raw.githubusercontent.com/infrastructureclub/open-house-london-images/master/images/2026/10233/building_10233_img_1502_c4eb3f1c3e447746bb4ce0883386a88d.jpg",
                        "title": "John Paul Flintoff"
                    },
                    {
                        "archive_url": "https://raw.githubusercontent.com/infrastructureclub/open-house-london-images/master/images/2026/10233/building_10233_brandon-2_2ababc44f5a5f587059f997e4a4551ae.jpg",
                        "title": "Photo of Brandon Centre"
                    },
                    {
                        "archive_url": "https://raw.githubusercontent.com/infrastructureclub/open-house-london-images/master/images/2026/10233/building_10233_brandon-3_949e835a688f6b8a9b2306a9bfe1d9d5.jpg",
                        "title": "Photo of Brandon Centre"
                    }
                ],
                "name": "Brandon Centre",
                "new_venue_this_year": "No",
                "start": "10:00:00",
                "ticketed_events": "No",
                "url": "https://programme.openhouse.org.uk/listings/10233"
            },
            "type": "Feature"
        },
        {
            "geometry": {
                "coordinates": [
                    -0.25377,
                    51.49613
                ],
                "type": "Point"
            },
            "properties": {
                "balloted": "No",
                "description": "Part of the original pioneering Bedford Park development, latterly restored by the Victorian Society and serving as its headquarters since 1973. The house itself is in a picturesque style, of three storeys,  in red and yellow brick, with a Dutch gable and oriel windows.  It is dated 1880, and was designed by E. J. May.",
                "end": "16:15:00",
                "fully_booked": "No",
                "images": [
                    {
                        "archive_url": "https://raw.githubusercontent.com/infrastructureclub/open-house-london-images/master/images/2026/10300/building_10300_priory_gardens_2021_14ba5ea4c5a00d40214c04c13f002453.jpg",
                        "title": "The Victorian Society"
                    },
                    {
                        "archive_url": "https://raw.githubusercontent.com/infrastructureclub/open-house-london-images/master/images/2026/10300/building_10300_a606ebb8-65a7-4998-918f-1d261be75f05_29a514d8a7c44bb88d9be34f306e29bd.jpeg",
                        "title": "The Victorian Society"
                    },
                    {
                        "archive_url": "https://raw.githubusercontent.com/infrastructureclub/open-house-london-images/master/images/2026/10300/building_10300_4fe796b0-0ace-4a0f-8ae0-43e812a10eca_037d5660fe8441e49f966ed67e7a8637.jpeg",
                        "title": "The Victorian Society"
                    },
                    {
                        "archive_url": "https://raw.githubusercontent.com/infrastructureclub/open-house-london-images/master/images/2026/10300/building_10300_bccb7ee3-9176-4d62-8a8b-21f80945a9b7_f9028b6686e5afb7f992711631996bba.jpeg",
                        "title": "The Victorian Society"
                    },
                    {
                        "archive_url": "https://raw.githubusercontent.com/infrastructureclub/open-house-london-images/master/images/2026/10300/building_10300_41734f72-aade-4339-ab2a-ed7ef1c80084_6836026ad527214738c9026aa1600360.jpeg",
                        "title": "The Victorian Society"
                    },
                    {
                        "archive_url": "https://raw.githubusercontent.com/infrastructureclub/open-house-london-images/master/images/2026/10300/building_10300_3a5a21b7-38b1-47b9-90f8-f60f9ac29a1a_ffb903c8b84720167eced079c56f794f.jpeg",
                        "title": "The Victorian Society"
                    }
                ],
                "name": "The Victorian Society",
                "new_venue_this_year": "No",
                "start": "11:00:00",
                "ticketed_events": "Yes",
                "url": "https://programme.openhouse.org.uk/listings/10300"
            },
            "type": "Feature"
        },
        {
            "geometry": {
                "coordinates": [
                    -0.09044,
                    51.52232
                ],
                "type": "Point"
            },
            "properties": {
                "balloted": "No",
                "description": "A lower-ground level church space, originally a school chapel. Stained glass windows (1820's) are from the original St. Mary Moorfields Church, near Finsbury Circus,  demolished to make way for Underground Metropolitan Line. Two icons in contemporary Ethiopian style depict Mary, Mother of the City and St. Joseph. The  Quiet Garden is an award-winning space in the  City of London.",
                "end": "17:00:00",
                "fully_booked": "",
                "images": [
                    {
                        "archive_url": "https://raw.githubusercontent.com/infrastructureclub/open-house-london-images/master/images/2026/10436/building_10436_sjbrquietgarden_2e87c52710f973fd7d132cdd0d4da79f.jpg",
                        "title": "Photo of St. Joseph's Church & Quiet Garden"
                    },
                    {
                        "archive_url": "https://raw.githubusercontent.com/infrastructureclub/open-house-london-images/master/images/2026/10436/building_10436_churchentrancegate_39bf818af0060c95d7a651d61ba9d722.jpg",
                        "title": "St. Joseph's Church"
                    },
                    {
                        "archive_url": "https://raw.githubusercontent.com/infrastructureclub/open-house-london-images/master/images/2026/10436/building_10436_sjbreastersundaymorning2020-1_74063d7ac883f20fd806efc20819c2be.jpg",
                        "title": "St. Joseph's Church"
                    },
                    {
                        "archive_url": "https://raw.githubusercontent.com/infrastructureclub/open-house-london-images/master/images/2026/10436/building_10436_sjbrmmotc_c91402e322191838484c41e5462f9df6.jpg",
                        "title": "Stephane Rene"
                    },
                    {
                        "archive_url": "https://raw.githubusercontent.com/infrastructureclub/open-house-london-images/master/images/2026/10436/building_10436_agonyinthegardenwindow_5b3a9d79ebbc6a23cfce55e1c52078d6.jpg",
                        "title": "Unknown"
                    }
                ],
                "name": "St. Joseph's Church & Quiet Garden",
                "new_venue_this_year": "No",
                "start": "10:00:00",
                "ticketed_events": "No",
                "url": "https://programme.openhouse.org.uk/listings/10436"
            },
            "type": "Feature"
        },
        {
            "geometry": {
                "coordinates": [
                    -0.06809,
                    51.50782
                ],
                "type": "Point"
            },
            "properties": {
                "balloted": "No",
                "description": "A contemporary adaptation of a 1980s office building, and home of global design firm Gensler. Each level of the building is connected by a structural timber facade and set of stairs, and the new 5th floor cantilevers from the roof.",
                "end": "16:00:00",
                "fully_booked": "No",
                "images": [
                    {
                        "archive_url": "https://raw.githubusercontent.com/infrastructureclub/open-house-london-images/master/images/2026/10591/building_10591_008_7535_000_n5_hip_5837118a46ae16c7e05e14452158c92c.jpg",
                        "title": "Photo of 6 Moretown (Gensler London Studio)"
                    },
                    {
                        "archive_url": "https://raw.githubusercontent.com/infrastructureclub/open-house-london-images/master/images/2026/10591/building_10591_008_7535_000_n114_medium_93a7087bd633aa224e68457e90edbf71.jpg",
                        "title": "Photo of 6 Moretown (Gensler London Studio)"
                    },
                    {
                        "archive_url": "https://raw.githubusercontent.com/infrastructureclub/open-house-london-images/master/images/2026/10591/building_10591_008_7535_000_n4_hip_f4a108a88219b209016c08e8330ec0f1.jpg",
                        "title": "Photo of 6 Moretown (Gensler London Studio)"
                    },
                    {
                        "archive_url": "https://raw.githubusercontent.com/infrastructureclub/open-house-london-images/master/images/2026/10591/building_10591_008_7535_000_n123_medium_64176c7dda16aeaf26082c1e1a5e33dd.jpg",
                        "title": "Photo of 6 Moretown (Gensler London Studio)"
                    },
                    {
                        "archive_url": "https://raw.githubusercontent.com/infrastructureclub/open-house-london-images/master/images/2026/10591/building_10591_008_7535_000_n128_hip_b7810724f9196a844d863fc5b168338f.jpg",
                        "title": "Photo of 6 Moretown (Gensler London Studio)"
                    },
                    {
                        "archive_url": "https://raw.githubusercontent.com/infrastructureclub/open-house-london-images/master/images/2026/10591/building_10591_008_7535_000_n130_medium_c08a3d137b4b46f918ee83fdcc235912.jpg",
                        "title": "Photo of 6 Moretown (Gensler London Studio)"
                    },
                    {
                        "archive_url": "https://raw.githubusercontent.com/infrastructureclub/open-house-london-images/master/images/2026/10591/building_10591_008_7535_000_n132_medium_2f4240a39d4669a241b156385eacf5b9.jpg",
                        "title": "Photo of 6 Moretown (Gensler London Studio)"
                    }
                ],
                "name": "6 Moretown (Gensler London Studio)",
                "new_venue_this_year": "No",
                "start": "10:00:00",
                "ticketed_events": "Yes",
                "url": "https://programme.openhouse.org.uk/listings/10591"
            },
            "type": "Feature"
        },
        {
            "geometry": {
                "coordinates": [
                    -0.1497769,
                    51.5599528
                ],
                "type": "Point"
            },
            "properties": {
                "balloted": "No",
                "description": "Founded in 1861 by a group of French nuns, La Sainte Union has a rich history. See the original Georgian site, chapel and its 144-year-old organ, plus modern stained glass windows by Patrick Pollen, LSU’s own orchard and the 60s extension.",
                "end": "15:00:00",
                "fully_booked": "",
                "images": [
                    {
                        "archive_url": "https://raw.githubusercontent.com/infrastructureclub/open-house-london-images/master/images/2026/10598/building_10598_lsu-95lowres2_3bd9e9aee1fb61c784492e6c0622f5b3.jpg",
                        "title": "Photo of La Sainte Union Catholic School"
                    },
                    {
                        "archive_url": "https://raw.githubusercontent.com/infrastructureclub/open-house-london-images/master/images/2026/10598/building_10598_chapel-and-organ_39bbafd22b6691605a5cc2bf4ce87d4b.jpg",
                        "title": "Yana Markey"
                    },
                    {
                        "archive_url": "https://raw.githubusercontent.com/infrastructureclub/open-house-london-images/master/images/2026/10598/building_10598_window-of-the-annunciation-by-patrick-pollen_a7d2c046cc33fcf1320bc47885db01da.jpg",
                        "title": "Yana Markey"
                    },
                    {
                        "archive_url": "https://raw.githubusercontent.com/infrastructureclub/open-house-london-images/master/images/2026/10598/building_10598_symbols-of-the-virgin-by-keith-new_d365eec491c4b7440150357380bf520c.jpg",
                        "title": "Shirley Taylor"
                    },
                    {
                        "archive_url": "https://raw.githubusercontent.com/infrastructureclub/open-house-london-images/master/images/2026/10598/building_10598_lsu-1864_a7e0c2e94242bdabf6e501f6ac4c203a.jpeg",
                        "title": "Unknown"
                    },
                    {
                        "archive_url": "https://raw.githubusercontent.com/infrastructureclub/open-house-london-images/master/images/2026/10598/building_10598_inside-lsu_324a5e0cea65dedeac0d4425d66bf1ae.jpeg",
                        "title": "Yana Markey"
                    },
                    {
                        "archive_url": "https://raw.githubusercontent.com/infrastructureclub/open-house-london-images/master/images/2026/10598/building_10598_orchard_40d8e00e4fe8db5c7b509e3ee8541b7b.jpeg",
                        "title": "Photo of La Sainte Union Catholic School"
                    },
                    {
                        "archive_url": "https://raw.githubusercontent.com/infrastructureclub/open-house-london-images/master/images/2026/10598/building_10598_early-lsu-pupils-1_e70957dcbd9a7fa9fc0f745c8d20fec4.jpg",
                        "title": "Photo of La Sainte Union Catholic School"
                    },
                    {
                        "archive_url": "https://raw.githubusercontent.com/infrastructureclub/open-house-london-images/master/images/2026/10598/building_10598_la-sainte-union-display-case-01_911672cb6fa8e995d6666c297f125adf.jpg",
                        "title": "Photo of La Sainte Union Catholic School"
                    },
                    {
                        "archive_url": "https://raw.githubusercontent.com/infrastructureclub/open-house-london-images/master/images/2026/10598/building_10598_la-sainte-union-display-case-02_efccee2e85af115fd26a4725563ae5df.jpg",
                        "title": "Photo of La Sainte Union Catholic School"
                    }
                ],
                "name": "La Sainte Union Catholic School",
                "new_venue_this_year": "No",
                "start": "11:00:00",
                "ticketed_events": "No",
                "url": "https://programme.openhouse.org.uk/listings/10598"
            },
            "type": "Feature"
        },
        {
            "geometry": {
                "coordinates": [
                    -0.0914547,
                    51.5155471
                ],
                "type": "Point"
            },
            "properties": {
                "balloted": "No",
                "description": "The capital’s only Roman Amphitheatre. Regular combined guided tours of Amphitheatre and Guildhall Art Gallery at 12.15pm & 1.15pm on Tuesday-Sunday. Additional Open House tours on 19 and 20 September, please see Guildhall Art Gallery listing.",
                "end": "16:00:00",
                "fully_booked": "",
                "images": [
                    {
                        "archive_url": "https://raw.githubusercontent.com/infrastructureclub/open-house-london-images/master/images/2026/10902/building_10902_roman-amphitheatre-resize-square_9ae1adc560e04bc1bca04278998749d1.jpg",
                        "title": "Clive Totman"
                    },
                    {
                        "archive_url": "https://raw.githubusercontent.com/infrastructureclub/open-house-london-images/master/images/2026/10902/building_10902_roman-amphitheatre-resize_725f114eb5a1f59bd0ce13d82cd611f6.jpg",
                        "title": "Clive Totman"
                    }
                ],
                "name": "London's Roman Amphitheatre",
                "new_venue_this_year": "No",
                "start": "11:00:00",
                "ticketed_events": "No",
                "url": "https://programme.openhouse.org.uk/listings/10902"
            },
            "type": "Feature"
        },
        {
            "geometry": {
                "coordinates": [
                    -0.13092,
                    51.53106
                ],
                "type": "Point"
            },
            "properties": {
                "balloted": "No",
                "description": "A great little museum set in the Grade 2 listed Ossulston Estate - a prime example of pre-war Social housing - based on Karl Marz Hof in Vienna.\r\nOpen Tuesday to Saturday 10am-5pm, plus Sunday 13th 12am-4pm.",
                "end": "17:00:00",
                "fully_booked": "",
                "images": [
                    {
                        "archive_url": "https://raw.githubusercontent.com/infrastructureclub/open-house-london-images/master/images/2026/10952/building_10952_img_6471_8c646e7b585214745cac2bac5d892502.jpeg",
                        "title": "Photo of People's Museum Somers Town"
                    },
                    {
                        "archive_url": "https://raw.githubusercontent.com/infrastructureclub/open-house-london-images/master/images/2026/10952/building_10952_image-15_e16b0cc04819f673c9e9f48ceb631876.jpg",
                        "title": "Photo of People's Museum Somers Town"
                    },
                    {
                        "archive_url": "https://raw.githubusercontent.com/infrastructureclub/open-house-london-images/master/images/2026/10952/building_10952_bayes_draper_7f3e5b45b5214a3678350c626287e132.jpg",
                        "title": "Photo of People's Museum Somers Town"
                    },
                    {
                        "archive_url": "https://raw.githubusercontent.com/infrastructureclub/open-house-london-images/master/images/2026/10952/building_10952_image_5190c3ba3a353bf7d685190ba20e632f.jpg",
                        "title": "Photo of People's Museum Somers Town"
                    },
                    {
                        "archive_url": "https://raw.githubusercontent.com/infrastructureclub/open-house-london-images/master/images/2026/10952/building_10952_gqh6-qgxeaarxpf_ad2f7ba8f9690a14696531d538d5cfb6.jpeg",
                        "title": "Photo of People's Museum Somers Town"
                    },
                    {
                        "archive_url": "https://raw.githubusercontent.com/infrastructureclub/open-house-london-images/master/images/2026/10952/building_10952_img_6473_392358fa284aea6acbb4f7a047ac2f52.jpeg",
                        "title": "Photo of People's Museum Somers Town"
                    }
                ],
                "name": "People's Museum Somers Town",
                "new_venue_this_year": "No",
                "start": "10:00:00",
                "ticketed_events": "No",
                "url": "https://programme.openhouse.org.uk/listings/10952"
            },
            "type": "Feature"
        },
        {
            "geometry": {
                "coordinates": [
                    -0.29574,
                    51.51328
                ],
                "type": "Point"
            },
            "properties": {
                "balloted": "No",
                "description": "St Matthew's is Grade II listed, built 1883-4 and designed by the architect Alfred Jowers. \r\nIt features a WW1 memorial screen designed by Reginald Hallward and stained glass some believed to be by Edward Frampton",
                "end": "16:00:00",
                "fully_booked": "",
                "images": [
                    {
                        "archive_url": "https://raw.githubusercontent.com/infrastructureclub/open-house-london-images/master/images/2026/11020/building_11020_church-from-south_f55d01e058caa170508cc5def7307a1b.jpeg",
                        "title": "Ian Pearce"
                    },
                    {
                        "archive_url": "https://raw.githubusercontent.com/infrastructureclub/open-house-london-images/master/images/2026/11020/building_11020_south-window_76ca6f27e3aecf73dec3871304bf9c21.jpeg",
                        "title": "Ian Pearce"
                    },
                    {
                        "archive_url": "https://raw.githubusercontent.com/infrastructureclub/open-house-london-images/master/images/2026/11020/building_11020_altar_f26121fa1c32e284ff4b913b91e821ae.jpeg",
                        "title": "Ian Pearce"
                    },
                    {
                        "archive_url": "https://raw.githubusercontent.com/infrastructureclub/open-house-london-images/master/images/2026/11020/building_11020_organ_9ec9a1db4acdf1c9900f35fc36af2f59.jpg",
                        "title": "Ian Pearce"
                    },
                    {
                        "archive_url": "https://raw.githubusercontent.com/infrastructureclub/open-house-london-images/master/images/2026/11020/building_11020_ww1-screen_915f672d6a806da67ab5ff1b9798be2e.jpg",
                        "title": "Ian Pearce"
                    },
                    {
                        "archive_url": "https://raw.githubusercontent.com/infrastructureclub/open-house-london-images/master/images/2026/11020/building_11020_carvings_581140ef75cf4cbad0e2d3f68759ac8f.jpeg",
                        "title": "Ian Pearce"
                    },
                    {
                        "archive_url": "https://raw.githubusercontent.com/infrastructureclub/open-house-london-images/master/images/2026/11020/building_11020_altar_6518734550757d323c7ff0945e427a4c.jpg",
                        "title": "Ian Pearce"
                    }
                ],
                "name": "St Matthew's Church",
                "new_venue_this_year": "No",
                "start": "11:00:00",
                "ticketed_events": "No",
                "url": "https://programme.openhouse.org.uk/listings/11020"
            },
            "type": "Feature"
        },
        {
            "geometry": {
                "coordinates": [
                    -0.23739,
                    51.50675
                ],
                "type": "Point"
            },
            "properties": {
                "balloted": "No",
                "description": "Tucked behind a busy road in W12, this former foundry is a multi-level development featuring an architects’ studio with courtyards and spaces for exhibitions and musical performances. The  building's 15m brick chimney is a local landmark.\r\n\r\nThis year we have a new exhibition in our gallery, showcasing the work of celebrated British artist Sophie Smallhorn.",
                "end": "16:00:00",
                "fully_booked": "",
                "images": [
                    {
                        "archive_url": "https://raw.githubusercontent.com/infrastructureclub/open-house-london-images/master/images/2026/11069/building_11069_tha-001_the-foundry_dsc3879_ae6060d888c1e208d643551f55ee6924.jpg",
                        "title": "Tom Hatton"
                    },
                    {
                        "archive_url": "https://raw.githubusercontent.com/infrastructureclub/open-house-london-images/master/images/2026/11069/building_11069_tha-011_the-foundry_dsc9202_144ee3d8feaf9c9dc75165ddf7ab57ff.jpg",
                        "title": "Tom Hatton"
                    },
                    {
                        "archive_url": "https://raw.githubusercontent.com/infrastructureclub/open-house-london-images/master/images/2026/11069/building_11069_tha-002_the-foundry_dsc9613_f742b7dddc22f0cee3a501b176a6ee19.jpg",
                        "title": "Tom Hatton"
                    },
                    {
                        "archive_url": "https://raw.githubusercontent.com/infrastructureclub/open-house-london-images/master/images/2026/11069/building_11069_tha-008_the-foundry_t_h_009_2400_ff111d7ec05ebda37f64c022f3d06d17.jpg",
                        "title": "Tom Hatton"
                    },
                    {
                        "archive_url": "https://raw.githubusercontent.com/infrastructureclub/open-house-london-images/master/images/2026/11069/building_11069_tha-009_the-foundry_dsc891_c610727551c93449072714afb2be9930.jpg",
                        "title": "Tom Hatton"
                    },
                    {
                        "archive_url": "https://raw.githubusercontent.com/infrastructureclub/open-house-london-images/master/images/2026/11069/building_11069_tha-013_the-foundry_dsc1902_6720f0c99ae04efe34a8696d26d7fa5b.jpg",
                        "title": "Tom Hatton"
                    },
                    {
                        "archive_url": "https://raw.githubusercontent.com/infrastructureclub/open-house-london-images/master/images/2026/11069/building_11069_rosamonde-hatton-v2_3c6c8ca119f963a58708a70cdfd03265.jpg",
                        "title": "Timothy Hatton Architects"
                    }
                ],
                "name": "Timothy Hatton Architects – The Foundry",
                "new_venue_this_year": "No",
                "start": "11:00:00",
                "ticketed_events": "No",
                "url": "https://programme.openhouse.org.uk/listings/11069"
            },
            "type": "Feature"
        },
        {
            "geometry": {
                "coordinates": [
                    -0.14534,
                    51.53733
                ],
                "type": "Point"
            },
            "properties": {
                "balloted": "No",
                "description": "Nestled off a busy street in Camden, the former industrial building has been home to architectural firm Sheppard Robson for over 40 years. A series of additions have allowed more amenity, social spaces, and diversity in work settings.",
                "end": "13:45:00",
                "fully_booked": "Yes",
                "images": [
                    {
                        "archive_url": "https://raw.githubusercontent.com/infrastructureclub/open-house-london-images/master/images/2026/11127/building_11127_77-parkway_sheppard-robson_1_d2427ba1a2dd2037c753fa15105b52e6.jpg",
                        "title": "Jack Hobhouse"
                    },
                    {
                        "archive_url": "https://raw.githubusercontent.com/infrastructureclub/open-house-london-images/master/images/2026/11127/building_11127_77-parkway_sheppard-robson_2_c0c73459b187a27b45c72977d4c4f91c.jpg",
                        "title": "Jack Hobhouse"
                    },
                    {
                        "archive_url": "https://raw.githubusercontent.com/infrastructureclub/open-house-london-images/master/images/2026/11127/building_11127_77-parkway_sheppard-robson_4_dfd4932cf17378a14df0359b0db5305b.jpg",
                        "title": "Jack Hobhouse"
                    },
                    {
                        "archive_url": "https://raw.githubusercontent.com/infrastructureclub/open-house-london-images/master/images/2026/11127/building_11127_77-parkway_sheppard-robson_5_f21d0bbb01a2c7a82b98614a1475ac90.jpg",
                        "title": "Jack Hobhouse"
                    },
                    {
                        "archive_url": "https://raw.githubusercontent.com/infrastructureclub/open-house-london-images/master/images/2026/11127/building_11127_77-parkway_sheppard-robson_6_28f8500d835036611b29b8e346eca752.jpg",
                        "title": "Jack Hobhouse"
                    },
                    {
                        "archive_url": "https://raw.githubusercontent.com/infrastructureclub/open-house-london-images/master/images/2026/11127/building_11127_77-parkway_sheppard-robson_7_2e04598cf8e235fd04173dab6bb8d367.jpg",
                        "title": "Jack Hobhouse"
                    },
                    {
                        "archive_url": "https://raw.githubusercontent.com/infrastructureclub/open-house-london-images/master/images/2026/11127/building_11127_77-parkway_sheppard-robson_10_b329cce283bb9dd9732d7302c678fa0b.jpg",
                        "title": "Jack Hobhouse"
                    },
                    {
                        "archive_url": "https://raw.githubusercontent.com/infrastructureclub/open-house-london-images/master/images/2026/11127/building_11127_77-parkway_sheppard-robson_3_a5b90c2697c13bda7d379b5cf4c53b9c.jpg",
                        "title": "Jack Hobhouse"
                    },
                    {
                        "archive_url": "https://raw.githubusercontent.com/infrastructureclub/open-house-london-images/master/images/2026/11127/building_11127_77-parkway_sheppard-robson_8_6a9349e32048054dde87788262e5804d.jpg",
                        "title": "Jack Hobhouse"
                    },
                    {
                        "archive_url": "https://raw.githubusercontent.com/infrastructureclub/open-house-london-images/master/images/2026/11127/building_11127_77-parkway_sheppard-robson_9_13ac10209dc394a275a1752da3365c40.jpg",
                        "title": "Jack Hobhouse"
                    }
                ],
                "name": "Sheppard Robson, 77 Parkway",
                "new_venue_this_year": "No",
                "start": "10:00:00",
                "ticketed_events": "Yes",
                "url": "https://programme.openhouse.org.uk/listings/11127"
            },
            "type": "Feature"
        },
        {
            "geometry": {
                "coordinates": [
                    -0.21071,
                    51.42844
                ],
                "type": "Point"
            },
            "properties": {
                "balloted": "No",
                "description": "Portland stone mausoleum of Sir Joseph Bazalgette, composed of an obelisk above a square rusticated base, with steps leading down to the arched entrance of the vault.\r\n\r\nOriginally built for a different man, John Anthony Rucker, Bazalgette updated the mausoleum to its current look in c.1886.",
                "end": "15:00:00",
                "fully_booked": "",
                "images": [
                    {
                        "archive_url": "https://raw.githubusercontent.com/infrastructureclub/open-house-london-images/master/images/2026/11170/building_11170_microsoftteams-image-5_d0bd9b9330ce4871457d4ef749c530e1.png",
                        "title": "Stephen Fielding"
                    },
                    {
                        "archive_url": "https://raw.githubusercontent.com/infrastructureclub/open-house-london-images/master/images/2026/11170/building_11170_microsoftteams-image-2_b130825b1ed4e2ae83f1d7d489168d94.png",
                        "title": "Stephen Fielding"
                    },
                    {
                        "archive_url": "https://raw.githubusercontent.com/infrastructureclub/open-house-london-images/master/images/2026/11170/building_11170_img-0467_f204105cd9d92018e243a7157ebad3c8.jpg",
                        "title": "Photo of Bazalgette Mausoleum"
                    }
                ],
                "name": "Bazalgette Mausoleum",
                "new_venue_this_year": "No",
                "start": "11:00:00",
                "ticketed_events": "No",
                "url": "https://programme.openhouse.org.uk/listings/11170"
            },
            "type": "Feature"
        },
        {
            "geometry": {
                "coordinates": [
                    -0.0863,
                    51.41129
                ],
                "type": "Point"
            },
            "properties": {
                "balloted": "No",
                "description": "Historical connections:\r\nVice Admiral Fitzroy(grave within Church Grounds),\r\nCharles Darwin,\r\nCrystal Palace Great Exhibition,\r\nCamille Pissarro (Painter exhibits National Gallery),\r\nCharles Dickens,\r\n(Grave within Church grounds),\r\nIsambard Kingdom Brunel,\r\nFelix Mendelssohn, Marie Tussauds to name but a few. \r\nFamous artist Camille Pissarro painted local scenes.",
                "end": "16:00:00",
                "fully_booked": "",
                "images": [
                    {
                        "archive_url": "https://raw.githubusercontent.com/infrastructureclub/open-house-london-images/master/images/2026/11192/building_11192_all-saints-church_003b531a64004d7e9ba5bacfdaa24d47.jpg",
                        "title": "M Harris"
                    }
                ],
                "name": "All Saints Church, Upper Norwood",
                "new_venue_this_year": "No",
                "start": "11:00:00",
                "ticketed_events": "No",
                "url": "https://programme.openhouse.org.uk/listings/11192"
            },
            "type": "Feature"
        },
        {
            "geometry": {
                "coordinates": [
                    -0.065944,
                    51.62622649999999
                ],
                "type": "Point"
            },
            "properties": {
                "balloted": "No",
                "description": "Listed Grade ll* and celebrating its 890th year, All Saints Church  has aspects of the fabric dating back to at least early C12 with further modification and additions in the 15th, 17th and 19th centuries.  Charles and Mary Lamb lived on Church Street, where the church is situated and are buried in the Garden of Remembrance within the churchyard.",
                "end": "16:00:00",
                "fully_booked": "",
                "images": [
                    {
                        "archive_url": "https://raw.githubusercontent.com/infrastructureclub/open-house-london-images/master/images/2026/11274/building_11274_pastoral-church_70f0ce91bbd4b6b124d64fa41dddc549.jpg",
                        "title": "All Saints, Edmonton"
                    },
                    {
                        "archive_url": "https://raw.githubusercontent.com/infrastructureclub/open-house-london-images/master/images/2026/11274/building_11274_chancel_79c951bf876e86eb68e00171abdb253f.jpg",
                        "title": "All Saints, Edmonton"
                    },
                    {
                        "archive_url": "https://raw.githubusercontent.com/infrastructureclub/open-house-london-images/master/images/2026/11274/building_11274_all-saints-snow_08d1f327c6527b6597c0c09aab364b99.jpg",
                        "title": "All Saints, Edmonton"
                    },
                    {
                        "archive_url": "https://raw.githubusercontent.com/infrastructureclub/open-house-london-images/master/images/2026/11274/building_11274_external-all-saints_28b6d224bcaae4eff60c4bd38c4a1dcf.jpg",
                        "title": "All Saints, Edmonton"
                    },
                    {
                        "archive_url": "https://raw.githubusercontent.com/infrastructureclub/open-house-london-images/master/images/2026/11274/building_11274_saints_4b5b2bff52373b542054df9d58d12a35.jpg",
                        "title": "All Saints, Edmonton"
                    }
                ],
                "name": "All Saints Church, Edmonton",
                "new_venue_this_year": "No",
                "start": "12:00:00",
                "ticketed_events": "No",
                "url": "https://programme.openhouse.org.uk/listings/11274"
            },
            "type": "Feature"
        },
        {
            "geometry": {
                "coordinates": [
                    -0.0194102,
                    51.5828202
                ],
                "type": "Point"
            },
            "properties": {
                "balloted": "No",
                "description": "A walk around historic Walthamstow showing how this unique area grew from a village into a thriving suburb, its social history and the variety of buildings that can be found where Epping Forest meets William Morris.",
                "end": "13:00:00",
                "fully_booked": "Yes",
                "images": [
                    {
                        "archive_url": "https://raw.githubusercontent.com/infrastructureclub/open-house-london-images/master/images/2026/11296/building_11296_img_2828_8b059f0e8ad7184afcc7c0488c9ccdab.jpg",
                        "title": "Christopher Booth"
                    },
                    {
                        "archive_url": "https://raw.githubusercontent.com/infrastructureclub/open-house-london-images/master/images/2026/11296/building_11296_img_2904_c28f81b321873eb89a7d587354f71c16.jpg",
                        "title": "Christopher Booth"
                    },
                    {
                        "archive_url": "https://raw.githubusercontent.com/infrastructureclub/open-house-london-images/master/images/2026/11296/building_11296_walthamstow_cd409428c1f4d6584014d2fe25cc7c9f.jpeg",
                        "title": "Photo of From Forest to Morris: A walk around Walthamstow"
                    },
                    {
                        "archive_url": "https://raw.githubusercontent.com/infrastructureclub/open-house-london-images/master/images/2026/11296/building_11296_e17-townhall_a4dac844616068ff288f164fcaff8114.jpg",
                        "title": "Photo of From Forest to Morris: A walk around Walthamstow"
                    },
                    {
                        "archive_url": "https://raw.githubusercontent.com/infrastructureclub/open-house-london-images/master/images/2026/11296/building_11296_willam-mprros-gallery_3f8202547ebef0ca403d8d150054268b.jpeg",
                        "title": "Photo of From Forest to Morris: A walk around Walthamstow"
                    }
                ],
                "name": "From Forest to Morris: A walk around Walthamstow",
                "new_venue_this_year": "No",
                "start": "11:00:00",
                "ticketed_events": "Yes",
                "url": "https://programme.openhouse.org.uk/listings/11296"
            },
            "type": "Feature"
        },
        {
            "geometry": {
                "coordinates": [
                    0.01496,
                    51.41262
                ],
                "type": "Point"
            },
            "properties": {
                "balloted": "No",
                "description": "A Victorian Church set in a wooded Churchyard, with a vibrant and striking set of Murals around the altar and the Choir.  Beautiful Stained Glass. \r\nHas indoor toilet facilities. \r\nA good quality well used organ in good condition, and excellent acoustics.",
                "end": "16:30:00",
                "fully_booked": "",
                "images": [
                    {
                        "archive_url": "https://raw.githubusercontent.com/infrastructureclub/open-house-london-images/master/images/2026/11317/building_11317_st-mary-bromley-1_fce1b3d07463f9aff0d95d26a759d02a.jpg",
                        "title": "Alan Keeler"
                    },
                    {
                        "archive_url": "https://raw.githubusercontent.com/infrastructureclub/open-house-london-images/master/images/2026/11317/building_11317_st-mary-bromley-2_623607d58df8980b8eb41055d14e3a1d.jpg",
                        "title": "Alan Keeler"
                    },
                    {
                        "archive_url": "https://raw.githubusercontent.com/infrastructureclub/open-house-london-images/master/images/2026/11317/building_11317_st-mary-bromley-3_6d58aeea0c6cf223f58029f8dd6ef314.jpg",
                        "title": "Alan Keeler"
                    },
                    {
                        "archive_url": "https://raw.githubusercontent.com/infrastructureclub/open-house-london-images/master/images/2026/11317/building_11317_st-mary-bromley-4_0a22e3699d4a1e128a18aebf894ee5eb.jpg",
                        "title": "Alan Keeler"
                    },
                    {
                        "archive_url": "https://raw.githubusercontent.com/infrastructureclub/open-house-london-images/master/images/2026/11317/building_11317_st-mary-bromley-5_a0c306da81ca03eafeab7b6d6ad37f82.jpg",
                        "title": "Alan Keeler"
                    },
                    {
                        "archive_url": "https://raw.githubusercontent.com/infrastructureclub/open-house-london-images/master/images/2026/11317/building_11317_st-mary-bromley-6_f5536cee9a730cd142717e55439e28d9.jpg",
                        "title": "Alan Keeler"
                    },
                    {
                        "archive_url": "https://raw.githubusercontent.com/infrastructureclub/open-house-london-images/master/images/2026/11317/building_11317_st-mary-bromley-7_598bfd9d2e4f32de175f9e880221eb0d.jpg",
                        "title": "Alan Keeler"
                    },
                    {
                        "archive_url": "https://raw.githubusercontent.com/infrastructureclub/open-house-london-images/master/images/2026/11317/building_11317_img_2455-2_93a0a06c72992558913cd9f8dd568b3c.jpg",
                        "title": "Alison Tyler"
                    }
                ],
                "name": "St Mary's Church Bromley",
                "new_venue_this_year": "No",
                "start": "09:30:00",
                "ticketed_events": "No",
                "url": "https://programme.openhouse.org.uk/listings/11317"
            },
            "type": "Feature"
        },
        {
            "geometry": {
                "coordinates": [
                    -0.1331912,
                    51.4952653
                ],
                "type": "Point"
            },
            "properties": {
                "balloted": "No",
                "description": "A Grade 2 listed former Territorial Army Drill Hall  featuring restored elements of the original 1882 design. It has a triple height central hall with the restored wrought iron balconies and roofing.  Notable Neo-Georgian design brickwork. It is also unique in being the last ever military drill hall built in the UK.",
                "end": "16:00:00",
                "fully_booked": "",
                "images": [
                    {
                        "archive_url": "https://raw.githubusercontent.com/infrastructureclub/open-house-london-images/master/images/2026/11324/building_11324_london-scottish-house-image-1_0c443ccce6b0978cbdd4d3fc960bb59a.jpeg",
                        "title": "London Scottish Regimental Museum"
                    },
                    {
                        "archive_url": "https://raw.githubusercontent.com/infrastructureclub/open-house-london-images/master/images/2026/11324/building_11324_london-scottish-house-image-2_af3035e68835ca0c4b94c9cd395ace66.jpeg",
                        "title": "London Scottish Regimental Museum"
                    },
                    {
                        "archive_url": "https://raw.githubusercontent.com/infrastructureclub/open-house-london-images/master/images/2026/11324/building_11324_london-scottish-house-image-3_2558d036a0cc4547832b2ef904fe7ca4.jpeg",
                        "title": "London Scottish Regimental Museum"
                    },
                    {
                        "archive_url": "https://raw.githubusercontent.com/infrastructureclub/open-house-london-images/master/images/2026/11324/building_11324_img_7094_jpg_a808ff61ae780f715ccd6b11c2cb98eb.jpg",
                        "title": "Photo of London Scottish House (London Scottish Regimental Headquarters)"
                    }
                ],
                "name": "London Scottish House (London Scottish Regimental Headquarters)",
                "new_venue_this_year": "No",
                "start": "10:00:00",
                "ticketed_events": "No",
                "url": "https://programme.openhouse.org.uk/listings/11324"
            },
            "type": "Feature"
        },
        {
            "geometry": {
                "coordinates": [
                    0.00503,
                    51.49988
                ],
                "type": "Point"
            },
            "properties": {
                "balloted": "No",
                "description": "Step inside Champion 3D’s working 3D printing studio at Greenwich Peninsula’s Design District. Visitors can see FDM 3D printers in action, handle different printed materials, explore finished models and learn how digital designs become physical objects.",
                "end": "16:00:00",
                "fully_booked": "",
                "images": [
                    {
                        "archive_url": "https://raw.githubusercontent.com/infrastructureclub/open-house-london-images/master/images/2026/11331/building_11331_img_3780_65aee8962de069b3c65051c9583c6a8d.jpeg",
                        "title": "Josef Dunne"
                    },
                    {
                        "archive_url": "https://raw.githubusercontent.com/infrastructureclub/open-house-london-images/master/images/2026/11331/building_11331_img_3781_26c0f250ad0b30714075b0ab5c626ea2.jpeg",
                        "title": "Josef Dunne"
                    },
                    {
                        "archive_url": "https://raw.githubusercontent.com/infrastructureclub/open-house-london-images/master/images/2026/11331/building_11331_img_9951_453bb39733b4b61e81c7b37375f10f63.jpeg",
                        "title": "Josef Dunne"
                    },
                    {
                        "archive_url": "https://raw.githubusercontent.com/infrastructureclub/open-house-london-images/master/images/2026/11331/building_11331_f15e9f57-1e81-4f71-ba48-9e2c29a1ebea_bed9856929692a0374b8e75994ab34c4.jpg",
                        "title": "Champion 3D"
                    },
                    {
                        "archive_url": "https://raw.githubusercontent.com/infrastructureclub/open-house-london-images/master/images/2026/11331/building_11331_img_9348_a0d560d5cb8a083734a0ced36f6b1f1a.jpeg",
                        "title": "Champion 3D"
                    },
                    {
                        "archive_url": "https://raw.githubusercontent.com/infrastructureclub/open-house-london-images/master/images/2026/11331/building_11331_img_6380_7ed691f7f569f39abcc930aa6fb1be0c.jpeg",
                        "title": "Josef Dunne"
                    }
                ],
                "name": "3D Printing at Design District",
                "new_venue_this_year": "No",
                "start": "11:00:00",
                "ticketed_events": "No",
                "url": "https://programme.openhouse.org.uk/listings/11331"
            },
            "type": "Feature"
        },
        {
            "geometry": {
                "coordinates": [
                    -0.0635681,
                    51.5838118
                ],
                "type": "Point"
            },
            "properties": {
                "balloted": "No",
                "description": "Gaunson Creative Studios in South Tottenham, home to over 70 artist studios, will be opening its doors for the first time since 2019. Visitors will be able to meet and buy from over 50 artists across the weekend.",
                "end": "18:00:00",
                "fully_booked": "",
                "images": [
                    {
                        "archive_url": "https://raw.githubusercontent.com/infrastructureclub/open-house-london-images/master/images/2026/11380/building_11380_studio-2_6ab0f3cef02cdc31fb0e043aa6f08345.jpg",
                        "title": "Gaunson Creative Studios"
                    },
                    {
                        "archive_url": "https://raw.githubusercontent.com/infrastructureclub/open-house-london-images/master/images/2026/11380/building_11380_studios1_901875dd2f97e9e4f3d09e0db27bf063.jpg",
                        "title": "Gaunson Creative Studios"
                    },
                    {
                        "archive_url": "https://raw.githubusercontent.com/infrastructureclub/open-house-london-images/master/images/2026/11380/building_11380_dscf7613_de3604daa616984f902b8762f0ec16c6.jpg",
                        "title": "Gaunson Creative Studios"
                    }
                ],
                "name": "Gaunson Creative Open Studios part of Markfield Road Festival",
                "new_venue_this_year": "No",
                "start": "14:00:00",
                "ticketed_events": "No",
                "url": "https://programme.openhouse.org.uk/listings/11380"
            },
            "type": "Feature"
        },
        {
            "geometry": {
                "coordinates": [
                    0.08728,
                    51.41486
                ],
                "type": "Point"
            },
            "properties": {
                "balloted": "No",
                "description": "See the archaeological excavations and Tudor foundations at Scadbury Moated Manor - which still has its moat around it.",
                "end": "16:30:00",
                "fully_booked": "",
                "images": [
                    {
                        "archive_url": "https://raw.githubusercontent.com/infrastructureclub/open-house-london-images/master/images/2026/11382/building_11382_scadbury-moated-manor_1ea20ffef28c9e69c265588c9b4142d7.jpg",
                        "title": "Photo of Scadbury Moated Manor"
                    },
                    {
                        "archive_url": "https://raw.githubusercontent.com/infrastructureclub/open-house-london-images/master/images/2026/11382/building_11382_scadbury-rainbow_a3379067b515a50714811bce94474822.jpg",
                        "title": "Photo of Scadbury Moated Manor"
                    }
                ],
                "name": "Scadbury Moated Manor",
                "new_venue_this_year": "No",
                "start": "14:00:00",
                "ticketed_events": "No",
                "url": "https://programme.openhouse.org.uk/listings/11382"
            },
            "type": "Feature"
        },
        {
            "geometry": {
                "coordinates": [
                    -0.2206,
                    51.52319
                ],
                "type": "Point"
            },
            "properties": {
                "balloted": "No",
                "description": "Set in the historic Sunbeam Talbot factory, a 1903 Beaux Arts building in Ladbroke Grove, Ladbroke Hall perpetuates the building’s legacy of innovation and creation. A space for exploration, inspiration and connection, across the many forms of arts and creative expressions, its seasonal live cultural programming celebrates the best of arts, live events and food.",
                "end": "17:00:00",
                "fully_booked": "No",
                "images": [
                    {
                        "archive_url": "https://raw.githubusercontent.com/infrastructureclub/open-house-london-images/master/images/2026/11573/building_11573_0f85ff7a-467c-4b56-897b-3d37e6de7277_jc_ad960aafa0bd4d7f0593df186494d59b.jpg",
                        "title": "Photo of Ladbroke Hall"
                    },
                    {
                        "archive_url": "https://raw.githubusercontent.com/infrastructureclub/open-house-london-images/master/images/2026/11573/building_11573_photo-01-07-2025-18-24-51_14f5f2fe455c2e9b176a0503a9d8cb6c.jpg",
                        "title": "Photo of Ladbroke Hall"
                    },
                    {
                        "archive_url": "https://raw.githubusercontent.com/infrastructureclub/open-house-london-images/master/images/2026/11573/building_11573_openhouse1_917e4484c1d0e3bad7738bc273ba3a63.png",
                        "title": "Photo of Ladbroke Hall"
                    },
                    {
                        "archive_url": "https://raw.githubusercontent.com/infrastructureclub/open-house-london-images/master/images/2026/11573/building_11573_openhouse2_7d32e9c04a8ebe273312b4930c93692d.png",
                        "title": "Photo of Ladbroke Hall"
                    },
                    {
                        "archive_url": "https://raw.githubusercontent.com/infrastructureclub/open-house-london-images/master/images/2026/11573/building_11573_openhouse4_23690fcc2ff64cbfa69c0ac596b169a3.png",
                        "title": "Photo of Ladbroke Hall"
                    },
                    {
                        "archive_url": "https://raw.githubusercontent.com/infrastructureclub/open-house-london-images/master/images/2026/11573/building_11573_jazz_4f88443e59533a4187475caf44c6316e.png",
                        "title": "Photo of Ladbroke Hall"
                    },
                    {
                        "archive_url": "https://raw.githubusercontent.com/infrastructureclub/open-house-london-images/master/images/2026/11573/building_11573_openhouse5_6d250767af5e8698e2921fbc45b8542f.png",
                        "title": "Photo of Ladbroke Hall"
                    },
                    {
                        "archive_url": "https://raw.githubusercontent.com/infrastructureclub/open-house-london-images/master/images/2026/11573/building_11573_openhouse6_f068895833f20bb53f1b3b29e24e2e2a.png",
                        "title": "Photo of Ladbroke Hall"
                    }
                ],
                "name": "Ladbroke Hall",
                "new_venue_this_year": "Yes",
                "start": "11:00:00",
                "ticketed_events": "Yes",
                "url": "https://programme.openhouse.org.uk/listings/11573"
            },
            "type": "Feature"
        },
        {
            "geometry": {
                "coordinates": [
                    -0.07155,
                    51.50273
                ],
                "type": "Point"
            },
            "properties": {
                "balloted": "No",
                "description": "This is a unique chance to see behind the scenes of the Zaha Hadid Foundation archive. The founding collection comprises of works across a range of media, including architectural models, furniture, interior design, paintings, drawings, architectural plans and blueprints, fashion design, and jewellery.",
                "end": "15:00:00",
                "fully_booked": "Yes",
                "images": [
                    {
                        "archive_url": "https://raw.githubusercontent.com/infrastructureclub/open-house-london-images/master/images/2026/11656/building_11656_dsc04243-1000px_bd1fac56f1f905f6cb7adc24ed8680bb.jpg",
                        "title": "Photo of Zaha Hadid Foundation"
                    },
                    {
                        "archive_url": "https://raw.githubusercontent.com/infrastructureclub/open-house-london-images/master/images/2026/11656/building_11656_dsc04547-1000px_aa4458a3b12c524f92aa167571532736.jpg",
                        "title": "Photo of Zaha Hadid Foundation"
                    }
                ],
                "name": "Zaha Hadid Foundation",
                "new_venue_this_year": "No",
                "start": "10:30:00",
                "ticketed_events": "Yes",
                "url": "https://programme.openhouse.org.uk/listings/11656"
            },
            "type": "Feature"
        },
        {
            "geometry": {
                "coordinates": [
                    -0.07967,
                    51.53189
                ],
                "type": "Point"
            },
            "properties": {
                "balloted": "No",
                "description": "Hoxton Hall was originally built in 1863 by James Mortimer, in the traditional music hall architecture style, with the intention to combine instruction with amusement.  It is a Grade 2 Listed Plus building and one of 5 Music Hall's left.",
                "end": "16:00:00",
                "fully_booked": "Yes",
                "images": [
                    {
                        "archive_url": "https://raw.githubusercontent.com/infrastructureclub/open-house-london-images/master/images/2026/11666/building_11666_hoxtonhall-0981pm_theatre_181fe46d231abee2f78d3eca16c45b06.jpg",
                        "title": "Photo of Hoxton Hall"
                    },
                    {
                        "archive_url": "https://raw.githubusercontent.com/infrastructureclub/open-house-london-images/master/images/2026/11666/building_11666_rsz_clare-howard-3058b_4c08b42ca1ef6e0401eb3333fceb0644.jpg",
                        "title": "Photo of Hoxton Hall"
                    },
                    {
                        "archive_url": "https://raw.githubusercontent.com/infrastructureclub/open-house-london-images/master/images/2026/11666/building_11666_hoxtonhall-0828-edit_75e6677c1ef30b72901c3b71dffed97b.jpg",
                        "title": "Photo of Hoxton Hall"
                    },
                    {
                        "archive_url": "https://raw.githubusercontent.com/infrastructureclub/open-house-london-images/master/images/2026/11666/building_11666_hoxtonhall-0951-edit_theatre_f5aed030f7730313dbdf26e9d046e3a6.jpg",
                        "title": "Photo of Hoxton Hall"
                    },
                    {
                        "archive_url": "https://raw.githubusercontent.com/infrastructureclub/open-house-london-images/master/images/2026/11666/building_11666_may-1-n_be2a8f80c6a871540fe96a2962650a58.jpg",
                        "title": "Photo of Hoxton Hall"
                    }
                ],
                "name": "Hoxton Hall",
                "new_venue_this_year": "No",
                "start": "10:15:00",
                "ticketed_events": "Yes",
                "url": "https://programme.openhouse.org.uk/listings/11666"
            },
            "type": "Feature"
        },
        {
            "geometry": {
                "coordinates": [
                    -0.1304929,
                    51.50831849999999
                ],
                "type": "Point"
            },
            "properties": {
                "balloted": "No",
                "description": "Built for the United Universities Club, 1-4 Suffolk Street  is now home to the University of Notre Dame and its G.K Chesterton Collection. Visitors will be able to enjoy both this Edwardian listed building and the unique collection within.",
                "end": "14:30:00",
                "fully_booked": "Yes",
                "images": [
                    {
                        "archive_url": "https://raw.githubusercontent.com/infrastructureclub/open-house-london-images/master/images/2026/11735/building_11735_mc-10-22-18-london-07-1_09e1adacc2b99ec9d09e139f9ad5fdfe.jpg",
                        "title": "Photo of 1-4 Suffolk Street: Uni of Notre Dame & G.K Chesterton"
                    },
                    {
                        "archive_url": "https://raw.githubusercontent.com/infrastructureclub/open-house-london-images/master/images/2026/11735/building_11735_notre_dame_university_chesterton_archive_by_john_cairns_23-4-18_6_4dcde54cebabf35a98d8fe2c04b881f8.jpeg",
                        "title": "Photo of 1-4 Suffolk Street: Uni of Notre Dame & G.K Chesterton"
                    }
                ],
                "name": "1-4 Suffolk Street: Uni of Notre Dame & G.K Chesterton",
                "new_venue_this_year": "No",
                "start": "10:00:00",
                "ticketed_events": "Yes",
                "url": "https://programme.openhouse.org.uk/listings/11735"
            },
            "type": "Feature"
        },
        {
            "geometry": {
                "coordinates": [
                    -0.08774,
                    51.54648
                ],
                "type": "Point"
            },
            "properties": {
                "balloted": "No",
                "description": "Grade II* listed old church building designed by Sir Charles Barry, 1826 built as one of the million churches scheme. Redundant in 1980's, then rebuilt and converted with St Paul’s Steiner Project’s occupancy from 1993; and now a full school since 1995; pews turned into classrooms, mainly by volunteers and workshops to gain experience; come and see Rudolf Steiner-influenced organic design approach",
                "end": "15:00:00",
                "fully_booked": "",
                "images": [
                    {
                        "archive_url": "https://raw.githubusercontent.com/infrastructureclub/open-house-london-images/master/images/2026/11759/building_11759_st-paul-s-waldorf-school-phto_bb22eb022ad011f725663653493843e8.jpg",
                        "title": "Photo of St Paul's Waldorf School"
                    },
                    {
                        "archive_url": "https://raw.githubusercontent.com/infrastructureclub/open-house-london-images/master/images/2026/11759/building_11759_01d484320ecb971b9a52428c7f452c90_0d88b4161462a49aef6d7d8ee8edc3bc.jpeg",
                        "title": "Photo of St Paul's Waldorf School"
                    }
                ],
                "name": "St Paul's Waldorf School",
                "new_venue_this_year": "No",
                "start": "11:00:00",
                "ticketed_events": "No",
                "url": "https://programme.openhouse.org.uk/listings/11759"
            },
            "type": "Feature"
        },
        {
            "geometry": {
                "coordinates": [
                    -0.12166,
                    51.53985
                ],
                "type": "Point"
            },
            "properties": {
                "balloted": "No",
                "description": "Home to RHS Chelsea Gold Medalists Mike McMahon and Jewlsy Mathews, this space showcases a decade of their handcrafted furniture and cabinetry. \r\nTheir work, all made by their own hands, has received international acclaim featuring in BBC Gardeners' World (TV), The Modern House, The Observer, Dwell, Interior Design and IDEAT. Experience bespoke design in every meticulously crafted detail.",
                "end": "18:00:00",
                "fully_booked": "",
                "images": [
                    {
                        "archive_url": "https://raw.githubusercontent.com/infrastructureclub/open-house-london-images/master/images/2026/11767/building_11767_rufford-mews_1f05f678cb2c35229decb8af1e1d55c0.jpg",
                        "title": "Photo of Rufford Mews Apartment"
                    },
                    {
                        "archive_url": "https://raw.githubusercontent.com/infrastructureclub/open-house-london-images/master/images/2026/11767/building_11767_rufford-mews-kitchen_7c0335041a27251114dff9191793f8d9.jpg",
                        "title": "Photo of Rufford Mews Apartment"
                    },
                    {
                        "archive_url": "https://raw.githubusercontent.com/infrastructureclub/open-house-london-images/master/images/2026/11767/building_11767_rufford-mews-shelves_71288e5e5dbec64cf0aa9cbacae405ff.jpg",
                        "title": "Photo of Rufford Mews Apartment"
                    },
                    {
                        "archive_url": "https://raw.githubusercontent.com/infrastructureclub/open-house-london-images/master/images/2026/11767/building_11767_rufford-mews-balcony_4666eda1d02dded72cdecb653b824da9.jpg",
                        "title": "Photo of Rufford Mews Apartment"
                    },
                    {
                        "archive_url": "https://raw.githubusercontent.com/infrastructureclub/open-house-london-images/master/images/2026/11767/building_11767_rufford-mews-junglette-balcony-by-peter-molloy_8c58a68d982664a874e40ef4db0c27b7.jpg",
                        "title": "Photo of Rufford Mews Apartment"
                    },
                    {
                        "archive_url": "https://raw.githubusercontent.com/infrastructureclub/open-house-london-images/master/images/2026/11767/building_11767_living-room-unfurl-plywood-dining-chairs-and-carrach-table-photo-by-mike-mcmahon_cdb9fc21645c7c6f6f38b6b4c6f125ac.jpg",
                        "title": "Photo of Rufford Mews Apartment"
                    },
                    {
                        "archive_url": "https://raw.githubusercontent.com/infrastructureclub/open-house-london-images/master/images/2026/11767/building_11767_living-room-span-sofa-dinesen-douglas-fir-sofa-on-concrete-pilotti-photo-by-peter-molloy_8460cb9e9023c4a9e78fa080f5cfc128.jpg",
                        "title": "Photo of Rufford Mews Apartment"
                    },
                    {
                        "archive_url": "https://raw.githubusercontent.com/infrastructureclub/open-house-london-images/master/images/2026/11767/building_11767_child-s-bedroom-shutter-bed-gif_36731528ddd00bd1d5982e296696977e.gif",
                        "title": "Photo of Rufford Mews Apartment"
                    },
                    {
                        "archive_url": "https://raw.githubusercontent.com/infrastructureclub/open-house-london-images/master/images/2026/11767/building_11767_child-s-bedroom-shutter-bed-image-1_photo-by-peter-molloy_c76efef6c408b26dd2f68169ddf88b77.jpg",
                        "title": "Photo of Rufford Mews Apartment"
                    },
                    {
                        "archive_url": "https://raw.githubusercontent.com/infrastructureclub/open-house-london-images/master/images/2026/11767/building_11767_living-room-reading-nook-image-1-photo-by-peter-molloy_1167eba3e07be993eed8492a01e69b3f.jpg",
                        "title": "Photo of Rufford Mews Apartment"
                    },
                    {
                        "archive_url": "https://raw.githubusercontent.com/infrastructureclub/open-house-london-images/master/images/2026/11767/building_11767_main-bedroom-stereopsis-credenza-image-1-photo-by-peter-molloy_6cf31b824d3a5298779595eb1e535008.jpg",
                        "title": "Photo of Rufford Mews Apartment"
                    }
                ],
                "name": "Rufford Mews Apartment",
                "new_venue_this_year": "No",
                "start": "12:00:00",
                "ticketed_events": "No",
                "url": "https://programme.openhouse.org.uk/listings/11767"
            },
            "type": "Feature"
        },
        {
            "geometry": {
                "coordinates": [
                    -0.1215,
                    51.49253
                ],
                "type": "Point"
            },
            "properties": {
                "balloted": "No",
                "description": "Open Day: LFB's grade II listed Memorial Hall, part of the LFB's Art Deco Headquarters, opened in 1937. The hall is rarely seen by the public and contains stunning large memorials by Gilbert Bayes depicting episodes in the Fire Brigade's history and post-war memorials commemorating firefighters lost protecting London in the Second World War.",
                "end": "16:00:00",
                "fully_booked": "",
                "images": [
                    {
                        "archive_url": "https://raw.githubusercontent.com/infrastructureclub/open-house-london-images/master/images/2026/11781/building_11781_main-image_7b78a7d102bc779b70ce0533a3d1b6de.jpg",
                        "title": "London Fire Brigade Memorial Hall"
                    },
                    {
                        "archive_url": "https://raw.githubusercontent.com/infrastructureclub/open-house-london-images/master/images/2026/11781/building_11781_2ww-memorial_e996cc5404609c9826097861216b67fd.jpg",
                        "title": "London Fire Brigade Memorial Hall"
                    },
                    {
                        "archive_url": "https://raw.githubusercontent.com/infrastructureclub/open-house-london-images/master/images/2026/11781/building_11781_20230718_160926_03a8f56de2bc58d6ed9a7cb5f6d74c2e.jpg",
                        "title": "London Fire Brigade Memorial Hall"
                    }
                ],
                "name": "London Fire Brigade Memorial Hall",
                "new_venue_this_year": "No",
                "start": "10:00:00",
                "ticketed_events": "No",
                "url": "https://programme.openhouse.org.uk/listings/11781"
            },
            "type": "Feature"
        },
        {
            "geometry": {
                "coordinates": [
                    -0.1316,
                    51.49751
                ],
                "type": "Point"
            },
            "properties": {
                "balloted": "No",
                "description": "Visit the Thorney Island Society Archives to explore rare photographs, documents, and hidden stories that shaped the local community. Whether you love heritage, local culture, or discovering the past, the archives offer a welcoming glimpse into the area’s history.",
                "end": "16:00:00",
                "fully_booked": "",
                "images": [
                    {
                        "archive_url": "https://raw.githubusercontent.com/infrastructureclub/open-house-london-images/master/images/2026/11805/building_11805_img_4363_05f0511a29b5232b31be46a3f896f0f1.jpg",
                        "title": "Photo of The Thorney Island Society Archives"
                    },
                    {
                        "archive_url": "https://raw.githubusercontent.com/infrastructureclub/open-house-london-images/master/images/2026/11805/building_11805_img_4356_371067418e6f8760e2ad9bba5a91980d.jpg",
                        "title": "Photo of The Thorney Island Society Archives"
                    }
                ],
                "name": "The Thorney Island Society Archives",
                "new_venue_this_year": "No",
                "start": "10:00:00",
                "ticketed_events": "No",
                "url": "https://programme.openhouse.org.uk/listings/11805"
            },
            "type": "Feature"
        },
        {
            "geometry": {
                "coordinates": [
                    -0.33027,
                    51.46626
                ],
                "type": "Point"
            },
            "properties": {
                "balloted": "No",
                "description": "Isleworth situated on the River Thames was earlier known for river based industries, but grand houses like Gumley built by James Gibbs 1721 remain mingling with an 18th century public house, 19thC homes and almshouses and a police station by Frederick Caiger",
                "end": "15:30:00",
                "fully_booked": "Yes",
                "images": [
                    {
                        "archive_url": "https://raw.githubusercontent.com/infrastructureclub/open-house-london-images/master/images/2026/11824/building_11824_1380-p-isleworth-police-station-old_cd6f6b7a09e3f43a437e9a5c4b5fe2ed.jpg",
                        "title": "Hidden Isleworth - a walking tour with varied buildings"
                    },
                    {
                        "archive_url": "https://raw.githubusercontent.com/infrastructureclub/open-house-london-images/master/images/2026/11824/building_11824_722-p-isleworth-house-2003_c31a6b66e2e16f5b8577f432e5fc372d.jpg",
                        "title": "Hidden Isleworth - a walking tour with varied buildings"
                    }
                ],
                "name": "Hidden Isleworth - a walking tour with varied buildings",
                "new_venue_this_year": "Yes",
                "start": "14:00:00",
                "ticketed_events": "Yes",
                "url": "https://programme.openhouse.org.uk/listings/11824"
            },
            "type": "Feature"
        },
        {
            "geometry": {
                "coordinates": [
                    -0.17548,
                    51.50481
                ],
                "type": "Point"
            },
            "properties": {
                "balloted": "No",
                "description": "A floating acoustic architecture, playfully reframing public space as an essential community engagement through sound & site mapping. Accessed by smartphone, headphones & echoes.xyz app, the Pavilion is located outside the Serpentine Gallery,. Drawing on Oskar & Zofia Hansen’s Open Form architectural concept it is one of 15 in a series including Venice, Berlin, Dublin, Bergen and Arctic Norway.",
                "end": "20:00:00",
                "fully_booked": "",
                "images": [
                    {
                        "archive_url": "https://raw.githubusercontent.com/infrastructureclub/open-house-london-images/master/images/2026/11855/building_11855_london-open-form-pavilion-of-air-design-and-presentation_214cd30ce7ca5d941be727d86f2eb973.jpg",
                        "title": "Photo of London Open Form Pavilion of Air"
                    },
                    {
                        "archive_url": "https://raw.githubusercontent.com/infrastructureclub/open-house-london-images/master/images/2026/11855/building_11855_qr-code-london-open-form-pavilion-of-air-1_a87bb30e72967aa06b4470ab2e37b0d2.jpg",
                        "title": "Photo of London Open Form Pavilion of Air"
                    },
                    {
                        "archive_url": "https://raw.githubusercontent.com/infrastructureclub/open-house-london-images/master/images/2026/11855/building_11855_london-open-form-pavilion-of-air-design-and-presentation-05cd1c-map_7029344be6f1bc2ee855960aa0b17686.jpg",
                        "title": "Photo of London Open Form Pavilion of Air"
                    }
                ],
                "name": "London Open Form Pavilion of Air",
                "new_venue_this_year": "No",
                "start": "06:00:00",
                "ticketed_events": "No",
                "url": "https://programme.openhouse.org.uk/listings/11855"
            },
            "type": "Feature"
        },
        {
            "geometry": {
                "coordinates": [
                    -0.08914,
                    51.3106
                ],
                "type": "Point"
            },
            "properties": {
                "balloted": "No",
                "description": "Join us for an open tour exploring the architecture, use, and restoration of the WWII fighter pens and air raid shelters that were part of RAF Kenley's airfield defenses.",
                "end": "15:00:00",
                "fully_booked": "",
                "images": [
                    {
                        "archive_url": "https://raw.githubusercontent.com/infrastructureclub/open-house-london-images/master/images/2026/11891/building_11891_tribute-from-blast-pen-gary-watson_72eeed59042f14f822e9cb97dd3c4f1b.jpg",
                        "title": "Photo of WWII fighter pen tours at former RAF Kenley"
                    }
                ],
                "name": "WWII fighter pen tours at former RAF Kenley",
                "new_venue_this_year": "No",
                "start": "11:00:00",
                "ticketed_events": "No",
                "url": "https://programme.openhouse.org.uk/listings/11891"
            },
            "type": "Feature"
        },
        {
            "geometry": {
                "coordinates": [
                    -0.06708,
                    51.61474
                ],
                "type": "Point"
            },
            "properties": {
                "balloted": "No",
                "description": "Edmonton has been described as a working class suburb but there are now signs of growing affluence, a result of regeneration and some might say the neighbourhood is ripe for gentrification. The walk will explore a variety of neighbourhoods.",
                "end": "13:00:00",
                "fully_booked": "Yes",
                "images": [
                    {
                        "archive_url": "https://raw.githubusercontent.com/infrastructureclub/open-house-london-images/master/images/2026/11952/building_11952_joyce-avenue-estate-scaled-e1640259623891_819cc60a15f4288d2db2a14e90effd8d.jpg",
                        "title": "Darren Leftwich"
                    },
                    {
                        "archive_url": "https://raw.githubusercontent.com/infrastructureclub/open-house-london-images/master/images/2026/11952/building_11952_img_0518_16402817f16a6d4fadb783b207017251.jpg",
                        "title": "Darren Leftwich"
                    },
                    {
                        "archive_url": "https://raw.githubusercontent.com/infrastructureclub/open-house-london-images/master/images/2026/11952/building_11952_bf1fb43abde8db1984105785bbaad073_7ed93a8a0736358ae547f7fa95189455.jpg",
                        "title": "Photo of Edmonton – the making of a north London suburb: past, present & future"
                    }
                ],
                "name": "Edmonton – the making of a north London suburb: past, present & future",
                "new_venue_this_year": "No",
                "start": "10:30:00",
                "ticketed_events": "Yes",
                "url": "https://programme.openhouse.org.uk/listings/11952"
            },
            "type": "Feature"
        },
        {
            "geometry": {
                "coordinates": [
                    -0.0996,
                    51.5211
                ],
                "type": "Point"
            },
            "properties": {
                "balloted": "No",
                "description": "Tranquil Clerkenwell, so close to the bustling City, has a distinct character and intriguing history. Once centred around great religious houses, the area has been the scene of fierce rebellion, innovative architecture, and major commerce.",
                "end": "12:15:00",
                "fully_booked": "Yes",
                "images": [
                    {
                        "archive_url": "https://raw.githubusercontent.com/infrastructureclub/open-house-london-images/master/images/2026/11973/building_11973_charterhouse_050b5348bad7e5955962735154bae79d.jpeg",
                        "title": "Brian Jowers"
                    }
                ],
                "name": "Calamity and civility: contrasts in Clerkenwell",
                "new_venue_this_year": "No",
                "start": "10:30:00",
                "ticketed_events": "Yes",
                "url": "https://programme.openhouse.org.uk/listings/11973"
            },
            "type": "Feature"
        },
        {
            "geometry": {
                "coordinates": [
                    -0.09292,
                    51.51606
                ],
                "type": "Point"
            },
            "properties": {
                "balloted": "No",
                "description": "Home of NLA, London’s built environment community, and located in the West Wing of the Guildhall complex, the Centre highlights scale architectural models of London: the New London Model and the City Model, in addition to a rotating exhibition highlighting key NLA projects.",
                "end": "17:00:00",
                "fully_booked": "",
                "images": [
                    {
                        "archive_url": "https://raw.githubusercontent.com/infrastructureclub/open-house-london-images/master/images/2026/12022/building_12022_tlc-gallery-image_4a4ec9198eae3721250973552952142d.png",
                        "title": "Hope Halpin"
                    },
                    {
                        "archive_url": "https://raw.githubusercontent.com/infrastructureclub/open-house-london-images/master/images/2026/12022/building_12022_screenshot-2024-05-11-at-10-57-36_4261bd2d5b59c2f371317927808bded9.png",
                        "title": "Hope Halpin"
                    },
                    {
                        "archive_url": "https://raw.githubusercontent.com/infrastructureclub/open-house-london-images/master/images/2026/12022/building_12022_52865185590_0ef9287f50_k_44ba8ce7283fdb403efed6b598e43fdb.jpg",
                        "title": "Hope Halpin"
                    }
                ],
                "name": "The London Centre",
                "new_venue_this_year": "No",
                "start": "11:00:00",
                "ticketed_events": "No",
                "url": "https://programme.openhouse.org.uk/listings/12022"
            },
            "type": "Feature"
        },
        {
            "geometry": {
                "coordinates": [
                    -0.09939,
                    51.37226
                ],
                "type": "Point"
            },
            "properties": {
                "balloted": "No",
                "description": "Explore the Museum of Croydon and Croydon Archives:\r\n\r\n- Join the Curator of the Museum of Croydon and the Borough Archivist of the Croydon Archives on an intimate guided tour of our stored, rarely seen collections.\r\n- Explore our current exhibitions with our expert staff, including Grayson Perry's Essex House Tapestries and a brand-new exhibition on Croydon's Architecture",
                "end": "16:30:00",
                "fully_booked": "No",
                "images": [
                    {
                        "archive_url": "https://raw.githubusercontent.com/infrastructureclub/open-house-london-images/master/images/2026/12045/building_12045_croydon-buildings-86_83fa405c864616af53e3ce77bad96cd9.jpg",
                        "title": "Photo of Museum of Croydon"
                    }
                ],
                "name": "Museum of Croydon",
                "new_venue_this_year": "No",
                "start": "10:00:00",
                "ticketed_events": "Yes",
                "url": "https://programme.openhouse.org.uk/listings/12045"
            },
            "type": "Feature"
        },
        {
            "geometry": {
                "coordinates": [
                    -0.122,
                    51.55948
                ],
                "type": "Point"
            },
            "properties": {
                "balloted": "No",
                "description": "Public Tours tours by Architect's DSDHA and the NYT team of the recently redeveloped RIBA-award-winning building, and a first look at materials from the National Youth Theatre archive, made public for the first time as part of their 70th anniversary celebrations. \r\n\r\nThis project is supported by the Mayor of London and the National Lottery Heritage Fund.",
                "end": "17:00:00",
                "fully_booked": "No",
                "images": [
                    {
                        "archive_url": "https://raw.githubusercontent.com/infrastructureclub/open-house-london-images/master/images/2026/12046/building_12046_2-national-youth-theatre_08549d43781a7292f7d3d3b056a3a075.png",
                        "title": "National Youth Theatre"
                    },
                    {
                        "archive_url": "https://raw.githubusercontent.com/infrastructureclub/open-house-london-images/master/images/2026/12046/building_12046_nyt-jimstephenson-10-webres-1_06954ef08562319788c838aedc836b93.jpg",
                        "title": "National Youth Theatre"
                    }
                ],
                "name": "National Youth Theatre",
                "new_venue_this_year": "No",
                "start": "11:00:00",
                "ticketed_events": "Yes",
                "url": "https://programme.openhouse.org.uk/listings/12046"
            },
            "type": "Feature"
        },
        {
            "geometry": {
                "coordinates": [
                    -0.07729,
                    51.42209
                ],
                "type": "Point"
            },
            "properties": {
                "balloted": "No",
                "description": "Come and join us to explore the beautifully restored Subway. The Subway was opened in 1865 to give train passengers more direct (and less hilly!) access to the famous Crystal Palace.  We are delighted to welcome Southwark and District Model Railway Club, who will be bringing their large model of Crystal Palace High Level Station - the first time it's been shown in the Subway!",
                "end": "15:00:00",
                "fully_booked": "Yes",
                "images": [
                    {
                        "archive_url": "https://raw.githubusercontent.com/infrastructureclub/open-house-london-images/master/images/2026/12086/building_12086_general-social-media-posts-31_b7ee7bc23da612a8fb25f9c065285202.png",
                        "title": "Photo of Crystal Palace Subway"
                    }
                ],
                "name": "Crystal Palace Subway",
                "new_venue_this_year": "No",
                "start": "11:00:00",
                "ticketed_events": "Yes",
                "url": "https://programme.openhouse.org.uk/listings/12086"
            },
            "type": "Feature"
        },
        {
            "geometry": {
                "coordinates": [
                    -0.07715,
                    51.39806
                ],
                "type": "Point"
            },
            "properties": {
                "balloted": "No",
                "description": "Visit Little Mouse, an Edwardian shop in South Norwood with original wooden frontage and fascia that is now an artisan cheesemonger.",
                "end": "16:00:00",
                "fully_booked": "",
                "images": [
                    {
                        "archive_url": "https://raw.githubusercontent.com/infrastructureclub/open-house-london-images/master/images/2026/12156/building_12156_screenshot-2024-06-30-at-18-26-16_354070af6088d08898fbe9a5bdf1275a.png",
                        "title": "Photo of Little Mouse Cheese Shop"
                    },
                    {
                        "archive_url": "https://raw.githubusercontent.com/infrastructureclub/open-house-london-images/master/images/2026/12156/building_12156_pxl_20230909_094856855_2668f025bf538fd0565912221f0115c6.jpg",
                        "title": "Photo of Little Mouse Cheese Shop"
                    },
                    {
                        "archive_url": "https://raw.githubusercontent.com/infrastructureclub/open-house-london-images/master/images/2026/12156/building_12156_pxl_20240618_203303755-raw-01-cover_6b1deb37409fa61c909dafb6e2164ee1.jpg",
                        "title": "Photo of Little Mouse Cheese Shop"
                    },
                    {
                        "archive_url": "https://raw.githubusercontent.com/infrastructureclub/open-house-london-images/master/images/2026/12156/building_12156_pxl_20230912_115335355_f33a6cf27645db982f2c389f90c2c6b1.jpg",
                        "title": "Photo of Little Mouse Cheese Shop"
                    }
                ],
                "name": "Little Mouse Cheese Shop",
                "new_venue_this_year": "No",
                "start": "10:00:00",
                "ticketed_events": "No",
                "url": "https://programme.openhouse.org.uk/listings/12156"
            },
            "type": "Feature"
        },
        {
            "geometry": {
                "coordinates": [
                    0.01224,
                    51.5642
                ],
                "type": "Point"
            },
            "properties": {
                "balloted": "No",
                "description": "The doors to the building will be opened to the public. Not only will visitors get the opportunity to see \"behind the scenes\" at Good Shepherd Studios but they will have the opportunity to join taster sessions from site regulars and find out more about what takes place onsite at Our Pastures Community Garden and Pastures Centre too.",
                "end": "16:00:00",
                "fully_booked": "",
                "images": [
                    {
                        "archive_url": "https://raw.githubusercontent.com/infrastructureclub/open-house-london-images/master/images/2026/12164/building_12164_300823_gss_external_031_rgb_fcd92e186159fd6b353f21a26bd12ab7.jpg",
                        "title": "Photo of Good Shepherd Studios"
                    },
                    {
                        "archive_url": "https://raw.githubusercontent.com/infrastructureclub/open-house-london-images/master/images/2026/12164/building_12164_img-20220314-wa0019-1_9f35dde27379da427876da74edf25791.jpg",
                        "title": "Photo of Good Shepherd Studios"
                    },
                    {
                        "archive_url": "https://raw.githubusercontent.com/infrastructureclub/open-house-london-images/master/images/2026/12164/building_12164_300823_gss_external_014_rgb_c1434d9668753a0c0a099a4143940b35.jpg",
                        "title": "Photo of Good Shepherd Studios"
                    },
                    {
                        "archive_url": "https://raw.githubusercontent.com/infrastructureclub/open-house-london-images/master/images/2026/12164/building_12164_300823_gss_external_009_rgb_8244e956dff6901afe442bd57d62e79b.jpg",
                        "title": "Photo of Good Shepherd Studios"
                    },
                    {
                        "archive_url": "https://raw.githubusercontent.com/infrastructureclub/open-house-london-images/master/images/2026/12164/building_12164_20230911_205718_0002_5b38c033dbf3b3efc3ba70617c4c5414.png",
                        "title": "Photo of Good Shepherd Studios"
                    },
                    {
                        "archive_url": "https://raw.githubusercontent.com/infrastructureclub/open-house-london-images/master/images/2026/12164/building_12164_20230911_205718_0003_713ce9a4c436ea65fa79a9827bf30130.png",
                        "title": "Photo of Good Shepherd Studios"
                    }
                ],
                "name": "Good Shepherd Studios",
                "new_venue_this_year": "No",
                "start": "12:00:00",
                "ticketed_events": "No",
                "url": "https://programme.openhouse.org.uk/listings/12164"
            },
            "type": "Feature"
        },
        {
            "geometry": {
                "coordinates": [
                    -0.13453,
                    51.49795
                ],
                "type": "Point"
            },
            "properties": {
                "balloted": "No",
                "description": "Petty France is a short street with a long history. This walk will time travel from the medieval origins of Petty France through its sensational history to its present distinguished profile. We shall study Charles Holden's 1927 Grade 1 listed  London Underground HQ, upstaged in 1976 by Sir Basil Spence's 1976 brutalist monument to modernism,  and where the original Queen Anne house was born.",
                "end": "13:30:00",
                "fully_booked": "Yes",
                "images": [
                    {
                        "archive_url": "https://raw.githubusercontent.com/infrastructureclub/open-house-london-images/master/images/2026/12209/building_12209_petty-france_214e840f83b1f16347c16a6289219659.jpg",
                        "title": "Photo of Petty France and its environs"
                    },
                    {
                        "archive_url": "https://raw.githubusercontent.com/infrastructureclub/open-house-london-images/master/images/2026/12209/building_12209_queen-anne-s-gate_a4d3ea8a8ae7688fbf465bfb915391c0.jpg",
                        "title": "Photo of Petty France and its environs"
                    },
                    {
                        "archive_url": "https://raw.githubusercontent.com/infrastructureclub/open-house-london-images/master/images/2026/12209/building_12209_queen-anne-houses-1704_a7dfbf9364908e62c66379342f1615ce.jpg",
                        "title": "Photo of Petty France and its environs"
                    },
                    {
                        "archive_url": "https://raw.githubusercontent.com/infrastructureclub/open-house-london-images/master/images/2026/12209/building_12209_broadway_9899e124220afee23c9e5e57b89fced9.jpg",
                        "title": "Photo of Petty France and its environs"
                    },
                    {
                        "archive_url": "https://raw.githubusercontent.com/infrastructureclub/open-house-london-images/master/images/2026/12209/building_12209_petty-france-sign_d0952c67894f3145a423f531aab4db50.jpg",
                        "title": "Photo of Petty France and its environs"
                    },
                    {
                        "archive_url": "https://raw.githubusercontent.com/infrastructureclub/open-house-london-images/master/images/2026/12209/building_12209_55-broadway_9cb9348f6293d780c860f8d33d9a8162.jpg",
                        "title": "Photo of Petty France and its environs"
                    },
                    {
                        "archive_url": "https://raw.githubusercontent.com/infrastructureclub/open-house-london-images/master/images/2026/12209/building_12209_qag-birdcage-walk_cfd9cdf57ec48240ac67b8dc487cb309.jpg",
                        "title": "Photo of Petty France and its environs"
                    }
                ],
                "name": "Petty France and its environs",
                "new_venue_this_year": "No",
                "start": "10:00:00",
                "ticketed_events": "Yes",
                "url": "https://programme.openhouse.org.uk/listings/12209"
            },
            "type": "Feature"
        },
        {
            "geometry": {
                "coordinates": [
                    0.08381,
                    51.54403
                ],
                "type": "Point"
            },
            "properties": {
                "balloted": "No",
                "description": "Company Drinks is a local drinks enterprise and community hub based in Barking Park. Our space includes a beautiful community garden and a former outdoor bowls pavilion that's now home to social areas, a community kitchen, and creative making spaces.\r\nOur Annual Community Open Day on 12th September is a fun, family-friendly free event with workshops, taster sessions and tours of the site.",
                "end": "17:00:00",
                "fully_booked": "",
                "images": [
                    {
                        "archive_url": "https://raw.githubusercontent.com/infrastructureclub/open-house-london-images/master/images/2026/12378/building_12378_cpd21-001_090_67c12f32aa4b38a62e5434ea51654b4b.jpg",
                        "title": "Photo of Company Drinks Pavilion and Garden"
                    },
                    {
                        "archive_url": "https://raw.githubusercontent.com/infrastructureclub/open-house-london-images/master/images/2026/12378/building_12378_cpd21-001_156_28bb098535069574e696e5d6eb0dc0fc.jpg",
                        "title": "Photo of Company Drinks Pavilion and Garden"
                    },
                    {
                        "archive_url": "https://raw.githubusercontent.com/infrastructureclub/open-house-london-images/master/images/2026/12378/building_12378_cpd21-001_480_b02db787f7c5d136902bc516c86f1ecf.jpg",
                        "title": "Photo of Company Drinks Pavilion and Garden"
                    },
                    {
                        "archive_url": "https://raw.githubusercontent.com/infrastructureclub/open-house-london-images/master/images/2026/12378/building_12378_cpd21-001_392_76e1894c1ce8519d5bf21dce8be00dd3.jpg",
                        "title": "Photo of Company Drinks Pavilion and Garden"
                    },
                    {
                        "archive_url": "https://raw.githubusercontent.com/infrastructureclub/open-house-london-images/master/images/2026/12378/building_12378_cpd21-001_280_c586250e8f1cf4479d29f1491376e0eb.jpg",
                        "title": "Photo of Company Drinks Pavilion and Garden"
                    },
                    {
                        "archive_url": "https://raw.githubusercontent.com/infrastructureclub/open-house-london-images/master/images/2026/12378/building_12378_120917_company_073_78354c5b4d96a30119e4ea4af62fc896.jpg",
                        "title": "Photo of Company Drinks Pavilion and Garden"
                    },
                    {
                        "archive_url": "https://raw.githubusercontent.com/infrastructureclub/open-house-london-images/master/images/2026/12378/building_12378_photo-2022-07-08-11-36-39-2_3c8a8effd47337311f8d7203f845c99a.jpg",
                        "title": "Photo of Company Drinks Pavilion and Garden"
                    },
                    {
                        "archive_url": "https://raw.githubusercontent.com/infrastructureclub/open-house-london-images/master/images/2026/12378/building_12378_img_9112_056d218019d431ebaeccd2e536346412.jpg",
                        "title": "Photo of Company Drinks Pavilion and Garden"
                    },
                    {
                        "archive_url": "https://raw.githubusercontent.com/infrastructureclub/open-house-london-images/master/images/2026/12378/building_12378_img_9132_190ff660902674797858be886aae2228.jpg",
                        "title": "Photo of Company Drinks Pavilion and Garden"
                    },
                    {
                        "archive_url": "https://raw.githubusercontent.com/infrastructureclub/open-house-london-images/master/images/2026/12378/building_12378_img_9114_7ea8859bca94d1c1685eaefd60d0a96d.jpg",
                        "title": "Photo of Company Drinks Pavilion and Garden"
                    },
                    {
                        "archive_url": "https://raw.githubusercontent.com/infrastructureclub/open-house-london-images/master/images/2026/12378/building_12378_img_1973_844b638207710b178de86c303414f652.jpg",
                        "title": "Photo of Company Drinks Pavilion and Garden"
                    }
                ],
                "name": "Company Drinks Pavilion and Garden",
                "new_venue_this_year": "No",
                "start": "12:00:00",
                "ticketed_events": "No",
                "url": "https://programme.openhouse.org.uk/listings/12378"
            },
            "type": "Feature"
        },
        {
            "geometry": {
                "coordinates": [
                    -0.19194,
                    51.61619
                ],
                "type": "Point"
            },
            "properties": {
                "balloted": "No",
                "description": "Woodside Loft is an exceptional loft conversion and was the winner of an SBID International Design Excellence Award (2020). It's part living room, part multi-function space,  part chill-out den, part guest quarters. The conversion makes use of every inch of space and adopts unconventional ideas and solutions to achieve its design objective.",
                "end": "11:00:00",
                "fully_booked": "",
                "images": [
                    {
                        "archive_url": "https://raw.githubusercontent.com/infrastructureclub/open-house-london-images/master/images/2026/12382/building_12382_20_07_15_roncarati-shot-12-226-low-res_61ae7e8f5878dc5475a49d38273d8823.jpg",
                        "title": "Photo of Woodside Loft, 4 Singleton Scarp"
                    },
                    {
                        "archive_url": "https://raw.githubusercontent.com/infrastructureclub/open-house-london-images/master/images/2026/12382/building_12382_20_07_15_roncarati-shot-06-098_rt-low-res_ac88ac66829fcef93a283a5bf94c123e.jpg",
                        "title": "Photo of Woodside Loft, 4 Singleton Scarp"
                    },
                    {
                        "archive_url": "https://raw.githubusercontent.com/infrastructureclub/open-house-london-images/master/images/2026/12382/building_12382_20200820_085340_cb872e15294a3a8a1fad00d4589d54f2.jpg",
                        "title": "Photo of Woodside Loft, 4 Singleton Scarp"
                    },
                    {
                        "archive_url": "https://raw.githubusercontent.com/infrastructureclub/open-house-london-images/master/images/2026/12382/building_12382_20_07_15_roncarati-shot-14-251_rt-low-res_6287f4cfc90f96b23617de068b5f0068.jpg",
                        "title": "Photo of Woodside Loft, 4 Singleton Scarp"
                    },
                    {
                        "archive_url": "https://raw.githubusercontent.com/infrastructureclub/open-house-london-images/master/images/2026/12382/building_12382_20230406_190134_1d9b726c0765c5f0b61b0231e23c70ca.jpg",
                        "title": "Photo of Woodside Loft, 4 Singleton Scarp"
                    },
                    {
                        "archive_url": "https://raw.githubusercontent.com/infrastructureclub/open-house-london-images/master/images/2026/12382/building_12382_20_07_15_roncarati-shot-15-268_rt-low-res_f49ff71268d139b8ff48326c0a972041.jpg",
                        "title": "Photo of Woodside Loft, 4 Singleton Scarp"
                    },
                    {
                        "archive_url": "https://raw.githubusercontent.com/infrastructureclub/open-house-london-images/master/images/2026/12382/building_12382_20_07_15_roncarati-shot-17-362-r4-low-res_cc68e3110aa9dea979a3dc8a293aa1f7.jpg",
                        "title": "Photo of Woodside Loft, 4 Singleton Scarp"
                    },
                    {
                        "archive_url": "https://raw.githubusercontent.com/infrastructureclub/open-house-london-images/master/images/2026/12382/building_12382_20230215_173833_7285916eb95c6577930e9763033f28e9.jpg",
                        "title": "Photo of Woodside Loft, 4 Singleton Scarp"
                    }
                ],
                "name": "Woodside Loft, 4 Singleton Scarp",
                "new_venue_this_year": "No",
                "start": "09:00:00",
                "ticketed_events": "No",
                "url": "https://programme.openhouse.org.uk/listings/12382"
            },
            "type": "Feature"
        },
        {
            "geometry": {
                "coordinates": [
                    -0.21522,
                    51.52536
                ],
                "type": "Point"
            },
            "properties": {
                "balloted": "No",
                "description": "Walk through almost a century of housing at Kensal House, from its pioneering modernist design to the future of the neighbouring Kensal Gasworks Opportunity Area. Explore the Grade II* listed estate's architecture, communal spaces and social history before finishing in the Residents' Room with an exhibition examining proposals for the future of this remarkable corner of North Kensington.",
                "end": "11:30:00",
                "fully_booked": "Yes",
                "images": [
                    {
                        "archive_url": "https://raw.githubusercontent.com/infrastructureclub/open-house-london-images/master/images/2026/12439/building_12439_img_4047_1192263d3358e69c644615ed4c3dfedb.jpeg",
                        "title": "Photo of Kensal House, Past Present and Future"
                    }
                ],
                "name": "Kensal House, Past Present and Future",
                "new_venue_this_year": "No",
                "start": "10:00:00",
                "ticketed_events": "Yes",
                "url": "https://programme.openhouse.org.uk/listings/12439"
            },
            "type": "Feature"
        },
        {
            "geometry": {
                "coordinates": [
                    0.01767,
                    51.37859
                ],
                "type": "Point"
            },
            "properties": {
                "balloted": "No",
                "description": "A church with 850 years of history to explore. Records show that the church's first Rector arrived in around 1175. By about 1200, a nave, a short chancel, and the lower two-thirds of the west tower had been built.; the top third of the tower was in place by 1400.  The building was enlarged to designs by George Gilbert Scott (north aisle, 1856) and John Oldrid Scott (south aisle, 1879).",
                "end": "16:30:00",
                "fully_booked": "No",
                "images": [
                    {
                        "archive_url": "https://raw.githubusercontent.com/infrastructureclub/open-house-london-images/master/images/2026/12444/building_12444_img_2385-1_9877a8c73cbf92b90a1865c2a4905a05.jpeg",
                        "title": "Photo of St Mary the Virgin Church"
                    },
                    {
                        "archive_url": "https://raw.githubusercontent.com/infrastructureclub/open-house-london-images/master/images/2026/12444/building_12444_open_94d4045085c12095455cc75909c1ba2b.jpg",
                        "title": "Photo of St Mary the Virgin Church"
                    },
                    {
                        "archive_url": "https://raw.githubusercontent.com/infrastructureclub/open-house-london-images/master/images/2026/12444/building_12444_img_5227_ffd5beeddefa44a441d848009c3bc27b.jpg",
                        "title": "Photo of St Mary the Virgin Church"
                    }
                ],
                "name": "St Mary the Virgin Church",
                "new_venue_this_year": "No",
                "start": "10:30:00",
                "ticketed_events": "Yes",
                "url": "https://programme.openhouse.org.uk/listings/12444"
            },
            "type": "Feature"
        },
        {
            "geometry": {
                "coordinates": [
                    -0.08936,
                    51.51719
                ],
                "type": "Point"
            },
            "properties": {
                "balloted": "No",
                "description": "Late Georgian Livery Hall rebuilt in 1839. Highlights include the main Hall, featuring a stunning 1870s lantern ceiling, and displays of historic arms and armour throughout the building.",
                "end": "17:15:00",
                "fully_booked": "Yes",
                "images": [
                    {
                        "archive_url": "https://raw.githubusercontent.com/infrastructureclub/open-house-london-images/master/images/2026/12459/building_12459_hallexterior_42dba8a70ea137610b1e2ce2b9bef007.jpg",
                        "title": "The Worshipful Company of Armourers and Brasiers"
                    },
                    {
                        "archive_url": "https://raw.githubusercontent.com/infrastructureclub/open-house-london-images/master/images/2026/12459/building_12459_entrance_0123e2d7cf55fa643915e3c4e1809ec6.jpg",
                        "title": "The Worshipful Company of Armourers and Brasiers"
                    },
                    {
                        "archive_url": "https://raw.githubusercontent.com/infrastructureclub/open-house-london-images/master/images/2026/12459/building_12459_liveryhallsetup_dd16553eeb640bcecdd85f8460873dc9.jpg",
                        "title": "The Worshipful Company of Armourers and Brasiers"
                    },
                    {
                        "archive_url": "https://raw.githubusercontent.com/infrastructureclub/open-house-london-images/master/images/2026/12459/building_12459_halllantern_89cca68822e744e20443285f4776f995.jpg",
                        "title": "The Worshipful Company of Armourers and Brasiers"
                    },
                    {
                        "archive_url": "https://raw.githubusercontent.com/infrastructureclub/open-house-london-images/master/images/2026/12459/building_12459_golddrawingroom_b11aedc46f0c0523ed54c4d0553e59ed.jpg",
                        "title": "The Worshipful Company of Armourers and Brasiers"
                    },
                    {
                        "archive_url": "https://raw.githubusercontent.com/infrastructureclub/open-house-london-images/master/images/2026/12459/building_12459_henrylee_191e1350da3f4a9e17fb4995f21f09f2.jpg",
                        "title": "The Worshipful Company of Armourers and Brasiers"
                    },
                    {
                        "archive_url": "https://raw.githubusercontent.com/infrastructureclub/open-house-london-images/master/images/2026/12459/building_12459_george_481efc3338262692db237faa74c43162.jpg",
                        "title": "The Worshipful Company of Armourers and Brasiers"
                    }
                ],
                "name": "Armourers' Hall",
                "new_venue_this_year": "No",
                "start": "10:30:00",
                "ticketed_events": "Yes",
                "url": "https://programme.openhouse.org.uk/listings/12459"
            },
            "type": "Feature"
        },
        {
            "geometry": {
                "coordinates": [
                    -0.03435,
                    51.53216
                ],
                "type": "Point"
            },
            "properties": {
                "balloted": "No",
                "description": "A rare chance to see behind the scenes at the newly located Brick Sixty Studio on Roman Road, London.\r\n\r\nThis stock brick Victorian shop with accommodation above, was refurbished this year by Architectural Workshop. Now home to Brick Sixty, who design and make products in the form of the much-loved London brick and are looking to support local makers & craft in the UK with the new space.",
                "end": "17:00:00",
                "fully_booked": "",
                "images": [
                    {
                        "archive_url": "https://raw.githubusercontent.com/infrastructureclub/open-house-london-images/master/images/2026/12504/building_12504_260730_studio-4-2_bf0dbfba4132cae6b321d3704efd1de0.jpeg",
                        "title": "Photo of Brick Sixty Studio"
                    },
                    {
                        "archive_url": "https://raw.githubusercontent.com/infrastructureclub/open-house-london-images/master/images/2026/12504/building_12504_brick-sixty_open-house-2024-6_fba02510d00100493a1032a474ac7c73.jpg",
                        "title": "Photo of Brick Sixty Studio"
                    },
                    {
                        "archive_url": "https://raw.githubusercontent.com/infrastructureclub/open-house-london-images/master/images/2026/12504/building_12504_bs-003_lime-clay-1_0c981288921194c33568ad71ec9dbfd1.jpeg",
                        "title": "Photo of Brick Sixty Studio"
                    },
                    {
                        "archive_url": "https://raw.githubusercontent.com/infrastructureclub/open-house-london-images/master/images/2026/12504/building_12504_260730_studio-8-1_89916b51fa652a1ba9cc978093a96deb.jpeg",
                        "title": "Photo of Brick Sixty Studio"
                    },
                    {
                        "archive_url": "https://raw.githubusercontent.com/infrastructureclub/open-house-london-images/master/images/2026/12504/building_12504_260719_studiosign-2-2_42a5402ec634765e7fdb089fed620ec6.jpeg",
                        "title": "Photo of Brick Sixty Studio"
                    },
                    {
                        "archive_url": "https://raw.githubusercontent.com/infrastructureclub/open-house-london-images/master/images/2026/12504/building_12504_bricksixty_e3_studio-iron-brick-2_faa40fd571eceae3de9e2d9be543b752.jpeg",
                        "title": "Photo of Brick Sixty Studio"
                    },
                    {
                        "archive_url": "https://raw.githubusercontent.com/infrastructureclub/open-house-london-images/master/images/2026/12504/building_12504_bricksixty_e3_studio-iron-brick_19663514c16811e61c36681e575d8a22.jpeg",
                        "title": "Photo of Brick Sixty Studio"
                    }
                ],
                "name": "Brick Sixty Studio",
                "new_venue_this_year": "No",
                "start": "11:00:00",
                "ticketed_events": "No",
                "url": "https://programme.openhouse.org.uk/listings/12504"
            },
            "type": "Feature"
        },
        {
            "geometry": {
                "coordinates": [
                    -0.07608,
                    51.52412
                ],
                "type": "Point"
            },
            "properties": {
                "balloted": "No",
                "description": "Mother has been in the Biscuit Building since 2006, it was designed by Clive Wilkinson Architects. It is a four-story creative workspace, with the design centred around a 14-foot wide staircase through the building from ground to loading level to first floor and then second floor. A table, which accommodates Mother staff, is shaped as a continuous ribbon with this staircase.",
                "end": "16:00:00",
                "fully_booked": "Yes",
                "images": [
                    {
                        "archive_url": "https://raw.githubusercontent.com/infrastructureclub/open-house-london-images/master/images/2026/12532/building_12532_screenshot-2024-06-07-at-18-57-53_be63de4f7eda0075d97ff06abe38ee83.png",
                        "title": "Photo of The Biscuit Building"
                    }
                ],
                "name": "The Biscuit Building",
                "new_venue_this_year": "No",
                "start": "10:30:00",
                "ticketed_events": "Yes",
                "url": "https://programme.openhouse.org.uk/listings/12532"
            },
            "type": "Feature"
        },
        {
            "geometry": {
                "coordinates": [
                    -0.1524,
                    51.52278
                ],
                "type": "Point"
            },
            "properties": {
                "balloted": "No",
                "description": "Built in 1817 and located at the terminus of York Gate, Regent’s Park, St Marylebone Parish Church is one of the most significant landmarks of Marylebone. Our parish church has shaped and has been shaped by the community of Marylebone, even giving the village its name and providing continual spiritual and pastoral care for the community for over 900 years.",
                "end": "15:45:00",
                "fully_booked": "Yes",
                "images": [
                    {
                        "archive_url": "https://raw.githubusercontent.com/infrastructureclub/open-house-london-images/master/images/2026/12548/building_12548_2-church-portico_4d2b0f785e3cb3bb9d0234cbb5f8983d.jpg",
                        "title": "Photo of St Marylebone Parish Church"
                    },
                    {
                        "archive_url": "https://raw.githubusercontent.com/infrastructureclub/open-house-london-images/master/images/2026/12548/building_12548_activity-plan_d94b5c0ffdda4bd12b9f48dcf464465f.jpg",
                        "title": "Photo of St Marylebone Parish Church"
                    },
                    {
                        "archive_url": "https://raw.githubusercontent.com/infrastructureclub/open-house-london-images/master/images/2026/12548/building_12548_church-of-the-year_013f4bdd2f47fa4418f239196e2e99d2.jpg",
                        "title": "Photo of St Marylebone Parish Church"
                    },
                    {
                        "archive_url": "https://raw.githubusercontent.com/infrastructureclub/open-house-london-images/master/images/2026/12548/building_12548_thumbnail_img_0272_e837d6eb0ac67858d1916938f6326e9c.jpg",
                        "title": "Photo of St Marylebone Parish Church"
                    },
                    {
                        "archive_url": "https://raw.githubusercontent.com/infrastructureclub/open-house-london-images/master/images/2026/12548/building_12548_1-south-front_e8b5010a39126e2a7790ee5e2c7afc1c.jpg",
                        "title": "Photo of St Marylebone Parish Church"
                    },
                    {
                        "archive_url": "https://raw.githubusercontent.com/infrastructureclub/open-house-london-images/master/images/2026/12548/building_12548_3-church-from-york-gate_3a23cd7ee7f597e54a62374544b652ed.jpg",
                        "title": "Photo of St Marylebone Parish Church"
                    }
                ],
                "name": "St Marylebone Parish Church",
                "new_venue_this_year": "No",
                "start": "10:30:00",
                "ticketed_events": "Yes",
                "url": "https://programme.openhouse.org.uk/listings/12548"
            },
            "type": "Feature"
        },
        {
            "geometry": {
                "coordinates": [
                    -0.09911,
                    51.3221
                ],
                "type": "Point"
            },
            "properties": {
                "balloted": "No",
                "description": "All Saints was founded in 1871 and is proud to touch the lives of many people in the community through outreach and mission.\r\nThe church building is Grade 2 listed and is both beautiful and traditional in style.",
                "end": "16:00:00",
                "fully_booked": "",
                "images": [
                    {
                        "archive_url": "https://raw.githubusercontent.com/infrastructureclub/open-house-london-images/master/images/2026/12568/building_12568_dsc_0954_3b1767bb9e4b13d0c828da0ad248cd54.jpg",
                        "title": "Photo of All Saints Church, Kenley"
                    }
                ],
                "name": "All Saints Church, Kenley",
                "new_venue_this_year": "No",
                "start": "10:00:00",
                "ticketed_events": "No",
                "url": "https://programme.openhouse.org.uk/listings/12568"
            },
            "type": "Feature"
        },
        {
            "geometry": {
                "coordinates": [
                    -0.21155,
                    51.59579
                ],
                "type": "Point"
            },
            "properties": {
                "balloted": "No",
                "description": "Sir Howard Hodgkin (1932 – 2017) was one of England’s most celebrated contemporary artists. Abstracted yet allusive, apparently spontaneous but in fact highly controlled, his paintings convey feeling through gesture and colour.  His former studio, converted from a nineteenth-century dairy, sits in the heart of Bloomsbury.",
                "end": "17:00:00",
                "fully_booked": "No",
                "images": [
                    {
                        "archive_url": "https://raw.githubusercontent.com/infrastructureclub/open-house-london-images/master/images/2026/12569/building_12569_studio-2024_3c443511f6f7a38df9eddc5a13403638.jpeg",
                        "title": "Photo of Howard Hodgkin Studio"
                    }
                ],
                "name": "Howard Hodgkin Studio",
                "new_venue_this_year": "No",
                "start": "10:00:00",
                "ticketed_events": "Yes",
                "url": "https://programme.openhouse.org.uk/listings/12569"
            },
            "type": "Feature"
        },
        {
            "geometry": {
                "coordinates": [
                    -0.10085,
                    51.37826
                ],
                "type": "Point"
            },
            "properties": {
                "balloted": "No",
                "description": "St Michael's is a Grade 1 listed building by architect J L Pearson. It was described by the poet John Betjeman as”one of Pearson’s loveliest churches” and Pevsner stated that “The interior is one of Pearson’s finest, and one of the most satisfying of its date anywhere”. There are particularly fine interior furnishings by eminent artists such as Bodley, Temple Moore and Comper.",
                "end": "16:00:00",
                "fully_booked": "No",
                "images": [
                    {
                        "archive_url": "https://raw.githubusercontent.com/infrastructureclub/open-house-london-images/master/images/2026/12579/building_12579_c4e5963f-7e00-4334-9739-b4490638ed7a_7d2ad990ec171ba84b99af05398f22d9.jpeg",
                        "title": "Photo of St Michael's Church, Croydon"
                    },
                    {
                        "archive_url": "https://raw.githubusercontent.com/infrastructureclub/open-house-london-images/master/images/2026/12579/building_12579_dji_0633_e841c6d06a0f4e45cf775b819fdd55aa.jpg",
                        "title": "Photo of St Michael's Church, Croydon"
                    }
                ],
                "name": "St Michael's Church, Croydon",
                "new_venue_this_year": "No",
                "start": "10:00:00",
                "ticketed_events": "Yes",
                "url": "https://programme.openhouse.org.uk/listings/12579"
            },
            "type": "Feature"
        },
        {
            "geometry": {
                "coordinates": [
                    -0.12523,
                    51.51459
                ],
                "type": "Point"
            },
            "properties": {
                "balloted": "No",
                "description": "Inner Space, London’s oasis of calm, welcomes visitors back for the Open House Festival. Join us over two weekends for free Guided Meditations, Personal Development talks and inspiring wellbeing workshops that support and nurture mindfulness, resilience and inner balance. Take a moment to pause in our Quiet Room, a space that will leave you feeling reconnected, refreshed, uplifted, and renewed.",
                "end": "18:00:00",
                "fully_booked": "No",
                "images": [
                    {
                        "archive_url": "https://raw.githubusercontent.com/infrastructureclub/open-house-london-images/master/images/2026/12588/building_12588_quiet-room-is_2e05b420b79bdbeb25d9b923735066b6.jpg",
                        "title": "Photo of Inner Space Meditation Centre, Covent Garden"
                    },
                    {
                        "archive_url": "https://raw.githubusercontent.com/infrastructureclub/open-house-london-images/master/images/2026/12588/building_12588_exterior-shop-front_cd6768bc9b55b1c5ecb48b00cc4042f4.jpg",
                        "title": "Photo of Inner Space Meditation Centre, Covent Garden"
                    }
                ],
                "name": "Inner Space Meditation Centre, Covent Garden",
                "new_venue_this_year": "No",
                "start": "11:00:00",
                "ticketed_events": "Yes",
                "url": "https://programme.openhouse.org.uk/listings/12588"
            },
            "type": "Feature"
        },
        {
            "geometry": {
                "coordinates": [
                    -0.12535,
                    51.53234
                ],
                "type": "Point"
            },
            "properties": {
                "balloted": "No",
                "description": "Join this walking tour to explore London's energy history and its impact on sustainability. Visit the King's Cross canals to see old and new infrastructure. Topics include London's carbon footprint, quantifying health benefits from green infrastructure, and the role of the built environment in meeting the net zero targets. Discover how London’s past has shaped its sustainable future.",
                "end": "16:00:00",
                "fully_booked": "Yes",
                "images": [
                    {
                        "archive_url": "https://raw.githubusercontent.com/infrastructureclub/open-house-london-images/master/images/2026/12593/building_12593_img_0311_aecfe43d25acaa1dbc9d7dbacc13062b.jpg",
                        "title": "Photo of Energy and Sustainability through time: King's Cross"
                    },
                    {
                        "archive_url": "https://raw.githubusercontent.com/infrastructureclub/open-house-london-images/master/images/2026/12593/building_12593_img_0298_0e8ba87e4a49bb639d93210492dc3443.jpg",
                        "title": "Photo of Energy and Sustainability through time: King's Cross"
                    },
                    {
                        "archive_url": "https://raw.githubusercontent.com/infrastructureclub/open-house-london-images/master/images/2026/12593/building_12593_img_0310_f6aff27fb2ac427e595cfa7b1078f186.jpg",
                        "title": "Photo of Energy and Sustainability through time: King's Cross"
                    },
                    {
                        "archive_url": "https://raw.githubusercontent.com/infrastructureclub/open-house-london-images/master/images/2026/12593/building_12593_img_0275_e4c3909bc0b32773a5900d5aef8729bc.jpg",
                        "title": "Photo of Energy and Sustainability through time: King's Cross"
                    }
                ],
                "name": "Energy and Sustainability through time: King's Cross",
                "new_venue_this_year": "No",
                "start": "11:00:00",
                "ticketed_events": "Yes",
                "url": "https://programme.openhouse.org.uk/listings/12593"
            },
            "type": "Feature"
        },
        {
            "geometry": {
                "coordinates": [
                    -0.13307,
                    51.51381
                ],
                "type": "Point"
            },
            "properties": {
                "balloted": "No",
                "description": "Soho is a unique neighbourhood of creativity and diversity. Join us at the former Warner Brothers De Lane Lea studio at 75 Dean Street, home of the Museum of Soho.  Explore an exhibition of Soho's 300 year history.",
                "end": "16:45:00",
                "fully_booked": "No",
                "images": [
                    {
                        "archive_url": "https://raw.githubusercontent.com/infrastructureclub/open-house-london-images/master/images/2026/12611/building_12611_george_6acb76e24bdd53f62815b41c60c3f33e.jpg",
                        "title": "Photo of De Lane Lea Studios, 75 Dean Street"
                    }
                ],
                "name": "De Lane Lea Studios, 75 Dean Street",
                "new_venue_this_year": "No",
                "start": "14:00:00",
                "ticketed_events": "Yes",
                "url": "https://programme.openhouse.org.uk/listings/12611"
            },
            "type": "Feature"
        },
        {
            "geometry": {
                "coordinates": [
                    -0.31418,
                    51.42285
                ],
                "type": "Point"
            },
            "properties": {
                "balloted": "No",
                "description": "Architect/owner designed zinc clad modern extension to Victorian home. Cantilevered glass corners and large rooflights create a light-filled space with views to a contemporary garden. The garden connects the house to the Summer House, a contemporary black larch clad timber framed/ sustainable SIPS panels pavilion with views across the adjacent nature reserve.",
                "end": "16:30:00",
                "fully_booked": "",
                "images": [
                    {
                        "archive_url": "https://raw.githubusercontent.com/infrastructureclub/open-house-london-images/master/images/2026/12641/building_12641_1v9a0457_f60b12a7cd2499741253a8843d0edf2f.jpg",
                        "title": "Photo of Private House and Summer House"
                    },
                    {
                        "archive_url": "https://raw.githubusercontent.com/infrastructureclub/open-house-london-images/master/images/2026/12641/building_12641_img_1556-1_77df0fcb74323f3ee8fd8df83ba0ddad.jpg",
                        "title": "Photo of Private House and Summer House"
                    },
                    {
                        "archive_url": "https://raw.githubusercontent.com/infrastructureclub/open-house-london-images/master/images/2026/12641/building_12641_img_0400_afd808322d73e494bea0cddf77cb3722.jpg",
                        "title": "Photo of Private House and Summer House"
                    },
                    {
                        "archive_url": "https://raw.githubusercontent.com/infrastructureclub/open-house-london-images/master/images/2026/12641/building_12641_img_1713_7c04bf59439a55e61f8b4c64f03713e9.jpg",
                        "title": "Photo of Private House and Summer House"
                    },
                    {
                        "archive_url": "https://raw.githubusercontent.com/infrastructureclub/open-house-london-images/master/images/2026/12641/building_12641_img_1712_8e7c7b2dca3c93b856318af87f58660d.jpg",
                        "title": "Photo of Private House and Summer House"
                    }
                ],
                "name": "Private House and Summer House",
                "new_venue_this_year": "No",
                "start": "10:00:00",
                "ticketed_events": "No",
                "url": "https://programme.openhouse.org.uk/listings/12641"
            },
            "type": "Feature"
        },
        {
            "geometry": {
                "coordinates": [
                    -0.07991,
                    51.42585
                ],
                "type": "Point"
            },
            "properties": {
                "balloted": "No",
                "description": "A full refurbishment of a 1950 end-of-terrace house with a new timber annex. The ground floor space flows from the living area to the garden, integrating new dining and kitchen areas. The project focused on customising components. Timber foundation beams, posts, and a plywood waffle slab were digitally fabricated, reducing embodied CO2 by 70% compared to brick and concrete foundations.",
                "end": "17:00:00",
                "fully_booked": "",
                "images": [
                    {
                        "archive_url": "https://raw.githubusercontent.com/infrastructureclub/open-house-london-images/master/images/2026/12667/building_12667_farquhar_rd-4817_fe9770ef0a2f8da0ade54edd34bea560.jpg",
                        "title": "Photo of Wooden Annex"
                    },
                    {
                        "archive_url": "https://raw.githubusercontent.com/infrastructureclub/open-house-london-images/master/images/2026/12667/building_12667_farquhar_rd-4623_a3ab56080baff69ed7994f8e0433406d.jpg",
                        "title": "Photo of Wooden Annex"
                    },
                    {
                        "archive_url": "https://raw.githubusercontent.com/infrastructureclub/open-house-london-images/master/images/2026/12667/building_12667_farquhar_rd-4630_3cf93fe42f07a5706598a740cf032011.jpg",
                        "title": "Photo of Wooden Annex"
                    },
                    {
                        "archive_url": "https://raw.githubusercontent.com/infrastructureclub/open-house-london-images/master/images/2026/12667/building_12667_farquhar_rd-4714_ac7d4377c70d6ae49c837d9d1abda16b.jpg",
                        "title": "Photo of Wooden Annex"
                    },
                    {
                        "archive_url": "https://raw.githubusercontent.com/infrastructureclub/open-house-london-images/master/images/2026/12667/building_12667_farquhar_rd-4866_6be81f6b38032298e919a982b0a2d819.jpg",
                        "title": "Photo of Wooden Annex"
                    },
                    {
                        "archive_url": "https://raw.githubusercontent.com/infrastructureclub/open-house-london-images/master/images/2026/12667/building_12667_farquhar_rd-4891_f9a793c3afda661222bb8e8dbaf483b7.jpg",
                        "title": "Photo of Wooden Annex"
                    }
                ],
                "name": "Wooden Annex",
                "new_venue_this_year": "No",
                "start": "11:00:00",
                "ticketed_events": "No",
                "url": "https://programme.openhouse.org.uk/listings/12667"
            },
            "type": "Feature"
        },
        {
            "geometry": {
                "coordinates": [
                    0.07587,
                    51.53557
                ],
                "type": "Point"
            },
            "properties": {
                "balloted": "No",
                "description": "The parish church of St. Margaret of Antioch Virgin and Martyr is a Grade I listed building dating back to 1215. The church is the living continuation of Barking Abbey, sharing a joint history for centuries.",
                "end": "15:00:00",
                "fully_booked": "",
                "images": [
                    {
                        "archive_url": "https://raw.githubusercontent.com/infrastructureclub/open-house-london-images/master/images/2026/12674/building_12674_img-20240618-wa0002_ecb63fdb2a3538d4089a08cf01bffff2.jpg",
                        "title": "Photo of St Margaret's Parish  Church Barking"
                    },
                    {
                        "archive_url": "https://raw.githubusercontent.com/infrastructureclub/open-house-london-images/master/images/2026/12674/building_12674_1000202106_aca77a96097285f3dfc7fe29d6a97c66.png",
                        "title": "Photo of St Margaret's Parish  Church Barking"
                    },
                    {
                        "archive_url": "https://raw.githubusercontent.com/infrastructureclub/open-house-london-images/master/images/2026/12674/building_12674_1000202105_ecbe5904d45500b30beb4a4607fc984c.png",
                        "title": "Photo of St Margaret's Parish  Church Barking"
                    },
                    {
                        "archive_url": "https://raw.githubusercontent.com/infrastructureclub/open-house-london-images/master/images/2026/12674/building_12674_1000204579_1994d0f13af43af23fb584911e3844c4.jpg",
                        "title": "Photo of St Margaret's Parish  Church Barking"
                    },
                    {
                        "archive_url": "https://raw.githubusercontent.com/infrastructureclub/open-house-london-images/master/images/2026/12674/building_12674_1000204584_1483cde4ec1f8f037b9babf0cfd334f9.jpg",
                        "title": "Photo of St Margaret's Parish  Church Barking"
                    },
                    {
                        "archive_url": "https://raw.githubusercontent.com/infrastructureclub/open-house-london-images/master/images/2026/12674/building_12674_pulpit_221227339758c8a2f3ad345489d14dba.jpg",
                        "title": "Photo of St Margaret's Parish  Church Barking"
                    }
                ],
                "name": "St Margaret's Parish  Church Barking",
                "new_venue_this_year": "No",
                "start": "11:00:00",
                "ticketed_events": "No",
                "url": "https://programme.openhouse.org.uk/listings/12674"
            },
            "type": "Feature"
        },
        {
            "geometry": {
                "coordinates": [
                    -0.10075,
                    51.37522
                ],
                "type": "Point"
            },
            "properties": {
                "balloted": "No",
                "description": "The Croydon Urban Room is a space to talk about the past, present and future of the Croydon town centre. Through conversa­tions, stories, exhibitions and events, the Urban Room brings together the views of those who live, work and visit the area to create a shared vision of the future and test new uses live in action.",
                "end": "16:00:00",
                "fully_booked": "",
                "images": [
                    {
                        "archive_url": "https://raw.githubusercontent.com/infrastructureclub/open-house-london-images/master/images/2026/12687/building_12687_1721246551928_a6d64c6db9d8edb6a0b069318bba4114.jfif",
                        "title": "Photo of Croydon Urban Room"
                    },
                    {
                        "archive_url": "https://raw.githubusercontent.com/infrastructureclub/open-house-london-images/master/images/2026/12687/building_12687_1721246553512_33b438725887eb97a2f260ce2d7bf8ef.jfif",
                        "title": "Photo of Croydon Urban Room"
                    },
                    {
                        "archive_url": "https://raw.githubusercontent.com/infrastructureclub/open-house-london-images/master/images/2026/12687/building_12687_1721246552001_e5541502caba6c4888613ef99bd1082f.jfif",
                        "title": "Photo of Croydon Urban Room"
                    }
                ],
                "name": "Croydon Urban Room",
                "new_venue_this_year": "No",
                "start": "10:00:00",
                "ticketed_events": "No",
                "url": "https://programme.openhouse.org.uk/listings/12687"
            },
            "type": "Feature"
        },
        {
            "geometry": {
                "coordinates": [
                    -0.29498,
                    51.48381
                ],
                "type": "Point"
            },
            "properties": {
                "balloted": "No",
                "description": "The Herbarium, Library, Art & Archives building houses a working scientific collection located on Kew Green. We are excited to publicly showcase, through guided tours, our complex of historic and modern buildings, housing almost seven million preserved botanical collections, together with one of the largest botanical library, art, and archive collections in the world.",
                "end": "16:15:00",
                "fully_booked": "Yes",
                "images": [
                    {
                        "archive_url": "https://raw.githubusercontent.com/infrastructureclub/open-house-london-images/master/images/2026/12733/building_12733_hunter-house-exterior_3348814a162cb48cb3c5362b08b841b6.jpeg",
                        "title": "Photo of Royal Botanic Gardens, Kew - Herbarium"
                    },
                    {
                        "archive_url": "https://raw.githubusercontent.com/infrastructureclub/open-house-london-images/master/images/2026/12733/building_12733_wing-e_7ffa989de804858620ede5505274d676.jpeg",
                        "title": "Photo of Royal Botanic Gardens, Kew - Herbarium"
                    },
                    {
                        "archive_url": "https://raw.githubusercontent.com/infrastructureclub/open-house-london-images/master/images/2026/12733/building_12733_p137-006838la20120830-121-ann-webster-1_f200e04b53cfec399cc9b129129a5b9c.jpg",
                        "title": "Photo of Royal Botanic Gardens, Kew - Herbarium"
                    },
                    {
                        "archive_url": "https://raw.githubusercontent.com/infrastructureclub/open-house-london-images/master/images/2026/12733/building_12733_att_herbarium_atrium_ca2092e3605af0a2e059a852b08650e0.jpg",
                        "title": "Photo of Royal Botanic Gardens, Kew - Herbarium"
                    },
                    {
                        "archive_url": "https://raw.githubusercontent.com/infrastructureclub/open-house-london-images/master/images/2026/12733/building_12733_je_160626_4913_reduced_82fb28bd7b7a769345229ae1de225d9b.jpg",
                        "title": "Photo of Royal Botanic Gardens, Kew - Herbarium"
                    }
                ],
                "name": "Royal Botanic Gardens, Kew - Herbarium",
                "new_venue_this_year": "No",
                "start": "11:00:00",
                "ticketed_events": "Yes",
                "url": "https://programme.openhouse.org.uk/listings/12733"
            },
            "type": "Feature"
        },
        {
            "geometry": {
                "coordinates": [
                    -0.22483,
                    51.51188
                ],
                "type": "Point"
            },
            "properties": {
                "balloted": "No",
                "description": "Follow in the footsteps of the Beatles, Coldplay, Alfred Hitchcock and countless others….See what remains of the iconic 1960’s BBC Television Centre and the Gaumont Film Studios  ….plus discover Charles Dickens’ controversial connection to Shepherd’s Bush.",
                "end": "12:45:00",
                "fully_booked": "Yes",
                "images": [
                    {
                        "archive_url": "https://raw.githubusercontent.com/infrastructureclub/open-house-london-images/master/images/2026/12753/building_12753_img_3154_c97a39d0b3da82165d1c5ba56eab96be.jpeg",
                        "title": "Strictly Entertainment"
                    },
                    {
                        "archive_url": "https://raw.githubusercontent.com/infrastructureclub/open-house-london-images/master/images/2026/12753/building_12753_img_3192_29726d5a20cf1f4f20406dd825a537cf.jpeg",
                        "title": "Strictly Entertainment"
                    }
                ],
                "name": "‘Strictly Entertainment’- Shepherd’s Bush 1915-2013",
                "new_venue_this_year": "No",
                "start": "11:30:00",
                "ticketed_events": "Yes",
                "url": "https://programme.openhouse.org.uk/listings/12753"
            },
            "type": "Feature"
        },
        {
            "geometry": {
                "coordinates": [
                    -0.03101,
                    51.56937
                ],
                "type": "Point"
            },
            "properties": {
                "balloted": "No",
                "description": "Join Devil’s Botany Distillery for a one-off 'Meet The Maker' experience as part of this year’s Open House Festival. Go behind the scenes at the UK’s first absinthe distillery, meet the founders, and discover how rebellious spirits are crafted in Leyton. Includes tastings, tales of botanical lore, and a dash of Victorian debauchery.",
                "end": "18:00:00",
                "fully_booked": "",
                "images": [
                    {
                        "archive_url": "https://raw.githubusercontent.com/infrastructureclub/open-house-london-images/master/images/2026/12755/building_12755_devilsbotany_1_lores_3843b6e9167c52dbe84a188c8c701536.jpg",
                        "title": "Photo of Devil’s Botany Distillery"
                    },
                    {
                        "archive_url": "https://raw.githubusercontent.com/infrastructureclub/open-house-london-images/master/images/2026/12755/building_12755_devils_botany_still_img_8429_lr_ff890c0987d6884ee632df70f0b0b1ab.jpg",
                        "title": "Photo of Devil’s Botany Distillery"
                    },
                    {
                        "archive_url": "https://raw.githubusercontent.com/infrastructureclub/open-house-london-images/master/images/2026/12755/building_12755_img_6586_ef69ac41de15e8458c983477c655d22f.jpg",
                        "title": "Photo of Devil’s Botany Distillery"
                    }
                ],
                "name": "Devil’s Botany Distillery",
                "new_venue_this_year": "No",
                "start": "12:00:00",
                "ticketed_events": "No",
                "url": "https://programme.openhouse.org.uk/listings/12755"
            },
            "type": "Feature"
        },
        {
            "geometry": {
                "coordinates": [
                    -0.12016,
                    51.52873
                ],
                "type": "Point"
            },
            "properties": {
                "balloted": "No",
                "description": "Visit Making House, the London home of Heatherwick Studio, a team of over 280 problem solvers dedicated to making the physical world around us better for everyone.\r\n\r\nExplore our new exhibition and the exciting stories of London Olympia, Little Island in New York, the central business district in Xi’an, and Birmingham City's football stadium, among many other extraordinary design projects.",
                "end": "16:00:00",
                "fully_booked": "",
                "images": [
                    {
                        "archive_url": "https://raw.githubusercontent.com/infrastructureclub/open-house-london-images/master/images/2026/12775/building_12775_making-house_a021474b416a870254402dc02d17c0af.png",
                        "title": "Photo of Heatherwick Studio at Making House"
                    },
                    {
                        "archive_url": "https://raw.githubusercontent.com/infrastructureclub/open-house-london-images/master/images/2026/12775/building_12775_0473_argyle_street_n18_large_af0fb6b4773a975b3357920c397a17eb.jpg",
                        "title": "Photo of Heatherwick Studio at Making House"
                    }
                ],
                "name": "Heatherwick Studio at Making House",
                "new_venue_this_year": "No",
                "start": "09:00:00",
                "ticketed_events": "No",
                "url": "https://programme.openhouse.org.uk/listings/12775"
            },
            "type": "Feature"
        },
        {
            "geometry": {
                "coordinates": [
                    -0.14377,
                    51.57635
                ],
                "type": "Point"
            },
            "properties": {
                "balloted": "No",
                "description": "Highgate is frequently romanticised as a tranquil, affluent village. However, this 130-metre ridge served as a sanctuary for radicals, rebels, and pioneers who resisted the social, political, and design norms of low-lying London. This tour explores the history of Highgate’s non-conformists and community resilience. Narratives and architectural landmarks are paired with curated scents.",
                "end": "13:00:00",
                "fully_booked": "Yes",
                "images": [
                    {
                        "archive_url": "https://raw.githubusercontent.com/infrastructureclub/open-house-london-images/master/images/2026/12806/building_12806_highpoint_3306_28ed3c8543d9e6276adb24847316d2eb.jpg",
                        "title": "Kateryna Davydova"
                    },
                    {
                        "archive_url": "https://raw.githubusercontent.com/infrastructureclub/open-house-london-images/master/images/2026/12806/building_12806_bugaloo-pub-apr2024_f1a4f2a3b91fda27d5577fdf44217a7c.jpg",
                        "title": "Kateryna Davydova"
                    },
                    {
                        "archive_url": "https://raw.githubusercontent.com/infrastructureclub/open-house-london-images/master/images/2026/12806/building_12806_studio-duke-s-head-yard-1940-by-tayler-green-for-cartoonist-roger-pettiward_78eb27b65c9cc7aabd816e2d574cb9f0.jpg",
                        "title": "Kateryna Davydova"
                    }
                ],
                "name": "Resilience in Highgate: multi-sensory walk",
                "new_venue_this_year": "No",
                "start": "11:00:00",
                "ticketed_events": "Yes",
                "url": "https://programme.openhouse.org.uk/listings/12806"
            },
            "type": "Feature"
        },
        {
            "geometry": {
                "coordinates": [
                    -0.08454,
                    51.46663
                ],
                "type": "Point"
            },
            "properties": {
                "balloted": "No",
                "description": "Harfield Gardens is an award-winning renovation of a British modernist house on a constrained site. Originally single storey, planning permission was granted for a second storey to double the internal floor space. Huge floor-to-ceiling windows with sliding doors open the interiors to bamboo-lined courtyards, blurring the boundary between interior and exterior, a hallmark of midcentury design.",
                "end": "16:00:00",
                "fully_booked": "No",
                "images": [
                    {
                        "archive_url": "https://raw.githubusercontent.com/infrastructureclub/open-house-london-images/master/images/2026/12815/building_12815_front-elevation_f4dc76dbca77f24d82457345dcdc7927.jpg",
                        "title": "Photo of Harfield Gardens House"
                    },
                    {
                        "archive_url": "https://raw.githubusercontent.com/infrastructureclub/open-house-london-images/master/images/2026/12815/building_12815_hg_additional-images3_f386ca1de92db5de384b13bd2286183f.jpg",
                        "title": "Photo of Harfield Gardens House"
                    },
                    {
                        "archive_url": "https://raw.githubusercontent.com/infrastructureclub/open-house-london-images/master/images/2026/12815/building_12815_hg_additional-images4_73cb540f2a339127f156abee7434a55f.jpg",
                        "title": "Photo of Harfield Gardens House"
                    },
                    {
                        "archive_url": "https://raw.githubusercontent.com/infrastructureclub/open-house-london-images/master/images/2026/12815/building_12815_hg_additional-images9_8e48c34806c4fde9c997e4c6567448e5.jpg",
                        "title": "Photo of Harfield Gardens House"
                    },
                    {
                        "archive_url": "https://raw.githubusercontent.com/infrastructureclub/open-house-london-images/master/images/2026/12815/building_12815_hg_additional-images13_dde887b143f71614d295734cb2f57e0b.jpg",
                        "title": "Photo of Harfield Gardens House"
                    },
                    {
                        "archive_url": "https://raw.githubusercontent.com/infrastructureclub/open-house-london-images/master/images/2026/12815/building_12815_hg_additional-images16_5933f2aff2c20e5c39f51d864ebcd22e.jpg",
                        "title": "Photo of Harfield Gardens House"
                    },
                    {
                        "archive_url": "https://raw.githubusercontent.com/infrastructureclub/open-house-london-images/master/images/2026/12815/building_12815_hg_additional-images28_d4a0371a56f8ac939f8d2cd946a55c91.jpg",
                        "title": "Photo of Harfield Gardens House"
                    },
                    {
                        "archive_url": "https://raw.githubusercontent.com/infrastructureclub/open-house-london-images/master/images/2026/12815/building_12815_quinn-architects_harfield-gardens_elliot-sheppard-photography_22_3c009822351bca280c677f5aa3336e8a.jpg",
                        "title": "Photo of Harfield Gardens House"
                    },
                    {
                        "archive_url": "https://raw.githubusercontent.com/infrastructureclub/open-house-london-images/master/images/2026/12815/building_12815_quinn-architects_harfield-gardens_elliot-sheppard-photography_24_a2eb39e817418f5c445999df784e143d.jpg",
                        "title": "Photo of Harfield Gardens House"
                    },
                    {
                        "archive_url": "https://raw.githubusercontent.com/infrastructureclub/open-house-london-images/master/images/2026/12815/building_12815_quinn-architects_harfield-gardens_elliot-sheppard-photography_07_33fd247cf6da4f9351782b08a973bdfc.jpg",
                        "title": "Photo of Harfield Gardens House"
                    },
                    {
                        "archive_url": "https://raw.githubusercontent.com/infrastructureclub/open-house-london-images/master/images/2026/12815/building_12815_quinn-architects_harfield-gardens_elliot-sheppard-photography_09_d28e34d774fd88df68aa7956d5131bb7.jpg",
                        "title": "Photo of Harfield Gardens House"
                    }
                ],
                "name": "Harfield Gardens House",
                "new_venue_this_year": "No",
                "start": "11:00:00",
                "ticketed_events": "Yes",
                "url": "https://programme.openhouse.org.uk/listings/12815"
            },
            "type": "Feature"
        },
        {
            "geometry": {
                "coordinates": [
                    -0.16429,
                    51.55046
                ],
                "type": "Point"
            },
            "properties": {
                "balloted": "No",
                "description": "This walking tour will draw comparisons between the progress and demise of the postwar welfare state. Focusing on housing and healthcare, the tour will present prominent examples from the era  and discuss ways these are being adapted to meet contemporary challenges, such as the housing crisis and ongoing maintenance. The ambition of the tour is to reassess the value of postwar architecture today.",
                "end": "14:00:00",
                "fully_booked": "Yes",
                "images": [
                    {
                        "archive_url": "https://raw.githubusercontent.com/infrastructureclub/open-house-london-images/master/images/2026/12816/building_12816_postwar-postwelfare-north-ldn-tour-cover-image_e32c28569899d14435c0784602aae992.jpg",
                        "title": "Photo of Postwar and post-welfare North London walking tour"
                    }
                ],
                "name": "Postwar and post-welfare North London walking tour",
                "new_venue_this_year": "No",
                "start": "11:30:00",
                "ticketed_events": "Yes",
                "url": "https://programme.openhouse.org.uk/listings/12816"
            },
            "type": "Feature"
        },
        {
            "geometry": {
                "coordinates": [
                    -0.08501,
                    51.47498
                ],
                "type": "Point"
            },
            "properties": {
                "balloted": "No",
                "description": "outhouse gallery is a small, independent, artist-run creative space located in Brunswick Park, Camberwell. \r\nAs a former public toilet, the gallery's mission is to be open, public and accessible to both facilitators and visitors - from free exhibitions, live performances, and workshops to publishing articles online and in outhouse magazine.",
                "end": "17:00:00",
                "fully_booked": "",
                "images": [
                    {
                        "archive_url": "https://raw.githubusercontent.com/infrastructureclub/open-house-london-images/master/images/2026/12832/building_12832_teodellatorre_dscf8056_4e8d1327289978b66e02f7b08f4cb79c.jpg",
                        "title": "Photo of outhouse gallery"
                    },
                    {
                        "archive_url": "https://raw.githubusercontent.com/infrastructureclub/open-house-london-images/master/images/2026/12832/building_12832_img_8040_9f4087aaab936bb44757c63a6ab3b649.jpeg",
                        "title": "Photo of outhouse gallery"
                    },
                    {
                        "archive_url": "https://raw.githubusercontent.com/infrastructureclub/open-house-london-images/master/images/2026/12832/building_12832_screenshot-2025-05-23-at-17-35-23_a876fcb03692f7bc0aa21a57c9e5497f.png",
                        "title": "Photo of outhouse gallery"
                    }
                ],
                "name": "outhouse gallery",
                "new_venue_this_year": "No",
                "start": "12:00:00",
                "ticketed_events": "No",
                "url": "https://programme.openhouse.org.uk/listings/12832"
            },
            "type": "Feature"
        },
        {
            "geometry": {
                "coordinates": [
                    -0.26931,
                    51.52641
                ],
                "type": "Point"
            },
            "properties": {
                "balloted": "No",
                "description": "An evolving social sculpture housed in a 50s warehouse formerly occupied by Rolls Royce.  \r\nAcquired in a semi-derelict state, its transformation was approached by the artist Henry Krokatsis as a large sculptural work,  built using found & redundant materials, balancing functionality and subversion. The building houses Refusés Gallery, Feral Institute, 22 artists' studios and a roof top canteen.",
                "end": "19:20:00",
                "fully_booked": "",
                "images": [
                    {
                        "archive_url": "https://raw.githubusercontent.com/infrastructureclub/open-house-london-images/master/images/2026/12837/building_12837_16-low-res-end-copy_b8dcfc7a5918c6bd6b8f9d3cbbe70057.jpg",
                        "title": "Photo of Queensrollahouse"
                    },
                    {
                        "archive_url": "https://raw.githubusercontent.com/infrastructureclub/open-house-london-images/master/images/2026/12837/building_12837_queensrollahouse-groundfloor-atrium-2_f32232ca47de6ec32aa73b3bec5bf087.jpg",
                        "title": "Photo of Queensrollahouse"
                    },
                    {
                        "archive_url": "https://raw.githubusercontent.com/infrastructureclub/open-house-london-images/master/images/2026/12837/building_12837_queensrollahouse-groundfloor-atrium-3_75ad034216ed71fc2f5072281065abdf.jpg",
                        "title": "Photo of Queensrollahouse"
                    },
                    {
                        "archive_url": "https://raw.githubusercontent.com/infrastructureclub/open-house-london-images/master/images/2026/12837/building_12837_queensrollahouse-roofterrace-1_6000_50a0d80d9e742d29de90202be6d4a08f.jpg",
                        "title": "Photo of Queensrollahouse"
                    },
                    {
                        "archive_url": "https://raw.githubusercontent.com/infrastructureclub/open-house-london-images/master/images/2026/12837/building_12837_queensrollahouse-roofterrace-4_6000_26ca5e4690ff6dc6f05c39d0183230f3.jpg",
                        "title": "Photo of Queensrollahouse"
                    },
                    {
                        "archive_url": "https://raw.githubusercontent.com/infrastructureclub/open-house-london-images/master/images/2026/12837/building_12837_queensrollahouse-exterior_94ca9e442e4ff643e4b8cc527bcfacc8.jpg",
                        "title": "Photo of Queensrollahouse"
                    },
                    {
                        "archive_url": "https://raw.githubusercontent.com/infrastructureclub/open-house-london-images/master/images/2026/12837/building_12837_extdscf5969_edit_01a98462c6314074f4570839a6070a14.jpg",
                        "title": "Photo of Queensrollahouse"
                    }
                ],
                "name": "Queensrollahouse",
                "new_venue_this_year": "No",
                "start": "11:00:00",
                "ticketed_events": "No",
                "url": "https://programme.openhouse.org.uk/listings/12837"
            },
            "type": "Feature"
        },
        {
            "geometry": {
                "coordinates": [
                    -0.30281,
                    51.50665
                ],
                "type": "Point"
            },
            "properties": {
                "balloted": "No",
                "description": "The University of West London is offering guided tours of its Ealing site, led by some of our current students, offering the opportunity to discover more about the University’s history and how its facilities have been transformed in recent years.",
                "end": "14:00:00",
                "fully_booked": "No",
                "images": [
                    {
                        "archive_url": "https://raw.githubusercontent.com/infrastructureclub/open-house-london-images/master/images/2026/12880/building_12880_new-reception2_bb5e116006589ffa7d9ba9dc0aa458a0.jpg",
                        "title": "Photo of University of West London"
                    },
                    {
                        "archive_url": "https://raw.githubusercontent.com/infrastructureclub/open-house-london-images/master/images/2026/12880/building_12880_park-reception_6d60870346efa1a13b49c04170e29bd3.jpg",
                        "title": "Photo of University of West London"
                    }
                ],
                "name": "University of West London",
                "new_venue_this_year": "No",
                "start": "11:00:00",
                "ticketed_events": "Yes",
                "url": "https://programme.openhouse.org.uk/listings/12880"
            },
            "type": "Feature"
        },
        {
            "geometry": {
                "coordinates": [
                    -0.13186,
                    51.5124
                ],
                "type": "Point"
            },
            "properties": {
                "balloted": "No",
                "description": "Start your exploration of the Open House Soho Neighbourhood with a shot of coffee, a refreshing cold drink and a bite to eat.  Explore our timeline of Soho, and our existing display on the church's history.   Relax in our calm and welcoming gardens.",
                "end": "18:00:00",
                "fully_booked": "",
                "images": [
                    {
                        "archive_url": "https://raw.githubusercontent.com/infrastructureclub/open-house-london-images/master/images/2026/12938/building_12938_sacred_grounds_f2c41ce07f97ca90f3d4f726d3fd0d70.png",
                        "title": "Photo of Sacred Grounds / St Anne's Church and Garden"
                    }
                ],
                "name": "Sacred Grounds / St Anne's Church and Garden",
                "new_venue_this_year": "No",
                "start": "10:00:00",
                "ticketed_events": "No",
                "url": "https://programme.openhouse.org.uk/listings/12938"
            },
            "type": "Feature"
        },
        {
            "geometry": {
                "coordinates": [
                    -0.13226,
                    51.51302
                ],
                "type": "Point"
            },
            "properties": {
                "balloted": "No",
                "description": "The Smallest Gallery in Soho is a historic shop-front which faces onto 62 Dean Street, in the heart of Soho. The aim of this creative space is to display artwork that captures people’s attention on their journey through Soho and encourage them to stop, think and be inspired. The art displays are only to be viewed from the street and can be seen at any time of the day for free.",
                "end": "12:30:00",
                "fully_booked": "",
                "images": [
                    {
                        "archive_url": "https://raw.githubusercontent.com/infrastructureclub/open-house-london-images/master/images/2026/12945/building_12945_screenshot-2024-08-29-at-09-37-35_c4515a3a463fe8659276e2b8ad5a9ad6.png",
                        "title": "Photo of The Smallest Gallery in Soho"
                    }
                ],
                "name": "The Smallest Gallery in Soho",
                "new_venue_this_year": "No",
                "start": "10:30:00",
                "ticketed_events": "No",
                "url": "https://programme.openhouse.org.uk/listings/12945"
            },
            "type": "Feature"
        },
        {
            "geometry": {
                "coordinates": [
                    0.02405,
                    51.52302
                ],
                "type": "Point"
            },
            "properties": {
                "balloted": "No",
                "description": "Formerly known as Memorial Baptist Church this Grade II listed building opened in 1922, it retains many original features. Open House will include access to the church, gallery and bell tower, and information on church history. 18th September at 7pm Lydia Thornley will lead a talk on the craft skills used in the building, and on the 19th 3.30-6pm there is a sketching workshop",
                "end": "19:00:00",
                "fully_booked": "No",
                "images": [
                    {
                        "archive_url": "https://raw.githubusercontent.com/infrastructureclub/open-house-london-images/master/images/2026/12965/building_12965_church-2_681e71be89d5396fb356389d6cc2c64e.jpg",
                        "title": "Photo of Memorial Community Church"
                    },
                    {
                        "archive_url": "https://raw.githubusercontent.com/infrastructureclub/open-house-london-images/master/images/2026/12965/building_12965_interior_041e4ad6c5b5ddb90d6778f3d5c88471.jpg",
                        "title": "Photo of Memorial Community Church"
                    }
                ],
                "name": "Memorial Community Church",
                "new_venue_this_year": "No",
                "start": "15:00:00",
                "ticketed_events": "Yes",
                "url": "https://programme.openhouse.org.uk/listings/12965"
            },
            "type": "Feature"
        },
        {
            "geometry": {
                "coordinates": [
                    -0.08172,
                    51.42454
                ],
                "type": "Point"
            },
            "properties": {
                "balloted": "No",
                "description": "Six Columns was selected as the RIBA 2024 House of the Year. The house was designed by the architect owner for their family within their existing neighbourhood, a leafy street in South London. \r\nThe house is discrete and considerate of the setting, but not meek in character or detail. From a distance it sits comfortably alongside its neighbours, as you approach and enter its character is revealed.",
                "end": "17:00:00",
                "fully_booked": "",
                "images": [
                    {
                        "archive_url": "https://raw.githubusercontent.com/infrastructureclub/open-house-london-images/master/images/2026/13017/building_13017_72-six-columns-web-res-38_5485f6a4f42688f41393887c82402adf.jpg",
                        "title": "Photo of Six Columns"
                    },
                    {
                        "archive_url": "https://raw.githubusercontent.com/infrastructureclub/open-house-london-images/master/images/2026/13017/building_13017_72-six-columns-web-res-41_57ff5aefabce124c638edc791b800c8a.jpg",
                        "title": "Photo of Six Columns"
                    },
                    {
                        "archive_url": "https://raw.githubusercontent.com/infrastructureclub/open-house-london-images/master/images/2026/13017/building_13017_72-six-columns-web-res-2_b839010ea08094a2206aa4737245b80f.jpg",
                        "title": "Photo of Six Columns"
                    },
                    {
                        "archive_url": "https://raw.githubusercontent.com/infrastructureclub/open-house-london-images/master/images/2026/13017/building_13017_72-six-columns-web-res-11_d7c194b051af28805643207f57754d6d.jpg",
                        "title": "Photo of Six Columns"
                    },
                    {
                        "archive_url": "https://raw.githubusercontent.com/infrastructureclub/open-house-london-images/master/images/2026/13017/building_13017_72-six-columns-web-res-23_e5a6133afe9a4de025047f5776393f85.jpg",
                        "title": "Photo of Six Columns"
                    },
                    {
                        "archive_url": "https://raw.githubusercontent.com/infrastructureclub/open-house-london-images/master/images/2026/13017/building_13017_72-six-columns-web-res-8_b1ed218546a3f59b9a5fdf1584b5d1b2.jpg",
                        "title": "Photo of Six Columns"
                    }
                ],
                "name": "Six Columns",
                "new_venue_this_year": "No",
                "start": "10:00:00",
                "ticketed_events": "No",
                "url": "https://programme.openhouse.org.uk/listings/13017"
            },
            "type": "Feature"
        },
        {
            "geometry": {
                "coordinates": [
                    -0.07666,
                    51.51011
                ],
                "type": "Point"
            },
            "properties": {
                "balloted": "No",
                "description": "Absorb the fascinating history of ancient Londinium, visiting sites where the Romans lived, worked, and played.",
                "end": "15:30:00",
                "fully_booked": "Yes",
                "images": [
                    {
                        "archive_url": "https://raw.githubusercontent.com/infrastructureclub/open-house-london-images/master/images/2026/13037/building_13037_jonathan-w-at-roman-wall-closeup-2022-niki-gorick-photography-2_9f724eda6b0e7e74addadca826d6ceae.jpg",
                        "title": "Katherine Pearce"
                    }
                ],
                "name": "Romans in London walk",
                "new_venue_this_year": "No",
                "start": "14:30:00",
                "ticketed_events": "Yes",
                "url": "https://programme.openhouse.org.uk/listings/13037"
            },
            "type": "Feature"
        },
        {
            "geometry": {
                "coordinates": [
                    0.17053,
                    51.48672
                ],
                "type": "Point"
            },
            "properties": {
                "balloted": "No",
                "description": "St Johns Church was built by the Normans and retains architectural features from this time and later periods. As well as original brasses and monuments, it also contains several artefacts from the excavations at nearby Lesnes Abbey. As an ancient parish church its story echos that of the local area, especially the Lords of the Manor of Erith.",
                "end": "14:00:00",
                "fully_booked": "No",
                "images": [
                    {
                        "archive_url": "https://raw.githubusercontent.com/infrastructureclub/open-house-london-images/master/images/2026/13046/building_13046_saintjohnscover_8bb46b454b6b3687b64ade53c5c4de6f.jpg",
                        "title": "Photo of St John the Baptist Church Erith"
                    },
                    {
                        "archive_url": "https://raw.githubusercontent.com/infrastructureclub/open-house-london-images/master/images/2026/13046/building_13046_stjohnsnepre1877-2_00df2bb8f1febffab167e5e0038f0423.jpg",
                        "title": "Photo of St John the Baptist Church Erith"
                    },
                    {
                        "archive_url": "https://raw.githubusercontent.com/infrastructureclub/open-house-london-images/master/images/2026/13046/building_13046_elizabethwaldentomb_db531bed8ddbc20569e08f9f219a5c7e.jpg",
                        "title": "Photo of St John the Baptist Church Erith"
                    },
                    {
                        "archive_url": "https://raw.githubusercontent.com/infrastructureclub/open-house-london-images/master/images/2026/13046/building_13046_brassrogersenclwe2_b05aaa415b4bbb46e205cf64b768c15d.jpg",
                        "title": "Photo of St John the Baptist Church Erith"
                    },
                    {
                        "archive_url": "https://raw.githubusercontent.com/infrastructureclub/open-house-london-images/master/images/2026/13046/building_13046_corbelsall_2b03415e7ba97cc6cac0016ced463596.jpg",
                        "title": "Photo of St John the Baptist Church Erith"
                    }
                ],
                "name": "St John the Baptist Church Erith",
                "new_venue_this_year": "No",
                "start": "10:00:00",
                "ticketed_events": "Yes",
                "url": "https://programme.openhouse.org.uk/listings/13046"
            },
            "type": "Feature"
        },
        {
            "geometry": {
                "coordinates": [
                    -0.12392,
                    51.53568
                ],
                "type": "Point"
            },
            "properties": {
                "balloted": "No",
                "description": "Queer Britain Museum is the UK’s national LGBTQ+ museum.    Housed in a converted Victorian building in the heart of the regenerated King’s Cross area, the galleries feature over 200 objects from over 100 years of queer history.   At Open House 2026, Queer Britain’s volunteer guides will give talks demonstrating the museum’s mission to reclaim, preserve and inspire LGBTQ+ history.",
                "end": "17:30:00",
                "fully_booked": "No",
                "images": [
                    {
                        "archive_url": "https://raw.githubusercontent.com/infrastructureclub/open-house-london-images/master/images/2026/13050/building_13050_queer-britain-kings-cross-london_4cce6e1fef74a3607d6932b5eb914877.jpg",
                        "title": "Photo of Queer Britain"
                    },
                    {
                        "archive_url": "https://raw.githubusercontent.com/infrastructureclub/open-house-london-images/master/images/2026/13050/building_13050_02-guests-at-queer-britain-museum-credit-rahil-ahmad-for-queer-britain-museum_7fd33c9ea0f28d2ed1b45b718d7391cf.jpg",
                        "title": "Photo of Queer Britain"
                    },
                    {
                        "archive_url": "https://raw.githubusercontent.com/infrastructureclub/open-house-london-images/master/images/2026/13050/building_13050_03-queer-britain-museum-credit-rahil-ahmad-for-queer-britain-museum_8629962f30e51e629f1da84d580caccc.jpg",
                        "title": "Photo of Queer Britain"
                    }
                ],
                "name": "Queer Britain",
                "new_venue_this_year": "No",
                "start": "13:00:00",
                "ticketed_events": "Yes",
                "url": "https://programme.openhouse.org.uk/listings/13050"
            },
            "type": "Feature"
        },
        {
            "geometry": {
                "coordinates": [
                    -0.16072,
                    51.48633
                ],
                "type": "Point"
            },
            "properties": {
                "balloted": "No",
                "description": "Part of the Chelsea Heritage Quarter, the National Army Museum covers the British Army’s role from the Civil Wars to the modern day. Find inspiration in the stories of our soldiers and how their service shapes our world. Founded by Royal Charter in 1960, the Museum has been on the Chelsea site since 1970. Come and find out who we are and why we are here! Free entry to all our galleries!",
                "end": "15:15:00",
                "fully_booked": "Yes",
                "images": [
                    {
                        "archive_url": "https://raw.githubusercontent.com/infrastructureclub/open-house-london-images/master/images/2026/13061/building_13061_nam_building-exterior_e11ae3edabb346e86fce4cf13655e4e3.jpeg",
                        "title": "Photo of National Army Museum"
                    },
                    {
                        "archive_url": "https://raw.githubusercontent.com/infrastructureclub/open-house-london-images/master/images/2026/13061/building_13061_chelsea-under-construction_5106508507445d1d730e45661e709439.jpg",
                        "title": "Photo of National Army Museum"
                    }
                ],
                "name": "National Army Museum",
                "new_venue_this_year": "No",
                "start": "10:30:00",
                "ticketed_events": "Yes",
                "url": "https://programme.openhouse.org.uk/listings/13061"
            },
            "type": "Feature"
        },
        {
            "geometry": {
                "coordinates": [
                    -0.18565,
                    51.5216
                ],
                "type": "Point"
            },
            "properties": {
                "balloted": "No",
                "description": "Calling all canal enthusiasts - also known as 'gongoozlers' - to walk through the social and industrial history of Little Venice, Camden Lock, and St Pancras. If you enjoyed Gongoozlers of Regent's Canal & Limehouse Basin in the east (Open House 2024), you will enjoy this new west side story. Discover how a hand-dug canal shaped the lives of West Enders, Londoners, and the United Kingdom.",
                "end": "12:30:00",
                "fully_booked": "Yes",
                "images": [
                    {
                        "archive_url": "https://raw.githubusercontent.com/infrastructureclub/open-house-london-images/master/images/2026/13105/building_13105_canal-boats-small_c58eabcbd75859387308ec6300508f71.jpeg",
                        "title": "Photo of Gongoozlers of Regent's Canal & Little Venice"
                    },
                    {
                        "archive_url": "https://raw.githubusercontent.com/infrastructureclub/open-house-london-images/master/images/2026/13105/building_13105_little-venice_9c6d3356b281386dde89d98a40214969.jpeg",
                        "title": "Photo of Gongoozlers of Regent's Canal & Little Venice"
                    },
                    {
                        "archive_url": "https://raw.githubusercontent.com/infrastructureclub/open-house-london-images/master/images/2026/13105/building_13105_camden-canal_9dcb80180043bf37ca2ffa3bc06d47f7.jpg",
                        "title": "Photo of Gongoozlers of Regent's Canal & Little Venice"
                    }
                ],
                "name": "Gongoozlers of Regent's Canal & Little Venice",
                "new_venue_this_year": "No",
                "start": "09:15:00",
                "ticketed_events": "Yes",
                "url": "https://programme.openhouse.org.uk/listings/13105"
            },
            "type": "Feature"
        },
        {
            "geometry": {
                "coordinates": [
                    -0.1348,
                    51.53136
                ],
                "type": "Point"
            },
            "properties": {
                "balloted": "No",
                "description": "One of four Commissioners’ Churches by W and HW Inwood in Camden, St Mary’s is currently hidden by a scaffolding crash deck that is protecting the public from the risk  of falling stonework. Threatened with closure and demolition in 2024, the Grade II listed church has been championed by conservation groups and community alike, for the importance of its social history as well as its architecture.",
                "end": "16:00:00",
                "fully_booked": "No",
                "images": [
                    {
                        "archive_url": "https://raw.githubusercontent.com/infrastructureclub/open-house-london-images/master/images/2026/13157/building_13157_img_3910_1b2249284b3860a74181ce3da03ff287.jpg",
                        "title": "Photo of St Mary’s Church, Somers Town"
                    },
                    {
                        "archive_url": "https://raw.githubusercontent.com/infrastructureclub/open-house-london-images/master/images/2026/13157/building_13157_img_3691_12c5438ada3976d2d8c2d03a7e8e1bcf.jpeg",
                        "title": "Photo of St Mary’s Church, Somers Town"
                    }
                ],
                "name": "St Mary’s Church, Somers Town",
                "new_venue_this_year": "No",
                "start": "11:00:00",
                "ticketed_events": "Yes",
                "url": "https://programme.openhouse.org.uk/listings/13157"
            },
            "type": "Feature"
        },
        {
            "geometry": {
                "coordinates": [
                    -0.18355,
                    51.41297
                ],
                "type": "Point"
            },
            "properties": {
                "balloted": "No",
                "description": "Studio AVC is an architecture and interior design practice based in the historic 1929 Shop at Merton Abbey Mills—Join us for a short talk on William Morris and how the Arts & Crafts movement continues to inspire our designs today. Afterwards, we’ll take you on a guided tour of Merton Abbey Mills, the historic heart of Arts & Crafts making.",
                "end": "15:30:00",
                "fully_booked": "",
                "images": [
                    {
                        "archive_url": "https://raw.githubusercontent.com/infrastructureclub/open-house-london-images/master/images/2026/13160/building_13160_studioavc_office_architecture-practice_south_wimbledon_36d39479fcfdc0ffc80fd71407beacf7.jpg",
                        "title": "Photo of The Crafted Environment: Merton Abbey Mills"
                    },
                    {
                        "archive_url": "https://raw.githubusercontent.com/infrastructureclub/open-house-london-images/master/images/2026/13160/building_13160_1_02589172e9d6ee745858280e5611f7dd.jpg",
                        "title": "Photo of The Crafted Environment: Merton Abbey Mills"
                    }
                ],
                "name": "The Crafted Environment: Merton Abbey Mills",
                "new_venue_this_year": "No",
                "start": "10:30:00",
                "ticketed_events": "No",
                "url": "https://programme.openhouse.org.uk/listings/13160"
            },
            "type": "Feature"
        },
        {
            "geometry": {
                "coordinates": [
                    -0.12558,
                    51.5136
                ],
                "type": "Point"
            },
            "properties": {
                "balloted": "No",
                "description": "Step behind the scenes at London Film School, one of the world’s most renowned film institutions. Just a stone’s throw from Covent Garden. Shelton Street was a banana warehouse, then 70s wasteland before it had a new era as a film school in London's creative heart. Our new venue on Parker Street has recently been converted into bespoke film studios. Come and take a tour and join the workshop!",
                "end": "16:45:00",
                "fully_booked": "Yes",
                "images": [
                    {
                        "archive_url": "https://raw.githubusercontent.com/infrastructureclub/open-house-london-images/master/images/2026/13164/building_13164_london-film-school-image_1150c2315e5aefd750994ac1a43f2171.jpg",
                        "title": "Photo of London Film School - Shelton Street"
                    },
                    {
                        "archive_url": "https://raw.githubusercontent.com/infrastructureclub/open-house-london-images/master/images/2026/13164/building_13164_rsz_dsc05234_a535a5bc3f51b031f60930986b4b2076.jpg",
                        "title": "Photo of London Film School - Shelton Street"
                    },
                    {
                        "archive_url": "https://raw.githubusercontent.com/infrastructureclub/open-house-london-images/master/images/2026/13164/building_13164_dsc04059-panojpg_0a7ae6973a5c735dd22d06964906bb8d.jpg",
                        "title": "Photo of London Film School - Shelton Street"
                    }
                ],
                "name": "London Film School - Shelton Street",
                "new_venue_this_year": "No",
                "start": "11:00:00",
                "ticketed_events": "Yes",
                "url": "https://programme.openhouse.org.uk/listings/13164"
            },
            "type": "Feature"
        },
        {
            "geometry": {
                "coordinates": [
                    -0.10943,
                    51.47968
                ],
                "type": "Point"
            },
            "properties": {
                "balloted": "No",
                "description": "Join us for a unique opportunity to step inside the working studios of Tannery Artists. This event offers the chance to meet the artists, explore their work in progress, engage in conversation about wide range of artistic practices, and gain insight into different creative processes.",
                "end": "18:00:00",
                "fully_booked": "",
                "images": [
                    {
                        "archive_url": "https://raw.githubusercontent.com/infrastructureclub/open-house-london-images/master/images/2026/13174/building_13174_img_0894-copy_a9b5932ab1918df1b3a944d949dea7f6.jpg",
                        "title": "Tannery Arts: Winchester House Studios"
                    },
                    {
                        "archive_url": "https://raw.githubusercontent.com/infrastructureclub/open-house-london-images/master/images/2026/13174/building_13174_screenshot-2026-05-06-at-14-22-23_1fd6e904d93477d6a1c2bc84c3d14f21.png",
                        "title": "Tannery Arts: Winchester House Studios"
                    }
                ],
                "name": "Tannery Arts: Winchester House Studios",
                "new_venue_this_year": "No",
                "start": "12:00:00",
                "ticketed_events": "No",
                "url": "https://programme.openhouse.org.uk/listings/13174"
            },
            "type": "Feature"
        },
        {
            "geometry": {
                "coordinates": [
                    -0.08581,
                    51.34097
                ],
                "type": "Point"
            },
            "properties": {
                "balloted": "No",
                "description": "Sanderstead Library, built in 1936 in the moderne style, was closed since late 2024. A year ago, it reopens for the first time on Open House Weekend as the future home of The Story Sanctuary - a creative health and wellbeing hub in the making. A year on, come down and see how things have developed, learn more about our plans for the building and the future of this precious community space.",
                "end": "15:00:00",
                "fully_booked": "",
                "images": [
                    {
                        "archive_url": "https://raw.githubusercontent.com/infrastructureclub/open-house-london-images/master/images/2026/13176/building_13176_archive_postcard_outside_0fcd772bddeebc62d08f8e333e5572bd.jpeg",
                        "title": "Photo of Sanderstead Library"
                    },
                    {
                        "archive_url": "https://raw.githubusercontent.com/infrastructureclub/open-house-london-images/master/images/2026/13176/building_13176_library-1926-inside_c1f5b1e681ba6540ef65ed6c102104fe.jpeg",
                        "title": "Photo of Sanderstead Library"
                    },
                    {
                        "archive_url": "https://raw.githubusercontent.com/infrastructureclub/open-house-london-images/master/images/2026/13176/building_13176_outside_2023_1017d26112cecde1897c446041df7e33.jpg",
                        "title": "Photo of Sanderstead Library"
                    },
                    {
                        "archive_url": "https://raw.githubusercontent.com/infrastructureclub/open-house-london-images/master/images/2026/13176/building_13176_tss_rainbow_12f6e6a6298be8edf4d529ac34d38195.jpg",
                        "title": "Photo of Sanderstead Library"
                    }
                ],
                "name": "Sanderstead Library",
                "new_venue_this_year": "No",
                "start": "11:00:00",
                "ticketed_events": "No",
                "url": "https://programme.openhouse.org.uk/listings/13176"
            },
            "type": "Feature"
        },
        {
            "geometry": {
                "coordinates": [
                    -0.07272,
                    51.58335
                ],
                "type": "Point"
            },
            "properties": {
                "balloted": "No",
                "description": "Join us to explore the newly reopened Seven Sisters market and surrounding area.\r\n\r\nKnown as a hub for North London’s Latin American community, the market has been closed since 2021 whilst the site has been undergoing development. The reopening of this site in June 2025 gives us a great opportunity to gather together, remember the history of the market and collectively imagine its future.",
                "end": "14:00:00",
                "fully_booked": "No",
                "images": [
                    {
                        "archive_url": "https://raw.githubusercontent.com/infrastructureclub/open-house-london-images/master/images/2026/13250/building_13250_screenshot-2026-07-02-at-16-38-25_9b676130741c1282ec4a710a36c814a1.png",
                        "title": "Peter Browning"
                    },
                    {
                        "archive_url": "https://raw.githubusercontent.com/infrastructureclub/open-house-london-images/master/images/2026/13250/building_13250_img_5812_dd523a3ee88f0626d82f9b64276389e2.jpeg",
                        "title": "Peter Browning"
                    }
                ],
                "name": "Making Spaces for Memories in Seven Sisters Market",
                "new_venue_this_year": "No",
                "start": "11:00:00",
                "ticketed_events": "Yes",
                "url": "https://programme.openhouse.org.uk/listings/13250"
            },
            "type": "Feature"
        },
        {
            "geometry": {
                "coordinates": [
                    -0.07848,
                    51.56025
                ],
                "type": "Point"
            },
            "properties": {
                "balloted": "No",
                "description": "72 Kynaston Road, N16, is a typical Stoke Newington two storey terraced house.\r\nA simple side return extension expands the kitchen/dining area and connects it to the reception rooms.\r\nWhat stands out in this design are a generous oriel window seat on to the garden, a bespoke kitchen finished in cherry wood, and the clients bold choice of floor tile.",
                "end": "13:00:00",
                "fully_booked": "",
                "images": [
                    {
                        "archive_url": "https://raw.githubusercontent.com/infrastructureclub/open-house-london-images/master/images/2026/13251/building_13251_img_6167_e2c888c5a9466aa0be1c3ffbf34827ec.jpg",
                        "title": "Photo of 72 Kynaston Road"
                    },
                    {
                        "archive_url": "https://raw.githubusercontent.com/infrastructureclub/open-house-london-images/master/images/2026/13251/building_13251_img_6181_85a06858df4fe4d69d53cfeca3026580.jpg",
                        "title": "Photo of 72 Kynaston Road"
                    }
                ],
                "name": "72 Kynaston Road",
                "new_venue_this_year": "Yes",
                "start": "10:00:00",
                "ticketed_events": "No",
                "url": "https://programme.openhouse.org.uk/listings/13251"
            },
            "type": "Feature"
        },
        {
            "geometry": {
                "coordinates": [
                    -0.02052,
                    51.51203
                ],
                "type": "Point"
            },
            "properties": {
                "balloted": "No",
                "description": "Grade II Listed.   Designed by Adrian Gilbert Scott.  Cruciform shape (120 feet by 120 feet) of steel girder and brick construction. Its Lantern tower – based on Ely Cathedral – is supported on parabolic arches 35 feet wide and 50 feet high.  The Stained Glass Windows were designed by John Wilson of Edinburgh and the Stations of the Cross  carved in Blue Horton Stone by Peter Watts.",
                "end": "17:00:00",
                "fully_booked": "",
                "images": [
                    {
                        "archive_url": "https://raw.githubusercontent.com/infrastructureclub/open-house-london-images/master/images/2026/13253/building_13253_st-mary-st-joseph-rc-church-poplar_1_c-garrido_69fe391e814226a2b36f3a729164dd33.jpg",
                        "title": "Photo of St Mary & St Joseph Roman Catholic Church, Poplar"
                    },
                    {
                        "archive_url": "https://raw.githubusercontent.com/infrastructureclub/open-house-london-images/master/images/2026/13253/building_13253_poplar_st_mary_st_joseph_rc161113_2_81dc33bbb49f093edfd6e70ab82052bf.jpg",
                        "title": "Photo of St Mary & St Joseph Roman Catholic Church, Poplar"
                    },
                    {
                        "archive_url": "https://raw.githubusercontent.com/infrastructureclub/open-house-london-images/master/images/2026/13253/building_13253_st-mary-st-joseph-rc-church-poplar_2_c-garrido_6ef61d22b5ee5648e21ac29760f5c3da.jpg",
                        "title": "Photo of St Mary & St Joseph Roman Catholic Church, Poplar"
                    },
                    {
                        "archive_url": "https://raw.githubusercontent.com/infrastructureclub/open-house-london-images/master/images/2026/13253/building_13253_st-mary-st-joseph-rc-church-poplar_3_c-garrido_85d571032608ab92916a5e0a696b4de1.jpg",
                        "title": "Photo of St Mary & St Joseph Roman Catholic Church, Poplar"
                    },
                    {
                        "archive_url": "https://raw.githubusercontent.com/infrastructureclub/open-house-london-images/master/images/2026/13253/building_13253_church-interior-1-scaled-e1695941305485_65b08936351b54aa7137c540be5d1e04.jpg",
                        "title": "Photo of St Mary & St Joseph Roman Catholic Church, Poplar"
                    }
                ],
                "name": "St Mary & St Joseph Roman Catholic Church, Poplar",
                "new_venue_this_year": "No",
                "start": "15:00:00",
                "ticketed_events": "No",
                "url": "https://programme.openhouse.org.uk/listings/13253"
            },
            "type": "Feature"
        },
        {
            "geometry": {
                "coordinates": [
                    -0.30658,
                    51.46039
                ],
                "type": "Point"
            },
            "properties": {
                "balloted": "No",
                "description": "One Paved Court is an artist-run space on a lane of early Georgian shops and houses.  In 2017, Allies and Morrison transformed an old carpet shop into a distinctive home for resident artists and a gallery with an innovative and varied programme of exhibitions. \"New interventions are as few as possible, we were there to repair the fabric and to nudge it into its new role.\" Allies and Morrison",
                "end": "16:00:00",
                "fully_booked": "",
                "images": [
                    {
                        "archive_url": "https://raw.githubusercontent.com/infrastructureclub/open-house-london-images/master/images/2026/13277/building_13277_ngut-1390-first-floor_f8a580eca2dfde142e27dddbbdc74109.jpeg",
                        "title": "Photo of One Paved Court"
                    },
                    {
                        "archive_url": "https://raw.githubusercontent.com/infrastructureclub/open-house-london-images/master/images/2026/13277/building_13277_ngut-1390-allies-morrison-fullframe-0066_53e04ab3358aed1d856a4812e82c902a.jpg",
                        "title": "Photo of One Paved Court"
                    }
                ],
                "name": "One Paved Court",
                "new_venue_this_year": "No",
                "start": "12:00:00",
                "ticketed_events": "No",
                "url": "https://programme.openhouse.org.uk/listings/13277"
            },
            "type": "Feature"
        },
        {
            "geometry": {
                "coordinates": [
                    -0.13035,
                    51.51668
                ],
                "type": "Point"
            },
            "properties": {
                "balloted": "No",
                "description": "The leafy Georgian streets of Bloomsbury were shaken up in the 1930s by a new wave of development, from great academic institutions to speculative flats for modern urban living, plus probably the most stylish car showroom in London. We'll explore the range of 1930s architectural styles used in some famous and not so famous buildings, and even take a peek inside where we can.",
                "end": "13:00:00",
                "fully_booked": "Yes",
                "images": [
                    {
                        "archive_url": "https://raw.githubusercontent.com/infrastructureclub/open-house-london-images/master/images/2026/13283/building_13283_img_20210423_083028_2fa9dffc727ab4b060f02f7095fb96a3.jpg",
                        "title": "Photo of 1930s Bloomsbury walking tour"
                    }
                ],
                "name": "1930s Bloomsbury walking tour",
                "new_venue_this_year": "No",
                "start": "11:00:00",
                "ticketed_events": "Yes",
                "url": "https://programme.openhouse.org.uk/listings/13283"
            },
            "type": "Feature"
        },
        {
            "geometry": {
                "coordinates": [
                    -0.07891,
                    51.50843
                ],
                "type": "Point"
            },
            "properties": {
                "balloted": "No",
                "description": "\"When trying to find Internet infrastructure in a city, it's helpful to start from the ground up – or, more precisely, somewhere just below the ground up...\" - Ingrid Burrington, artist (2016)\r\n\r\n\r\nThis tour will walk you through the ubiquitous but often invisible infrastructure that enables connectivity in London, with a focus specifically on the City of London.",
                "end": "13:30:00",
                "fully_booked": "Yes",
                "images": [
                    {
                        "archive_url": "https://raw.githubusercontent.com/infrastructureclub/open-house-london-images/master/images/2026/13284/building_13284_img_8651_c3eb96b156502ebade7e06c2f1d935d2.jpg",
                        "title": "Anne Lee Steele"
                    },
                    {
                        "archive_url": "https://raw.githubusercontent.com/infrastructureclub/open-house-london-images/master/images/2026/13284/building_13284_tour-image_b84c33a29240e56907335d783daa0584.jpg",
                        "title": "Anne Lee Steele"
                    },
                    {
                        "archive_url": "https://raw.githubusercontent.com/infrastructureclub/open-house-london-images/master/images/2026/13284/building_13284_img_8837-copy_7d639384cbe9981a8cc80fdc59977bd7.jpg",
                        "title": "Anne Lee Steele"
                    }
                ],
                "name": "Internet infrastructure of London walking tour",
                "new_venue_this_year": "No",
                "start": "11:00:00",
                "ticketed_events": "Yes",
                "url": "https://programme.openhouse.org.uk/listings/13284"
            },
            "type": "Feature"
        },
        {
            "geometry": {
                "coordinates": [
                    -0.08595,
                    51.46672
                ],
                "type": "Point"
            },
            "properties": {
                "balloted": "No",
                "description": "A substantial rear extension connecting the two existing patios was added to the existing fabric of this stunning neoclassical Grade II villas dating 1821. Large sliding doors and two glass roofs were added, a palette of polished concrete floor, oak joinery and Carrara marble define the area of work and leisure for this space.",
                "end": "16:00:00",
                "fully_booked": "",
                "images": [
                    {
                        "archive_url": "https://raw.githubusercontent.com/infrastructureclub/open-house-london-images/master/images/2026/13292/building_13292_screenshot-2025-07-01-at-16-43-47_ee9f1cf90f0b06e6f4be5108a57fcd6d.png",
                        "title": "Photo of Grove Lane"
                    },
                    {
                        "archive_url": "https://raw.githubusercontent.com/infrastructureclub/open-house-london-images/master/images/2026/13292/building_13292_screenshot-2025-07-01-at-16-43-37_b9e7f3e31c36a7d6d2c4e59dc1a43e24.png",
                        "title": "Photo of Grove Lane"
                    },
                    {
                        "archive_url": "https://raw.githubusercontent.com/infrastructureclub/open-house-london-images/master/images/2026/13292/building_13292_screenshot-2025-07-01-at-22-04-53_0badb556ae3e35176ccda668adca8642.png",
                        "title": "Photo of Grove Lane"
                    }
                ],
                "name": "Grove Lane",
                "new_venue_this_year": "No",
                "start": "10:00:00",
                "ticketed_events": "No",
                "url": "https://programme.openhouse.org.uk/listings/13292"
            },
            "type": "Feature"
        },
        {
            "geometry": {
                "coordinates": [
                    0.16194,
                    51.53975
                ],
                "type": "Point"
            },
            "properties": {
                "balloted": "No",
                "description": "The oldest surviving building in Dagenham, a grade 2 listed church building.  With historical memorials including a Jan van Nost sculpture.",
                "end": "16:00:00",
                "fully_booked": "",
                "images": [
                    {
                        "archive_url": "https://raw.githubusercontent.com/infrastructureclub/open-house-london-images/master/images/2026/13295/building_13295_dpc-building_53d21696b49b75f505c5ce7afcde9587.jpg",
                        "title": "Photo of Dagenham Parish Church"
                    },
                    {
                        "archive_url": "https://raw.githubusercontent.com/infrastructureclub/open-house-london-images/master/images/2026/13295/building_13295_img_20260630_124519_hdr_40927c5447674bcb811a09d872f039f0.jpg",
                        "title": "Photo of Dagenham Parish Church"
                    }
                ],
                "name": "Dagenham Parish Church",
                "new_venue_this_year": "No",
                "start": "12:00:00",
                "ticketed_events": "No",
                "url": "https://programme.openhouse.org.uk/listings/13295"
            },
            "type": "Feature"
        },
        {
            "geometry": {
                "coordinates": [
                    -0.09895,
                    51.37635
                ],
                "type": "Point"
            },
            "properties": {
                "balloted": "No",
                "description": "Build a towering house of cards inspired by architects Charles and Ray Eames 1950s classic building toy- with  cards specially produced from Pollock's  vintage Toy Theatre scenery.  Create a 3D  paper garden to take home\r\nOr join architect Ambrose Gillick to build  giant lightweight constructions.  Suitable for all .",
                "end": "16:00:00",
                "fully_booked": "No",
                "images": [
                    {
                        "archive_url": "https://raw.githubusercontent.com/infrastructureclub/open-house-london-images/master/images/2026/13305/building_13305_img_4797_822d088b55fc1c3fe2c94a93cbfe3125.jpg",
                        "title": "Photo of Pollocks House of Cards and Paper Gardens"
                    },
                    {
                        "archive_url": "https://raw.githubusercontent.com/infrastructureclub/open-house-london-images/master/images/2026/13305/building_13305_img_5449_4f9957e023d15399e2bf876fca1f22a3.jpg",
                        "title": "Photo of Pollocks House of Cards and Paper Gardens"
                    }
                ],
                "name": "Pollocks House of Cards and Paper Gardens",
                "new_venue_this_year": "No",
                "start": "11:00:00",
                "ticketed_events": "Yes",
                "url": "https://programme.openhouse.org.uk/listings/13305"
            },
            "type": "Feature"
        },
        {
            "geometry": {
                "coordinates": [
                    -0.12133,
                    51.51622
                ],
                "type": "Point"
            },
            "properties": {
                "balloted": "No",
                "description": "Come and look behind the scenes at our London Film School studios on Parker Street. Based above the Garden Cinema, a stone's throw from Covent Garden, the building has recently been refurbished to bespoke studios, edit suites and classrooms for the world-renowned British film school.",
                "end": "15:35:00",
                "fully_booked": "Yes",
                "images": [
                    {
                        "archive_url": "https://raw.githubusercontent.com/infrastructureclub/open-house-london-images/master/images/2026/13313/building_13313_dsc08171jpg_220221031aee09f350ff4795cff1943e.jpg",
                        "title": "Photo of London Film School - Parker Street"
                    },
                    {
                        "archive_url": "https://raw.githubusercontent.com/infrastructureclub/open-house-london-images/master/images/2026/13313/building_13313_parker-street_d2f51b8e616f4dacbdd7e8cc8bbda2d8.jpg",
                        "title": "Photo of London Film School - Parker Street"
                    },
                    {
                        "archive_url": "https://raw.githubusercontent.com/infrastructureclub/open-house-london-images/master/images/2026/13313/building_13313_dsc06404jpg_d9e202c3441c19aaed992e9420c6a25e.jpg",
                        "title": "Photo of London Film School - Parker Street"
                    }
                ],
                "name": "London Film School - Parker Street",
                "new_venue_this_year": "No",
                "start": "12:50:00",
                "ticketed_events": "Yes",
                "url": "https://programme.openhouse.org.uk/listings/13313"
            },
            "type": "Feature"
        },
        {
            "geometry": {
                "coordinates": [
                    -0.46506,
                    51.54089
                ],
                "type": "Point"
            },
            "properties": {
                "balloted": "No",
                "description": "Explore the Generator House at RAF Uxbridge’s Battle of Britain Bunker. Normally off‑limits to the public, it houses the original 1930s standby generator that powered the underground Operations Room coordinating RAF Fighter Command in WWII. It offers a glimpse into wartime engineering, featuring preserved machinery, original fittings, and fascinating stories.  Free admission, no booking required.",
                "end": "16:00:00",
                "fully_booked": "",
                "images": [
                    {
                        "archive_url": "https://raw.githubusercontent.com/infrastructureclub/open-house-london-images/master/images/2026/13377/building_13377_danger_secrets_1eeb67bdfa9745baef0db4efe6448b5e.jpg",
                        "title": "Photo of The Battle of Britain Bunker - The Generator House"
                    }
                ],
                "name": "The Battle of Britain Bunker - The Generator House",
                "new_venue_this_year": "No",
                "start": "10:00:00",
                "ticketed_events": "No",
                "url": "https://programme.openhouse.org.uk/listings/13377"
            },
            "type": "Feature"
        },
        {
            "geometry": {
                "coordinates": [
                    -0.42824,
                    51.57806
                ],
                "type": "Point"
            },
            "properties": {
                "balloted": "No",
                "description": "Part of Manor Farm Heritage Site, The Great Barn is a Grade II listed  building and one of the oldest timber framed buildings of its type. Usually closed only for private events, the building as offers a glimpse into the rural history of the local area and is a testament to local craft and engineering.",
                "end": "16:00:00",
                "fully_booked": "",
                "images": [
                    {
                        "archive_url": "https://raw.githubusercontent.com/infrastructureclub/open-house-london-images/master/images/2026/13378/building_13378_great_barn_d4887c9e26cf6fddcfd12685a0fec79c.png",
                        "title": "Photo of The Great Barn"
                    }
                ],
                "name": "The Great Barn",
                "new_venue_this_year": "No",
                "start": "10:00:00",
                "ticketed_events": "No",
                "url": "https://programme.openhouse.org.uk/listings/13378"
            },
            "type": "Feature"
        },
        {
            "geometry": {
                "coordinates": [
                    -0.42737,
                    51.5788
                ],
                "type": "Point"
            },
            "properties": {
                "balloted": "No",
                "description": "Manor Farm House in Ruislip, built in 1505–1507, is a Tudor-style, Grade II listed building that once hosted local court sessions and housed high-status guests. Now a visitor centre, it features original beams, historic displays, and forms part of the wider 22-acre Manor Farm heritage site.  It is also believed to be the home to the oldest example of surviving domestic English  wallpaper.",
                "end": "16:00:00",
                "fully_booked": "",
                "images": [
                    {
                        "archive_url": "https://raw.githubusercontent.com/infrastructureclub/open-house-london-images/master/images/2026/13382/building_13382_jsonld_ffaf3b5b622e90a4d95f65e40cafbb39.jpg",
                        "title": "Photo of The Manor House, Manor Farm, Ruislip"
                    }
                ],
                "name": "The Manor House, Manor Farm, Ruislip",
                "new_venue_this_year": "No",
                "start": "10:00:00",
                "ticketed_events": "No",
                "url": "https://programme.openhouse.org.uk/listings/13382"
            },
            "type": "Feature"
        },
        {
            "geometry": {
                "coordinates": [
                    -0.09757,
                    51.37204
                ],
                "type": "Point"
            },
            "properties": {
                "balloted": "No",
                "description": "The Caravan Gallery is a unique documentary photography project and exhibition focused on Croydon's built environment. The Caravan Gallery photograph the sur/reality of everyday life and work with communities to explore people's connection to place, exhibiting their photographs of the area in a small caravan.",
                "end": "17:00:00",
                "fully_booked": "",
                "images": [
                    {
                        "archive_url": "https://raw.githubusercontent.com/infrastructureclub/open-house-london-images/master/images/2026/13401/building_13401_the-caravan-gallery-at-bop21-image-bu-nathan-vidler-martin-parr-foundation_38014aad708be19c6aaeb78c26d07bf3.jpg",
                        "title": "Photo of The Caravan Gallery comes to Croydon"
                    },
                    {
                        "archive_url": "https://raw.githubusercontent.com/infrastructureclub/open-house-london-images/master/images/2026/13401/building_13401_screenshot-2026-08-05-171244_934e51fbf4802fb389c4671fc141e7b9.png",
                        "title": "Photo of The Caravan Gallery comes to Croydon"
                    }
                ],
                "name": "The Caravan Gallery comes to Croydon",
                "new_venue_this_year": "Yes",
                "start": "12:00:00",
                "ticketed_events": "No",
                "url": "https://programme.openhouse.org.uk/listings/13401"
            },
            "type": "Feature"
        },
        {
            "geometry": {
                "coordinates": [
                    0.00757,
                    51.57552
                ],
                "type": "Point"
            },
            "properties": {
                "balloted": "No",
                "description": "This Victorian church designed by Blomfield will be open for a tour of its remarkable set of stained glass windows by Margaret Chilton.",
                "end": "15:00:00",
                "fully_booked": "No",
                "images": [
                    {
                        "archive_url": "https://raw.githubusercontent.com/infrastructureclub/open-house-london-images/master/images/2026/13436/building_13436_st-andrew-s-leytonstone-copy_2c15814758e82c1f02b9750fcf283feb.jpg",
                        "title": "Photo of St Andrew's Church Leytonstone"
                    },
                    {
                        "archive_url": "https://raw.githubusercontent.com/infrastructureclub/open-house-london-images/master/images/2026/13436/building_13436_img_1990_e2e24ea2276ec247da3b9323d7385baa.jpg",
                        "title": "Photo of St Andrew's Church Leytonstone"
                    },
                    {
                        "archive_url": "https://raw.githubusercontent.com/infrastructureclub/open-house-london-images/master/images/2026/13436/building_13436_img_4573-copy_ee2364594036d7be9c04678a5fd1b068.jpg",
                        "title": "Photo of St Andrew's Church Leytonstone"
                    }
                ],
                "name": "St Andrew's Church Leytonstone",
                "new_venue_this_year": "No",
                "start": "11:00:00",
                "ticketed_events": "Yes",
                "url": "https://programme.openhouse.org.uk/listings/13436"
            },
            "type": "Feature"
        },
        {
            "geometry": {
                "coordinates": [
                    -0.09055,
                    51.51233
                ],
                "type": "Point"
            },
            "properties": {
                "balloted": "No",
                "description": "Bloomberg's European headquarters contains an art gallery with regular exhibitions, and a Roman temple dedicated to the mysterious Cult of Mithras, along a display of astounding Roman objects found by London Museum archaeologists during excavations.",
                "end": "16:00:00",
                "fully_booked": "",
                "images": [
                    {
                        "archive_url": "https://raw.githubusercontent.com/infrastructureclub/open-house-london-images/master/images/2026/13437/building_13437_383_l0_mithras_16_a47b69fa38b2c08cfa1bc8c9f059875f.jpg",
                        "title": "Katherine Pearce"
                    }
                ],
                "name": "London Mithraeum Bloomberg SPACE",
                "new_venue_this_year": "No",
                "start": "10:00:00",
                "ticketed_events": "No",
                "url": "https://programme.openhouse.org.uk/listings/13437"
            },
            "type": "Feature"
        },
        {
            "geometry": {
                "coordinates": [
                    -0.09171,
                    51.51559
                ],
                "type": "Point"
            },
            "properties": {
                "balloted": "No",
                "description": "Once again City of London cultural sites have pulled together to create an Open House offering for families. Join Guildhall Art Gallery, the Insurance Museum, London Mithraeum Bloomberg SPACE, St Paul’s Cathedral and Dr Johnson’s House to celebrate architecture, heritage and placemaking in the City. Pick up a map or join the walking bus to explore it all.",
                "end": "16:00:00",
                "fully_booked": "No",
                "images": [
                    {
                        "archive_url": "https://raw.githubusercontent.com/infrastructureclub/open-house-london-images/master/images/2026/13439/building_13439_col_familyday_19022025_0159_1e29f21ad17bb64c0fa1aa0afb31679b.jpg",
                        "title": "Guildhall Art Gallery"
                    },
                    {
                        "archive_url": "https://raw.githubusercontent.com/infrastructureclub/open-house-london-images/master/images/2026/13439/building_13439_col_familyday_sept25_0142_3861609584ad3465bd7976c25a68ade3.jpg",
                        "title": "Guildhall Art Gallery"
                    },
                    {
                        "archive_url": "https://raw.githubusercontent.com/infrastructureclub/open-house-london-images/master/images/2026/13439/building_13439_col_familyday_sept25_0127_13b66665b5d58a0bc688d282d269f75d.jpg",
                        "title": "Guildhall Art Gallery"
                    },
                    {
                        "archive_url": "https://raw.githubusercontent.com/infrastructureclub/open-house-london-images/master/images/2026/13439/building_13439_col_familyday_sept25_0175-cropped_dca3a0a0aaf236560f058b7c191c7a63.jpg",
                        "title": "Guildhall Art Gallery"
                    },
                    {
                        "archive_url": "https://raw.githubusercontent.com/infrastructureclub/open-house-london-images/master/images/2026/13439/building_13439_col_familyday_sept25_0047_6b2575eb59234028aec11a9000bd0c24.jpg",
                        "title": "Guildhall Art Gallery"
                    }
                ],
                "name": "Family Day in the City",
                "new_venue_this_year": "No",
                "start": "11:00:00",
                "ticketed_events": "Yes",
                "url": "https://programme.openhouse.org.uk/listings/13439"
            },
            "type": "Feature"
        },
        {
            "geometry": {
                "coordinates": [
                    -0.13826,
                    51.51651
                ],
                "type": "Point"
            },
            "properties": {
                "balloted": "No",
                "description": "The Purpose of Light, Misan Harriman’s landmark photographic exhibition, bears witness to significant  moments, not with judgment or ideology, but with a deep and unflinching empathy for the human condition. Featuring 110 unique photographs, this exhibition is a call not for division, but for togetherness.",
                "end": "18:00:00",
                "fully_booked": "",
                "images": [
                    {
                        "archive_url": "https://raw.githubusercontent.com/infrastructureclub/open-house-london-images/master/images/2026/13445/building_13445_akiandmisan_d20ea15df753b35e64392faad27d938d.jpg",
                        "title": "Photo of The Purpose of Light: Exhibition by Misan Harriman"
                    },
                    {
                        "archive_url": "https://raw.githubusercontent.com/infrastructureclub/open-house-london-images/master/images/2026/13445/building_13445_power-near-parliament-sq-20th-of-june-2020_a0732383770c1b2511b75f654b300b0f.jpg",
                        "title": "Photo of The Purpose of Light: Exhibition by Misan Harriman"
                    }
                ],
                "name": "The Purpose of Light: Exhibition by Misan Harriman",
                "new_venue_this_year": "No",
                "start": "11:00:00",
                "ticketed_events": "No",
                "url": "https://programme.openhouse.org.uk/listings/13445"
            },
            "type": "Feature"
        },
        {
            "geometry": {
                "coordinates": [
                    -0.13171,
                    51.51542
                ],
                "type": "Point"
            },
            "properties": {
                "balloted": "No",
                "description": "The West End Open House Neighbourhood Festival kicks with a celebratory musical and dance performance in Soho Square Gardens, reflecting the festival theme of \"Maybe It's Because I'm a Londoner!\", celebrating the many communities that have come to live and work in the West End and and made London their home.",
                "end": "18:00:00",
                "fully_booked": "",
                "images": [
                    {
                        "archive_url": "https://raw.githubusercontent.com/infrastructureclub/open-house-london-images/master/images/2026/13448/building_13448_130925_openhousefestival_sohosquaregardens_erefuaboakye_65-1_9732e048ce43971d5f23c079bdb32aa9.jpg",
                        "title": "Photo of Soho Square Gardens"
                    }
                ],
                "name": "Soho Square Gardens",
                "new_venue_this_year": "No",
                "start": "14:00:00",
                "ticketed_events": "No",
                "url": "https://programme.openhouse.org.uk/listings/13448"
            },
            "type": "Feature"
        },
        {
            "geometry": {
                "coordinates": [
                    0.00623,
                    51.49999
                ],
                "type": "Point"
            },
            "properties": {
                "balloted": "No",
                "description": "this is a test",
                "end": "12:00:00",
                "fully_booked": "",
                "images": [
                    {
                        "archive_url": "https://raw.githubusercontent.com/infrastructureclub/open-house-london-images/master/images/2026/13544/building_13544_homepage_f4860a9796633e4a8c954497685454fd.jpg",
                        "title": "Photo of Simon's test"
                    }
                ],
                "name": "Simon's test",
                "new_venue_this_year": "Yes",
                "start": "10:00:00",
                "ticketed_events": "No",
                "url": "https://programme.openhouse.org.uk/listings/13544"
            },
            "type": "Feature"
        },
        {
            "geometry": {
                "coordinates": [
                    0.0063300000000000006,
                    51.49999
                ],
                "type": "Point"
            },
            "properties": {
                "balloted": "No",
                "description": "sdfhjldsfhl",
                "end": "11:00:00",
                "fully_booked": "No",
                "images": [
                    {
                        "archive_url": "https://raw.githubusercontent.com/infrastructureclub/open-house-london-images/master/images/2026/13547/building_13547_2014-01-30-17-26-19_4927137872ba03c12e3f6cd69f6f7ec1.jpg",
                        "title": "Photo of Simon's second test"
                    }
                ],
                "name": "Simon's second test",
                "new_venue_this_year": "Yes",
                "start": "08:00:00",
                "ticketed_events": "Yes",
                "url": "https://programme.openhouse.org.uk/listings/13547"
            },
            "type": "Feature"
        },
        {
            "geometry": {
                "coordinates": [
                    -0.13725,
                    51.50811
                ],
                "type": "Point"
            },
            "properties": {
                "balloted": "No",
                "description": "Founded in 1866, John Lobb prides itself on upholding its exacting standards and unique levels of craftsmanship in the creation of hand-made shoes and boots for men. See the shop transformed from a beautiful Grade II listed building to it's modern look. Also a former residence of (Sir) Isaac Newton, 1696-1700, in which he lived for four years.",
                "end": "17:00:00",
                "fully_booked": "",
                "images": [
                    {
                        "archive_url": "https://raw.githubusercontent.com/infrastructureclub/open-house-london-images/master/images/2026/13553/building_13553_lowres_billy-bolton_john-lobb_jermyn-street_122_2b55cd7bae100e12d729675817a0c99b.jpg",
                        "title": "Photo of John Lobb"
                    },
                    {
                        "archive_url": "https://raw.githubusercontent.com/infrastructureclub/open-house-london-images/master/images/2026/13553/building_13553_img_1101_76fd9a3b76b188cc266f02cd15f360ea.jpeg",
                        "title": "Photo of John Lobb"
                    },
                    {
                        "archive_url": "https://raw.githubusercontent.com/infrastructureclub/open-house-london-images/master/images/2026/13553/building_13553_img_1100_89ea153d6fbbefee4828781c6c84e34f.jpeg",
                        "title": "Photo of John Lobb"
                    }
                ],
                "name": "John Lobb",
                "new_venue_this_year": "Yes",
                "start": "11:00:00",
                "ticketed_events": "No",
                "url": "https://programme.openhouse.org.uk/listings/13553"
            },
            "type": "Feature"
        },
        {
            "geometry": {
                "coordinates": [
                    -0.11604,
                    51.45802
                ],
                "type": "Point"
            },
            "properties": {
                "balloted": "No",
                "description": "Trinity is a 19th century Nonconformist chapel founded in 1828. The design is a Georgian preaching box with a Doric porch.  The chapel has a Bevington pipe organ at the balcony level. There are some Victorian stained glass windows and a more modern  window installed in 1976. Other windows are now clear glass as was typical for Nonconformists in 1828. The chapel has wooden pews.",
                "end": "16:00:00",
                "fully_booked": "",
                "images": [
                    {
                        "archive_url": "https://raw.githubusercontent.com/infrastructureclub/open-house-london-images/master/images/2026/13560/building_13560_1000001991_eb11c7b451bf4f3f3eb3b2587670755a.jpeg",
                        "title": "Trinity Congregational Chapel, Brixton"
                    },
                    {
                        "archive_url": "https://raw.githubusercontent.com/infrastructureclub/open-house-london-images/master/images/2026/13560/building_13560_1000002853_70894fa07164d517952201b51cef0412.jpeg",
                        "title": "Trinity Congregational Chapel, Brixton"
                    },
                    {
                        "archive_url": "https://raw.githubusercontent.com/infrastructureclub/open-house-london-images/master/images/2026/13560/building_13560_1000002850_c78aa06c12ea33fea953b20d854cbf12.jpeg",
                        "title": "Trinity Congregational Chapel, Brixton"
                    },
                    {
                        "archive_url": "https://raw.githubusercontent.com/infrastructureclub/open-house-london-images/master/images/2026/13560/building_13560_1000002854_0bbaa6bde0fdce8bb09fea44f11fca50.jpeg",
                        "title": "Trinity Congregational Chapel, Brixton"
                    },
                    {
                        "archive_url": "https://raw.githubusercontent.com/infrastructureclub/open-house-london-images/master/images/2026/13560/building_13560_1000002851_c95ac669808d4639a915b92b4a0fba8a.jpeg",
                        "title": "Trinity Congregational Chapel, Brixton"
                    }
                ],
                "name": "Trinity Congregational Chapel, Brixton",
                "new_venue_this_year": "Yes",
                "start": "10:00:00",
                "ticketed_events": "No",
                "url": "https://programme.openhouse.org.uk/listings/13560"
            },
            "type": "Feature"
        },
        {
            "geometry": {
                "coordinates": [
                    -0.08861,
                    51.57641
                ],
                "type": "Point"
            },
            "properties": {
                "balloted": "No",
                "description": "Ready to see an industrial estate that is anything but grey and boring? Developed by General Projects and designed by Turner Works, Florentia Village combines workshops, studios and light industrial space with shared courtyards and open walkways. Join architectural tours, browse a local makers market, and drop into open studios for creative talks and workshops.",
                "end": "15:30:00",
                "fully_booked": "",
                "images": [
                    {
                        "archive_url": "https://raw.githubusercontent.com/infrastructureclub/open-house-london-images/master/images/2026/13573/building_13573_florentia_entrance_64d59d42f1684aaa1c54f6f25d99e988.jpg",
                        "title": "General Projects"
                    },
                    {
                        "archive_url": "https://raw.githubusercontent.com/infrastructureclub/open-house-london-images/master/images/2026/13573/building_13573_generalprojects_florentia_0043_eaf4a25af3582f150faf03acfd64c2d6.jpg",
                        "title": "General Projects"
                    }
                ],
                "name": "Florentia Village",
                "new_venue_this_year": "Yes",
                "start": "11:00:00",
                "ticketed_events": "No",
                "url": "https://programme.openhouse.org.uk/listings/13573"
            },
            "type": "Feature"
        },
        {
            "geometry": {
                "coordinates": [
                    -0.08011,
                    51.52596
                ],
                "type": "Point"
            },
            "properties": {
                "balloted": "No",
                "description": "Established 1984, Strongroom has produced some of the biggest records in British music and remains the largest independent recording studio in East London. \r\n\r\nFeaturing unique visual design by legendary artist Jamie Reid (Sex Pistols), these spaces are unlike any other. Reid's work draws from druidic culture and sacred geometry to convey vital messages of hope, environmentalism and anti-fascism.",
                "end": "17:00:00",
                "fully_booked": "Yes",
                "images": [
                    {
                        "archive_url": "https://raw.githubusercontent.com/infrastructureclub/open-house-london-images/master/images/2026/13582/building_13582_3-studio-3-desk-staight-onjpg_7bb4a9fa20d97814af44e17f9594fe1b.jpg",
                        "title": "Photo of Strongroom"
                    },
                    {
                        "archive_url": "https://raw.githubusercontent.com/infrastructureclub/open-house-london-images/master/images/2026/13582/building_13582_mural_943e45937572e4853d91e01e9b91e8c5.jpg",
                        "title": "Photo of Strongroom"
                    },
                    {
                        "archive_url": "https://raw.githubusercontent.com/infrastructureclub/open-house-london-images/master/images/2026/13582/building_13582_studio-1-live-room-facing-window_a68aab4411a89fc2e41cc59d3a4b0f00.jpg",
                        "title": "Photo of Strongroom"
                    }
                ],
                "name": "Strongroom",
                "new_venue_this_year": "Yes",
                "start": "13:00:00",
                "ticketed_events": "Yes",
                "url": "https://programme.openhouse.org.uk/listings/13582"
            },
            "type": "Feature"
        },
        {
            "geometry": {
                "coordinates": [
                    -0.09099,
                    51.45121
                ],
                "type": "Point"
            },
            "properties": {
                "balloted": "No",
                "description": "Herne Hill Velodrome, opened in 1891, hosted track cycling events for the 1948 Olympics, is now home to a thriving grassroots cycling facility - hosting everything from Learn to Cycle to local and international racing events. \r\nHHV overcame the threat of closure in the early 2000s, and a new pavilion, designed by Mike Taylor of Hopkins Architects, opened in 2017.",
                "end": "19:30:00",
                "fully_booked": "No",
                "images": [
                    {
                        "archive_url": "https://raw.githubusercontent.com/infrastructureclub/open-house-london-images/master/images/2026/13624/building_13624_dscf0277-1_39904798a85302ed2d81c840d0459093.jpg",
                        "title": "Photo of Herne Hill Velodrome"
                    },
                    {
                        "archive_url": "https://raw.githubusercontent.com/infrastructureclub/open-house-london-images/master/images/2026/13624/building_13624_hernehillvelodrome_adamscott_28-1_1da44c655c9575f22bac9d947cf287b9.jpg",
                        "title": "Photo of Herne Hill Velodrome"
                    }
                ],
                "name": "Herne Hill Velodrome",
                "new_venue_this_year": "Yes",
                "start": "17:30:00",
                "ticketed_events": "Yes",
                "url": "https://programme.openhouse.org.uk/listings/13624"
            },
            "type": "Feature"
        },
        {
            "geometry": {
                "coordinates": [
                    -0.22651,
                    51.50455
                ],
                "type": "Point"
            },
            "properties": {
                "balloted": "No",
                "description": "Explore the vibrancy of Shepherd’s Bush Market through a new lens, exploring heritage and migration under the railway arches. Mirpur: Atlantis of Kashmir uses immersive projection and original composition to enliven the memories of communities from Mirpur, a region flooded in 1961 to create the landscape-defining Mangla Dam. Plus, contribute your own story of migration to our living archive.",
                "end": "19:00:00",
                "fully_booked": "",
                "images": [
                    {
                        "archive_url": "https://raw.githubusercontent.com/infrastructureclub/open-house-london-images/master/images/2026/13630/building_13630_still-from-vr-production_64dac86bfa7b95bcb408583abd7fd6d7.png",
                        "title": "Photo of Mirpur: Atlantis of Kashmir at the Market"
                    }
                ],
                "name": "Mirpur: Atlantis of Kashmir at the Market",
                "new_venue_this_year": "Yes",
                "start": "12:00:00",
                "ticketed_events": "No",
                "url": "https://programme.openhouse.org.uk/listings/13630"
            },
            "type": "Feature"
        },
        {
            "geometry": {
                "coordinates": [
                    0.04158,
                    51.56012
                ],
                "type": "Point"
            },
            "properties": {
                "balloted": "No",
                "description": "Eco Punk consists of a generous rear extension plus the remodel of an Edwardian house located in a conservation area. The new layout unlocks the spatial potentials. Besides beautifully crafted lounges, dining and utility areas, there is a kitchen that forms the centre piece. The latter is designed for a professional chef. An elegant, natural material palette ties the scheme together.",
                "end": "17:00:00",
                "fully_booked": "",
                "images": [
                    {
                        "archive_url": "https://raw.githubusercontent.com/infrastructureclub/open-house-london-images/master/images/2026/13635/building_13635_img_2308_c6ffac35bbd2b665f9db0f5263ca176e.jpg",
                        "title": "Photo of Eco Punk"
                    }
                ],
                "name": "Eco Punk",
                "new_venue_this_year": "Yes",
                "start": "10:00:00",
                "ticketed_events": "No",
                "url": "https://programme.openhouse.org.uk/listings/13635"
            },
            "type": "Feature"
        },
        {
            "geometry": {
                "coordinates": [
                    -0.20727,
                    51.42259
                ],
                "type": "Point"
            },
            "properties": {
                "balloted": "No",
                "description": "St Mark's Church is a striking, late '60s building of 5-sided, tent-like structure.  The original seating and liturgical furniture is still in use and the space is illuminated by a series of abstract stained glass panels, illustrating the theme of creation and designed by Keith New.  The panels surround 4 of the 5 walls of the church and on a sunny day cast bright colours across the interior.",
                "end": "16:00:00",
                "fully_booked": "",
                "images": [
                    {
                        "archive_url": "https://raw.githubusercontent.com/infrastructureclub/open-house-london-images/master/images/2026/13636/building_13636_st-mark-s-church-interior_30158b38315170ba12a290353b5c9f8c.jpg",
                        "title": "Photo of St Mark's Church, Wimbledon"
                    },
                    {
                        "archive_url": "https://raw.githubusercontent.com/infrastructureclub/open-house-london-images/master/images/2026/13636/building_13636_st-mark-s-windows-keith-new_86988580b8e6dc33f6578945267bfe24.jpg",
                        "title": "Photo of St Mark's Church, Wimbledon"
                    }
                ],
                "name": "St Mark's Church, Wimbledon",
                "new_venue_this_year": "Yes",
                "start": "10:00:00",
                "ticketed_events": "No",
                "url": "https://programme.openhouse.org.uk/listings/13636"
            },
            "type": "Feature"
        },
        {
            "geometry": {
                "coordinates": [
                    -0.22097,
                    51.4177
                ],
                "type": "Point"
            },
            "properties": {
                "balloted": "No",
                "description": "The Sacred Heart Roman Catholic Church is a Grade II* listed, decorated Gothic building on Edge Hill in Wimbledon, south west London. The church was completed in 1887 after being designed by renowned church architect, Frederick Arthur Walters, (1849-1931) who also designed St Joseph's, Roehampton, St John's Seminary, Wonersh, and Buckfast Abbey.",
                "end": "16:30:00",
                "fully_booked": "",
                "images": [
                    {
                        "archive_url": "https://raw.githubusercontent.com/infrastructureclub/open-house-london-images/master/images/2026/13650/building_13650_2-alvaro-garcia-rcaos-org-uk_90267c43cf603bc3bd67e924189ce884.jpg",
                        "title": "Photo of Sacred Heart Church"
                    },
                    {
                        "archive_url": "https://raw.githubusercontent.com/infrastructureclub/open-house-london-images/master/images/2026/13650/building_13650_1-alvaro-garcia-rcaos-org-uk_c2611a2cc1aa551660167ed3293b3f07.jpg",
                        "title": "Photo of Sacred Heart Church"
                    },
                    {
                        "archive_url": "https://raw.githubusercontent.com/infrastructureclub/open-house-london-images/master/images/2026/13650/building_13650_archdiocese-of-southwark-john-stone_8a2dc763885db169e2d23f824ba6441b.jpg",
                        "title": "Photo of Sacred Heart Church"
                    }
                ],
                "name": "Sacred Heart Church",
                "new_venue_this_year": "Yes",
                "start": "13:30:00",
                "ticketed_events": "No",
                "url": "https://programme.openhouse.org.uk/listings/13650"
            },
            "type": "Feature"
        },
        {
            "geometry": {
                "coordinates": [
                    -0.08027,
                    51.57064
                ],
                "type": "Point"
            },
            "properties": {
                "balloted": "No",
                "description": "St Andrew's is a Grade II* listed church in the heart of Stamford Hill. With remarkable and unique wall paintings designed by Blomfield/Heaton Butler and Bayne, the murals were painted by Alexander Higerty. The building was completed in 1884, and the artwork after World War I when Higerty returned to create a war memorial for the fallen and a plaque of thanksgiving for those who returned.",
                "end": "15:00:00",
                "fully_booked": "",
                "images": [
                    {
                        "archive_url": "https://raw.githubusercontent.com/infrastructureclub/open-house-london-images/master/images/2026/13653/building_13653_sta-artwork_2bf11329c100df6dc5b352a2a4441235.jpg",
                        "title": "Photo of St Andrew's Church N16"
                    },
                    {
                        "archive_url": "https://raw.githubusercontent.com/infrastructureclub/open-house-london-images/master/images/2026/13653/building_13653_a6d35255-a882-4ed2-975f-4eeb02f69032_ec2fc802b95b23e671f9cc668f855881.jpg",
                        "title": "Photo of St Andrew's Church N16"
                    }
                ],
                "name": "St Andrew's Church N16",
                "new_venue_this_year": "Yes",
                "start": "10:00:00",
                "ticketed_events": "No",
                "url": "https://programme.openhouse.org.uk/listings/13653"
            },
            "type": "Feature"
        },
        {
            "geometry": {
                "coordinates": [
                    -0.12895,
                    51.51725
                ],
                "type": "Point"
            },
            "properties": {
                "balloted": "No",
                "description": "Discover the many ordinary and working class people who lived and worked in Bloomsbury. Join me on a tour of Bloomsbury's mews and back streets to learn about slum quarters and social housing, street traders and factories, listening to marginalised voices from the time along the way.",
                "end": "11:00:00",
                "fully_booked": "Yes",
                "images": [
                    {
                        "archive_url": "https://raw.githubusercontent.com/infrastructureclub/open-house-london-images/master/images/2026/13658/building_13658_boothpovertymap_sheet61_0a4c8992d3698797d5aeac17fed6428b.jpg",
                        "title": "Photo of Bloomsbury marginalia – working-class lives in Bloomsbury"
                    }
                ],
                "name": "Bloomsbury marginalia – working-class lives in Bloomsbury",
                "new_venue_this_year": "Yes",
                "start": "09:30:00",
                "ticketed_events": "Yes",
                "url": "https://programme.openhouse.org.uk/listings/13658"
            },
            "type": "Feature"
        },
        {
            "geometry": {
                "coordinates": [
                    -0.09498,
                    51.53226
                ],
                "type": "Point"
            },
            "properties": {
                "balloted": "No",
                "description": "The office is an extraordinary gallery of sublime hand drawings and exquisite models of uniquely joyous architectural projects developed over 35 years that have been exhibited regularly at the Royal Academy Summer Show and in exhibitions around the world. Drop in and the founding directors will be on hand to explain and discuss the wonderful exhibits.",
                "end": "17:00:00",
                "fully_booked": "",
                "images": [
                    {
                        "archive_url": "https://raw.githubusercontent.com/infrastructureclub/open-house-london-images/master/images/2026/13660/building_13660_bpr-office_f445100969e59e33ed4083c230be707a.jpg",
                        "title": "Photo of Birds Portchmouth Russum Architects  - Open Office"
                    },
                    {
                        "archive_url": "https://raw.githubusercontent.com/infrastructureclub/open-house-london-images/master/images/2026/13660/building_13660_bpr-office-open-house_33bb94948fa8eb2ef1da8ecb48f59c66.jpg",
                        "title": "Photo of Birds Portchmouth Russum Architects  - Open Office"
                    }
                ],
                "name": "Birds Portchmouth Russum Architects  - Open Office",
                "new_venue_this_year": "Yes",
                "start": "10:00:00",
                "ticketed_events": "No",
                "url": "https://programme.openhouse.org.uk/listings/13660"
            },
            "type": "Feature"
        },
        {
            "geometry": {
                "coordinates": [
                    -0.06428,
                    51.56992
                ],
                "type": "Point"
            },
            "properties": {
                "balloted": "No",
                "description": "Originally, built in 1773 as the Stamford Hill Chapel, St Thomas' are \"Citizens with the Saints\". The Heritage Lottery Fund, local artists, and academics are working with the church to engage and preserve how we work together as 'commoners' and 'caretakers for the 'common good'. Explore this in the Exhibition - On Common Ground - and become part of St Thomas' Future for the Common Good.",
                "end": "20:00:00",
                "fully_booked": "No",
                "images": [
                    {
                        "archive_url": "https://raw.githubusercontent.com/infrastructureclub/open-house-london-images/master/images/2026/13683/building_13683_img_2407_hg-copy_e58c59a423e43772bdda28330b27f138.jpg",
                        "title": "Photo of St Thomas with St Matthew, Clapton Common"
                    },
                    {
                        "archive_url": "https://raw.githubusercontent.com/infrastructureclub/open-house-london-images/master/images/2026/13683/building_13683_screenshot-2026-07-02-at-12-06-01_be5c5b7367e3cc81eb8f0b7a21a11cd5.png",
                        "title": "Photo of St Thomas with St Matthew, Clapton Common"
                    }
                ],
                "name": "St Thomas with St Matthew, Clapton Common",
                "new_venue_this_year": "Yes",
                "start": "15:00:00",
                "ticketed_events": "Yes",
                "url": "https://programme.openhouse.org.uk/listings/13683"
            },
            "type": "Feature"
        },
        {
            "geometry": {
                "coordinates": [
                    -0.09747,
                    51.37204
                ],
                "type": "Point"
            },
            "properties": {
                "balloted": "No",
                "description": "As part of Open House 2026 in Croydon, visit an exhibition of our summer programme with Creative Quests: Curiosity Rover, and try some creative missions of your own! Part art studio, part community hub and part roaming spacecraft, collect quests to explore Croydon through noticing, movement, nature and imagination.",
                "end": "16:00:00",
                "fully_booked": "",
                "images": [
                    {
                        "archive_url": "https://raw.githubusercontent.com/infrastructureclub/open-house-london-images/master/images/2026/13684/building_13684_dsc_7452_f678479655a9b541b25faeb39f322a46.jpg",
                        "title": "Photo of Croydon Curiosity Rover"
                    },
                    {
                        "archive_url": "https://raw.githubusercontent.com/infrastructureclub/open-house-london-images/master/images/2026/13684/building_13684_dscf9232_26871fcafff4ed66b20148923f034b02.jpg",
                        "title": "Photo of Croydon Curiosity Rover"
                    },
                    {
                        "archive_url": "https://raw.githubusercontent.com/infrastructureclub/open-house-london-images/master/images/2026/13684/building_13684_dscf9287_b40bbf545a8614201b23b77edc64c2e7.jpg",
                        "title": "Photo of Croydon Curiosity Rover"
                    },
                    {
                        "archive_url": "https://raw.githubusercontent.com/infrastructureclub/open-house-london-images/master/images/2026/13684/building_13684_dsc_7574_466ec726fb31bf9151cbea22dd1cad11.jpg",
                        "title": "Photo of Croydon Curiosity Rover"
                    }
                ],
                "name": "Croydon Curiosity Rover",
                "new_venue_this_year": "Yes",
                "start": "12:00:00",
                "ticketed_events": "No",
                "url": "https://programme.openhouse.org.uk/listings/13684"
            },
            "type": "Feature"
        },
        {
            "geometry": {
                "coordinates": [
                    -0.1947,
                    51.40224
                ],
                "type": "Point"
            },
            "properties": {
                "balloted": "No",
                "description": "In 1926, the Northern line was extended from Clapham Common to Morden, adding seven stations designed by architect Charles Holden. 100 years later, these stations are considered architectural icons. On this Treasure Hunt, you'll get a chance to look for clues that help you learn about their heritage and how they are currently run.",
                "end": "15:00:00",
                "fully_booked": "",
                "images": [
                    {
                        "archive_url": "https://raw.githubusercontent.com/infrastructureclub/open-house-london-images/master/images/2026/13686/building_13686_22406_3f724e0574e0668f6eff098c76f5b40e.jpg",
                        "title": "Morden Extension Centenary: Tours"
                    },
                    {
                        "archive_url": "https://raw.githubusercontent.com/infrastructureclub/open-house-london-images/master/images/2026/13686/building_13686_20100_b194b4359c625163aa52d640e322223a.jpg",
                        "title": "Morden Extension Centenary: Tours"
                    }
                ],
                "name": "Morden Extension Centenary - Treasure Hunt",
                "new_venue_this_year": "Yes",
                "start": "11:00:00",
                "ticketed_events": "No",
                "url": "https://programme.openhouse.org.uk/listings/13686"
            },
            "type": "Feature"
        },
        {
            "geometry": {
                "coordinates": [
                    -0.4106,
                    51.44792
                ],
                "type": "Point"
            },
            "properties": {
                "balloted": "No",
                "description": "A guided tour of Feltham’s mural & mosaic placemaking collection. Explore inclusive artworks celebrating Feltham’s rich heritage, creativity and community spirit. You will encounter tributes of Feltham’s former residents and student, Freddie Mercury, Sir Brian May & Sir Mo Farah. The tour concludes at the Freddie Mercury Memorial Garden & Eco Cabin, marking what would have been his 80th birthday.",
                "end": "15:30:00",
                "fully_booked": "No",
                "images": [
                    {
                        "archive_url": "https://raw.githubusercontent.com/infrastructureclub/open-house-london-images/master/images/2026/13693/building_13693_feltham-green-cabin-launch-sir-brian-may-and-freddie-sister_e6ad7d79d6149d87520df220d8c438ac.png",
                        "title": "From Tiles to Tales: Feltham’s Mural and Mosaic Trail"
                    },
                    {
                        "archive_url": "https://raw.githubusercontent.com/infrastructureclub/open-house-london-images/master/images/2026/13693/building_13693_img_7004_027fd7efba27a48db0dddd7e678dc1a8.jpg",
                        "title": "From Tiles to Tales: Feltham’s Mural and Mosaic Trail"
                    },
                    {
                        "archive_url": "https://raw.githubusercontent.com/infrastructureclub/open-house-london-images/master/images/2026/13693/building_13693_20260317_133115_831c3e7da3a934f546b07b5f66e76860.jpg",
                        "title": "From Tiles to Tales: Feltham’s Mural and Mosaic Trail"
                    }
                ],
                "name": "From Tiles to Tales: Feltham’s Mural and Mosaic Trail",
                "new_venue_this_year": "Yes",
                "start": "11:00:00",
                "ticketed_events": "Yes",
                "url": "https://programme.openhouse.org.uk/listings/13693"
            },
            "type": "Feature"
        },
        {
            "geometry": {
                "coordinates": [
                    -0.02119,
                    51.57916
                ],
                "type": "Point"
            },
            "properties": {
                "balloted": "No",
                "description": "A Luis Barragán inspired design for the interior of a typical late Victorian house in East London. \r\nThe use of bold vivid colour banishes the sterility that can accompany modernism without the loss of its hallmark simplicity and elegant line. This approach can be accommodated within houses whose external architecture has a very different heritage. Its achievement does not require a big budget",
                "end": "17:00:00",
                "fully_booked": "",
                "images": [
                    {
                        "archive_url": "https://raw.githubusercontent.com/infrastructureclub/open-house-london-images/master/images/2026/13700/building_13700_img_5339_dc4a6518adcdde4d7c669761657199c0.jpeg",
                        "title": "Photo of 2 Belgrave Road: Victorian house with Luis Barragán inspired interior"
                    },
                    {
                        "archive_url": "https://raw.githubusercontent.com/infrastructureclub/open-house-london-images/master/images/2026/13700/building_13700_img_5313-3_6330dce5eff11c7e3efa05f9bc39234f.jpeg",
                        "title": "Photo of 2 Belgrave Road: Victorian house with Luis Barragán inspired interior"
                    },
                    {
                        "archive_url": "https://raw.githubusercontent.com/infrastructureclub/open-house-london-images/master/images/2026/13700/building_13700_img_6418_78eb26604b575d8b73236aed768b9306.jpeg",
                        "title": "Photo of 2 Belgrave Road: Victorian house with Luis Barragán inspired interior"
                    },
                    {
                        "archive_url": "https://raw.githubusercontent.com/infrastructureclub/open-house-london-images/master/images/2026/13700/building_13700_img_6234_fce071b3ce4bacc2c994d1a2f6a8e7ce.jpeg",
                        "title": "Photo of 2 Belgrave Road: Victorian house with Luis Barragán inspired interior"
                    },
                    {
                        "archive_url": "https://raw.githubusercontent.com/infrastructureclub/open-house-london-images/master/images/2026/13700/building_13700_292-ablue_a460ed42d4aa29d2e6b65b79de7c3352.png",
                        "title": "Photo of 2 Belgrave Road: Victorian house with Luis Barragán inspired interior"
                    },
                    {
                        "archive_url": "https://raw.githubusercontent.com/infrastructureclub/open-house-london-images/master/images/2026/13700/building_13700_2929gallery_a91357bf85f9bdeed88852a53480a662.png",
                        "title": "Photo of 2 Belgrave Road: Victorian house with Luis Barragán inspired interior"
                    },
                    {
                        "archive_url": "https://raw.githubusercontent.com/infrastructureclub/open-house-london-images/master/images/2026/13700/building_13700_img_7310_52d11d5f7171e9477dd308e23af460b6.jpeg",
                        "title": "Photo of 2 Belgrave Road: Victorian house with Luis Barragán inspired interior"
                    },
                    {
                        "archive_url": "https://raw.githubusercontent.com/infrastructureclub/open-house-london-images/master/images/2026/13700/building_13700_img_3718_b2b8d4fbae03d0871375d9507bcc0039.jpeg",
                        "title": "Photo of 2 Belgrave Road: Victorian house with Luis Barragán inspired interior"
                    },
                    {
                        "archive_url": "https://raw.githubusercontent.com/infrastructureclub/open-house-london-images/master/images/2026/13700/building_13700_img_3721_6ae8871a31ac8b9224ac6765f9d379b6.jpeg",
                        "title": "Photo of 2 Belgrave Road: Victorian house with Luis Barragán inspired interior"
                    },
                    {
                        "archive_url": "https://raw.githubusercontent.com/infrastructureclub/open-house-london-images/master/images/2026/13700/building_13700_img_6239_d88ca7dd73736cc57084470b110ace17.jpeg",
                        "title": "Photo of 2 Belgrave Road: Victorian house with Luis Barragán inspired interior"
                    }
                ],
                "name": "2 Belgrave Road: Victorian house with Luis Barragán inspired interior",
                "new_venue_this_year": "Yes",
                "start": "11:00:00",
                "ticketed_events": "No",
                "url": "https://programme.openhouse.org.uk/listings/13700"
            },
            "type": "Feature"
        },
        {
            "geometry": {
                "coordinates": [
                    0.01249,
                    51.48607
                ],
                "type": "Point"
            },
            "properties": {
                "balloted": "No",
                "description": "18 Woolwich Road is a listed building known as the \"Lodge\", and part of the Greenwich Royal Hospital the entrance gatehouse of the third cemetery now a public park the Pleasaunce. The building is now a house occupied by Artist Fran Cottell who has added an extraordinary history using the house for her own work. A glazed roof to the rear addition has been designed by Elden Croy Architect.",
                "end": "18:00:00",
                "fully_booked": "",
                "images": [
                    {
                        "archive_url": "https://raw.githubusercontent.com/infrastructureclub/open-house-london-images/master/images/2026/13701/building_13701_18wrfront_90709c7b167c36d69214e495d5d81cee.jpg",
                        "title": "Credit: Elden Croy"
                    },
                    {
                        "archive_url": "https://raw.githubusercontent.com/infrastructureclub/open-house-london-images/master/images/2026/13701/building_13701_18wrrearglazedroof_49c6c6013c9135be6646c22a0efa8bcd.jpg",
                        "title": "Photo of Open House 18 Woolwich Road"
                    }
                ],
                "name": "Open House 18 Woolwich Road",
                "new_venue_this_year": "Yes",
                "start": "11:00:00",
                "ticketed_events": "No",
                "url": "https://programme.openhouse.org.uk/listings/13701"
            },
            "type": "Feature"
        },
        {
            "geometry": {
                "coordinates": [
                    -0.12504,
                    51.53218
                ],
                "type": "Point"
            },
            "properties": {
                "balloted": "No",
                "description": "Moving through the King’s Cross area, the tour explores how green spaces shape everyday life. Walk with a landscape architect to see how design intentions are maintained, adapted, or reinterpreted by the people who use them. By speaking with designers, planners and local residents as part of the tour research, the tour captures stories that reveal how public spaces are imagined, experienced and shared.",
                "end": "12:30:00",
                "fully_booked": "Yes",
                "images": [
                    {
                        "archive_url": "https://raw.githubusercontent.com/infrastructureclub/open-house-london-images/master/images/2026/13703/building_13703_open-house-2026-tour-image-1_2f371036762cf12c47a16a88a6373581.jpg",
                        "title": "Photo of An ideal city tour with a landscape architect"
                    }
                ],
                "name": "An ideal city tour with a landscape architect",
                "new_venue_this_year": "Yes",
                "start": "10:30:00",
                "ticketed_events": "Yes",
                "url": "https://programme.openhouse.org.uk/listings/13703"
            },
            "type": "Feature"
        },
        {
            "geometry": {
                "coordinates": [
                    -0.09654,
                    51.36532
                ],
                "type": "Point"
            },
            "properties": {
                "balloted": "No",
                "description": "The South Wing is a design-led Victorian home, location house and creative space in Croydon, shaped by a belief that beauty, atmosphere and thoughtful detail can change how people feel. For Open House, visitors are invited inside a private residential space that explores home as stage, sanctuary and cultural invitation.",
                "end": "17:30:00",
                "fully_booked": "Yes",
                "images": [
                    {
                        "archive_url": "https://raw.githubusercontent.com/infrastructureclub/open-house-london-images/master/images/2026/13708/building_13708_beth-davis_living-room-1-copy-2_99915166d706653721470542f5f2f3dd.jpeg",
                        "title": "Photo of The South Wing"
                    },
                    {
                        "archive_url": "https://raw.githubusercontent.com/infrastructureclub/open-house-london-images/master/images/2026/13708/building_13708_beth-davis_living-room-4_e9de8e8d74f20164545e2dc69dd78271.jpeg",
                        "title": "Photo of The South Wing"
                    },
                    {
                        "archive_url": "https://raw.githubusercontent.com/infrastructureclub/open-house-london-images/master/images/2026/13708/building_13708_beth-davis_bathroom-6-1_0b1acef32150e12bfc8e9f675d5c7758.jpg",
                        "title": "Photo of The South Wing"
                    },
                    {
                        "archive_url": "https://raw.githubusercontent.com/infrastructureclub/open-house-london-images/master/images/2026/13708/building_13708_beth-davis_bathroom-3_318fdca90b361e865e3a6aa71eccf5c2.jpg",
                        "title": "Photo of The South Wing"
                    },
                    {
                        "archive_url": "https://raw.githubusercontent.com/infrastructureclub/open-house-london-images/master/images/2026/13708/building_13708_beth-davis_bedroom-master-13_aef04d836934a7d282c0684636511495.jpg",
                        "title": "Photo of The South Wing"
                    },
                    {
                        "archive_url": "https://raw.githubusercontent.com/infrastructureclub/open-house-london-images/master/images/2026/13708/building_13708_beth-davis_dining-room-4_3aad65374b503c7f88a0702046c9d2a8.jpg",
                        "title": "Photo of The South Wing"
                    },
                    {
                        "archive_url": "https://raw.githubusercontent.com/infrastructureclub/open-house-london-images/master/images/2026/13708/building_13708_beth-davis_downstairs-powder-room-3_c881fb0fea2fdc721c48ef3a14152148.jpeg",
                        "title": "Photo of The South Wing"
                    },
                    {
                        "archive_url": "https://raw.githubusercontent.com/infrastructureclub/open-house-london-images/master/images/2026/13708/building_13708_beth-davis_dressing-room-2_3658bfdcd09a4b07ea854ee59ef5083b.jpeg",
                        "title": "Photo of The South Wing"
                    },
                    {
                        "archive_url": "https://raw.githubusercontent.com/infrastructureclub/open-house-london-images/master/images/2026/13708/building_13708_beth-davis_hallway-6_7383578a317e5ca6b4d0d0befa6be84a.jpeg",
                        "title": "Photo of The South Wing"
                    },
                    {
                        "archive_url": "https://raw.githubusercontent.com/infrastructureclub/open-house-london-images/master/images/2026/13708/building_13708_beth-davis_kitchen-5_90ba9ea8e6a4592af1391e91425a0cb6.jpeg",
                        "title": "Photo of The South Wing"
                    },
                    {
                        "archive_url": "https://raw.githubusercontent.com/infrastructureclub/open-house-london-images/master/images/2026/13708/building_13708_beth-davis_kitchen-1_58a881023f699b558627169f5e7377dd.jpeg",
                        "title": "Photo of The South Wing"
                    },
                    {
                        "archive_url": "https://raw.githubusercontent.com/infrastructureclub/open-house-london-images/master/images/2026/13708/building_13708_beth-davis_spare-room-2_8243b078e0631d7c32680f1040df3ea8.jpg",
                        "title": "Photo of The South Wing"
                    },
                    {
                        "archive_url": "https://raw.githubusercontent.com/infrastructureclub/open-house-london-images/master/images/2026/13708/building_13708_beth-davis_spare-room-3_16826dc57d7a95a1d7eadbf8a11a2e86.jpg",
                        "title": "Photo of The South Wing"
                    }
                ],
                "name": "The South Wing",
                "new_venue_this_year": "Yes",
                "start": "10:30:00",
                "ticketed_events": "Yes",
                "url": "https://programme.openhouse.org.uk/listings/13708"
            },
            "type": "Feature"
        },
        {
            "geometry": {
                "coordinates": [
                    -0.13457,
                    51.54225
                ],
                "type": "Point"
            },
            "properties": {
                "balloted": "No",
                "description": "As we leave behind a sweltering summer and face climate change going forward, we must ask ourselves how we can live more sustainably and comfortably in the decades to come. This walking tour explores a variety of architectural design responses to this question - from net-zero homes and natural material, to cohesive and sustainable communities.",
                "end": "13:00:00",
                "fully_booked": "Yes",
                "images": [
                    {
                        "archive_url": "https://raw.githubusercontent.com/infrastructureclub/open-house-london-images/master/images/2026/13719/building_13719_camden-mews_36db7664f6b4d316feec2b637fb5cd18.png",
                        "title": "Photo of Pioneering sustainable design for a changing climate"
                    },
                    {
                        "archive_url": "https://raw.githubusercontent.com/infrastructureclub/open-house-london-images/master/images/2026/13719/building_13719_ifrah_gka_tour_d4c381f2e6d07791e57da8b0c55cb2f6.jpg",
                        "title": "Photo of Pioneering sustainable design for a changing climate"
                    }
                ],
                "name": "Pioneering sustainable design for a changing climate",
                "new_venue_this_year": "Yes",
                "start": "11:00:00",
                "ticketed_events": "Yes",
                "url": "https://programme.openhouse.org.uk/listings/13719"
            },
            "type": "Feature"
        },
        {
            "geometry": {
                "coordinates": [
                    -0.10975,
                    51.59728
                ],
                "type": "Point"
            },
            "properties": {
                "balloted": "No",
                "description": "This walking tour with a relaxed pace is a culturally immersive food journey through one of North London’s most vibrant and underappreciated culinary corridors. The area from Manor House to Wood Green is famous for rich Turkish, Kurdish, Mediterranean, Middle Eastern, bakery, café, and family-run eateries.",
                "end": "14:30:00",
                "fully_booked": "Yes",
                "images": [
                    {
                        "archive_url": "https://raw.githubusercontent.com/infrastructureclub/open-house-london-images/master/images/2026/13725/building_13725_tangka-tours-haringey-green-lanes-picture3_d5750b9d6e0a799586c864dffec4a582.jpg",
                        "title": "Tangkatours"
                    }
                ],
                "name": "Harringay Green Lanes eateries tour",
                "new_venue_this_year": "Yes",
                "start": "13:00:00",
                "ticketed_events": "Yes",
                "url": "https://programme.openhouse.org.uk/listings/13725"
            },
            "type": "Feature"
        },
        {
            "geometry": {
                "coordinates": [
                    -0.11063,
                    51.4953
                ],
                "type": "Point"
            },
            "properties": {
                "balloted": "No",
                "description": "Let’s find out about the Irish who lived just south of the river Thames.\r\nTheir story and achievements, covering the last few centuries to recent times, incorporating local London history whilst strolling through beautiful historic parks and Georgian squares. Starts outside The Tankard pub, Kennington Road. SE11. Finishing at Kennington Park. SE11.",
                "end": "13:00:00",
                "fully_booked": "Yes",
                "images": [
                    {
                        "archive_url": "https://raw.githubusercontent.com/infrastructureclub/open-house-london-images/master/images/2026/13726/building_13726_1000114938_3bcd63ac832c5a73c294ab5742d49ed3.jpg",
                        "title": "Christina Fitzgerald"
                    },
                    {
                        "archive_url": "https://raw.githubusercontent.com/infrastructureclub/open-house-london-images/master/images/2026/13726/building_13726_screenshot_20260601_130856_google_36c212eb2c8017229d3f4559d102c744.jpg",
                        "title": "Irish Stories South of the River"
                    },
                    {
                        "archive_url": "https://raw.githubusercontent.com/infrastructureclub/open-house-london-images/master/images/2026/13726/building_13726_screenshot_20260601_121445_google_99035be44e0d4c1916bcfc2f39e442f0.jpg",
                        "title": "Christina Fitzgerald"
                    },
                    {
                        "archive_url": "https://raw.githubusercontent.com/infrastructureclub/open-house-london-images/master/images/2026/13726/building_13726_1000118020_ad841639ea041fd0a9ad20dc1d064946.jpg",
                        "title": "Christina Fitzgerald"
                    }
                ],
                "name": "Irish Stories South of the River",
                "new_venue_this_year": "Yes",
                "start": "11:00:00",
                "ticketed_events": "Yes",
                "url": "https://programme.openhouse.org.uk/listings/13726"
            },
            "type": "Feature"
        },
        {
            "geometry": {
                "coordinates": [
                    -0.11853,
                    51.53469
                ],
                "type": "Point"
            },
            "properties": {
                "balloted": "No",
                "description": "Obra is Sordo Madaleno’s transdisciplinary laboratory, open library, and public living room, turning our London studio into a public-facing space for curiosity, testing, and dialogue. An addition to London's architectural landscape, Obra will host temporary exhibitions, events, and talks fostering exchange between the studio, the environments it works within, and the communities it engages.",
                "end": "16:30:00",
                "fully_booked": "",
                "images": [
                    {
                        "archive_url": "https://raw.githubusercontent.com/infrastructureclub/open-house-london-images/master/images/2026/13733/building_13733_260427_obra_memory_as_material_photo_michelleaarlaht_interior_6_1640a00d764850ad2b00327f69345d52.jpg",
                        "title": "Photo of Obra"
                    },
                    {
                        "archive_url": "https://raw.githubusercontent.com/infrastructureclub/open-house-london-images/master/images/2026/13733/building_13733_01_obra_canal-entrance_-nick-dearden_3f9ff5bf61d77c7fb5ba78da1cca68a2.jpg",
                        "title": "Photo of Obra"
                    }
                ],
                "name": "Obra",
                "new_venue_this_year": "Yes",
                "start": "10:30:00",
                "ticketed_events": "No",
                "url": "https://programme.openhouse.org.uk/listings/13733"
            },
            "type": "Feature"
        },
        {
            "geometry": {
                "coordinates": [
                    -0.05464,
                    51.54974
                ],
                "type": "Point"
            },
            "properties": {
                "balloted": "No",
                "description": "An interactive print making workshop exploring the threshold between public and gallery space through exchange and collection. Using the gallery hatch, visitors are invited to transform found ephemera into printed artworks. Inspired by the exhibiting artists' practices, the workshop playfully turns the gallery into a machine for making art, reimagining the traces of everyday life in Hackney.",
                "end": "16:00:00",
                "fully_booked": "",
                "images": [
                    {
                        "archive_url": "https://raw.githubusercontent.com/infrastructureclub/open-house-london-images/master/images/2026/13736/building_13736_laura-nies-4_5f08777b62e39d93552541f82bc57793.jpeg",
                        "title": "Photo of Print Portal"
                    }
                ],
                "name": "Print Portal",
                "new_venue_this_year": "Yes",
                "start": "13:00:00",
                "ticketed_events": "No",
                "url": "https://programme.openhouse.org.uk/listings/13736"
            },
            "type": "Feature"
        },
        {
            "geometry": {
                "coordinates": [
                    -0.16953,
                    51.52556
                ],
                "type": "Point"
            },
            "properties": {
                "balloted": "No",
                "description": "Lisson Grove Studios is a 1088m2 mixed use creative workspace hub providing permanent, affordable workspace for artists, designers, makers and small creative businesses.\r\n\r\nThe complex opened in February 2026 and includes 38 creative enterprise studios, a café, dance & rehearsal studio, 22 desk spaces, a meeting room, two phone booths and an exhibition space, arranged over 5 split level floors.",
                "end": "14:45:00",
                "fully_booked": "Yes",
                "images": [
                    {
                        "archive_url": "https://raw.githubusercontent.com/infrastructureclub/open-house-london-images/master/images/2026/13744/building_13744_1l5a0417_1d6fb0c6e733660d4a08f1f3c77d77a7.jpg",
                        "title": "Photo of Lisson Grove Studios"
                    },
                    {
                        "archive_url": "https://raw.githubusercontent.com/infrastructureclub/open-house-london-images/master/images/2026/13744/building_13744_1l5a0239_fb0c3a5c00be776f289dd801da004a87.jpg",
                        "title": "Photo of Lisson Grove Studios"
                    },
                    {
                        "archive_url": "https://raw.githubusercontent.com/infrastructureclub/open-house-london-images/master/images/2026/13744/building_13744_1l5a0290_0e19cda2003be3bef382c2e5b7c542bd.jpg",
                        "title": "Photo of Lisson Grove Studios"
                    },
                    {
                        "archive_url": "https://raw.githubusercontent.com/infrastructureclub/open-house-london-images/master/images/2026/13744/building_13744_1l5a0444_ca3bb8258d4e82a7c36a580504779548.jpg",
                        "title": "Photo of Lisson Grove Studios"
                    },
                    {
                        "archive_url": "https://raw.githubusercontent.com/infrastructureclub/open-house-london-images/master/images/2026/13744/building_13744_1l5a0500_bb9062ef6b6a450ab162754c00e3dc2a.jpg",
                        "title": "Photo of Lisson Grove Studios"
                    },
                    {
                        "archive_url": "https://raw.githubusercontent.com/infrastructureclub/open-house-london-images/master/images/2026/13744/building_13744_1l5a0629_a3a965fe4254111218370e5e5dacf22e.jpg",
                        "title": "Photo of Lisson Grove Studios"
                    },
                    {
                        "archive_url": "https://raw.githubusercontent.com/infrastructureclub/open-house-london-images/master/images/2026/13744/building_13744_9s5a9875_800b220293702f2981e59c3f14074ee3.jpg",
                        "title": "Photo of Lisson Grove Studios"
                    },
                    {
                        "archive_url": "https://raw.githubusercontent.com/infrastructureclub/open-house-london-images/master/images/2026/13744/building_13744_1l5a0645_027dd0726240b7aa81734414d03baadf.jpg",
                        "title": "Photo of Lisson Grove Studios"
                    },
                    {
                        "archive_url": "https://raw.githubusercontent.com/infrastructureclub/open-house-london-images/master/images/2026/13744/building_13744_lisson-grove-_-brown-urbanism-_-findlay-macdonald-16_5c53a333c1f0db6b7ddd13bdd9ca5069.jpg",
                        "title": "Photo of Lisson Grove Studios"
                    },
                    {
                        "archive_url": "https://raw.githubusercontent.com/infrastructureclub/open-house-london-images/master/images/2026/13744/building_13744_lisson-grove-_-brown-urbanism-_-findlay-macdonald-4_2a27cf7cc1b807b68badbe05c6344cf2.jpg",
                        "title": "Photo of Lisson Grove Studios"
                    },
                    {
                        "archive_url": "https://raw.githubusercontent.com/infrastructureclub/open-house-london-images/master/images/2026/13744/building_13744_lisson-grove-_-brown-urbanism-_-findlay-macdonald-5_a320f78a0c37da9a69fe3b4e4ff4e3bf.jpg",
                        "title": "Photo of Lisson Grove Studios"
                    },
                    {
                        "archive_url": "https://raw.githubusercontent.com/infrastructureclub/open-house-london-images/master/images/2026/13744/building_13744_lisson-grove-_-brown-urbanism-_-findlay-macdonald-21_7a0cdff1725f9bdda585c0f73028710e.jpg",
                        "title": "Photo of Lisson Grove Studios"
                    },
                    {
                        "archive_url": "https://raw.githubusercontent.com/infrastructureclub/open-house-london-images/master/images/2026/13744/building_13744_lisson-grove-_-brown-urbanism-_-findlay-macdonald-30_4212c193202ddf921c58b8a1b9a664ed.jpg",
                        "title": "Photo of Lisson Grove Studios"
                    },
                    {
                        "archive_url": "https://raw.githubusercontent.com/infrastructureclub/open-house-london-images/master/images/2026/13744/building_13744_lisson-grove-_-brown-urbanism-_-findlay-macdonald-32_b85ff2eb43993290c34f5c3625d7944f.jpg",
                        "title": "Photo of Lisson Grove Studios"
                    }
                ],
                "name": "Lisson Grove Studios",
                "new_venue_this_year": "Yes",
                "start": "10:30:00",
                "ticketed_events": "Yes",
                "url": "https://programme.openhouse.org.uk/listings/13744"
            },
            "type": "Feature"
        },
        {
            "geometry": {
                "coordinates": [
                    -0.27507,
                    51.56024
                ],
                "type": "Point"
            },
            "properties": {
                "balloted": "No",
                "description": "A unique immersive theatre space in Wembley.\r\n\r\nPunchdrunk Enrichment creates immersive theatre experiences for families, schools and communities. Through our adventurous, high-quality approach to storytelling we champion the imagination.\r\nAt our creative home in Brent we run family theatre shows, community days, masterclasses and more. Come and explore!",
                "end": "14:45:00",
                "fully_booked": "Yes",
                "images": [
                    {
                        "archive_url": "https://raw.githubusercontent.com/infrastructureclub/open-house-london-images/master/images/2026/13747/building_13747_punchdrunk-enrichment-s-brent-young-makers-photo-by-stephen-dobbie_47403319bcf27aef5621a389c54f7f34.jpeg",
                        "title": "Photo of Punchdrunk Enrichment Stores"
                    },
                    {
                        "archive_url": "https://raw.githubusercontent.com/infrastructureclub/open-house-london-images/master/images/2026/13747/building_13747_punchdrunk-enrichment-stores-by-suzi-corker-2_817a3513b4bdb266e0785a96b5d0792d.jpg",
                        "title": "Photo of Punchdrunk Enrichment Stores"
                    },
                    {
                        "archive_url": "https://raw.githubusercontent.com/infrastructureclub/open-house-london-images/master/images/2026/13747/building_13747_punchdrunk-enrichment-s-brent-young-makers-photo-by-stephen-dobbie-1_af66984aaebd9b947c55355c40f32b21.jpeg",
                        "title": "Photo of Punchdrunk Enrichment Stores"
                    }
                ],
                "name": "Punchdrunk Enrichment Stores",
                "new_venue_this_year": "Yes",
                "start": "11:00:00",
                "ticketed_events": "Yes",
                "url": "https://programme.openhouse.org.uk/listings/13747"
            },
            "type": "Feature"
        },
        {
            "geometry": {
                "coordinates": [
                    -0.19593,
                    51.40414
                ],
                "type": "Point"
            },
            "properties": {
                "balloted": "No",
                "description": "A creatively refurbished family home showcasing sustainable reuse and handmade ceramics. Reclaimed cupboards, salvaged furniture and broken tiles have been transformed into bespoke kitchens, bathrooms and mosaics. Handmade ceramic sinks, lamps, tiles and decorative objects are integrated throughout the house, creating a unique interior where craft, sustainability and everyday living come together.",
                "end": "18:00:00",
                "fully_booked": "",
                "images": [
                    {
                        "archive_url": "https://raw.githubusercontent.com/infrastructureclub/open-house-london-images/master/images/2026/13749/building_13749_whatsapp-image-2026-06-27-at-15-42-51_23bbc5ce1dbb6b6f85f63caa07a4b7ce.jpeg",
                        "title": "Photo of Windermere av, Merton"
                    },
                    {
                        "archive_url": "https://raw.githubusercontent.com/infrastructureclub/open-house-london-images/master/images/2026/13749/building_13749_whatsapp-image-2026-06-27-at-15-41-28_ea879859ce0b547137594cb1699d3ed0.jpeg",
                        "title": "Photo of Windermere av, Merton"
                    },
                    {
                        "archive_url": "https://raw.githubusercontent.com/infrastructureclub/open-house-london-images/master/images/2026/13749/building_13749_whatsapp-image-2026-06-27-at-15-45-38_fb9e64c2bfaa19aa323e5bffe3740412.jpeg",
                        "title": "Photo of Windermere av, Merton"
                    },
                    {
                        "archive_url": "https://raw.githubusercontent.com/infrastructureclub/open-house-london-images/master/images/2026/13749/building_13749_whatsapp-image-2026-06-27-at-15-42-51-1_38628a2aee8e194955a29df33a384fc3.jpeg",
                        "title": "Photo of Windermere av, Merton"
                    },
                    {
                        "archive_url": "https://raw.githubusercontent.com/infrastructureclub/open-house-london-images/master/images/2026/13749/building_13749_whatsapp-image-2026-06-27-at-15-41-00_82164633e0fae487881bafdde15772f8.jpeg",
                        "title": "Photo of Windermere av, Merton"
                    },
                    {
                        "archive_url": "https://raw.githubusercontent.com/infrastructureclub/open-house-london-images/master/images/2026/13749/building_13749_whatsapp-image-2026-06-27-at-15-42-50_34cc3f606ae522818500d39817b02fd2.jpeg",
                        "title": "Photo of Windermere av, Merton"
                    },
                    {
                        "archive_url": "https://raw.githubusercontent.com/infrastructureclub/open-house-london-images/master/images/2026/13749/building_13749_whatsapp-image-2026-06-27-at-15-42-12_fe0aca7b71351ab6e465c44c7198c6ad.jpeg",
                        "title": "Photo of Windermere av, Merton"
                    },
                    {
                        "archive_url": "https://raw.githubusercontent.com/infrastructureclub/open-house-london-images/master/images/2026/13749/building_13749_whatsapp-image-2026-06-27-at-15-42-50-2_31572ab1b70d6f29f005182ad777e2fd.jpeg",
                        "title": "Photo of Windermere av, Merton"
                    },
                    {
                        "archive_url": "https://raw.githubusercontent.com/infrastructureclub/open-house-london-images/master/images/2026/13749/building_13749_whatsapp-image-2026-06-27-at-15-42-50-1_3926c86dfbcdb0f73bb6c06c3ede69b5.jpeg",
                        "title": "Photo of Windermere av, Merton"
                    }
                ],
                "name": "Windermere av, Merton",
                "new_venue_this_year": "Yes",
                "start": "10:00:00",
                "ticketed_events": "No",
                "url": "https://programme.openhouse.org.uk/listings/13749"
            },
            "type": "Feature"
        },
        {
            "geometry": {
                "coordinates": [
                    -0.23711,
                    51.45098
                ],
                "type": "Point"
            },
            "properties": {
                "balloted": "No",
                "description": "Green Lodge is a low-energy family home by Stylus Architects, carefully embedded into the landscape of Putney Heath. Much of the accommodation is concealed below ground, allowing the building to maintain a modest presence whilst bringing natural light into every room through a series of lightwells and rooflights.",
                "end": "16:00:00",
                "fully_booked": "",
                "images": [
                    {
                        "archive_url": "https://raw.githubusercontent.com/infrastructureclub/open-house-london-images/master/images/2026/13757/building_13757_green-lodge-29-2-web-res_60e275ff0450e8fdfcff04360298bbba.jpg",
                        "title": "Photo of Green Lodge"
                    },
                    {
                        "archive_url": "https://raw.githubusercontent.com/infrastructureclub/open-house-london-images/master/images/2026/13757/building_13757_stylus-x-cast-roehampton8728_0ff4f26261cf08e0c4260d594387eef3.jpg",
                        "title": "Photo of Green Lodge"
                    },
                    {
                        "archive_url": "https://raw.githubusercontent.com/infrastructureclub/open-house-london-images/master/images/2026/13757/building_13757_stylus-x-cast-roehampton8689_e9848ce3d556bb6e9b0b690e7c01c07a.jpg",
                        "title": "Photo of Green Lodge"
                    },
                    {
                        "archive_url": "https://raw.githubusercontent.com/infrastructureclub/open-house-london-images/master/images/2026/13757/building_13757_stylus-x-cast-roehampton8665_1097587eb21869c37c86451e362692ee.jpg",
                        "title": "Photo of Green Lodge"
                    },
                    {
                        "archive_url": "https://raw.githubusercontent.com/infrastructureclub/open-house-london-images/master/images/2026/13757/building_13757_green-lodge-3-2-web-res_12c6f17fb3a4e33e9101e2df6ac9f5b0.jpg",
                        "title": "Photo of Green Lodge"
                    },
                    {
                        "archive_url": "https://raw.githubusercontent.com/infrastructureclub/open-house-london-images/master/images/2026/13757/building_13757_green-lodge-9-2-web-res_49e5d2574c2e66006c6e0e70f01172f8.jpg",
                        "title": "Photo of Green Lodge"
                    },
                    {
                        "archive_url": "https://raw.githubusercontent.com/infrastructureclub/open-house-london-images/master/images/2026/13757/building_13757_green-lodge-6-web-res_c48617e8d0f9fbca548c513b67a5470a.jpg",
                        "title": "Photo of Green Lodge"
                    },
                    {
                        "archive_url": "https://raw.githubusercontent.com/infrastructureclub/open-house-london-images/master/images/2026/13757/building_13757_green-lodge-24-web-res_8f8e8ffadf0c9231c3713e26ca003056.jpg",
                        "title": "Photo of Green Lodge"
                    },
                    {
                        "archive_url": "https://raw.githubusercontent.com/infrastructureclub/open-house-london-images/master/images/2026/13757/building_13757_green-lodge-13-web-res_9867c7d1e720713292c1cc494b6a4c78.jpg",
                        "title": "Photo of Green Lodge"
                    },
                    {
                        "archive_url": "https://raw.githubusercontent.com/infrastructureclub/open-house-london-images/master/images/2026/13757/building_13757_green-lodge-2-web-res_5edcc3e715941ca0767e5197515b7fec.jpg",
                        "title": "Photo of Green Lodge"
                    },
                    {
                        "archive_url": "https://raw.githubusercontent.com/infrastructureclub/open-house-london-images/master/images/2026/13757/building_13757_green-lodge-7-web-res_a9a520b5cbe2b82e71e941df8ff7017c.jpg",
                        "title": "Photo of Green Lodge"
                    },
                    {
                        "archive_url": "https://raw.githubusercontent.com/infrastructureclub/open-house-london-images/master/images/2026/13757/building_13757_green-lodge-1-web-res_70cba5a831fbe4f350c37f1b26075802.jpg",
                        "title": "Photo of Green Lodge"
                    },
                    {
                        "archive_url": "https://raw.githubusercontent.com/infrastructureclub/open-house-london-images/master/images/2026/13757/building_13757_green-lodge-4-2-web-res_698f4861e1fb9df4cf3b51fa6f647035.jpg",
                        "title": "Photo of Green Lodge"
                    },
                    {
                        "archive_url": "https://raw.githubusercontent.com/infrastructureclub/open-house-london-images/master/images/2026/13757/building_13757_green-lodge-8-web-res_33f9a9e4781b983fde5356beb1bf9e7f.jpg",
                        "title": "Photo of Green Lodge"
                    },
                    {
                        "archive_url": "https://raw.githubusercontent.com/infrastructureclub/open-house-london-images/master/images/2026/13757/building_13757_green-lodge-14-2-web-res_eaf0f00ac1a2837c4d71f3f17fec2235.jpg",
                        "title": "Photo of Green Lodge"
                    },
                    {
                        "archive_url": "https://raw.githubusercontent.com/infrastructureclub/open-house-london-images/master/images/2026/13757/building_13757_green-lodge-23-web-res_e96250997cd9a3e36c490d144da50151.jpg",
                        "title": "Photo of Green Lodge"
                    },
                    {
                        "archive_url": "https://raw.githubusercontent.com/infrastructureclub/open-house-london-images/master/images/2026/13757/building_13757_green-lodge-26-web-res_759f69db36cb0a5ef8f4a08246a9c16e.jpg",
                        "title": "Photo of Green Lodge"
                    },
                    {
                        "archive_url": "https://raw.githubusercontent.com/infrastructureclub/open-house-london-images/master/images/2026/13757/building_13757_green-lodge-32-web-res_01fbb903ebb4a563f89386014daf9d49.jpg",
                        "title": "Photo of Green Lodge"
                    },
                    {
                        "archive_url": "https://raw.githubusercontent.com/infrastructureclub/open-house-london-images/master/images/2026/13757/building_13757_green-lodge-31-2-web-res_5a9c4d89c08b835a0580e6c460160d91.jpg",
                        "title": "Photo of Green Lodge"
                    },
                    {
                        "archive_url": "https://raw.githubusercontent.com/infrastructureclub/open-house-london-images/master/images/2026/13757/building_13757_green-lodge-33-2-web-res_7734e9ae53747bb48f6612a9be23a0a4.jpg",
                        "title": "Photo of Green Lodge"
                    },
                    {
                        "archive_url": "https://raw.githubusercontent.com/infrastructureclub/open-house-london-images/master/images/2026/13757/building_13757_green-lodge-35-web-res_b147cf98997a0f1e2fde4c503dd8311c.jpg",
                        "title": "Photo of Green Lodge"
                    },
                    {
                        "archive_url": "https://raw.githubusercontent.com/infrastructureclub/open-house-london-images/master/images/2026/13757/building_13757_green-lodge-38-web-res_eee3b80a32f003936adffadb26330e4b.jpg",
                        "title": "Photo of Green Lodge"
                    },
                    {
                        "archive_url": "https://raw.githubusercontent.com/infrastructureclub/open-house-london-images/master/images/2026/13757/building_13757_green-lodge-52-web-res_022fc013a5ac229828adaa13fa0cd712.jpg",
                        "title": "Photo of Green Lodge"
                    },
                    {
                        "archive_url": "https://raw.githubusercontent.com/infrastructureclub/open-house-london-images/master/images/2026/13757/building_13757_green-lodge-58-web-res_1cb02141f407412e8855e97ea72618ac.jpg",
                        "title": "Photo of Green Lodge"
                    },
                    {
                        "archive_url": "https://raw.githubusercontent.com/infrastructureclub/open-house-london-images/master/images/2026/13757/building_13757_green-lodge-42-web-res_d7a3cc31f6e94f6acbb71f7d48753cf3.jpg",
                        "title": "Photo of Green Lodge"
                    },
                    {
                        "archive_url": "https://raw.githubusercontent.com/infrastructureclub/open-house-london-images/master/images/2026/13757/building_13757_green-lodge-56-web-res_a59a5582b3c70a9824c09d4923fd7cef.jpg",
                        "title": "Photo of Green Lodge"
                    },
                    {
                        "archive_url": "https://raw.githubusercontent.com/infrastructureclub/open-house-london-images/master/images/2026/13757/building_13757_green-lodge-57-web-res_60ec4c7049f0615ee2d0e6f872bc495d.jpg",
                        "title": "Photo of Green Lodge"
                    }
                ],
                "name": "Green Lodge",
                "new_venue_this_year": "Yes",
                "start": "10:00:00",
                "ticketed_events": "No",
                "url": "https://programme.openhouse.org.uk/listings/13757"
            },
            "type": "Feature"
        },
        {
            "geometry": {
                "coordinates": [
                    -0.31732,
                    51.50992
                ],
                "type": "Point"
            },
            "properties": {
                "balloted": "No",
                "description": "We would like to welcome the local community to join with us to celebrate being 150 years old this year.  Inside you'll be able to see a timeline of the Church's history, including its role in the community, and other displays. Tours of the worship space and the crypt will be available.",
                "end": "15:30:00",
                "fully_booked": "",
                "images": [
                    {
                        "archive_url": "https://raw.githubusercontent.com/infrastructureclub/open-house-london-images/master/images/2026/13758/building_13758_img-20260604-wa0007-copy_7c35194d441ff5aa9060542804b8ef21.jpeg",
                        "title": "Photo of St John's Church, Ealing"
                    },
                    {
                        "archive_url": "https://raw.githubusercontent.com/infrastructureclub/open-house-london-images/master/images/2026/13758/building_13758_sj-view-from-south-door-easter-2017_dc9f5fccdcfc47b320cb9e5b24401785.jpg",
                        "title": "Photo of St John's Church, Ealing"
                    }
                ],
                "name": "St John's Church, Ealing",
                "new_venue_this_year": "Yes",
                "start": "10:30:00",
                "ticketed_events": "No",
                "url": "https://programme.openhouse.org.uk/listings/13758"
            },
            "type": "Feature"
        },
        {
            "geometry": {
                "coordinates": [
                    -0.15417,
                    51.44255
                ],
                "type": "Point"
            },
            "properties": {
                "balloted": "No",
                "description": "On Sat 12th Sep, the church is holding it's annual 'Big Green Fair' and planning to open the balcony, sanctuary and chancel for tours of the mosaics, vestments and frontals to offer a fuller experience of the treasures of the church. There will be food, music and workshops on the day and we will run photography and paper airplane competitions on the balcony (not normally open to the public).",
                "end": "16:00:00",
                "fully_booked": "",
                "images": [
                    {
                        "archive_url": "https://raw.githubusercontent.com/infrastructureclub/open-house-london-images/master/images/2026/13776/building_13776_smb_b010e9a5d88cb917ee4a6c145a96889f.jpg",
                        "title": "Photo of St Mary & St John the Divine, Balham"
                    },
                    {
                        "archive_url": "https://raw.githubusercontent.com/infrastructureclub/open-house-london-images/master/images/2026/13776/building_13776_img_5418_5ef17e8dce426818ae2a5400f0e09858.jpg",
                        "title": "Photo of St Mary & St John the Divine, Balham"
                    },
                    {
                        "archive_url": "https://raw.githubusercontent.com/infrastructureclub/open-house-london-images/master/images/2026/13776/building_13776_history_3298423043abe950d79ba0acac6932f1.jpg",
                        "title": "Photo of St Mary & St John the Divine, Balham"
                    },
                    {
                        "archive_url": "https://raw.githubusercontent.com/infrastructureclub/open-house-london-images/master/images/2026/13776/building_13776_smb-03-20_dbfc203d3dfe2787150e6440234fb276.jpg",
                        "title": "Photo of St Mary & St John the Divine, Balham"
                    },
                    {
                        "archive_url": "https://raw.githubusercontent.com/infrastructureclub/open-house-london-images/master/images/2026/13776/building_13776_st-mary-s-balham-interior-nov-2019_cc3e3ae6d382edb4996418a273168370.jpeg",
                        "title": "Photo of St Mary & St John the Divine, Balham"
                    }
                ],
                "name": "St Mary & St John the Divine, Balham",
                "new_venue_this_year": "Yes",
                "start": "13:00:00",
                "ticketed_events": "No",
                "url": "https://programme.openhouse.org.uk/listings/13776"
            },
            "type": "Feature"
        },
        {
            "geometry": {
                "coordinates": [
                    -0.04353,
                    51.55532
                ],
                "type": "Point"
            },
            "properties": {
                "balloted": "No",
                "description": "A family home with a newly created living space with dramatic changes in height and subtly defined nooks and zones supporting contemporary family life. Punctured openings create new connections and viewpoints between and through the new spaces. These openings are highlighted in a bold, bright ultramarine blue that contrasts with the earthy palette of other new and redefined elements.",
                "end": "16:00:00",
                "fully_booked": "",
                "images": [
                    {
                        "archive_url": "https://raw.githubusercontent.com/infrastructureclub/open-house-london-images/master/images/2026/13784/building_13784_nimtim_architects_peek_a_blue_00_0a5edbe8ef4a7f75ec9fe574a4713ce7.jpg",
                        "title": "Photo of Peek-a-Blue"
                    },
                    {
                        "archive_url": "https://raw.githubusercontent.com/infrastructureclub/open-house-london-images/master/images/2026/13784/building_13784_nimtim_architects_peek_a_blue_01_34171cb74232e99314634b88ebe39b3a.jpg",
                        "title": "Photo of Peek-a-Blue"
                    },
                    {
                        "archive_url": "https://raw.githubusercontent.com/infrastructureclub/open-house-london-images/master/images/2026/13784/building_13784_nimtim_architects_peek_a_blue_02_415aef06b26e27c69cf00580970b220e.jpg",
                        "title": "Photo of Peek-a-Blue"
                    },
                    {
                        "archive_url": "https://raw.githubusercontent.com/infrastructureclub/open-house-london-images/master/images/2026/13784/building_13784_nimtim_architects_peek_a_blue_03_2a06d280b93f936b2f687696ebac73d3.jpg",
                        "title": "Photo of Peek-a-Blue"
                    },
                    {
                        "archive_url": "https://raw.githubusercontent.com/infrastructureclub/open-house-london-images/master/images/2026/13784/building_13784_nimtim_architects_peek_a_blue_04_bb6effcc6b20696b9cab53bcb456ecfe.jpg",
                        "title": "Photo of Peek-a-Blue"
                    },
                    {
                        "archive_url": "https://raw.githubusercontent.com/infrastructureclub/open-house-london-images/master/images/2026/13784/building_13784_nimtim_architects_peek_a_blue_06_750893b0e32b04fbec8edc24c85e9cff.jpg",
                        "title": "Photo of Peek-a-Blue"
                    },
                    {
                        "archive_url": "https://raw.githubusercontent.com/infrastructureclub/open-house-london-images/master/images/2026/13784/building_13784_nimtim_architects_peek_a_blue_07_7aeb6a804f3357632b3fbf8e9d69d752.jpg",
                        "title": "Photo of Peek-a-Blue"
                    },
                    {
                        "archive_url": "https://raw.githubusercontent.com/infrastructureclub/open-house-london-images/master/images/2026/13784/building_13784_nimtim_architects_peek_a_blue_08_10390afa655ca2074870ad33c8e8120c.jpg",
                        "title": "Photo of Peek-a-Blue"
                    }
                ],
                "name": "Peek-a-Blue",
                "new_venue_this_year": "Yes",
                "start": "10:00:00",
                "ticketed_events": "No",
                "url": "https://programme.openhouse.org.uk/listings/13784"
            },
            "type": "Feature"
        },
        {
            "geometry": {
                "coordinates": [
                    0.00173,
                    51.53127
                ],
                "type": "Point"
            },
            "properties": {
                "balloted": "No",
                "description": "West Ham pumping station was built to raise\r\nWest Ham sewage to the level of Sir Joseph\r\nBazalgette's Northern Outfall sewer (1864)\r\nalong which it could then flow under gravity\r\nto Beckton works for treatment.\r\nContains two unique Lilleshall beam steam engines.\r\nAlso once a power station to power the Westham Corpration Tramways",
                "end": "15:15:00",
                "fully_booked": "",
                "images": [
                    {
                        "archive_url": "https://raw.githubusercontent.com/infrastructureclub/open-house-london-images/master/images/2026/13785/building_13785_westham-2_950d39df32798ab73f26b2b4e248a541.jpg",
                        "title": "Photo of West Ham Pumping Station"
                    },
                    {
                        "archive_url": "https://raw.githubusercontent.com/infrastructureclub/open-house-london-images/master/images/2026/13785/building_13785_westham-pumphouse_a152da15e2c203ad40e95a85e7098b06.jpg",
                        "title": "Photo of West Ham Pumping Station"
                    }
                ],
                "name": "West Ham Pumping Station",
                "new_venue_this_year": "Yes",
                "start": "11:15:00",
                "ticketed_events": "No",
                "url": "https://programme.openhouse.org.uk/listings/13785"
            },
            "type": "Feature"
        },
        {
            "geometry": {
                "coordinates": [
                    -0.07946,
                    51.51094
                ],
                "type": "Point"
            },
            "properties": {
                "balloted": "No",
                "description": "A Great Fire Survivor, damaged in the blitz, the post war restoration of this fascinating building began 75 years ago this year.  Described by John Betjeman as a 'country church in the world of Seething Lane' the building uniquely blends medieval fabric with Festival of Britain era motifs. Explore the medieval crypt, 'Pepys' vestry, church tower and ringing room. Bellringing demonstrations.",
                "end": "17:30:00",
                "fully_booked": "No",
                "images": [
                    {
                        "archive_url": "https://raw.githubusercontent.com/infrastructureclub/open-house-london-images/master/images/2026/13791/building_13791_lfa-2026_12cefadb497444fc0d244e5cee654ebf.jpg",
                        "title": "Reverend Phillip Dawson"
                    },
                    {
                        "archive_url": "https://raw.githubusercontent.com/infrastructureclub/open-house-london-images/master/images/2026/13791/building_13791_crypt-chapel-july-29-2025_abf1a92194a6664f799fd0296c235b53.jpg",
                        "title": "Reverend Phillip Dawson"
                    }
                ],
                "name": "St Olave Hart Street",
                "new_venue_this_year": "Yes",
                "start": "12:30:00",
                "ticketed_events": "Yes",
                "url": "https://programme.openhouse.org.uk/listings/13791"
            },
            "type": "Feature"
        },
        {
            "geometry": {
                "coordinates": [
                    -0.14626,
                    51.46189
                ],
                "type": "Point"
            },
            "properties": {
                "balloted": "No",
                "description": "Founded in 1891, Royal Trinity Hospice is the oldest hospice in the UK, set within a terrace of listed Georgian houses overlooking Clapham Common and surrounded by landscaped gardens. Join us for a guided tour around the hospice and grounds, including areas of interest usually not open for visitors.",
                "end": "15:00:00",
                "fully_booked": "Yes",
                "images": [
                    {
                        "archive_url": "https://raw.githubusercontent.com/infrastructureclub/open-house-london-images/master/images/2026/13793/building_13793_langdon_260430_0051_e1db7b3d53c869a86a055c4d62b9c4ff.jpg",
                        "title": "Royal Trinity Hospice"
                    },
                    {
                        "archive_url": "https://raw.githubusercontent.com/infrastructureclub/open-house-london-images/master/images/2026/13793/building_13793_langdon_260430_0125_bba4c7f07fb1eee6501f92fec7aa7f99.jpg",
                        "title": "Royal Trinity Hospice"
                    },
                    {
                        "archive_url": "https://raw.githubusercontent.com/infrastructureclub/open-house-london-images/master/images/2026/13793/building_13793_o61a9781a_5097688918f28ff5c51d853096ae2441.jpg",
                        "title": "Royal Trinity Hospice"
                    },
                    {
                        "archive_url": "https://raw.githubusercontent.com/infrastructureclub/open-house-london-images/master/images/2026/13793/building_13793_ground-view-4_4a88672e1cff611433189ca9f356fb18.jpg",
                        "title": "Royal Trinity Hospice"
                    }
                ],
                "name": "Royal Trinity Hospice and grounds",
                "new_venue_this_year": "Yes",
                "start": "11:00:00",
                "ticketed_events": "Yes",
                "url": "https://programme.openhouse.org.uk/listings/13793"
            },
            "type": "Feature"
        },
        {
            "geometry": {
                "coordinates": [
                    -0.41245,
                    51.56877
                ],
                "type": "Point"
            },
            "properties": {
                "balloted": "No",
                "description": "Turning what was once a backland site into a two-storey, two-bedroom detached home, Wade House introduces a modern new-build to the heart of Metroland.",
                "end": "16:00:00",
                "fully_booked": "",
                "images": [
                    {
                        "archive_url": "https://raw.githubusercontent.com/infrastructureclub/open-house-london-images/master/images/2026/13795/building_13795_00_hero_wadhal-wade-house-lz-2026-1_299674015cc6e42aea05c18e77644283.jpg",
                        "title": "Photo of Wade House"
                    },
                    {
                        "archive_url": "https://raw.githubusercontent.com/infrastructureclub/open-house-london-images/master/images/2026/13795/building_13795_01_wadhal-wade-house-lz-2026-9_024ea69d2c3b0cbeb50ddfa91092eb82.jpg",
                        "title": "Photo of Wade House"
                    },
                    {
                        "archive_url": "https://raw.githubusercontent.com/infrastructureclub/open-house-london-images/master/images/2026/13795/building_13795_02_wadhal-wade-house-lz-2026-19_da0a3d29c931e5a4fe49bdc1a07ceda1.jpg",
                        "title": "Photo of Wade House"
                    },
                    {
                        "archive_url": "https://raw.githubusercontent.com/infrastructureclub/open-house-london-images/master/images/2026/13795/building_13795_03_wadhal-wade-house-lz-2026-20_2d45e9cd84cf00c80ce1660ea3dc454a.jpg",
                        "title": "Photo of Wade House"
                    },
                    {
                        "archive_url": "https://raw.githubusercontent.com/infrastructureclub/open-house-london-images/master/images/2026/13795/building_13795_04_wadhal-wade-house-lz-2026-23_b7dd9032408524b41696cf17368d088f.jpg",
                        "title": "Photo of Wade House"
                    },
                    {
                        "archive_url": "https://raw.githubusercontent.com/infrastructureclub/open-house-london-images/master/images/2026/13795/building_13795_05_wadhal-wade-house-lz-2026-38_e0e03bed2f587ed773857f5ac221ad45.jpg",
                        "title": "Photo of Wade House"
                    },
                    {
                        "archive_url": "https://raw.githubusercontent.com/infrastructureclub/open-house-london-images/master/images/2026/13795/building_13795_06_wadhal-wade-house-lz-2026-30_10fac540d60f3a9e692f7a8daf890530.jpg",
                        "title": "Photo of Wade House"
                    },
                    {
                        "archive_url": "https://raw.githubusercontent.com/infrastructureclub/open-house-london-images/master/images/2026/13795/building_13795_07_wadhal-wade-house-lz-2026-33_1daecd3e149901853c135ae90fc41d7f.jpg",
                        "title": "Photo of Wade House"
                    },
                    {
                        "archive_url": "https://raw.githubusercontent.com/infrastructureclub/open-house-london-images/master/images/2026/13795/building_13795_08_wadhal-wade-house-lz-2026-42_a27591d6a4117483b801b53d52842b6a.jpg",
                        "title": "Photo of Wade House"
                    },
                    {
                        "archive_url": "https://raw.githubusercontent.com/infrastructureclub/open-house-london-images/master/images/2026/13795/building_13795_09_wadhal-wade-house-lz-2026-47_957ede73489d75299a88d2adb1561f8e.jpg",
                        "title": "Photo of Wade House"
                    },
                    {
                        "archive_url": "https://raw.githubusercontent.com/infrastructureclub/open-house-london-images/master/images/2026/13795/building_13795_10_wadhal-wade-house-lz-2026-50_6d216a6f713ad3bd41bf962b3f7c3995.jpg",
                        "title": "Photo of Wade House"
                    }
                ],
                "name": "Wade House",
                "new_venue_this_year": "Yes",
                "start": "12:00:00",
                "ticketed_events": "No",
                "url": "https://programme.openhouse.org.uk/listings/13795"
            },
            "type": "Feature"
        },
        {
            "geometry": {
                "coordinates": [
                    -0.11282,
                    51.53885
                ],
                "type": "Point"
            },
            "properties": {
                "balloted": "No",
                "description": "Renovated by Fynn Architects, this early Victorian flat in the Barnsbury Conservation Area has been reconfigured for a young family. The previous layout left the kitchen stranded in a cramped, pokey room at the rear, so the project brings it forward into the front room and reworks the layout around how the family actually lives, adding a new WC and a nursery for the new arrival.",
                "end": "16:30:00",
                "fully_booked": "",
                "images": [
                    {
                        "archive_url": "https://raw.githubusercontent.com/infrastructureclub/open-house-london-images/master/images/2026/13796/building_13796_barnsbury-kitchen-renovation_242ec0377944ed9adda468f95ba0ba28.jpg",
                        "title": "Fynn Architects"
                    }
                ],
                "name": "Barnsbury Flat",
                "new_venue_this_year": "Yes",
                "start": "10:00:00",
                "ticketed_events": "No",
                "url": "https://programme.openhouse.org.uk/listings/13796"
            },
            "type": "Feature"
        },
        {
            "geometry": {
                "coordinates": [
                    -0.47661,
                    51.54345
                ],
                "type": "Point"
            },
            "properties": {
                "balloted": "No",
                "description": "Discover the architectural and civic history of Hillingdon Civic Centre on a guided tour led by local history and architecture experts. Explore its distinctive design and incorporation of the old tow, marriage room, public artworks, stained glass,  iconic \"Bones\" artwork, Lady Hillingdon portrait and Jane Grey window, revealing how this landmark reflects Hillingdon's heritage, identity and growth.",
                "end": "12:00:00",
                "fully_booked": "Yes",
                "images": [
                    {
                        "archive_url": "https://raw.githubusercontent.com/infrastructureclub/open-house-london-images/master/images/2026/13803/building_13803_hillingdon_civic_centre-_april_2024_-3_331b4b630aaa1bea582c58427deab05a.jpg",
                        "title": "Photo of Hillingdon Civic Centre"
                    },
                    {
                        "archive_url": "https://raw.githubusercontent.com/infrastructureclub/open-house-london-images/master/images/2026/13803/building_13803_hillingdon_civic_centre-_april_2024_-4_56d25bcfe05a06540292a29fae240a22.jpg",
                        "title": "Photo of Hillingdon Civic Centre"
                    },
                    {
                        "archive_url": "https://raw.githubusercontent.com/infrastructureclub/open-house-london-images/master/images/2026/13803/building_13803_photo-2026-03-26-14-29-17_4e20962578daeb11d2b915047ef67fb1.jpg",
                        "title": "Photo of Hillingdon Civic Centre"
                    },
                    {
                        "archive_url": "https://raw.githubusercontent.com/infrastructureclub/open-house-london-images/master/images/2026/13803/building_13803_photo-2026-03-26-14-29-23_6eb43f4705f6103ec3cdc158abc830b9.jpg",
                        "title": "Photo of Hillingdon Civic Centre"
                    }
                ],
                "name": "Hillingdon Civic Centre",
                "new_venue_this_year": "Yes",
                "start": "11:00:00",
                "ticketed_events": "Yes",
                "url": "https://programme.openhouse.org.uk/listings/13803"
            },
            "type": "Feature"
        },
        {
            "geometry": {
                "coordinates": [
                    0.07451,
                    51.44821
                ],
                "type": "Point"
            },
            "properties": {
                "balloted": "No",
                "description": "The Avery Hill Winter Garden is a remarkable Victorian glasshouse set within the historic Avery Hill estate in southeast London. Built in the late 19th century, it was once home to an extensive collection of exotic plants and remains one of London’s largest surviving Victorian winter gardens.",
                "end": "16:00:00",
                "fully_booked": "",
                "images": [
                    {
                        "archive_url": "https://raw.githubusercontent.com/infrastructureclub/open-house-london-images/master/images/2026/13806/building_13806_norfolk-island-pine-winter-garden-1_c3726be4a2ce543c7231c51ea4f31318.jpg",
                        "title": "Photo of Avery Hill Winter Garden"
                    },
                    {
                        "archive_url": "https://raw.githubusercontent.com/infrastructureclub/open-house-london-images/master/images/2026/13806/building_13806_avery-hill-park-4_575dd1957db03ac9dfbd77dcecb148b1.jpg",
                        "title": "Photo of Avery Hill Winter Garden"
                    },
                    {
                        "archive_url": "https://raw.githubusercontent.com/infrastructureclub/open-house-london-images/master/images/2026/13806/building_13806_towering-roof-higher-than-kew-gardens_5bf9827c9a4172fc2fa5189a5a2f4822.jpg",
                        "title": "Photo of Avery Hill Winter Garden"
                    }
                ],
                "name": "Avery Hill Winter Garden",
                "new_venue_this_year": "Yes",
                "start": "10:00:00",
                "ticketed_events": "No",
                "url": "https://programme.openhouse.org.uk/listings/13806"
            },
            "type": "Feature"
        },
        {
            "geometry": {
                "coordinates": [
                    -0.09737,
                    51.37204
                ],
                "type": "Point"
            },
            "properties": {
                "balloted": "No",
                "description": "Right To Play is a celebration and a call to action to fight for our Right To Play. With bamboo den and structure building, Puppetry interaction, a \"Long Table Mud Kitchen\" play and a Run, Jump, Swing sculpture.",
                "end": "17:00:00",
                "fully_booked": "",
                "images": [
                    {
                        "archive_url": "https://raw.githubusercontent.com/infrastructureclub/open-house-london-images/master/images/2026/13808/building_13808_rtp-simondholmes-gb25-7-sml_84e558be4e6e363994a8bdc5ae4d6972.jpeg",
                        "title": "Photo of Pif-Paf: Right To Play"
                    },
                    {
                        "archive_url": "https://raw.githubusercontent.com/infrastructureclub/open-house-london-images/master/images/2026/13808/building_13808_rtp-flags-pborough-sml_36cbc1a1c9905cc0ff561af62a1da14f.jpeg",
                        "title": "Photo of Pif-Paf: Right To Play"
                    },
                    {
                        "archive_url": "https://raw.githubusercontent.com/infrastructureclub/open-house-london-images/master/images/2026/13808/building_13808_rtp-simondholmes-gb25-15-sml_38d5a4d1a0cb6b6f958b2b94e358ff88.jpeg",
                        "title": "Photo of Pif-Paf: Right To Play"
                    }
                ],
                "name": "Pif-Paf: Right To Play",
                "new_venue_this_year": "Yes",
                "start": "12:00:00",
                "ticketed_events": "No",
                "url": "https://programme.openhouse.org.uk/listings/13808"
            },
            "type": "Feature"
        },
        {
            "geometry": {
                "coordinates": [
                    -0.47577,
                    51.50154
                ],
                "type": "Point"
            },
            "properties": {
                "balloted": "No",
                "description": "Explore Southlands Arts Centre and discover the history and architecture of this Grade II listed Queen Anne-style building. Admire its distinctive red-brick façade, elegant decorative detailing and historic interiors, and learn how this former private residence has evolved into a thriving community arts centre, celebrating Hillingdon's rich architectural and cultural heritage.",
                "end": "16:00:00",
                "fully_booked": "",
                "images": [
                    {
                        "archive_url": "https://raw.githubusercontent.com/infrastructureclub/open-house-london-images/master/images/2026/13809/building_13809_west_drayton_southlands_3_d7911f84a8a0d33e95ea4cb786b7af78.jpg",
                        "title": "Photo of Southlands Arts Centre"
                    }
                ],
                "name": "Southlands Arts Centre",
                "new_venue_this_year": "Yes",
                "start": "10:00:00",
                "ticketed_events": "No",
                "url": "https://programme.openhouse.org.uk/listings/13809"
            },
            "type": "Feature"
        },
        {
            "geometry": {
                "coordinates": [
                    -0.09727,
                    51.37204
                ],
                "type": "Point"
            },
            "properties": {
                "balloted": "No",
                "description": "Be inspired by Croydon's space age buildings and aviation history - from Apollo and Lunar House, to Croydon Airport. Build your own models of familiar buildings redesigned as spacecrafts and transform the town centre into a space station.",
                "end": "17:00:00",
                "fully_booked": "",
                "images": [
                    {
                        "archive_url": "https://raw.githubusercontent.com/infrastructureclub/open-house-london-images/master/images/2026/13810/building_13810_8x1a5101-copy_3a05194c326cc85216fe25935a31ee65.jpg",
                        "title": "Photo of In Situ: Croydon Space Station"
                    },
                    {
                        "archive_url": "https://raw.githubusercontent.com/infrastructureclub/open-house-london-images/master/images/2026/13810/building_13810_8x1a5089-copy_5139510f95c8c091d08ad30ad9e8bc16.jpg",
                        "title": "Photo of In Situ: Croydon Space Station"
                    },
                    {
                        "archive_url": "https://raw.githubusercontent.com/infrastructureclub/open-house-london-images/master/images/2026/13810/building_13810_in-situ_southend_architecture-workshop_04-copy_ac01207a8ee83b92b53739b5c79c4bbc.jpg",
                        "title": "Photo of In Situ: Croydon Space Station"
                    }
                ],
                "name": "In Situ: Croydon Space Station",
                "new_venue_this_year": "Yes",
                "start": "12:00:00",
                "ticketed_events": "No",
                "url": "https://programme.openhouse.org.uk/listings/13810"
            },
            "type": "Feature"
        },
        {
            "geometry": {
                "coordinates": [
                    -0.09716999999999999,
                    51.37204
                ],
                "type": "Point"
            },
            "properties": {
                "balloted": "No",
                "description": "As part of the weekend event Build /  Play / Shape Croydon, MATT+FIONA will lead a collaborative cardboard-build activity inspired by landmarks from Croydon's skyline. Visitors of all ages can help create a large scale installation using pre-made silhouette templates and recycled materials, contributing to \"Croydon of the Future, Drawing on the Past\".",
                "end": "17:00:00",
                "fully_booked": "",
                "images": [
                    {
                        "archive_url": "https://raw.githubusercontent.com/infrastructureclub/open-house-london-images/master/images/2026/13811/building_13811_screenshot-2026-07-23-162509_9134cd7ba93b93f468b50efd232af9ff.png",
                        "title": "Photo of MATT + FIONA: Croydon Skyline"
                    }
                ],
                "name": "MATT + FIONA: Croydon Skyline",
                "new_venue_this_year": "Yes",
                "start": "12:00:00",
                "ticketed_events": "No",
                "url": "https://programme.openhouse.org.uk/listings/13811"
            },
            "type": "Feature"
        },
        {
            "geometry": {
                "coordinates": [
                    -0.12804,
                    51.5005
                ],
                "type": "Point"
            },
            "properties": {
                "balloted": "No",
                "description": "Behind the façade of power of Westminster lies a maze of backstreets, brimming with history from a medieval English village, prisons, slums, plague pits to birth of English printing and world of espionage… Trace the footsteps of suffragette and spies, and uncover the fascinating stories, people and events shaped British history.",
                "end": "16:00:00",
                "fully_booked": "Yes",
                "images": [
                    {
                        "archive_url": "https://raw.githubusercontent.com/infrastructureclub/open-house-london-images/master/images/2026/13816/building_13816_westminster1_b191289482386aeceb165d5038ae464c.jpg",
                        "title": "Photo of The hidden Streets of Westminster"
                    }
                ],
                "name": "The hidden Streets of Westminster",
                "new_venue_this_year": "Yes",
                "start": "14:00:00",
                "ticketed_events": "Yes",
                "url": "https://programme.openhouse.org.uk/listings/13816"
            },
            "type": "Feature"
        },
        {
            "geometry": {
                "coordinates": [
                    -0.14195,
                    51.51741
                ],
                "type": "Point"
            },
            "properties": {
                "balloted": "No",
                "description": "Ibraaz is a London-based cultural institution for art,  culture and ideas from the Global Majority. Bringing together artists, thinkers, and communities through exhibitions, film, debate, publishing, and multidisciplinary programming, Ibraaz creates a brave space where culture fosters exchange, pluralism, and shared humanity.",
                "end": "12:30:00",
                "fully_booked": "Yes",
                "images": [
                    {
                        "archive_url": "https://raw.githubusercontent.com/infrastructureclub/open-house-london-images/master/images/2026/13822/building_13822_ibraaz-at-93-mortimer-street_2-courtesy-of-ibraaz-photo-vipul-sangoi_3bfed83d3a30711fb8ff567d9584fea1.jpg",
                        "title": "Photo of Ibraaz"
                    },
                    {
                        "archive_url": "https://raw.githubusercontent.com/infrastructureclub/open-house-london-images/master/images/2026/13822/building_13822_on_1156d_01_eb703a3414da16f5b1760d66f8947d3b.jpg",
                        "title": "Photo of Ibraaz"
                    }
                ],
                "name": "Ibraaz",
                "new_venue_this_year": "Yes",
                "start": "11:30:00",
                "ticketed_events": "Yes",
                "url": "https://programme.openhouse.org.uk/listings/13822"
            },
            "type": "Feature"
        },
        {
            "geometry": {
                "coordinates": [
                    -0.12643,
                    51.50084
                ],
                "type": "Point"
            },
            "properties": {
                "balloted": "No",
                "description": "Walking tour of the sites of the last days of King Charles I and the legacy of the upheavals which cost him his life and still echo to this day.",
                "end": "15:30:00",
                "fully_booked": "Yes",
                "images": [
                    {
                        "archive_url": "https://raw.githubusercontent.com/infrastructureclub/open-house-london-images/master/images/2026/13863/building_13863_img_79531_b61dffc233d965785700090b5313fd0e.jpg",
                        "title": "Photo of Walking Tour:  Charles I - Monster or Martyr ?"
                    },
                    {
                        "archive_url": "https://raw.githubusercontent.com/infrastructureclub/open-house-london-images/master/images/2026/13863/building_13863_img_7934_85d72f5de72f1c5cd3fe6ad61243abfe.jpg",
                        "title": "Photo of Walking Tour:  Charles I - Monster or Martyr ?"
                    },
                    {
                        "archive_url": "https://raw.githubusercontent.com/infrastructureclub/open-house-london-images/master/images/2026/13863/building_13863_img-20260321-wa0057_65c15316ba81a81f548971f45dd566c7.jpg",
                        "title": "Photo of Walking Tour:  Charles I - Monster or Martyr ?"
                    }
                ],
                "name": "Walking Tour:  Charles I - Monster or Martyr ?",
                "new_venue_this_year": "Yes",
                "start": "11:00:00",
                "ticketed_events": "Yes",
                "url": "https://programme.openhouse.org.uk/listings/13863"
            },
            "type": "Feature"
        },
        {
            "geometry": {
                "coordinates": [
                    -0.01476,
                    51.51134
                ],
                "type": "Point"
            },
            "properties": {
                "balloted": "No",
                "description": "Guided tours exploring The Lansbury Estate and it's role in the Festival of Britain, 1951. Discover why 86,000 people travelled on special busses to Poplar to marvel at this new neighbourhood, designed to be a blueprint for Britain's post-war recovery. 45-minute-long walking tours led by knowledgeable local guides.",
                "end": "13:30:00",
                "fully_booked": "Yes",
                "images": [
                    {
                        "archive_url": "https://raw.githubusercontent.com/infrastructureclub/open-house-london-images/master/images/2026/13866/building_13866_clocktower_b85890bcb6d8b8467801c7032d3f3258.jpg",
                        "title": "Photo of The Lansbury Estate: Festival of Britain, Poplar 2026"
                    }
                ],
                "name": "The Lansbury Estate: Festival of Britain, Poplar 2026",
                "new_venue_this_year": "Yes",
                "start": "10:30:00",
                "ticketed_events": "Yes",
                "url": "https://programme.openhouse.org.uk/listings/13866"
            },
            "type": "Feature"
        },
        {
            "geometry": {
                "coordinates": [
                    -0.0812,
                    51.51239
                ],
                "type": "Point"
            },
            "properties": {
                "balloted": "No",
                "description": "This year marks LUC’s 60th anniversary. We are celebrating a legacy founded by two landscape architects and an ecologist, built on creativity, collaboration, and meaningful design. To mark the occasion, we are showcasing five projects highlighting the breadth and diversity of LUC’s work across disciplines and design approaches. Together, they demonstrate our thoughtful and impactful work.",
                "end": "10:00:00",
                "fully_booked": "Yes",
                "images": [
                    {
                        "archive_url": "https://raw.githubusercontent.com/infrastructureclub/open-house-london-images/master/images/2026/13867/building_13867_tga120_image-2_f124b38988955b0974bf8135c159898e.png",
                        "title": "LUC marketing team"
                    },
                    {
                        "archive_url": "https://raw.githubusercontent.com/infrastructureclub/open-house-london-images/master/images/2026/13867/building_13867_tga120_image-3_5a00e3129e407e5d724eefd5234c6b76.png",
                        "title": "LUC marketing team"
                    },
                    {
                        "archive_url": "https://raw.githubusercontent.com/infrastructureclub/open-house-london-images/master/images/2026/13867/building_13867_tga120_image-4_f4c8095ba2c383b61f09b145a97d5e76.png",
                        "title": "LUC marketing team"
                    },
                    {
                        "archive_url": "https://raw.githubusercontent.com/infrastructureclub/open-house-london-images/master/images/2026/13867/building_13867_tga120_image-6_74535f11911459350300c912224acb5a.png",
                        "title": "LUC marketing team"
                    },
                    {
                        "archive_url": "https://raw.githubusercontent.com/infrastructureclub/open-house-london-images/master/images/2026/13867/building_13867_tga120_image5_6588cc997223447e1276c0aa5916b7e7.png",
                        "title": "LUC marketing team"
                    },
                    {
                        "archive_url": "https://raw.githubusercontent.com/infrastructureclub/open-house-london-images/master/images/2026/13867/building_13867_tga120_image7_45a7fcdba13e35b82734327dd933b572.png",
                        "title": "LUC marketing team"
                    }
                ],
                "name": "LUC 60th Anniversary - TGA120",
                "new_venue_this_year": "Yes",
                "start": "09:00:00",
                "ticketed_events": "Yes",
                "url": "https://programme.openhouse.org.uk/listings/13867"
            },
            "type": "Feature"
        },
        {
            "geometry": {
                "coordinates": [
                    -0.15003,
                    51.6015
                ],
                "type": "Point"
            },
            "properties": {
                "balloted": "No",
                "description": "This year marks LUC’s 60th anniversary. We are celebrating a legacy founded by two landscape architects and an ecologist, built on creativity, collaboration, and meaningful design. To mark the occasion, we are showcasing five projects highlighting the breadth and diversity of LUC’s work across disciplines and design approaches. Together, they demonstrate our thoughtful and impactful work.",
                "end": "11:00:00",
                "fully_booked": "No",
                "images": [
                    {
                        "archive_url": "https://raw.githubusercontent.com/infrastructureclub/open-house-london-images/master/images/2026/13870/building_13870_halliwick-recreation-ground_-2_986f46c2bf555026e7a47fdb3231193a.jpg",
                        "title": "Photo of LUC 60th Anniversary - Halliwick Recreation Ground"
                    },
                    {
                        "archive_url": "https://raw.githubusercontent.com/infrastructureclub/open-house-london-images/master/images/2026/13870/building_13870_halliwick-recreation-ground__19e1a3083d3bf0bf79f0786fc7e7640f.jpg",
                        "title": "Photo of LUC 60th Anniversary - Halliwick Recreation Ground"
                    },
                    {
                        "archive_url": "https://raw.githubusercontent.com/infrastructureclub/open-house-london-images/master/images/2026/13870/building_13870_halliwick-recreation-ground_1_1137af0dcbf8499866583f6a065197d6.jpg",
                        "title": "Photo of LUC 60th Anniversary - Halliwick Recreation Ground"
                    },
                    {
                        "archive_url": "https://raw.githubusercontent.com/infrastructureclub/open-house-london-images/master/images/2026/13870/building_13870_halliwick-recreation-ground_-3_57dfcf0b7a99455f9935e5874f0e30ec.jpg",
                        "title": "Photo of LUC 60th Anniversary - Halliwick Recreation Ground"
                    },
                    {
                        "archive_url": "https://raw.githubusercontent.com/infrastructureclub/open-house-london-images/master/images/2026/13870/building_13870_halliwick-recreation-ground_-5_237cd3682ad76efb2821e832222c6868.jpg",
                        "title": "Photo of LUC 60th Anniversary - Halliwick Recreation Ground"
                    },
                    {
                        "archive_url": "https://raw.githubusercontent.com/infrastructureclub/open-house-london-images/master/images/2026/13870/building_13870_halliwick-recreation-ground_-6_5af55c3bf47441eebd185374d33664ce.jpg",
                        "title": "Photo of LUC 60th Anniversary - Halliwick Recreation Ground"
                    }
                ],
                "name": "LUC 60th Anniversary - Halliwick Recreation Ground",
                "new_venue_this_year": "Yes",
                "start": "10:00:00",
                "ticketed_events": "Yes",
                "url": "https://programme.openhouse.org.uk/listings/13870"
            },
            "type": "Feature"
        },
        {
            "geometry": {
                "coordinates": [
                    -0.17367,
                    51.54381
                ],
                "type": "Point"
            },
            "properties": {
                "balloted": "No",
                "description": "This year marks LUC’s 60th anniversary. We are celebrating a legacy founded by two landscape architects and an ecologist, built on creativity, collaboration, and meaningful design. To mark the occasion, we are showcasing five projects highlighting the breadth and diversity of LUC’s work across disciplines and design approaches. Together, they demonstrate our thoughtful and impactful work.",
                "end": "15:00:00",
                "fully_booked": "Yes",
                "images": [
                    {
                        "archive_url": "https://raw.githubusercontent.com/infrastructureclub/open-house-london-images/master/images/2026/13872/building_13872_swisscottage_1_c68de35cf3de10278ac459e9e892c5c7.png",
                        "title": "Photo of LUC 60th Anniversary - Swiss Cottage Open Space"
                    },
                    {
                        "archive_url": "https://raw.githubusercontent.com/infrastructureclub/open-house-london-images/master/images/2026/13872/building_13872_swiss-cottage__9a93eb9183544a44ad6a3bbb7e5f9823.jpg",
                        "title": "Photo of LUC 60th Anniversary - Swiss Cottage Open Space"
                    },
                    {
                        "archive_url": "https://raw.githubusercontent.com/infrastructureclub/open-house-london-images/master/images/2026/13872/building_13872_swiss-cottage_2_b8cb918dcb2dae57bf17b4c6218c4dbe.jpg",
                        "title": "Photo of LUC 60th Anniversary - Swiss Cottage Open Space"
                    },
                    {
                        "archive_url": "https://raw.githubusercontent.com/infrastructureclub/open-house-london-images/master/images/2026/13872/building_13872_swiss-cottage_-2_f4cfc069209371bfcdf246ec9e45e09e.jpg",
                        "title": "Photo of LUC 60th Anniversary - Swiss Cottage Open Space"
                    },
                    {
                        "archive_url": "https://raw.githubusercontent.com/infrastructureclub/open-house-london-images/master/images/2026/13872/building_13872_swiss-cottage_-3_447633b52e6d1d3e430f937414f11a37.jpg",
                        "title": "Photo of LUC 60th Anniversary - Swiss Cottage Open Space"
                    },
                    {
                        "archive_url": "https://raw.githubusercontent.com/infrastructureclub/open-house-london-images/master/images/2026/13872/building_13872_swiss-cottage_-4_f03baea88df556be50b118ff45cc47ab.jpg",
                        "title": "Photo of LUC 60th Anniversary - Swiss Cottage Open Space"
                    },
                    {
                        "archive_url": "https://raw.githubusercontent.com/infrastructureclub/open-house-london-images/master/images/2026/13872/building_13872_swiss-cottage_-5_e6943e21fed74f9f76b7f5e4d32a2222.jpg",
                        "title": "Photo of LUC 60th Anniversary - Swiss Cottage Open Space"
                    },
                    {
                        "archive_url": "https://raw.githubusercontent.com/infrastructureclub/open-house-london-images/master/images/2026/13872/building_13872_swiss-cottage_-6_6b7962b7ad796ea7feefdedfea6b2960.jpg",
                        "title": "Photo of LUC 60th Anniversary - Swiss Cottage Open Space"
                    },
                    {
                        "archive_url": "https://raw.githubusercontent.com/infrastructureclub/open-house-london-images/master/images/2026/13872/building_13872_swiss-cottage_-7_f0f8338dcf7a1c332eedad05fef7da5e.jpg",
                        "title": "Photo of LUC 60th Anniversary - Swiss Cottage Open Space"
                    }
                ],
                "name": "LUC 60th Anniversary - Swiss Cottage Open Space",
                "new_venue_this_year": "Yes",
                "start": "14:00:00",
                "ticketed_events": "Yes",
                "url": "https://programme.openhouse.org.uk/listings/13872"
            },
            "type": "Feature"
        },
        {
            "geometry": {
                "coordinates": [
                    -0.28402,
                    51.60329
                ],
                "type": "Point"
            },
            "properties": {
                "balloted": "No",
                "description": "This year marks LUC’s 60th anniversary. We are celebrating a legacy founded by two landscape architects and an ecologist, built on creativity, collaboration, and meaningful design. To mark the occasion, we are showcasing five projects highlighting the breadth and diversity of LUC’s work across disciplines and design approaches. Together, they demonstrate our thoughtful and impactful work.",
                "end": "13:00:00",
                "fully_booked": "Yes",
                "images": [
                    {
                        "archive_url": "https://raw.githubusercontent.com/infrastructureclub/open-house-london-images/master/images/2026/13873/building_13873_chandos-park-9_c347797d6e795f13cb593d6495ae679b.jpg",
                        "title": "Photo of LUC 60th Anniversary - Chandos Park"
                    },
                    {
                        "archive_url": "https://raw.githubusercontent.com/infrastructureclub/open-house-london-images/master/images/2026/13873/building_13873_chandos-park-2_03876391f86b48dd928bc5bdabb0b906.jpg",
                        "title": "Photo of LUC 60th Anniversary - Chandos Park"
                    },
                    {
                        "archive_url": "https://raw.githubusercontent.com/infrastructureclub/open-house-london-images/master/images/2026/13873/building_13873_chandos-park-3_64e2be69c584bc698118f4a4250ab09f.jpg",
                        "title": "Photo of LUC 60th Anniversary - Chandos Park"
                    },
                    {
                        "archive_url": "https://raw.githubusercontent.com/infrastructureclub/open-house-london-images/master/images/2026/13873/building_13873_chandos-park-4_6c095d1824552c4f26f8cc718c43d435.jpg",
                        "title": "Photo of LUC 60th Anniversary - Chandos Park"
                    },
                    {
                        "archive_url": "https://raw.githubusercontent.com/infrastructureclub/open-house-london-images/master/images/2026/13873/building_13873_chandos-park-5_660cfa23d82f1ec677752c50e65da417.jpg",
                        "title": "Photo of LUC 60th Anniversary - Chandos Park"
                    },
                    {
                        "archive_url": "https://raw.githubusercontent.com/infrastructureclub/open-house-london-images/master/images/2026/13873/building_13873_chandos-park-6_28e28c124119fcd897c6b3378dba71fc.jpg",
                        "title": "Photo of LUC 60th Anniversary - Chandos Park"
                    },
                    {
                        "archive_url": "https://raw.githubusercontent.com/infrastructureclub/open-house-london-images/master/images/2026/13873/building_13873_chandos-park-8_2aa2524eca8e2dbc1a900d961b63b849.jpg",
                        "title": "Photo of LUC 60th Anniversary - Chandos Park"
                    }
                ],
                "name": "LUC 60th Anniversary - Chandos Park",
                "new_venue_this_year": "Yes",
                "start": "12:00:00",
                "ticketed_events": "Yes",
                "url": "https://programme.openhouse.org.uk/listings/13873"
            },
            "type": "Feature"
        },
        {
            "geometry": {
                "coordinates": [
                    -0.09214,
                    51.56682
                ],
                "type": "Point"
            },
            "properties": {
                "balloted": "No",
                "description": "This year marks LUC’s 60th anniversary. We are celebrating a legacy founded by two landscape architects and an ecologist, built on creativity, collaboration, and meaningful design. To mark the occasion, we are showcasing five projects highlighting the breadth and diversity of LUC’s work across disciplines and design approaches. Together, they demonstrate our thoughtful and impactful work.",
                "end": "10:00:00",
                "fully_booked": "Yes",
                "images": [
                    {
                        "archive_url": "https://raw.githubusercontent.com/infrastructureclub/open-house-london-images/master/images/2026/13874/building_13874_west_reservoir_-7_f7c4dba02ef2025966fac2db6f9b03ac.jpg",
                        "title": "Photo of LUC 60th Anniversary - West Reservoir"
                    },
                    {
                        "archive_url": "https://raw.githubusercontent.com/infrastructureclub/open-house-london-images/master/images/2026/13874/building_13874_west_reservoir_-6_ebfabeffe18440aab7080fe5a30809ec.jpg",
                        "title": "Photo of LUC 60th Anniversary - West Reservoir"
                    },
                    {
                        "archive_url": "https://raw.githubusercontent.com/infrastructureclub/open-house-london-images/master/images/2026/13874/building_13874_west_reservoir_-4_f5396a4fb0e3bd82abfd2e0820f2d917.jpg",
                        "title": "Photo of LUC 60th Anniversary - West Reservoir"
                    },
                    {
                        "archive_url": "https://raw.githubusercontent.com/infrastructureclub/open-house-london-images/master/images/2026/13874/building_13874_west_reservoir_-3_fb09855cf5cf008a071d169c19617081.jpg",
                        "title": "Photo of LUC 60th Anniversary - West Reservoir"
                    },
                    {
                        "archive_url": "https://raw.githubusercontent.com/infrastructureclub/open-house-london-images/master/images/2026/13874/building_13874_west_reservoir_-2_9742e917327d4ad7ce4dd3de3d4d7f78.jpg",
                        "title": "Photo of LUC 60th Anniversary - West Reservoir"
                    },
                    {
                        "archive_url": "https://raw.githubusercontent.com/infrastructureclub/open-house-london-images/master/images/2026/13874/building_13874_west_reservoir__0a6ee92c354b7406fbaeded86c950c97.jpg",
                        "title": "Photo of LUC 60th Anniversary - West Reservoir"
                    },
                    {
                        "archive_url": "https://raw.githubusercontent.com/infrastructureclub/open-house-london-images/master/images/2026/13874/building_13874_west_reservoir_-5_cc52605c4404d8422cad594784ea1d5d.jpg",
                        "title": "Photo of LUC 60th Anniversary - West Reservoir"
                    }
                ],
                "name": "LUC 60th Anniversary - West Reservoir",
                "new_venue_this_year": "Yes",
                "start": "09:00:00",
                "ticketed_events": "Yes",
                "url": "https://programme.openhouse.org.uk/listings/13874"
            },
            "type": "Feature"
        },
        {
            "geometry": {
                "coordinates": [
                    -0.13776,
                    51.51702
                ],
                "type": "Point"
            },
            "properties": {
                "balloted": "No",
                "description": "We are a friendly artist run gallery in Wells Street offering affordable, handmade fine art prints with a broad range of subjects created using many different printmaking techniques.\r\nWe aim to encourage people who have never encountered art before to experience printmaking through our regular workshops.",
                "end": "13:00:00",
                "fully_booked": "Yes",
                "images": [
                    {
                        "archive_url": "https://raw.githubusercontent.com/infrastructureclub/open-house-london-images/master/images/2026/13875/building_13875_sbpm-73-wells-street-window_73122bd29be402382a7a2388df889a8e.jpg",
                        "title": "Photo of Southbank Printmakers"
                    },
                    {
                        "archive_url": "https://raw.githubusercontent.com/infrastructureclub/open-house-london-images/master/images/2026/13875/building_13875_martin-printing-at-sbpm_185bb19037ad91431a4ff3780a5ed99e.jpg",
                        "title": "Photo of Southbank Printmakers"
                    }
                ],
                "name": "Southbank Printmakers",
                "new_venue_this_year": "Yes",
                "start": "11:00:00",
                "ticketed_events": "Yes",
                "url": "https://programme.openhouse.org.uk/listings/13875"
            },
            "type": "Feature"
        },
        {
            "geometry": {
                "coordinates": [
                    -0.10031,
                    51.45032
                ],
                "type": "Point"
            },
            "properties": {
                "balloted": "No",
                "description": "Ongéan Ecosystem : \r\nArt Studios, Gallery, Performance Space, Edible Garden & Kitchen. All built and designed with 99% Reclaimed Materials by artist Adam Ge-Saelis.",
                "end": "18:00:00",
                "fully_booked": "",
                "images": [
                    {
                        "archive_url": "https://raw.githubusercontent.com/infrastructureclub/open-house-london-images/master/images/2026/13883/building_13883_img_0955_a4b1cc4fa0bf2cfa67595a38074262c6.jpeg",
                        "title": "Ongéan"
                    },
                    {
                        "archive_url": "https://raw.githubusercontent.com/infrastructureclub/open-house-london-images/master/images/2026/13883/building_13883_img_0958_ea1f11bffe50d35e987b80917e0e7dab.jpeg",
                        "title": "Ongéan"
                    },
                    {
                        "archive_url": "https://raw.githubusercontent.com/infrastructureclub/open-house-london-images/master/images/2026/13883/building_13883_img_0852_545b3a0e1aba532beea6944b5c23913a.jpeg",
                        "title": "Ongéan"
                    }
                ],
                "name": "Ongéan",
                "new_venue_this_year": "Yes",
                "start": "14:00:00",
                "ticketed_events": "No",
                "url": "https://programme.openhouse.org.uk/listings/13883"
            },
            "type": "Feature"
        },
        {
            "geometry": {
                "coordinates": [
                    -0.00162,
                    51.44235
                ],
                "type": "Point"
            },
            "properties": {
                "balloted": "No",
                "description": "Visit the Grade II listed Corbett Community Library building. This beautifully preserved Edwardian building is rich in architectural character and heritage, featuring , an impressive dome, ornate door handles, some stained glass and a historic brass plaque. Discover the history and craftsmanship of this remarkable community landmark during your visit.",
                "end": "15:00:00",
                "fully_booked": "",
                "images": [
                    {
                        "archive_url": "https://raw.githubusercontent.com/infrastructureclub/open-house-london-images/master/images/2026/13888/building_13888_event-day-2025_fba3f21ff59184552d302152259a92f6.jpg",
                        "title": "Rachel Braithwaite"
                    },
                    {
                        "archive_url": "https://raw.githubusercontent.com/infrastructureclub/open-house-london-images/master/images/2026/13888/building_13888_blue-skies_9ef2c0d6329548fb242ca70bef159eeb.jpg",
                        "title": "Rachel Braithwaite"
                    },
                    {
                        "archive_url": "https://raw.githubusercontent.com/infrastructureclub/open-house-london-images/master/images/2026/13888/building_13888_dome_10e45a4bb4d6ac4f1593d194c410746d.jpg",
                        "title": "Rachel Braithwaite"
                    }
                ],
                "name": "Corbett Community Library",
                "new_venue_this_year": "Yes",
                "start": "10:00:00",
                "ticketed_events": "No",
                "url": "https://programme.openhouse.org.uk/listings/13888"
            },
            "type": "Feature"
        },
        {
            "geometry": {
                "coordinates": [
                    -0.13297,
                    51.51381
                ],
                "type": "Point"
            },
            "properties": {
                "balloted": "No",
                "description": "A special exhibition exploring the people and places that shaped the area during the Second World War. Tracing famous figures who made Soho their home, and the ordinary everyday heroes who kept the area functioning and our spirits up!",
                "end": "17:00:00",
                "fully_booked": "",
                "images": [
                    {
                        "archive_url": "https://raw.githubusercontent.com/infrastructureclub/open-house-london-images/master/images/2026/13889/building_13889_west-end-at-war-final_12de51949b69585fd826cc96e41d83f2.jpg",
                        "title": "Museum of Soho"
                    },
                    {
                        "archive_url": "https://raw.githubusercontent.com/infrastructureclub/open-house-london-images/master/images/2026/13889/building_13889_img_20260818_134031_00b07eb36a274ab4710cab923e63e60c.png",
                        "title": "Museum of Soho"
                    }
                ],
                "name": "The West End At War",
                "new_venue_this_year": "Yes",
                "start": "12:00:00",
                "ticketed_events": "No",
                "url": "https://programme.openhouse.org.uk/listings/13889"
            },
            "type": "Feature"
        },
        {
            "geometry": {
                "coordinates": [
                    0.00134,
                    51.43589
                ],
                "type": "Point"
            },
            "properties": {
                "balloted": "No",
                "description": "Step back in time with a guided walk around the historic Excalibur Estate, the UK's largest surviving post-war prefabricated housing estate.\r\n\r\nDiscover why these remarkable homes were built in the aftermath of the Second World War, explore their innovative design and architecture, and hear the stories of the people who have made Excalibur their home over the decades.",
                "end": "15:00:00",
                "fully_booked": "Yes",
                "images": [
                    {
                        "archive_url": "https://raw.githubusercontent.com/infrastructureclub/open-house-london-images/master/images/2026/13891/building_13891_img_6493-2_30eb08c87fce4f5e3e5b25f6f3010732.jpg",
                        "title": "own photo"
                    },
                    {
                        "archive_url": "https://raw.githubusercontent.com/infrastructureclub/open-house-london-images/master/images/2026/13891/building_13891_img_6506_dab58d08e3dee66b04aa0e81c0831ecc.jpg",
                        "title": "own photo"
                    }
                ],
                "name": "Prefab Walking Tour - Excalibur Estate",
                "new_venue_this_year": "Yes",
                "start": "13:30:00",
                "ticketed_events": "Yes",
                "url": "https://programme.openhouse.org.uk/listings/13891"
            },
            "type": "Feature"
        },
        {
            "geometry": {
                "coordinates": [
                    -0.13082000000000002,
                    51.53106
                ],
                "type": "Point"
            },
            "properties": {
                "balloted": "No",
                "description": "A walk round Somers Town by locals founders  of a museum to preserve an area that feels at risk of extinction.\r\n\r\nA Space for Us – People’s Museum Somers Town is a space to preserve local voice and the area; to celebrate an incredible ‘radical, reformers and uncommon people’s‘ histories, to record the change now, as well as to campaign and preserve local working class heritage.",
                "end": "16:00:00",
                "fully_booked": "Yes",
                "images": [
                    {
                        "archive_url": "https://raw.githubusercontent.com/infrastructureclub/open-house-london-images/master/images/2026/13899/building_13899_000000060013-copy_302f416151bb21246b44c63f2c24d872.png",
                        "title": "https://www.alexkurunis.com/"
                    },
                    {
                        "archive_url": "https://raw.githubusercontent.com/infrastructureclub/open-house-london-images/master/images/2026/13899/building_13899_washing-lines-copy_09a3c5f303f75dccc72f9082db71c01a.jpeg",
                        "title": "Diana Foster"
                    },
                    {
                        "archive_url": "https://raw.githubusercontent.com/infrastructureclub/open-house-london-images/master/images/2026/13899/building_13899_000000020005_7670a7d3f7aa549fb99d47f803789b0c.jpg",
                        "title": "https://www.alexkurunis.com/"
                    }
                ],
                "name": "Somers Town - Photo walk",
                "new_venue_this_year": "Yes",
                "start": "14:00:00",
                "ticketed_events": "Yes",
                "url": "https://programme.openhouse.org.uk/listings/13899"
            },
            "type": "Feature"
        },
        {
            "geometry": {
                "coordinates": [
                    -0.02491,
                    51.54243
                ],
                "type": "Point"
            },
            "properties": {
                "balloted": "No",
                "description": "Bridge House is a mixed-use building by Studioshaw with 40 apartments and commercial space. The design is a new vernacular for multi-unit residential development in London. All apartments are dual-aspect and share a rooftop garden, with balconies over the canal and new public square. The facade is made from concrete elements cast only 750m from site. The building's structure is its architecture.",
                "end": "12:30:00",
                "fully_booked": "Yes",
                "images": [
                    {
                        "archive_url": "https://raw.githubusercontent.com/infrastructureclub/open-house-london-images/master/images/2026/13901/building_13901_bh-aug-0003_6adf928a21f416f7391b86e78b02ce2d.jpg",
                        "title": "Bridge house. Photo by James Brittain"
                    },
                    {
                        "archive_url": "https://raw.githubusercontent.com/infrastructureclub/open-house-london-images/master/images/2026/13901/building_13901_bh-aug-0002_6d9e1ba450d8767035e66f7a949dc73f.jpg",
                        "title": "Bridge House. Photo by James Brittain"
                    },
                    {
                        "archive_url": "https://raw.githubusercontent.com/infrastructureclub/open-house-london-images/master/images/2026/13901/building_13901_bh-aug-0004_038de9299aeda5cef8c9922e18287385.jpg",
                        "title": "Bridge House. Photo by James Brittain"
                    },
                    {
                        "archive_url": "https://raw.githubusercontent.com/infrastructureclub/open-house-london-images/master/images/2026/13901/building_13901_bh-aug-0001_e2bf33d670744d3e2de0d7d9a29d1f5d.jpg",
                        "title": "Bridge House. Photo by James Brittain"
                    }
                ],
                "name": "Bridge House",
                "new_venue_this_year": "Yes",
                "start": "10:00:00",
                "ticketed_events": "Yes",
                "url": "https://programme.openhouse.org.uk/listings/13901"
            },
            "type": "Feature"
        },
        {
            "geometry": {
                "coordinates": [
                    -0.02129,
                    51.44616
                ],
                "type": "Point"
            },
            "properties": {
                "balloted": "No",
                "description": "Lewisham Heritage is responsible for the collection, preservation and making available the history and heritage for Lewisham Council and its communities.\r\nWhile Lewisham Library is being refurbished our Heritage Reading Room is located at Catford Library.\r\n\r\nThere will be a display of archive material in Meeting Room 2 and hourly tours of the Heritage Reading Room.",
                "end": "16:00:00",
                "fully_booked": "",
                "images": [
                    {
                        "archive_url": "https://raw.githubusercontent.com/infrastructureclub/open-house-london-images/master/images/2026/13902/building_13902_millenium-33-5-6a_e46bda9188ba282ee73e6f2c67f735ac.jpg",
                        "title": "Lewisham Heritage"
                    },
                    {
                        "archive_url": "https://raw.githubusercontent.com/infrastructureclub/open-house-london-images/master/images/2026/13902/building_13902_20251101_151504_ac864d715b3cdf26a3cfd03830d11e97.jpg",
                        "title": "Lewisham Heritage"
                    }
                ],
                "name": "Lewisham Heritage at Catford Library",
                "new_venue_this_year": "Yes",
                "start": "10:30:00",
                "ticketed_events": "No",
                "url": "https://programme.openhouse.org.uk/listings/13902"
            },
            "type": "Feature"
        },
        {
            "geometry": {
                "coordinates": [
                    -0.13213,
                    51.51531
                ],
                "type": "Point"
            },
            "properties": {
                "balloted": "No",
                "description": "An original walking trail set to a celebratory soundtrack:\r\nuncovering lively tales of secret doors, latest crazes and 300 years of entertaining Soho- from Georgian masquerades to the beat of the present day. \r\nA collaboration between the Museum of Soho and site-responsive, immersive theatre makers Gideon Reeling, blending digital tech with performance",
                "end": "17:00:00",
                "fully_booked": "",
                "images": [
                    {
                        "archive_url": "https://raw.githubusercontent.com/infrastructureclub/open-house-london-images/master/images/2026/13910/building_13910_qr-to-soho-shuffle-site_16fb74006f1faaf139edcaace1e987cf.jpeg",
                        "title": "Gideon Reeling MoSoho Soho Shuffle"
                    },
                    {
                        "archive_url": "https://raw.githubusercontent.com/infrastructureclub/open-house-london-images/master/images/2026/13910/building_13910_pexels-ana-tinca-264849644-15156240_9e7b888f56746097b266c0833e721515.jpg",
                        "title": "Photo of Gideon Reeling’s The Soho Shuffle"
                    },
                    {
                        "archive_url": "https://raw.githubusercontent.com/infrastructureclub/open-house-london-images/master/images/2026/13910/building_13910_pexels-alecdoua-35348295_d06cd2b06e97666ebcf16c9369424cd4.jpg",
                        "title": "Photo of Gideon Reeling’s The Soho Shuffle"
                    },
                    {
                        "archive_url": "https://raw.githubusercontent.com/infrastructureclub/open-house-london-images/master/images/2026/13910/building_13910_carlisle-house_06115d5daf3a1db215fed65efa37749c.jpeg",
                        "title": "Westminster Archives"
                    },
                    {
                        "archive_url": "https://raw.githubusercontent.com/infrastructureclub/open-house-london-images/master/images/2026/13910/building_13910_soho-shuffle-logo-main-03_c21515047abeed4e07afa97a14f7aca0.png",
                        "title": "Alex Sabga Brady"
                    }
                ],
                "name": "Gideon Reeling’s The Soho Shuffle",
                "new_venue_this_year": "Yes",
                "start": "13:30:00",
                "ticketed_events": "No",
                "url": "https://programme.openhouse.org.uk/listings/13910"
            },
            "type": "Feature"
        },
        {
            "geometry": {
                "coordinates": [
                    -0.21996,
                    51.57117
                ],
                "type": "Point"
            },
            "properties": {
                "balloted": "No",
                "description": "Join Maccreanor Lavington for a walking tour of two of the first residential buildings to be delivered at Brent Cross Town – The Delamarre and Conductor House. The buildings form an important part of the emerging new town and demonstrate how high-quality architecture landscape and public realm can come together to create a distinctive and welcoming neighbourhood.",
                "end": "14:00:00",
                "fully_booked": "Yes",
                "images": [
                    {
                        "archive_url": "https://raw.githubusercontent.com/infrastructureclub/open-house-london-images/master/images/2026/13915/building_13915_fiona-smallshaw_brent-cross-000-edit-lr_2873f7cdb5c9d18d951e84e04251b32d.jpg",
                        "title": "Fiona Smallshaw"
                    },
                    {
                        "archive_url": "https://raw.githubusercontent.com/infrastructureclub/open-house-london-images/master/images/2026/13915/building_13915_fiona-smallshaw_brent-cross-006-lr_5cfec06d308e45033f683cad0127a6ea.jpg",
                        "title": "Fiona Smallshaw"
                    }
                ],
                "name": "The Delamarre & Conductor House, Brent Cross Town Tour",
                "new_venue_this_year": "Yes",
                "start": "11:00:00",
                "ticketed_events": "Yes",
                "url": "https://programme.openhouse.org.uk/listings/13915"
            },
            "type": "Feature"
        },
        {
            "geometry": {
                "coordinates": [
                    -0.12805,
                    51.51024
                ],
                "type": "Point"
            },
            "properties": {
                "balloted": "No",
                "description": "The building has had many incarnations since its construction in the 1890s as a woolen warehouse.   It became a home to the Italian Benevolent Society, then a fascist club, a serviceman's club, and now a library with the largest publicly accessible collection of Chinese language books in the UK.",
                "end": "14:00:00",
                "fully_booked": "No",
                "images": [
                    {
                        "archive_url": "https://raw.githubusercontent.com/infrastructureclub/open-house-london-images/master/images/2026/13932/building_13932_cclibrary_aac4f61617dd886ae466832eb31b42b7.jpg",
                        "title": "Westminster City Council"
                    }
                ],
                "name": "Charing Cross Library",
                "new_venue_this_year": "Yes",
                "start": "11:00:00",
                "ticketed_events": "Yes",
                "url": "https://programme.openhouse.org.uk/listings/13932"
            },
            "type": "Feature"
        },
        {
            "geometry": {
                "coordinates": [
                    -0.12028,
                    51.52892
                ],
                "type": "Point"
            },
            "properties": {
                "balloted": "No",
                "description": "Ever wondered just what makes a building interesting, characterful and joyful? It’s not just a vague sensation or an indescribable feeling. There are specific things you can look for.\r\n\r\nExplore the buildings around you using the Humanise Spotter’s Guide, a mobile-friendly guide which invites you to look more closely at the buildings around us, and think about how they’re shaping how we all feel.",
                "end": "16:00:00",
                "fully_booked": "",
                "images": [
                    {
                        "archive_url": "https://raw.githubusercontent.com/infrastructureclub/open-house-london-images/master/images/2026/13937/building_13937_using-guide_97ebee442ed5878b5099692cb0287253.png",
                        "title": "Humanise"
                    },
                    {
                        "archive_url": "https://raw.githubusercontent.com/infrastructureclub/open-house-london-images/master/images/2026/13937/building_13937_spotters-guide_ea2fbedee8d20b2b1b7006a77462ed2b.png",
                        "title": "Humanise"
                    }
                ],
                "name": "Humanise Spotters Guide: King's Cross",
                "new_venue_this_year": "Yes",
                "start": "09:00:00",
                "ticketed_events": "No",
                "url": "https://programme.openhouse.org.uk/listings/13937"
            },
            "type": "Feature"
        }
    ],
    "type": "FeatureCollection"
}