{
    "features": [
        {
            "geometry": {
                "coordinates": [
                    -0.25509,
                    51.48725
                ],
                "type": "Point"
            },
            "properties": {
                "balloted": "No",
                "description": "Early 18th century red brick country home of artist William Hogarth, extended significantly c. 1749-1764. The 2020 extension, funded by the National Lottery Heritage Fund, added the new Weston Studio for learning and activities, and a curved glass wall in the shape of Hogarth's Line of Beauty. Delightful re-landscaped and reinterpreted walled garden containing famous ancient mulberry tree.",
                "end": "15:30:00",
                "fully_booked": "No",
                "images": [
                    {
                        "archive_url": "https://raw.githubusercontent.com/infrastructureclub/open-house-london-images/master/images/2026/628/building_628_hogarth-s-house-and-mulberry-tree-may-2022_e9ef43e08cddd2552536335e567d1350.jpg",
                        "title": "Hogarth's House  (view of the historic house from the walled garden)"
                    },
                    {
                        "archive_url": "https://raw.githubusercontent.com/infrastructureclub/open-house-london-images/master/images/2026/628/building_628_hogarth-first-floor_d83df3e5dc2ea027eaeee662aea4e542.jpg",
                        "title": "Hogarth's House (First edition Hogarth's prints)"
                    },
                    {
                        "archive_url": "https://raw.githubusercontent.com/infrastructureclub/open-house-london-images/master/images/2026/628/building_628_extension-redevelopment-line-of-beauty-curved-glass_fe3a588086f32f5c00873838d6324d2e.jpg",
                        "title": "Hogarth's House (View to the 2020 extension)"
                    },
                    {
                        "archive_url": "https://raw.githubusercontent.com/infrastructureclub/open-house-london-images/master/images/2026/628/building_628_trump-in-window-2_01eef226a53c16fd12002c46691d26b0.jpg",
                        "title": "Hogarth's House  (View of Hogarth's oriel window)"
                    }
                ],
                "name": "Hogarth's House",
                "new_venue_this_year": "No",
                "start": "13:00:00",
                "ticketed_events": "Yes",
                "url": "https://programme.openhouse.org.uk/listings/628"
            },
            "type": "Feature"
        },
        {
            "geometry": {
                "coordinates": [
                    -0.12291,
                    51.51802
                ],
                "type": "Point"
            },
            "properties": {
                "balloted": "No",
                "description": "Grade II-listed Georgian domestic building c.1760, formerly part of the Bedford Estate. Interior refurbished 1925 to form lecture hall (restored 2014), library, bookshop and offices. Oak woodwork and green Doulton tiles line the staircase.",
                "end": "16:30:00",
                "fully_booked": "No",
                "images": [
                    {
                        "archive_url": "https://raw.githubusercontent.com/infrastructureclub/open-house-london-images/master/images/2026/889/building_889_swedenborg-hall_264a007f81a582f8f0af1fd74869529c.jpg",
                        "title": "Swedenborg Hall - James Wilson"
                    },
                    {
                        "archive_url": "https://raw.githubusercontent.com/infrastructureclub/open-house-london-images/master/images/2026/889/building_889_david-wynter-room_548ffae9d7a67f97019eb7ce0b7b0ff1.jpg",
                        "title": "David Wynter Room - James Wilson"
                    },
                    {
                        "archive_url": "https://raw.githubusercontent.com/infrastructureclub/open-house-london-images/master/images/2026/889/building_889_swedenborg-bust_dde974a91567e8107d7a632f566906c0.jpg",
                        "title": "Bust of Swedenborg by Preston Powers (1879) - James Wilson"
                    },
                    {
                        "archive_url": "https://raw.githubusercontent.com/infrastructureclub/open-house-london-images/master/images/2026/889/building_889_swedenborg-stained-glass-x_91d98354279294f3b8fc629177cb8112.jpg",
                        "title": "Stained glass window image of Swedenborg, vestibule (detail) - James Wilson"
                    }
                ],
                "name": "The Swedenborg Society",
                "new_venue_this_year": "No",
                "start": "14:30:00",
                "ticketed_events": "Yes",
                "url": "https://programme.openhouse.org.uk/listings/889"
            },
            "type": "Feature"
        },
        {
            "geometry": {
                "coordinates": [
                    -0.30835,
                    51.51129
                ],
                "type": "Point"
            },
            "properties": {
                "balloted": "No",
                "description": "Designed by Sir John Soane as a family home and country residence. Following a three-year conservation project,  Pitzhanger has been returned to Soane’s innovative original design and re-opened to the public in March 2019.",
                "end": "16:45:00",
                "fully_booked": "No",
                "images": [
                    {
                        "archive_url": "https://raw.githubusercontent.com/infrastructureclub/open-house-london-images/master/images/2026/1369/building_1369_thumbnail_img_3284-1_fea4ac539e3fbbd40a0e9fce1ac2706e.jpg",
                        "title": ""
                    },
                    {
                        "archive_url": "https://raw.githubusercontent.com/infrastructureclub/open-house-london-images/master/images/2026/1369/building_1369_phm-04-003_fcad303705a22c3881ce10cb2b5633b6.jpg",
                        "title": "Pitzhanger Manor & Gallery"
                    },
                    {
                        "archive_url": "https://raw.githubusercontent.com/infrastructureclub/open-house-london-images/master/images/2026/1369/building_1369_13_vestibule_up_angled_pitzhanger16july21383_81cd1e4f84321ef3e40d8d8277c6d24f.jpg",
                        "title": "Vestibule ceiling"
                    },
                    {
                        "archive_url": "https://raw.githubusercontent.com/infrastructureclub/open-house-london-images/master/images/2026/1369/building_1369_drawingrmwide_pitzhangera21323_4be2b6f044c9f46e3373587fb9605537.jpg",
                        "title": "Upper Drawing Room"
                    }
                ],
                "name": "Pitzhanger Manor & Gallery",
                "new_venue_this_year": "No",
                "start": "10:00:00",
                "ticketed_events": "Yes",
                "url": "https://programme.openhouse.org.uk/listings/1369"
            },
            "type": "Feature"
        },
        {
            "geometry": {
                "coordinates": [
                    -0.13911,
                    51.50853
                ],
                "type": "Point"
            },
            "properties": {
                "balloted": "No",
                "description": "The world's oldest active biological society. Founded in 1788, the Society takes its name from the Swedish naturalist Carl Linnaeus whose botanical, zoological and library collections have been in its keeping since 1829.",
                "end": "17:00:00",
                "fully_booked": "",
                "images": [
                    {
                        "archive_url": "https://raw.githubusercontent.com/infrastructureclub/open-house-london-images/master/images/2026/2074/building_2074_20230309_staircaselaunch_prints_01_959068ebfadae23a8ed669def6d6d391.jpg",
                        "title": "Credit: The Linnean Society of London"
                    },
                    {
                        "archive_url": "https://raw.githubusercontent.com/infrastructureclub/open-house-london-images/master/images/2026/2074/building_2074_linnean-councilroom-details-16_b15ddb64cf932140f3f7db7616d7bc77.jpg",
                        "title": "Credit: The Linnean Society of London"
                    },
                    {
                        "archive_url": "https://raw.githubusercontent.com/infrastructureclub/open-house-london-images/master/images/2026/2074/building_2074_linnean-foyer-details-23_643853231a843393af6077cad4bb0bc3.jpg",
                        "title": "Credit: The Linnean Society of London"
                    },
                    {
                        "archive_url": "https://raw.githubusercontent.com/infrastructureclub/open-house-london-images/master/images/2026/2074/building_2074_linnean-library-details-118_d6fc522f1aabbf9a405982ebac30edc7.jpg",
                        "title": "Credit: The Linnean Society of London"
                    },
                    {
                        "archive_url": "https://raw.githubusercontent.com/infrastructureclub/open-house-london-images/master/images/2026/2074/building_2074_linnean-meetingroom-details-23_08d1ea72a797e8259d17f63e52f1a7a9.jpg",
                        "title": "Credit: The Linnean Society of London"
                    },
                    {
                        "archive_url": "https://raw.githubusercontent.com/infrastructureclub/open-house-london-images/master/images/2026/2074/building_2074_linnean-meetingroom-6_3edf04d69959e498f9a46ef878261485.jpg",
                        "title": "Credit: The Linnean Society of London"
                    },
                    {
                        "archive_url": "https://raw.githubusercontent.com/infrastructureclub/open-house-london-images/master/images/2026/2074/building_2074_library_j-e-smith-portrait_globes_ffa5f5545c4e89ca2827ba7209ed9510.jpg",
                        "title": "Credit: The Linnean Society of London"
                    },
                    {
                        "archive_url": "https://raw.githubusercontent.com/infrastructureclub/open-house-london-images/master/images/2026/2074/building_2074_ferussac_octopus_print_openhouse_6ac77eaacda29afac716d7bead98ace3.jpg",
                        "title": "Credit: The Linnean Society of London"
                    },
                    {
                        "archive_url": "https://raw.githubusercontent.com/infrastructureclub/open-house-london-images/master/images/2026/2074/building_2074_column-cornice_28408fbfc1dae9895a36eaa9b3f7b141.jpg",
                        "title": "Credit: The Linnean Society of London"
                    },
                    {
                        "archive_url": "https://raw.githubusercontent.com/infrastructureclub/open-house-london-images/master/images/2026/2074/building_2074_library-portrait_2020_ed740a62acd1783b37ee15e28fc1b4b1.jpg",
                        "title": "Credit: The Linnean Society of London"
                    }
                ],
                "name": "Burlington House: Linnean Society of London",
                "new_venue_this_year": "No",
                "start": "10:00:00",
                "ticketed_events": "No",
                "url": "https://programme.openhouse.org.uk/listings/2074"
            },
            "type": "Feature"
        },
        {
            "geometry": {
                "coordinates": [
                    -0.08285,
                    51.65298
                ],
                "type": "Point"
            },
            "properties": {
                "balloted": "No",
                "description": "Grade ll Listed church, that has been much added to over the 800 years of its existence. We have  recently refurbished the organ which has a fine circa 1750s wooden organ case.  The Church has an eight-bell peal still in weekly use– the oldest bell dates from 1680.",
                "end": "14:30:00",
                "fully_booked": "",
                "images": [
                    {
                        "archive_url": "https://raw.githubusercontent.com/infrastructureclub/open-house-london-images/master/images/2026/2479/building_2479_dsc_0377_c996697c80ab084898dba4268652023a.JPG",
                        "title": "View West of the Organ Case created by Richard Bridge in 1753 - Jeremy Taylor"
                    },
                    {
                        "archive_url": "https://raw.githubusercontent.com/infrastructureclub/open-house-london-images/master/images/2026/2479/building_2479_wp_20170605_17_37_31_pro-2_5fcdab09b1a5e38d6985109e2c9b5fa6.jpg",
                        "title": "View from south west  - Jeremy Taylor"
                    },
                    {
                        "archive_url": "https://raw.githubusercontent.com/infrastructureclub/open-house-london-images/master/images/2026/2479/building_2479_dsc_0373_1f27b0713f33777fbcbe8d3d718d95ae.JPG",
                        "title": "The Raynton Monument North Chapel - Jeremy Taylor"
                    }
                ],
                "name": "Parish Church of St Andrew, Enfield",
                "new_venue_this_year": "No",
                "start": "12:30:00",
                "ticketed_events": "No",
                "url": "https://programme.openhouse.org.uk/listings/2479"
            },
            "type": "Feature"
        },
        {
            "geometry": {
                "coordinates": [
                    -0.05974,
                    51.51024
                ],
                "type": "Point"
            },
            "properties": {
                "balloted": "No",
                "description": "Splendid Baroque exterior. Interior destroyed in the Blitz and rebuilt to new design by Martin Bailey in 1963.",
                "end": "17:00:00",
                "fully_booked": "",
                "images": [
                    {
                        "archive_url": "https://raw.githubusercontent.com/infrastructureclub/open-house-london-images/master/images/2026/2500/building_2500_img_1236_ba3fc7daada7e02eab74dece706a848a.jpeg",
                        "title": null
                    }
                ],
                "name": "St George in the East",
                "new_venue_this_year": "No",
                "start": "15:30:00",
                "ticketed_events": "No",
                "url": "https://programme.openhouse.org.uk/listings/2500"
            },
            "type": "Feature"
        },
        {
            "geometry": {
                "coordinates": [
                    -0.1088368,
                    51.4982463
                ],
                "type": "Point"
            },
            "properties": {
                "balloted": "No",
                "description": "A stunning cathedral in the heart of London. Discover the story of a forgotten masterpiece. Designed by Augustus Pugin and opened in 1848, the original cathedral was hailed as England's foremost Catholic church before an incendiary bomb devastated the building in 1941. Explore the history, architecture and legacy that shaped the Cathedral you see today—and discover its remarkable story.",
                "end": "17:00:00",
                "fully_booked": "",
                "images": [
                    {
                        "archive_url": "https://raw.githubusercontent.com/infrastructureclub/open-house-london-images/master/images/2026/2502/building_2502_img_0187_4febec197ee63a29b7807ca5e339120a.jpg",
                        "title": "Entrance to St George's Cathedral, Southwark. © Marie Laurent 2026"
                    },
                    {
                        "archive_url": "https://raw.githubusercontent.com/infrastructureclub/open-house-london-images/master/images/2026/2502/building_2502_main-window_11f4f975224831ec2e5fa997e412aafb.jpg",
                        "title": "The East Window designed by Harry Clarke Studios, Dublin. © Mansoor Iessa 2026"
                    },
                    {
                        "archive_url": "https://raw.githubusercontent.com/infrastructureclub/open-house-london-images/master/images/2026/2502/building_2502_img_0061_32417627487755744b2ec347dbcdf6b8.jpg",
                        "title": "Processional banner depicting St George.  © Marie Laurent 2026"
                    },
                    {
                        "archive_url": "https://raw.githubusercontent.com/infrastructureclub/open-house-london-images/master/images/2026/2502/building_2502_img_9677_47352922219bd3a7561a8304ca4d81fd.jpg",
                        "title": "St George's Cathedral. © Marie Laurent"
                    }
                ],
                "name": "St George's Cathedral",
                "new_venue_this_year": "Yes",
                "start": "10:00:00",
                "ticketed_events": "No",
                "url": "https://programme.openhouse.org.uk/listings/2502"
            },
            "type": "Feature"
        },
        {
            "geometry": {
                "coordinates": [
                    -0.17138,
                    51.47864
                ],
                "type": "Point"
            },
            "properties": {
                "balloted": "No",
                "description": "During Open House, the Friends of Battersea Parish Church present a Floral Festival, organ recitals, historical displays, alongside 3 talks exploring history, creativity, sanctuary & Battersea’s radical past. Sat 12 Sept Dr. Peter Rumley at 6pm, Tues 15 Guy Stagg at 6.30pm,  Thurs 17 at 6.30pm Rory Walsh & Mike Squires.  Plus Join us for Choral Evensong amidst the flowers at St Mary’s Battersea.",
                "end": "16:00:00",
                "fully_booked": "No",
                "images": [
                    {
                        "archive_url": "https://raw.githubusercontent.com/infrastructureclub/open-house-london-images/master/images/2026/2533/building_2533_st-marys_a2b7ed70bb7cc4a5a26a096fb882503d.jpeg",
                        "title": "St Mary's Battersea"
                    },
                    {
                        "archive_url": "https://raw.githubusercontent.com/infrastructureclub/open-house-london-images/master/images/2026/2533/building_2533_untitled-2-of-29_02c2a647df4611b359f3fff31d48a443.jpeg",
                        "title": "St Mary's Interior"
                    }
                ],
                "name": "St Mary's Church, Battersea",
                "new_venue_this_year": "No",
                "start": "10:00:00",
                "ticketed_events": "Yes",
                "url": "https://programme.openhouse.org.uk/listings/2533"
            },
            "type": "Feature"
        },
        {
            "geometry": {
                "coordinates": [
                    -0.12465,
                    51.51769
                ],
                "type": "Point"
            },
            "properties": {
                "balloted": "No",
                "description": "St George's Bloomsbury is one of the twelve new churches designed and paid for under the 1711 Act of Parliament for building fifty new Churches, and the sixth and final London Church designed by Hawksmoor.",
                "end": "14:00:00",
                "fully_booked": "",
                "images": [
                    {
                        "archive_url": "https://raw.githubusercontent.com/infrastructureclub/open-house-london-images/master/images/2026/2856/building_2856_004_44117bcb11ab44b8b07c8a4fab03a652.jpg",
                        "title": "The unique steeple with George I,  lion, and unicorn."
                    },
                    {
                        "archive_url": "https://raw.githubusercontent.com/infrastructureclub/open-house-london-images/master/images/2026/2856/building_2856_church-scene_f09303546c75acf522a67a6ad872e978.jpg",
                        "title": ""
                    },
                    {
                        "archive_url": "https://raw.githubusercontent.com/infrastructureclub/open-house-london-images/master/images/2026/2856/building_2856_sgb-logo_a87b7c2bb6608253bedd8b9764978980.jpg",
                        "title": null
                    },
                    {
                        "archive_url": "https://raw.githubusercontent.com/infrastructureclub/open-house-london-images/master/images/2026/2856/building_2856_tower-north_9fd30fbeb89abbf99ffc506f127fc9c2.jpg",
                        "title": null
                    },
                    {
                        "archive_url": "https://raw.githubusercontent.com/infrastructureclub/open-house-london-images/master/images/2026/2856/building_2856_reredos_842d6d9ab2884d4e4218e4083b122446.jpg",
                        "title": null
                    },
                    {
                        "archive_url": "https://raw.githubusercontent.com/infrastructureclub/open-house-london-images/master/images/2026/2856/building_2856_img_1640_ec27319f8aff87a5dc4e9ec416dccc15.jpg",
                        "title": "EC"
                    },
                    {
                        "archive_url": "https://raw.githubusercontent.com/infrastructureclub/open-house-london-images/master/images/2026/2856/building_2856_img_1643_60335fe0ab9f19cc2d53b05e3f66192e.jpg",
                        "title": "EC"
                    },
                    {
                        "archive_url": "https://raw.githubusercontent.com/infrastructureclub/open-house-london-images/master/images/2026/2856/building_2856_img_1633_4a52a779a9a0619a3f1a2d62ddc6a276.jpg",
                        "title": "EC"
                    },
                    {
                        "archive_url": "https://raw.githubusercontent.com/infrastructureclub/open-house-london-images/master/images/2026/2856/building_2856_img_1647_be5042684e011256004c791c1c46cdfb.jpg",
                        "title": "EC"
                    },
                    {
                        "archive_url": "https://raw.githubusercontent.com/infrastructureclub/open-house-london-images/master/images/2026/2856/building_2856_img_1636_fa53220bb6229178e597b42f0553a295.jpg",
                        "title": "EC"
                    },
                    {
                        "archive_url": "https://raw.githubusercontent.com/infrastructureclub/open-house-london-images/master/images/2026/2856/building_2856_img_1634-1_1a6acf60fc07da433c0b225ede1d4882.jpg",
                        "title": "EC"
                    },
                    {
                        "archive_url": "https://raw.githubusercontent.com/infrastructureclub/open-house-london-images/master/images/2026/2856/building_2856_img_8952_9fb326652367182c7466db590edc1087.jpg",
                        "title": "EC"
                    }
                ],
                "name": "St George's Bloomsbury",
                "new_venue_this_year": "No",
                "start": "12:00:00",
                "ticketed_events": "No",
                "url": "https://programme.openhouse.org.uk/listings/2856"
            },
            "type": "Feature"
        },
        {
            "geometry": {
                "coordinates": [
                    -0.3256,
                    51.46865
                ],
                "type": "Point"
            },
            "properties": {
                "balloted": "No",
                "description": "Well-executed and colourfully detailed example of Victorian reading and vestry rooms (1863) with added public hall by S. Woodridge 1887. Beautiful details inside and out.",
                "end": "16:00:00",
                "fully_booked": "No",
                "images": [
                    {
                        "archive_url": "https://raw.githubusercontent.com/infrastructureclub/open-house-london-images/master/images/2026/3004/building_3004_plaque_8e902a0c79f0aa935c7f96c07dc5bcd9.jpg",
                        "title": "Isleworth Public Hall"
                    },
                    {
                        "archive_url": "https://raw.githubusercontent.com/infrastructureclub/open-house-london-images/master/images/2026/3004/building_3004_isleworth-mural_f6001e3dd511b30137564c7c3bf4f07f.jpg",
                        "title": "Isleworth Public Hall"
                    },
                    {
                        "archive_url": "https://raw.githubusercontent.com/infrastructureclub/open-house-london-images/master/images/2026/3004/building_3004_heron-1_abf4d6b1d50e241cb8dff43521140a71.jpg",
                        "title": "Isleworth Public Hall"
                    },
                    {
                        "archive_url": "https://raw.githubusercontent.com/infrastructureclub/open-house-london-images/master/images/2026/3004/building_3004_heron-sign_8a2ca09e426b3593c361469fc8e9a710.jpg",
                        "title": "Isleworth Public Hall"
                    },
                    {
                        "archive_url": "https://raw.githubusercontent.com/infrastructureclub/open-house-london-images/master/images/2026/3004/building_3004_artworks_13d029caf63e846d8106a4dd6d988838.jpg",
                        "title": "Isleworth Public Hall"
                    },
                    {
                        "archive_url": "https://raw.githubusercontent.com/infrastructureclub/open-house-london-images/master/images/2026/3004/building_3004_artwork-2_04a9224f846fa66c14fcfc69631bdead.jpg",
                        "title": "Isleworth Public Hall"
                    },
                    {
                        "archive_url": "https://raw.githubusercontent.com/infrastructureclub/open-house-london-images/master/images/2026/3004/building_3004_vestry-art-2_468977f6f4cf8569f1c99484b81ecb5f.jpg",
                        "title": "Isleworth Public Hall"
                    },
                    {
                        "archive_url": "https://raw.githubusercontent.com/infrastructureclub/open-house-london-images/master/images/2026/3004/building_3004_vestry-artwork_80d09efee78a29f0b4d1b1f36976cf59.jpg",
                        "title": "Isleworth Public Hall"
                    },
                    {
                        "archive_url": "https://raw.githubusercontent.com/infrastructureclub/open-house-london-images/master/images/2026/3004/building_3004_vestry-room-3_e98de1881a55fa3603f23ef9f21199a8.jpg",
                        "title": "Isleworth Public Hall"
                    },
                    {
                        "archive_url": "https://raw.githubusercontent.com/infrastructureclub/open-house-london-images/master/images/2026/3004/building_3004_vestry-room-2_5731d8050a253ac2ef0f3871df98bfd7.jpg",
                        "title": "Isleworth Public Hall"
                    },
                    {
                        "archive_url": "https://raw.githubusercontent.com/infrastructureclub/open-house-london-images/master/images/2026/3004/building_3004_vestry-room-1_0afcd9af04764cfc0ccbbc23a962e210.jpg",
                        "title": "Isleworth Public Hall"
                    },
                    {
                        "archive_url": "https://raw.githubusercontent.com/infrastructureclub/open-house-london-images/master/images/2026/3004/building_3004_jubilee-hall_a34648d9c70e916d0462da407cf7c558.jpg",
                        "title": "Isleworth Public Hall"
                    },
                    {
                        "archive_url": "https://raw.githubusercontent.com/infrastructureclub/open-house-london-images/master/images/2026/3004/building_3004_img_20230720_132710436-002-iph-front_53c498d56d261f4492cfa68909028b29.jpg",
                        "title": "Isleworth Public Hall"
                    },
                    {
                        "archive_url": "https://raw.githubusercontent.com/infrastructureclub/open-house-london-images/master/images/2026/3004/building_3004_iph-staircase_9e189be9c4da2ea8619f845c033c3ee3.jpg",
                        "title": "Isleworth Public Hall"
                    },
                    {
                        "archive_url": "https://raw.githubusercontent.com/infrastructureclub/open-house-london-images/master/images/2026/3004/building_3004_iph-outdoor-window_1bb0bd3cd2ae88773e5a66b40830ce5a.jpg",
                        "title": "Isleworth Public Hall"
                    }
                ],
                "name": "Isleworth Public Hall",
                "new_venue_this_year": "No",
                "start": "14:15:00",
                "ticketed_events": "Yes",
                "url": "https://programme.openhouse.org.uk/listings/3004"
            },
            "type": "Feature"
        },
        {
            "geometry": {
                "coordinates": [
                    -0.12106,
                    51.51341
                ],
                "type": "Point"
            },
            "properties": {
                "balloted": "No",
                "description": "A Church of Scotland in London, home to the longest-established Presbyterian congregation in London, worshipping in this location in Covent Garden since 1719. The current building is red brick with Portland stone dressings in a restrained, finely crafted Free Style. Three storeys, recessed slated attic, mullioned and transomed windows. Fine stained glass, most of which is by Farrar Bell.",
                "end": "17:00:00",
                "fully_booked": "",
                "images": [
                    {
                        "archive_url": "https://raw.githubusercontent.com/infrastructureclub/open-house-london-images/master/images/2026/3284/building_3284_crown-court-church-8100154_427819fdd0307a7edac29552d5b7ac69.jpg",
                        "title": "Crown Court Church: Sanctuary"
                    },
                    {
                        "archive_url": "https://raw.githubusercontent.com/infrastructureclub/open-house-london-images/master/images/2026/3284/building_3284_crown-court-church-8109734_febb601afa578a510328762e3e7e8f56.jpg",
                        "title": "Crown Court Church: example of Farrar-Bell stained glass windows."
                    }
                ],
                "name": "Crown Court Church of Scotland",
                "new_venue_this_year": "No",
                "start": "10:00:00",
                "ticketed_events": "No",
                "url": "https://programme.openhouse.org.uk/listings/3284"
            },
            "type": "Feature"
        },
        {
            "geometry": {
                "coordinates": [
                    -0.13075,
                    51.52727
                ],
                "type": "Point"
            },
            "properties": {
                "balloted": "No",
                "description": "The church (1822 - Grade I listed) is an early and important example of Greek Revival architecture in London. Significant features include the caryatids and tower copied from models in Athens, and the atmospheric crypt.",
                "end": "15:15:00",
                "fully_booked": "",
                "images": [
                    {
                        "archive_url": "https://raw.githubusercontent.com/infrastructureclub/open-house-london-images/master/images/2026/3678/building_3678_untitled-design-1_6e928cad7b9552ae8c92d3384d37a1f8.png",
                        "title": "Marcus Harvey Photography"
                    },
                    {
                        "archive_url": "https://raw.githubusercontent.com/infrastructureclub/open-house-london-images/master/images/2026/3678/building_3678_crypt-edited_96b2a45506ab10a88b8d867af8b1f0ca.jpg",
                        "title": "Marcus Harvey Photography"
                    },
                    {
                        "archive_url": "https://raw.githubusercontent.com/infrastructureclub/open-house-london-images/master/images/2026/3678/building_3678_untitled-design-2_179538f69d1dd8bc695771f63af64d61.png",
                        "title": "Marcus Harvey Photography"
                    }
                ],
                "name": "St Pancras Church & Crypt",
                "new_venue_this_year": "No",
                "start": "10:00:00",
                "ticketed_events": "No",
                "url": "https://programme.openhouse.org.uk/listings/3678"
            },
            "type": "Feature"
        },
        {
            "geometry": {
                "coordinates": [
                    -0.1098755,
                    51.5175436
                ],
                "type": "Point"
            },
            "properties": {
                "balloted": "No",
                "description": "Barnard's Inn in Holborn dates back to the mid-13th century. It is now the home of Gresham College which has been providing free public lectures since 1597. Over the centuries it has been a law school and home to the Mercers' School. Notable architectural elements include 15th-century wooden bays, 16th-century linen fold wood panelling, and has the only surviving crown posts in Greater London.",
                "end": "16:00:00",
                "fully_booked": "",
                "images": [
                    {
                        "archive_url": "https://raw.githubusercontent.com/infrastructureclub/open-house-london-images/master/images/2026/4838/building_4838_barnards-inn-hall-home-of-gresham-college_15206604765_o_116df39bb79b1546f14d9e32f2f4f127.jpg",
                        "title": "Barnard's Inn Hall exterior - Celia Blakeway-Phillips"
                    },
                    {
                        "archive_url": "https://raw.githubusercontent.com/infrastructureclub/open-house-london-images/master/images/2026/4838/building_4838_barnard-s-inn-sign-post_0e941e161b227180a8c5d4c237641c57.jpg",
                        "title": "Barnard's Inn Hall interior - Celia Blakeway-Phillips"
                    },
                    {
                        "archive_url": "https://raw.githubusercontent.com/infrastructureclub/open-house-london-images/master/images/2026/4838/building_4838_front-entrance_0d92b858d304f998aefff7153ea3761f.png",
                        "title": "Front entrance to Barnard's Inn Hall - Celia Blakeway-Phillips"
                    }
                ],
                "name": "Barnard's Inn Hall",
                "new_venue_this_year": "No",
                "start": "10:00:00",
                "ticketed_events": "No",
                "url": "https://programme.openhouse.org.uk/listings/4838"
            },
            "type": "Feature"
        },
        {
            "geometry": {
                "coordinates": [
                    -0.01599,
                    51.45567
                ],
                "type": "Point"
            },
            "properties": {
                "balloted": "No",
                "description": "The church was rebuilt in late 15th century with some of that still remaining to this day.\t\t\t\t\t\t\t\r\nDuring the festival there will be opportunity to self-guide or join a group tour which will include access to restricted areas such as the crypt and tower. These last about 30 min and will start on each hour with the last starting at 3 pm",
                "end": "16:00:00",
                "fully_booked": "",
                "images": [
                    {
                        "archive_url": "https://raw.githubusercontent.com/infrastructureclub/open-house-london-images/master/images/2026/5160/building_5160_st-mary-the-virgin_08b2a4ec02b39a4d98875cf5f20a47a7.jpg",
                        "title": "St Mary the Virgin"
                    }
                ],
                "name": "Parish Church of St Mary The Virgin Lewisham",
                "new_venue_this_year": "Yes",
                "start": "12:00:00",
                "ticketed_events": "No",
                "url": "https://programme.openhouse.org.uk/listings/5160"
            },
            "type": "Feature"
        },
        {
            "geometry": {
                "coordinates": [
                    -0.28954,
                    51.48394
                ],
                "type": "Point"
            },
            "properties": {
                "balloted": "No",
                "description": "St Anne's Church, Kew Green was consecrated in 1714. Built with the support of Queen Anne it has been a place of worship for the Royal Families over the centuries. The original 'chapel' has been extended many times and the church is now a little known gem in South West London with a fascinating past.",
                "end": "16:00:00",
                "fully_booked": "",
                "images": [
                    {
                        "archive_url": "https://raw.githubusercontent.com/infrastructureclub/open-house-london-images/master/images/2026/5163/building_5163_st-anne-s-side_39593eefa0076f1314379442ab0ca54e.jpg",
                        "title": "St Anne's side view"
                    },
                    {
                        "archive_url": "https://raw.githubusercontent.com/infrastructureclub/open-house-london-images/master/images/2026/5163/building_5163_st-anne-s-interior_0228a351135c8db1750c22a844b31fbc.jpg",
                        "title": "St Anne's interior"
                    },
                    {
                        "archive_url": "https://raw.githubusercontent.com/infrastructureclub/open-house-london-images/master/images/2026/5163/building_5163_st-anne-s-front_89442d9e6fc7bacdba5776a3f7da2410.jpg",
                        "title": "St Anne's west front"
                    }
                ],
                "name": "St Anne's Church, Kew Green",
                "new_venue_this_year": "No",
                "start": "10:00:00",
                "ticketed_events": "No",
                "url": "https://programme.openhouse.org.uk/listings/5163"
            },
            "type": "Feature"
        },
        {
            "geometry": {
                "coordinates": [
                    -0.08305,
                    51.50928
                ],
                "type": "Point"
            },
            "properties": {
                "balloted": "No",
                "description": "Some of London's best Roman remains, comprising late 2C house with a 3C bath house built within its courtyard. First discovered in 1848.",
                "end": "19:45:00",
                "fully_booked": "No",
                "images": [
                    {
                        "archive_url": "https://raw.githubusercontent.com/infrastructureclub/open-house-london-images/master/images/2026/5296/building_5296_low-res-billingsgate-bathhouse-1_b203a43c0c5609f9e32f2e658b510b8a.jpg",
                        "title": "View of Billingsgate Roman Bathhouse - Katherine Pearce"
                    },
                    {
                        "archive_url": "https://raw.githubusercontent.com/infrastructureclub/open-house-london-images/master/images/2026/5296/building_5296_billingsgate-roman-house-baths-credit-city-of-london-corporation-image-by-jamie-smith-2_e65ee301f300f600c21161c2326034bb.jpg",
                        "title": "Image by Jamie Smith"
                    }
                ],
                "name": "Billingsgate Roman House & Baths",
                "new_venue_this_year": "No",
                "start": "18:00:00",
                "ticketed_events": "Yes",
                "url": "https://programme.openhouse.org.uk/listings/5296"
            },
            "type": "Feature"
        },
        {
            "geometry": {
                "coordinates": [
                    -0.03039,
                    51.5107
                ],
                "type": "Point"
            },
            "properties": {
                "balloted": "No",
                "description": "St Anne's Limehouse has been described as 'the finest parish church in England.' Designed by Nicholas Hawksmoor, it is Grade I listed and one of the Major Churches in the Church of England. It is home to a thriving Christian congregation.",
                "end": "16:00:00",
                "fully_booked": "No",
                "images": [
                    {
                        "archive_url": "https://raw.githubusercontent.com/infrastructureclub/open-house-london-images/master/images/2026/6270/building_6270_churchandpyramid_ec44e4b75c727ae4fede91807bff6b57.jpg",
                        "title": "Clock above West Door"
                    },
                    {
                        "archive_url": "https://raw.githubusercontent.com/infrastructureclub/open-house-london-images/master/images/2026/6270/building_6270_image1_1d815f5203b13c31f9efb3223ed33e58.jpeg",
                        "title": ""
                    },
                    {
                        "archive_url": "https://raw.githubusercontent.com/infrastructureclub/open-house-london-images/master/images/2026/6270/building_6270_2-2_e1ba49d4d5ec2bbcfcc33dd6a7eb2a8b.jpg",
                        "title": "Our exhibition of tapestries made for the Millennium - in our galleries over Open House week"
                    },
                    {
                        "archive_url": "https://raw.githubusercontent.com/infrastructureclub/open-house-london-images/master/images/2026/6270/building_6270_1000043947_23fd6baf8ef3ee741bd6105a49f5eb50.jpg",
                        "title": "CfSA run regular exhibitions - the current exhibition is about the Original Chinatown of London"
                    }
                ],
                "name": "St Anne's Church, Limehouse",
                "new_venue_this_year": "No",
                "start": "10:00:00",
                "ticketed_events": "Yes",
                "url": "https://programme.openhouse.org.uk/listings/6270"
            },
            "type": "Feature"
        },
        {
            "geometry": {
                "coordinates": [
                    -0.08929,
                    51.5155
                ],
                "type": "Point"
            },
            "properties": {
                "balloted": "No",
                "description": "Dutch bank ING moved its UK office to this special building in 2016.  The building blends a historic exterior (including its original Portland stone façade) with a modern 135,220 sq ft of office space. City Heritage Award winner 2015. Please note that photo ID is required to gain access to the building.",
                "end": "19:00:00",
                "fully_booked": "No",
                "images": [
                    {
                        "archive_url": "https://raw.githubusercontent.com/infrastructureclub/open-house-london-images/master/images/2026/6515/building_6515_j0970_063_lower-res_ab0a06b72919b193735a2b280e5bd879.jpg",
                        "title": "ING Office at 8-10 Moorgate, from Moorgate"
                    },
                    {
                        "archive_url": "https://raw.githubusercontent.com/infrastructureclub/open-house-london-images/master/images/2026/6515/building_6515_ing_moorgate_london_office_042a_5fefe721e20ed33d5d850b1836fbc1ee.jpg",
                        "title": "Meeting room at 8-10 Moorgate"
                    }
                ],
                "name": "8-10 Moorgate",
                "new_venue_this_year": "No",
                "start": "17:00:00",
                "ticketed_events": "Yes",
                "url": "https://programme.openhouse.org.uk/listings/6515"
            },
            "type": "Feature"
        },
        {
            "geometry": {
                "coordinates": [
                    -0.13826,
                    51.51895
                ],
                "type": "Point"
            },
            "properties": {
                "balloted": "No",
                "description": "Loughborough Pearson's red brick building is unimposing from the outside, but inside is a riot of Gothic Revival design. Golden mosaics reveal the character of the Grade II* listed chapel, built as part of the Middlesex Hospital.",
                "end": "18:00:00",
                "fully_booked": "",
                "images": [
                    {
                        "archive_url": "https://raw.githubusercontent.com/infrastructureclub/open-house-london-images/master/images/2026/6534/building_6534_dsc_4004_b7259ee15bdec13d50a055d763a41b47.jpg",
                        "title": "The altar"
                    },
                    {
                        "archive_url": "https://raw.githubusercontent.com/infrastructureclub/open-house-london-images/master/images/2026/6534/building_6534_dsc_3989_281329c1b0e48f73a07a582c2db52299.jpg",
                        "title": "View of the gold ceiling"
                    },
                    {
                        "archive_url": "https://raw.githubusercontent.com/infrastructureclub/open-house-london-images/master/images/2026/6534/building_6534_dsc_4011_3691ddb616aa40c276d8544b704aed19.jpg",
                        "title": "Stained glass windows"
                    },
                    {
                        "archive_url": "https://raw.githubusercontent.com/infrastructureclub/open-house-london-images/master/images/2026/6534/building_6534_dsc_4088_85166f6539671e84ded3e068b09d8631.jpg",
                        "title": "The ornate baptisery of the Fitzrovia Chapel"
                    }
                ],
                "name": "Fitzrovia Chapel",
                "new_venue_this_year": "No",
                "start": "11:00:00",
                "ticketed_events": "No",
                "url": "https://programme.openhouse.org.uk/listings/6534"
            },
            "type": "Feature"
        },
        {
            "geometry": {
                "coordinates": [
                    -0.1930382,
                    51.4578437
                ],
                "type": "Point"
            },
            "properties": {
                "balloted": "No",
                "description": "The UK’s oldest brewery site, dating back five centuries, and home to Young’s for almost 200 years. Architect's talk covers planning, redevelopment, design and materiality, and includes the new public square, boulevard, riverwalk, new buildings & restored listed buildings.",
                "end": "15:50:00",
                "fully_booked": "No",
                "images": [
                    {
                        "archive_url": "https://raw.githubusercontent.com/infrastructureclub/open-house-london-images/master/images/2026/8737/building_8737__38a9146_1c91c59c25869d98a4653617ba1008ed.jpg",
                        "title": "Bubbling Well Square, Ram Quarter (Coopers’ Lofts restored residential building)"
                    },
                    {
                        "archive_url": "https://raw.githubusercontent.com/infrastructureclub/open-house-london-images/master/images/2026/8737/building_8737_d2i-ramqtr-013_e62355ac0483b20fb62331c6b18f1e31.jpg",
                        "title": "Bubbling Well Square, Ram Quarter (listed brewery buildings and old chimney stack)"
                    },
                    {
                        "archive_url": "https://raw.githubusercontent.com/infrastructureclub/open-house-london-images/master/images/2026/8737/building_8737_d2i-ramqtr-057_019182f892a322be9ac8bfc073e7639c.jpg",
                        "title": "Ryeland Boulevard, Ram Quarter (view south down main boulevard)"
                    },
                    {
                        "archive_url": "https://raw.githubusercontent.com/infrastructureclub/open-house-london-images/master/images/2026/8737/building_8737_d2i-ramqtr-059_48999806431a066ac0c218d094e38505.jpg",
                        "title": "Ryeland Boulevard, Ram Quarter (view north up main boulevard)"
                    },
                    {
                        "archive_url": "https://raw.githubusercontent.com/infrastructureclub/open-house-london-images/master/images/2026/8737/building_8737_d2i-ramqtr-061_b926959b5b2a79c995cfc0b84f82cfa7.jpg",
                        "title": "Ryeland Boulevard, Ram Quarter (view northwest up main boulevard showing residential buildings)"
                    },
                    {
                        "archive_url": "https://raw.githubusercontent.com/infrastructureclub/open-house-london-images/master/images/2026/8737/building_8737_d2i-ramqtr-072_47bb95bb2f4e829f3ece7b59d9bf2d44.jpg",
                        "title": "Barley Walk, Ram Quarter (river walk showing newly-opened river and biodiversity)"
                    },
                    {
                        "archive_url": "https://raw.githubusercontent.com/infrastructureclub/open-house-london-images/master/images/2026/8737/building_8737_rqbf-0719-039_8f8cc9981c41ca3285f4b0d4b6b6fb94.jpg",
                        "title": "Bubbling Well Square, Ram Quarter “Tennis in the Square” event (backdrop of old brewery buildings)"
                    },
                    {
                        "archive_url": "https://raw.githubusercontent.com/infrastructureclub/open-house-london-images/master/images/2026/8737/building_8737_pta-rq-0005_8e090326756f87ebb6e7d5c715b3a549.jpg",
                        "title": "view north into Ram Quarter from Wandsworth High Street"
                    },
                    {
                        "archive_url": "https://raw.githubusercontent.com/infrastructureclub/open-house-london-images/master/images/2026/8737/building_8737_bubbling-well-square-ram-quarter-summer-beer-and-barbecue-event-for-residents-and-local-community-2021_a9970b4b62da9448c68e3db32ba548ee.jpg",
                        "title": "Bubbling Well Square, Ram Quarter (summer beer and barbecue event for residents and local community)"
                    },
                    {
                        "archive_url": "https://raw.githubusercontent.com/infrastructureclub/open-house-london-images/master/images/2026/8737/building_8737_ryeland-boulevard-south-end-ram-quarter-summer-beer-and-barbecue-event-for-residents-and-local-community-2021_7f2e83f0f2c3421ec36c4f886d63aaf8.jpg",
                        "title": "Ryeland Boulevard, south end, Ram Quarter (summer beer / barbecue for residents and local community)"
                    }
                ],
                "name": "Ram Quarter",
                "new_venue_this_year": "No",
                "start": "11:00:00",
                "ticketed_events": "Yes",
                "url": "https://programme.openhouse.org.uk/listings/8737"
            },
            "type": "Feature"
        },
        {
            "geometry": {
                "coordinates": [
                    -0.10554,
                    51.51376
                ],
                "type": "Point"
            },
            "properties": {
                "balloted": "No",
                "description": "Wren designed building of 1675, interior lost in blitz of 1940, reopened 1957 with 'Wren inspired' interior",
                "end": "15:00:00",
                "fully_booked": "",
                "images": [
                    {
                        "archive_url": "https://raw.githubusercontent.com/infrastructureclub/open-house-london-images/master/images/2026/10035/building_10035_saint-brides-slater-king-354_bb8f07c9db1f49a68fbe0607f358d945.jpg",
                        "title": "Interior looking East"
                    },
                    {
                        "archive_url": "https://raw.githubusercontent.com/infrastructureclub/open-house-london-images/master/images/2026/10035/building_10035__dsc5779_cd3d912e5447e35e717d236627d51849.jpg",
                        "title": "St Bride - David McFall"
                    },
                    {
                        "archive_url": "https://raw.githubusercontent.com/infrastructureclub/open-house-london-images/master/images/2026/10035/building_10035__dsc5914_179a1c91dd4d40e08e3a1850fa0f390c.jpg",
                        "title": "The Spire"
                    },
                    {
                        "archive_url": "https://raw.githubusercontent.com/infrastructureclub/open-house-london-images/master/images/2026/10035/building_10035_saint-brides-slater-king-418_c22f6b0ed23f0c5ed4d2af75a40e3446.jpg",
                        "title": "Crypt Chapel"
                    },
                    {
                        "archive_url": "https://raw.githubusercontent.com/infrastructureclub/open-house-london-images/master/images/2026/10035/building_10035_saint-brides-slater-king-337_46871a9de60eca0f2b50cb5dbc1b3314.jpg",
                        "title": "The Dome"
                    },
                    {
                        "archive_url": "https://raw.githubusercontent.com/infrastructureclub/open-house-london-images/master/images/2026/10035/building_10035_saint-brides-slater-king-370_d2eda4854bb80af0cf057fca1dbc9b38.jpg",
                        "title": "woodwork detail"
                    }
                ],
                "name": "St Bride's Church, Fleet Street",
                "new_venue_this_year": "No",
                "start": "10:00:00",
                "ticketed_events": "No",
                "url": "https://programme.openhouse.org.uk/listings/10035"
            },
            "type": "Feature"
        },
        {
            "geometry": {
                "coordinates": [
                    -0.13092,
                    51.53106
                ],
                "type": "Point"
            },
            "properties": {
                "balloted": "No",
                "description": "A great little museum set in the Grade 2 listed Ossulston Estate - a prime example of pre-war Social housing - based on Karl Marz Hof in Vienna.\r\nOpen Tuesday to Saturday 10am-5pm, plus Sunday 13th 12am-4pm.",
                "end": "17:00:00",
                "fully_booked": "",
                "images": [
                    {
                        "archive_url": "https://raw.githubusercontent.com/infrastructureclub/open-house-london-images/master/images/2026/10952/building_10952_img_6471_8c646e7b585214745cac2bac5d892502.jpeg",
                        "title": "Inside the Ossulston Estate - Diana Foster"
                    },
                    {
                        "archive_url": "https://raw.githubusercontent.com/infrastructureclub/open-house-london-images/master/images/2026/10952/building_10952_image-15_e16b0cc04819f673c9e9f48ceb631876.jpg",
                        "title": "Pearly Queen outside the People's Museum - Diana Foster"
                    },
                    {
                        "archive_url": "https://raw.githubusercontent.com/infrastructureclub/open-house-london-images/master/images/2026/10952/building_10952_bayes_draper_7f3e5b45b5214a3678350c626287e132.jpg",
                        "title": "Hear the story of stolen social housing art from those who restituted it. Gilbert Bayes 'Draper'"
                    },
                    {
                        "archive_url": "https://raw.githubusercontent.com/infrastructureclub/open-house-london-images/master/images/2026/10952/building_10952_image_5190c3ba3a353bf7d685190ba20e632f.jpg",
                        "title": "The People's Museum - Diana Foster"
                    },
                    {
                        "archive_url": "https://raw.githubusercontent.com/infrastructureclub/open-house-london-images/master/images/2026/10952/building_10952_gqh6-qgxeaarxpf_ad2f7ba8f9690a14696531d538d5cfb6.jpeg",
                        "title": "Guided walk - Diana Foster"
                    },
                    {
                        "archive_url": "https://raw.githubusercontent.com/infrastructureclub/open-house-london-images/master/images/2026/10952/building_10952_img_6473_392358fa284aea6acbb4f7a047ac2f52.jpeg",
                        "title": "Our museum on the historic Ossulston Estate - A Space for Us? - Diana Foster"
                    }
                ],
                "name": "People's Museum Somers Town",
                "new_venue_this_year": "No",
                "start": "10:00:00",
                "ticketed_events": "No",
                "url": "https://programme.openhouse.org.uk/listings/10952"
            },
            "type": "Feature"
        },
        {
            "geometry": {
                "coordinates": [
                    0.01496,
                    51.41262
                ],
                "type": "Point"
            },
            "properties": {
                "balloted": "No",
                "description": "A Victorian Church set in a wooded Churchyard, with a vibrant and striking set of Murals around the altar and the Choir.  Beautiful Stained Glass. \r\nHas indoor toilet facilities. \r\nA good quality well used organ in good condition, and excellent acoustics.",
                "end": "12:00:00",
                "fully_booked": "",
                "images": [
                    {
                        "archive_url": "https://raw.githubusercontent.com/infrastructureclub/open-house-london-images/master/images/2026/11317/building_11317_st-mary-bromley-1_fce1b3d07463f9aff0d95d26a759d02a.jpg",
                        "title": "from the churchyard - St Mary's Church Bromley"
                    },
                    {
                        "archive_url": "https://raw.githubusercontent.com/infrastructureclub/open-house-london-images/master/images/2026/11317/building_11317_st-mary-bromley-2_623607d58df8980b8eb41055d14e3a1d.jpg",
                        "title": "North transept -St Mary's Church Bromley"
                    },
                    {
                        "archive_url": "https://raw.githubusercontent.com/infrastructureclub/open-house-london-images/master/images/2026/11317/building_11317_st-mary-bromley-3_6d58aeea0c6cf223f58029f8dd6ef314.jpg",
                        "title": "towards the East end -St Mary's Church Bromley"
                    },
                    {
                        "archive_url": "https://raw.githubusercontent.com/infrastructureclub/open-house-london-images/master/images/2026/11317/building_11317_st-mary-bromley-4_0a22e3699d4a1e128a18aebf894ee5eb.jpg",
                        "title": "interior -St Mary's Church Bromley"
                    },
                    {
                        "archive_url": "https://raw.githubusercontent.com/infrastructureclub/open-house-london-images/master/images/2026/11317/building_11317_st-mary-bromley-5_a0c306da81ca03eafeab7b6d6ad37f82.jpg",
                        "title": "Font -St Mary's Church Bromley"
                    },
                    {
                        "archive_url": "https://raw.githubusercontent.com/infrastructureclub/open-house-london-images/master/images/2026/11317/building_11317_st-mary-bromley-6_f5536cee9a730cd142717e55439e28d9.jpg",
                        "title": "stained glass -St Mary's Church Bromley"
                    },
                    {
                        "archive_url": "https://raw.githubusercontent.com/infrastructureclub/open-house-london-images/master/images/2026/11317/building_11317_st-mary-bromley-7_598bfd9d2e4f32de175f9e880221eb0d.jpg",
                        "title": "altar -St Mary's Church Bromley"
                    },
                    {
                        "archive_url": "https://raw.githubusercontent.com/infrastructureclub/open-house-london-images/master/images/2026/11317/building_11317_img_2455-2_93a0a06c72992558913cd9f8dd568b3c.jpg",
                        "title": "Candles for Christmas -St Mary's Church Bromley"
                    }
                ],
                "name": "St Mary's Church Bromley",
                "new_venue_this_year": "No",
                "start": "10:00:00",
                "ticketed_events": "No",
                "url": "https://programme.openhouse.org.uk/listings/11317"
            },
            "type": "Feature"
        },
        {
            "geometry": {
                "coordinates": [
                    -0.17464,
                    51.50466
                ],
                "type": "Point"
            },
            "properties": {
                "balloted": "No",
                "description": "A floating acoustic architecture, playfully reframing public space as an essential community engagement through sound & site mapping. Accessed by smartphone, headphones & echoes.xyz app, the Pavilion is located outside the Serpentine Gallery,. Drawing on Oskar & Zofia Hansen’s Open Form architectural concept it is one of 15 in a series including Venice, Berlin, Dublin, Bergen and Arctic Norway.",
                "end": "19:30:00",
                "fully_booked": "",
                "images": [
                    {
                        "archive_url": "https://raw.githubusercontent.com/infrastructureclub/open-house-london-images/master/images/2026/11855/building_11855_london-open-form-pavilion-of-air-design-and-presentation_214cd30ce7ca5d941be727d86f2eb973.jpg",
                        "title": "Architectural and spatial design functions also as logo for London Pavilion audiowork"
                    },
                    {
                        "archive_url": "https://raw.githubusercontent.com/infrastructureclub/open-house-london-images/master/images/2026/11855/building_11855_qr-code-london-open-form-pavilion-of-air-1_a87bb30e72967aa06b4470ab2e37b0d2.jpg",
                        "title": "QR code to access London Open Form Pavilion of Air"
                    },
                    {
                        "archive_url": "https://raw.githubusercontent.com/infrastructureclub/open-house-london-images/master/images/2026/11855/building_11855_london-open-form-pavilion-of-air-design-and-presentation-05cd1c-map_7029344be6f1bc2ee855960aa0b17686.jpg",
                        "title": "Architectural design & spatial sound design for Pavilion with position in Kensington Gardens"
                    }
                ],
                "name": "London Open Form Pavilion of Air",
                "new_venue_this_year": "No",
                "start": "06:00:00",
                "ticketed_events": "No",
                "url": "https://programme.openhouse.org.uk/listings/11855"
            },
            "type": "Feature"
        },
        {
            "geometry": {
                "coordinates": [
                    -0.1727607,
                    51.5495728
                ],
                "type": "Point"
            },
            "properties": {
                "balloted": "No",
                "description": "This project is the refurbishment and connection of the lower and upper ground floor flats to form a new house within the\r\nbody of a late Victorian townhouse in the Belsize Park Conservation Area.\r\nWinner of a RIBA London Award 2023.",
                "end": "15:45:00",
                "fully_booked": "No",
                "images": [
                    {
                        "archive_url": "https://raw.githubusercontent.com/infrastructureclub/open-house-london-images/master/images/2026/11910/building_11910_01_belsize_crescent_johandehlin_lores_11b972c4ce6e400102e6db9ef7b2d6eb.jpg",
                        "title": "Johan Dehlin"
                    },
                    {
                        "archive_url": "https://raw.githubusercontent.com/infrastructureclub/open-house-london-images/master/images/2026/11910/building_11910_bc124-9-_lo_5e19b3faa0fa8d491296bccb6326935d.jpg",
                        "title": "Max Creasy"
                    },
                    {
                        "archive_url": "https://raw.githubusercontent.com/infrastructureclub/open-house-london-images/master/images/2026/11910/building_11910_bc124-12-lo_d9c5effd4ae660bbe546ae1bc3d347ed.jpg",
                        "title": "Johan Dehlin"
                    },
                    {
                        "archive_url": "https://raw.githubusercontent.com/infrastructureclub/open-house-london-images/master/images/2026/11910/building_11910_bc124-2-_lores_ed02c967028d57c30330c21123df250b.jpg",
                        "title": "Johan Dehlin"
                    },
                    {
                        "archive_url": "https://raw.githubusercontent.com/infrastructureclub/open-house-london-images/master/images/2026/11910/building_11910_bc124-7_4af290bd2a539d2d24ecaca1f2ac0a78.jpg",
                        "title": "Max Creasy"
                    },
                    {
                        "archive_url": "https://raw.githubusercontent.com/infrastructureclub/open-house-london-images/master/images/2026/11910/building_11910_bc124-4-_lores_4aaad4077fb8e0e2656375f239141d0c.jpg",
                        "title": "Max Creasy"
                    }
                ],
                "name": "A House within a House",
                "new_venue_this_year": "Yes",
                "start": "13:00:00",
                "ticketed_events": "Yes",
                "url": "https://programme.openhouse.org.uk/listings/11910"
            },
            "type": "Feature"
        },
        {
            "geometry": {
                "coordinates": [
                    -0.09939,
                    51.37226
                ],
                "type": "Point"
            },
            "properties": {
                "balloted": "No",
                "description": "Explore the Museum of Croydon and Croydon Archives:\r\n\r\n- Join the Curator of the Museum of Croydon and the Borough Archivist of the Croydon Archives on an intimate guided tour of our stored, rarely seen collections.\r\n- Explore our current exhibitions with our expert staff, including Grayson Perry's Essex House Tapestries and a brand-new exhibition on Croydon's Architecture",
                "end": "16:30:00",
                "fully_booked": "No",
                "images": [
                    {
                        "archive_url": "https://raw.githubusercontent.com/infrastructureclub/open-house-london-images/master/images/2026/12045/building_12045_croydon-buildings-86_83fa405c864616af53e3ce77bad96cd9.jpg",
                        "title": "@museumofcroydon"
                    }
                ],
                "name": "Museum of Croydon Behind the Scenes Tour",
                "new_venue_this_year": "No",
                "start": "10:00:00",
                "ticketed_events": "Yes",
                "url": "https://programme.openhouse.org.uk/listings/12045"
            },
            "type": "Feature"
        },
        {
            "geometry": {
                "coordinates": [
                    -0.122,
                    51.55948
                ],
                "type": "Point"
            },
            "properties": {
                "balloted": "No",
                "description": "Public Tours tours by Architect's DSDHA and the NYT team of the recently redeveloped RIBA-award-winning building, and a first look at materials from the National Youth Theatre archive, made public for the first time as part of their 70th anniversary celebrations. \r\n\r\nThis project is supported by the Mayor of London and the National Lottery Heritage Fund.",
                "end": "18:30:00",
                "fully_booked": "No",
                "images": [
                    {
                        "archive_url": "https://raw.githubusercontent.com/infrastructureclub/open-house-london-images/master/images/2026/12046/building_12046_2-national-youth-theatre_08549d43781a7292f7d3d3b056a3a075.png",
                        "title": "National Youth Theatre photo by Jim Stephenson"
                    },
                    {
                        "archive_url": "https://raw.githubusercontent.com/infrastructureclub/open-house-london-images/master/images/2026/12046/building_12046_nyt-jimstephenson-10-webres-1_06954ef08562319788c838aedc836b93.jpg",
                        "title": "National Youth Theatre Photo by Jim Stephenson"
                    }
                ],
                "name": "National Youth Theatre",
                "new_venue_this_year": "No",
                "start": "18:00:00",
                "ticketed_events": "Yes",
                "url": "https://programme.openhouse.org.uk/listings/12046"
            },
            "type": "Feature"
        },
        {
            "geometry": {
                "coordinates": [
                    -0.05552,
                    51.54152
                ],
                "type": "Point"
            },
            "properties": {
                "balloted": "No",
                "description": "Morris+Company is an award-winning architecture practice based in Hackney, east London. We have applied circular economy principles to the retrofit of our own studio, gallery and café space on Mare Street, reducing waste, reusing materials, and designing for longevity.  We place the creative ‘act’ of architecture onto the high street, reveal our practice to the public and engage local communities.",
                "end": "16:00:00",
                "fully_booked": "",
                "images": [
                    {
                        "archive_url": "https://raw.githubusercontent.com/infrastructureclub/open-house-london-images/master/images/2026/12130/building_12130_230731_open-house_image_5d457e7b38b93820d7f9fddc584f071e.jpg",
                        "title": "215-217 Mare Street © Jack Hobhouse"
                    },
                    {
                        "archive_url": "https://raw.githubusercontent.com/infrastructureclub/open-house-london-images/master/images/2026/12130/building_12130_121202_elly_restaurant_006_c4fb583ce61169ef4f02603f20bbf8f9.jpg",
                        "title": "+ HOME Café\r\n© Jack Hobhouse"
                    }
                ],
                "name": "Morris+Company | 'Waste Not: Materials, Making and the Circular Economy' Exhibition",
                "new_venue_this_year": "No",
                "start": "10:00:00",
                "ticketed_events": "No",
                "url": "https://programme.openhouse.org.uk/listings/12130"
            },
            "type": "Feature"
        },
        {
            "geometry": {
                "coordinates": [
                    -0.19194,
                    51.61619
                ],
                "type": "Point"
            },
            "properties": {
                "balloted": "No",
                "description": "Woodside Loft is an exceptional loft conversion and was the winner of an SBID International Design Excellence Award (2020). It's part living room, part multi-function space,  part chill-out den, part guest quarters. The conversion makes use of every inch of space and adopts unconventional ideas and solutions to achieve its design objective.",
                "end": "20:00:00",
                "fully_booked": "",
                "images": [
                    {
                        "archive_url": "https://raw.githubusercontent.com/infrastructureclub/open-house-london-images/master/images/2026/12382/building_12382_20_07_15_roncarati-shot-12-226-low-res_61ae7e8f5878dc5475a49d38273d8823.jpg",
                        "title": null
                    },
                    {
                        "archive_url": "https://raw.githubusercontent.com/infrastructureclub/open-house-london-images/master/images/2026/12382/building_12382_20_07_15_roncarati-shot-06-098_rt-low-res_ac88ac66829fcef93a283a5bf94c123e.jpg",
                        "title": null
                    },
                    {
                        "archive_url": "https://raw.githubusercontent.com/infrastructureclub/open-house-london-images/master/images/2026/12382/building_12382_20200820_085340_cb872e15294a3a8a1fad00d4589d54f2.jpg",
                        "title": null
                    },
                    {
                        "archive_url": "https://raw.githubusercontent.com/infrastructureclub/open-house-london-images/master/images/2026/12382/building_12382_20_07_15_roncarati-shot-14-251_rt-low-res_6287f4cfc90f96b23617de068b5f0068.jpg",
                        "title": null
                    },
                    {
                        "archive_url": "https://raw.githubusercontent.com/infrastructureclub/open-house-london-images/master/images/2026/12382/building_12382_20230406_190134_1d9b726c0765c5f0b61b0231e23c70ca.jpg",
                        "title": null
                    },
                    {
                        "archive_url": "https://raw.githubusercontent.com/infrastructureclub/open-house-london-images/master/images/2026/12382/building_12382_20_07_15_roncarati-shot-15-268_rt-low-res_f49ff71268d139b8ff48326c0a972041.jpg",
                        "title": null
                    },
                    {
                        "archive_url": "https://raw.githubusercontent.com/infrastructureclub/open-house-london-images/master/images/2026/12382/building_12382_20_07_15_roncarati-shot-17-362-r4-low-res_cc68e3110aa9dea979a3dc8a293aa1f7.jpg",
                        "title": null
                    },
                    {
                        "archive_url": "https://raw.githubusercontent.com/infrastructureclub/open-house-london-images/master/images/2026/12382/building_12382_20230215_173833_7285916eb95c6577930e9763033f28e9.jpg",
                        "title": null
                    }
                ],
                "name": "Woodside Loft, 4 Singleton Scarp",
                "new_venue_this_year": "No",
                "start": "18:30:00",
                "ticketed_events": "No",
                "url": "https://programme.openhouse.org.uk/listings/12382"
            },
            "type": "Feature"
        },
        {
            "geometry": {
                "coordinates": [
                    -0.22501,
                    51.49343
                ],
                "type": "Point"
            },
            "properties": {
                "balloted": "No",
                "description": "A walk around Brook Green with emphasis on the buried lost river, Stamford Brook.",
                "end": "12:00:00",
                "fully_booked": "No",
                "images": [
                    {
                        "archive_url": "https://raw.githubusercontent.com/infrastructureclub/open-house-london-images/master/images/2026/12421/building_12421_20220630_113524_e813173cb531bec256c697e9e67ed778.jpg",
                        "title": "Vivienne Bales"
                    }
                ],
                "name": "Brook Green walk",
                "new_venue_this_year": "No",
                "start": "10:30:00",
                "ticketed_events": "Yes",
                "url": "https://programme.openhouse.org.uk/listings/12421"
            },
            "type": "Feature"
        },
        {
            "geometry": {
                "coordinates": [
                    -0.11847,
                    51.35569
                ],
                "type": "Point"
            },
            "properties": {
                "balloted": "No",
                "description": "The Operations Support Group provide a service to the London Fire Brigade. At the Operations Support Centre, we track, trace, repair and maintain firefighting PPE and equipment in our many workshops. The OSC also houses a large warehouse and stores, and delivers everyday items and specialist equipment to 102 Fire Stations across London.",
                "end": "15:30:00",
                "fully_booked": "No",
                "images": [
                    {
                        "archive_url": "https://raw.githubusercontent.com/infrastructureclub/open-house-london-images/master/images/2026/12551/building_12551_osc_c3fefeb305e12db4b4c739fe7b520491.jpg",
                        "title": "Operations Support Centre. (THE OPERATIONS SUPPORT CENTRE - LONDON FIRE BRIGADE)"
                    },
                    {
                        "archive_url": "https://raw.githubusercontent.com/infrastructureclub/open-house-london-images/master/images/2026/12551/building_12551_20260505_163544_b4d3ceecb1e81b7428578f47ac5fa154.jpg",
                        "title": "Operations Support Group Equipment. (THE OPERATIONS SUPPORT CENTRE - LONDON FIRE BRIGADE)"
                    },
                    {
                        "archive_url": "https://raw.githubusercontent.com/infrastructureclub/open-house-london-images/master/images/2026/12551/building_12551_20260505_163556_fb3d01df3879872fba1640a3cea8ac97.jpg",
                        "title": "Breathing Apparatus. (THE OPERATIONS SUPPORT CENTRE - LONDON FIRE BRIGADE)"
                    }
                ],
                "name": "The Operations Support Centre - London Fire Brigade",
                "new_venue_this_year": "No",
                "start": "08:00:00",
                "ticketed_events": "Yes",
                "url": "https://programme.openhouse.org.uk/listings/12551"
            },
            "type": "Feature"
        },
        {
            "geometry": {
                "coordinates": [
                    -0.18773,
                    51.45501
                ],
                "type": "Point"
            },
            "properties": {
                "balloted": "No",
                "description": "St Anne's Church, a SW London landmark, nicknamed Pepperpot, celebrated its bicentenary in 2024 (Robert Smirke 1824). The church will be open September 15, 17 and 18 for guided tours and exhibits from the archives.",
                "end": "15:30:00",
                "fully_booked": "",
                "images": [
                    {
                        "archive_url": "https://raw.githubusercontent.com/infrastructureclub/open-house-london-images/master/images/2026/12598/building_12598_church-photo_de49c7216183026554fe04edc7bd9c6a.jpg",
                        "title": null
                    }
                ],
                "name": "St Anne's Church Wandsworth",
                "new_venue_this_year": "No",
                "start": "09:30:00",
                "ticketed_events": "No",
                "url": "https://programme.openhouse.org.uk/listings/12598"
            },
            "type": "Feature"
        },
        {
            "geometry": {
                "coordinates": [
                    -0.1368,
                    51.50876
                ],
                "type": "Point"
            },
            "properties": {
                "balloted": "No",
                "description": "St James's Piccadilly is a Grade I listed Christopher Wren church in the heart of the West End. Completed in 1684, and known as the Artists' Church, its interiors include historic works of art by Grinling Gibbons (reredos, organ case and font), postwar Classical interiors by Albert Richardson, and contemporary art by Che Lovelace honouring the 18th-century abolitionist Quobna Ottobah Cugoano.",
                "end": "16:00:00",
                "fully_booked": "",
                "images": [
                    {
                        "archive_url": "https://raw.githubusercontent.com/infrastructureclub/open-house-london-images/master/images/2026/12659/building_12659_st-james-s-church-piccadilly-seen-from-jermyn-street-photo-by-elspeth-osman-allu-c-st-james-s-piccadilly_ea67beb044255e6d24322fa64b66b57c.jpg",
                        "title": "St James's Church Piccadilly, seen from Jermyn Street"
                    },
                    {
                        "archive_url": "https://raw.githubusercontent.com/infrastructureclub/open-house-london-images/master/images/2026/12659/building_12659_jeremy-white-pic-church-interior_edfaf43975e22b9979b7e33ab55cf4e7.jpg",
                        "title": "Interior of St James's"
                    },
                    {
                        "archive_url": "https://raw.githubusercontent.com/infrastructureclub/open-house-london-images/master/images/2026/12659/building_12659_photo-22-02-2021-09-50-59-1_2246048c0ed6396c53f8b7c58d2c1329.jpg",
                        "title": "The lime wood reredos carved by Grinling Gibbons"
                    },
                    {
                        "archive_url": "https://raw.githubusercontent.com/infrastructureclub/open-house-london-images/master/images/2026/12659/building_12659_the-river-and-passage-by-che-lovelace-installed-in-st-james-s-piccadilly-photo-stephen-white-co_afecc07be32374c40c4c9ad837d4e27a.jpg",
                        "title": "The River (left) and Passage (right) by Che Lovelace hanging in the narthex at St James's Piccadilly"
                    }
                ],
                "name": "St James's Piccadilly",
                "new_venue_this_year": "No",
                "start": "10:00:00",
                "ticketed_events": "No",
                "url": "https://programme.openhouse.org.uk/listings/12659"
            },
            "type": "Feature"
        },
        {
            "geometry": {
                "coordinates": [
                    -0.10075,
                    51.37522
                ],
                "type": "Point"
            },
            "properties": {
                "balloted": "No",
                "description": "The Croydon Urban Room is a space to talk about the past, present and future of the Croydon town centre. Through conversa­tions, stories, exhibitions and events, the Urban Room brings together the views of those who live, work and visit the area to create a shared vision of the future and test new uses live in action.",
                "end": "16:00:00",
                "fully_booked": "",
                "images": [
                    {
                        "archive_url": "https://raw.githubusercontent.com/infrastructureclub/open-house-london-images/master/images/2026/12687/building_12687_1721246551928_a6d64c6db9d8edb6a0b069318bba4114.jfif",
                        "title": "CROYDON URBAN ROOM"
                    },
                    {
                        "archive_url": "https://raw.githubusercontent.com/infrastructureclub/open-house-london-images/master/images/2026/12687/building_12687_1721246553512_33b438725887eb97a2f260ce2d7bf8ef.jfif",
                        "title": "CROYDON URBAN ROOM"
                    },
                    {
                        "archive_url": "https://raw.githubusercontent.com/infrastructureclub/open-house-london-images/master/images/2026/12687/building_12687_1721246552001_e5541502caba6c4888613ef99bd1082f.jfif",
                        "title": "CROYDON URBAN ROOM"
                    }
                ],
                "name": "Croydon Urban Room",
                "new_venue_this_year": "No",
                "start": "10:00:00",
                "ticketed_events": "No",
                "url": "https://programme.openhouse.org.uk/listings/12687"
            },
            "type": "Feature"
        },
        {
            "geometry": {
                "coordinates": [
                    -0.14246,
                    51.51756
                ],
                "type": "Point"
            },
            "properties": {
                "balloted": "No",
                "description": "London is the world's first National Park City, and our visitors centre at 80 Mortimer Street is the entry point to hundreds of places to visit and things to do across a greener, healthier and wilder London.",
                "end": "18:00:00",
                "fully_booked": "No",
                "images": [
                    {
                        "archive_url": "https://raw.githubusercontent.com/infrastructureclub/open-house-london-images/master/images/2026/12692/building_12692_80_mortimer-street_412b139bc6dff7cd04f794b2e49a187c.jpg",
                        "title": "London National Park City visitors centre at 80 Mortimer Street around the corner from Oxford Circus"
                    },
                    {
                        "archive_url": "https://raw.githubusercontent.com/infrastructureclub/open-house-london-images/master/images/2026/12692/building_12692_rangers_summit_18nov23_1600x800_1fe0c19fca59274ed40f31c7c3d09896.jpg",
                        "title": "London National Park City Rangers"
                    }
                ],
                "name": "London National Park City Visitors Centre",
                "new_venue_this_year": "No",
                "start": "10:00:00",
                "ticketed_events": "Yes",
                "url": "https://programme.openhouse.org.uk/listings/12692"
            },
            "type": "Feature"
        },
        {
            "geometry": {
                "coordinates": [
                    -0.32577,
                    51.53539
                ],
                "type": "Point"
            },
            "properties": {
                "balloted": "No",
                "description": "We are a theatre company for performers and artists with learning disabilities in the West London area. We will put on an exhibition of artworks and costumes at our Community Arts Centre.",
                "end": "16:00:00",
                "fully_booked": "",
                "images": [
                    {
                        "archive_url": "https://raw.githubusercontent.com/infrastructureclub/open-house-london-images/master/images/2026/12809/building_12809_exhibition_65bd7051a3d0902c96cc1a6d8b941587.jpg",
                        "title": "Art exhibition. Image credit: IMPACT Theatre"
                    },
                    {
                        "archive_url": "https://raw.githubusercontent.com/infrastructureclub/open-house-london-images/master/images/2026/12809/building_12809_costume_2d16855d40192d47efd07e978f512dce.jpg",
                        "title": "Costume. Image credit: IMPACT Theatre"
                    }
                ],
                "name": "IMPACT Community Arts Centre",
                "new_venue_this_year": "No",
                "start": "10:00:00",
                "ticketed_events": "No",
                "url": "https://programme.openhouse.org.uk/listings/12809"
            },
            "type": "Feature"
        },
        {
            "geometry": {
                "coordinates": [
                    -0.15186,
                    51.54325
                ],
                "type": "Point"
            },
            "properties": {
                "balloted": "No",
                "description": "A walking tour celebrating the music venues of Camden Town. Learn about the historic bands that have played at the various sites Camden is famous for. From Pink Floyd to Amy Winehouse and beyond. Take a walk on the wild side through Camden's musical highlights.",
                "end": "14:00:00",
                "fully_booked": "No",
                "images": [
                    {
                        "archive_url": "https://raw.githubusercontent.com/infrastructureclub/open-house-london-images/master/images/2026/12898/building_12898_screenshot-2024-08-06-at-12-17-36_4f18c4b171798613269335c296362bb8.png",
                        "title": "Dublin Castle pub - Jen Brown"
                    }
                ],
                "name": "Rock 'n' Roll Camden Tour",
                "new_venue_this_year": "No",
                "start": "12:00:00",
                "ticketed_events": "Yes",
                "url": "https://programme.openhouse.org.uk/listings/12898"
            },
            "type": "Feature"
        },
        {
            "geometry": {
                "coordinates": [
                    -0.13932,
                    51.51092
                ],
                "type": "Point"
            },
            "properties": {
                "balloted": "No",
                "description": "A revival and love letter to London’s lost bohemia. Travel back in time to the legendary haunt of some of Soho's greatest creatives.   Featuring pictures, press cuttings and even the piano from the much loved private members club.",
                "end": "23:00:00",
                "fully_booked": "",
                "images": [
                    {
                        "archive_url": "https://raw.githubusercontent.com/infrastructureclub/open-house-london-images/master/images/2026/12933/building_12933_colonyroomgreen_marknorton_ohf_09212024_015_cc5f344cb8429c7f0e6040e074ddfed5.jpg",
                        "title": "Mark Norton"
                    }
                ],
                "name": "Explore the authentically recreated Colony Room",
                "new_venue_this_year": "No",
                "start": "14:00:00",
                "ticketed_events": "No",
                "url": "https://programme.openhouse.org.uk/listings/12933"
            },
            "type": "Feature"
        },
        {
            "geometry": {
                "coordinates": [
                    -0.1,
                    51.50345
                ],
                "type": "Point"
            },
            "properties": {
                "balloted": "No",
                "description": "Resonance FM is a pioneering, non-profit community radio station, with a studio at 7 Risborough Street, Southwark, London. Broadcasting 24/7 on 104.4 FM, DAB, and online, it offers over 100 weekly shows created by volunteer engineers and programme-makers. The station champions free expression and artistic diversity, providing a platform for local and international voices across arts & culture.",
                "end": "11:00:00",
                "fully_booked": "No",
                "images": [
                    {
                        "archive_url": "https://raw.githubusercontent.com/infrastructureclub/open-house-london-images/master/images/2026/13049/building_13049_screenshot-2025-07-01-at-10-51-28_bb79a5b2e045cec798d84900af8fd743.png",
                        "title": "Keira Anee"
                    },
                    {
                        "archive_url": "https://raw.githubusercontent.com/infrastructureclub/open-house-london-images/master/images/2026/13049/building_13049_img_9010_2657c70e93c2387ad0f4bc4913626603.jpg",
                        "title": "Alise Snaps"
                    }
                ],
                "name": "Resonance FM Studios",
                "new_venue_this_year": "Yes",
                "start": "10:00:00",
                "ticketed_events": "Yes",
                "url": "https://programme.openhouse.org.uk/listings/13049"
            },
            "type": "Feature"
        },
        {
            "geometry": {
                "coordinates": [
                    -0.10379,
                    51.51168
                ],
                "type": "Point"
            },
            "properties": {
                "balloted": "No",
                "description": "Our walk explores the river that shaped London. As we follow the North Bank, we will uncover how the Thames sparked the city’s birth, powered trade, and supported daily life. From ancient monument, to medieval bridge building, Victorian engineering, to today’s iconic views and new super sewer – the riverside reveals Londoners' evolving relationship with the Thames.",
                "end": "15:30:00",
                "fully_booked": "No",
                "images": [
                    {
                        "archive_url": "https://raw.githubusercontent.com/infrastructureclub/open-house-london-images/master/images/2026/13111/building_13111_queenhithe-mosaic_7b6a57ee94d60fcf4b92bad712eacae1.jpg",
                        "title": "View of Thames and South Bank from Queenhithe"
                    },
                    {
                        "archive_url": "https://raw.githubusercontent.com/infrastructureclub/open-house-london-images/master/images/2026/13111/building_13111_thames-path-with-millenium-bridge-and-shard_011a06f3a1fa912c410614529a80d273.jpg",
                        "title": "Thames Path North Bank with view of the Millennium Bridge and the Shard"
                    },
                    {
                        "archive_url": "https://raw.githubusercontent.com/infrastructureclub/open-house-london-images/master/images/2026/13111/building_13111_queenhithe-foreshore_646153e0d49e1fd67c85731333284e74.jpg",
                        "title": "Queenhithe dock foreshore"
                    },
                    {
                        "archive_url": "https://raw.githubusercontent.com/infrastructureclub/open-house-london-images/master/images/2026/13111/building_13111_thames-path-with-tower-bridge_c8b64547fb24b767b40336cf90802b84.jpg",
                        "title": "Thames path with Tower Bridge in distance"
                    }
                ],
                "name": "Taming the Thames: Londoners and London's river",
                "new_venue_this_year": "No",
                "start": "13:30:00",
                "ticketed_events": "Yes",
                "url": "https://programme.openhouse.org.uk/listings/13111"
            },
            "type": "Feature"
        },
        {
            "geometry": {
                "coordinates": [
                    -0.17349,
                    51.49695
                ],
                "type": "Point"
            },
            "properties": {
                "balloted": "No",
                "description": "On this  walk you will see some of the forgotten contributions of Victorian women to the magnificent buildings of South Kensington, in particular the V&A and the Royal Albert Hall. \r\n\r\nYou will also see how women were represented very differently from men on the buildings and memorials of this internationally important arts and science district.",
                "end": "12:15:00",
                "fully_booked": "No",
                "images": [
                    {
                        "archive_url": "https://raw.githubusercontent.com/infrastructureclub/open-house-london-images/master/images/2026/13148/building_13148_img_4148_32daeba3bce5a31eec963a733e56938a.jpeg",
                        "title": null
                    }
                ],
                "name": "Designed to be forgotten: women in South Kensington",
                "new_venue_this_year": "No",
                "start": "11:00:00",
                "ticketed_events": "Yes",
                "url": "https://programme.openhouse.org.uk/listings/13148"
            },
            "type": "Feature"
        },
        {
            "geometry": {
                "coordinates": [
                    -0.02052,
                    51.51203
                ],
                "type": "Point"
            },
            "properties": {
                "balloted": "No",
                "description": "Grade II Listed.   Designed by Adrian Gilbert Scott.  Cruciform shape (120 feet by 120 feet) of steel girder and brick construction. Its Lantern tower – based on Ely Cathedral – is supported on parabolic arches 35 feet wide and 50 feet high.  The Stained Glass Windows were designed by John Wilson of Edinburgh and the Stations of the Cross  carved in Blue Horton Stone by Peter Watts.",
                "end": "13:00:00",
                "fully_booked": "",
                "images": [
                    {
                        "archive_url": "https://raw.githubusercontent.com/infrastructureclub/open-house-london-images/master/images/2026/13253/building_13253_st-mary-st-joseph-rc-church-poplar_1_c-garrido_69fe391e814226a2b36f3a729164dd33.jpg",
                        "title": null
                    },
                    {
                        "archive_url": "https://raw.githubusercontent.com/infrastructureclub/open-house-london-images/master/images/2026/13253/building_13253_poplar_st_mary_st_joseph_rc161113_2_81dc33bbb49f093edfd6e70ab82052bf.jpg",
                        "title": null
                    },
                    {
                        "archive_url": "https://raw.githubusercontent.com/infrastructureclub/open-house-london-images/master/images/2026/13253/building_13253_st-mary-st-joseph-rc-church-poplar_2_c-garrido_6ef61d22b5ee5648e21ac29760f5c3da.jpg",
                        "title": null
                    },
                    {
                        "archive_url": "https://raw.githubusercontent.com/infrastructureclub/open-house-london-images/master/images/2026/13253/building_13253_st-mary-st-joseph-rc-church-poplar_3_c-garrido_85d571032608ab92916a5e0a696b4de1.jpg",
                        "title": null
                    },
                    {
                        "archive_url": "https://raw.githubusercontent.com/infrastructureclub/open-house-london-images/master/images/2026/13253/building_13253_church-interior-1-scaled-e1695941305485_65b08936351b54aa7137c540be5d1e04.jpg",
                        "title": null
                    }
                ],
                "name": "St Mary & St Joseph Roman Catholic Church, Poplar",
                "new_venue_this_year": "No",
                "start": "10:00:00",
                "ticketed_events": "No",
                "url": "https://programme.openhouse.org.uk/listings/13253"
            },
            "type": "Feature"
        },
        {
            "geometry": {
                "coordinates": [
                    -0.13826,
                    51.51651
                ],
                "type": "Point"
            },
            "properties": {
                "balloted": "No",
                "description": "The Purpose of Light, Misan Harriman’s landmark photographic exhibition, bears witness to significant  moments, not with judgment or ideology, but with a deep and unflinching empathy for the human condition. Featuring 110 unique photographs, this exhibition is a call not for division, but for togetherness.",
                "end": "18:00:00",
                "fully_booked": "",
                "images": [
                    {
                        "archive_url": "https://raw.githubusercontent.com/infrastructureclub/open-house-london-images/master/images/2026/13445/building_13445_akiandmisan_d20ea15df753b35e64392faad27d938d.jpg",
                        "title": "Misan Harriman"
                    },
                    {
                        "archive_url": "https://raw.githubusercontent.com/infrastructureclub/open-house-london-images/master/images/2026/13445/building_13445_power-near-parliament-sq-20th-of-june-2020_a0732383770c1b2511b75f654b300b0f.jpg",
                        "title": "Misan Harriman"
                    }
                ],
                "name": "The Purpose of Light: Exhibition by Misan Harriman",
                "new_venue_this_year": "No",
                "start": "10:00:00",
                "ticketed_events": "No",
                "url": "https://programme.openhouse.org.uk/listings/13445"
            },
            "type": "Feature"
        },
        {
            "geometry": {
                "coordinates": [
                    -0.08643,
                    51.44632
                ],
                "type": "Point"
            },
            "properties": {
                "balloted": "No",
                "description": "Christ’s Chapel in Dulwich, consecrated in 1616, is an active place of worship and Grade II-listed chapel in the heart of Dulwich Village. It was conceived as the focus for the College of God's Gift, founded by the Elizabethan actor-manager and entrepreneur Edward Alleyn (1566-1626), a complex which also comprised of a school and almshouses and which still provides homes to older residents.",
                "end": "15:30:00",
                "fully_booked": "",
                "images": [
                    {
                        "archive_url": "https://raw.githubusercontent.com/infrastructureclub/open-house-london-images/master/images/2026/13505/building_13505_edwardalleynstatue-highres-7k8b2605_98bc996c161e07026f0af87824376ed4.jpg",
                        "title": "Courtesy of The Dulwich Estate"
                    },
                    {
                        "archive_url": "https://raw.githubusercontent.com/infrastructureclub/open-house-london-images/master/images/2026/13505/building_13505_christs-chapel_5c71d0146924d9dde3cdf81279e95855.jpeg",
                        "title": "Courtesy of The Dulwich Estate"
                    },
                    {
                        "archive_url": "https://raw.githubusercontent.com/infrastructureclub/open-house-london-images/master/images/2026/13505/building_13505_img_9790a_a0cb902d580b27eb1c4be916d397fd79.jpg",
                        "title": "Nick Wright for The Dulwich Estate"
                    },
                    {
                        "archive_url": "https://raw.githubusercontent.com/infrastructureclub/open-house-london-images/master/images/2026/13505/building_13505_img_9814a_1dde9f0c0fd19fb0571640b3b302651f.jpg",
                        "title": "Nick Wright for The Dulwich Estate"
                    }
                ],
                "name": "Christ's Chapel of God's Gift at Dulwich",
                "new_venue_this_year": "Yes",
                "start": "14:00:00",
                "ticketed_events": "No",
                "url": "https://programme.openhouse.org.uk/listings/13505"
            },
            "type": "Feature"
        },
        {
            "geometry": {
                "coordinates": [
                    -0.12588,
                    51.44044
                ],
                "type": "Point"
            },
            "properties": {
                "balloted": "No",
                "description": "As part of the Open House Festival, Streatham Hill Theatre stands out as a significant example of London’s theatrical heritage. Built in 1928–29, it was the final theatre designed by renowned architect W. G. R. Sprague. Opening in 1929, the venue hosted theatre, opera, ballet and variety performances until 1962, with a temporary closure between 1944 and 1950 due to wartime bomb damage.",
                "end": "16:00:00",
                "fully_booked": "",
                "images": [
                    {
                        "archive_url": "https://raw.githubusercontent.com/infrastructureclub/open-house-london-images/master/images/2026/13546/building_13546_ian-trayner_photographer-kingston-surrey_8509835_f1a30863a90b492cb0e57ebe8658766f.jpg",
                        "title": "Streatham Hill Theatre"
                    },
                    {
                        "archive_url": "https://raw.githubusercontent.com/infrastructureclub/open-house-london-images/master/images/2026/13546/building_13546_best-inside_17b1db3e5a98d7161c5d39b3c2ffc411.jpg",
                        "title": "Ian Trayner"
                    },
                    {
                        "archive_url": "https://raw.githubusercontent.com/infrastructureclub/open-house-london-images/master/images/2026/13546/building_13546_upstairs-foyer_3add42e5053946a569d2c4600d0fcdef.jpg",
                        "title": "Ian Trayner"
                    }
                ],
                "name": "Streatham Hill Theatre",
                "new_venue_this_year": "Yes",
                "start": "10:00:00",
                "ticketed_events": "No",
                "url": "https://programme.openhouse.org.uk/listings/13546"
            },
            "type": "Feature"
        },
        {
            "geometry": {
                "coordinates": [
                    -0.18379,
                    51.47832
                ],
                "type": "Point"
            },
            "properties": {
                "balloted": "No",
                "description": "The building of Worlds End Studios started life as a factory manufacturing machines for commercial baking ovens; it burned down and the remains were used as the foundations of what we know today.\r\nTwo young architects found the ruined site in 1974. They wanted to create a community workspace geared toward designers, one of the first of its kind, in London.",
                "end": "17:00:00",
                "fully_booked": "No",
                "images": [
                    {
                        "archive_url": "https://raw.githubusercontent.com/infrastructureclub/open-house-london-images/master/images/2026/13549/building_13549_wes_90q_403645009ca57db5ad5aabbf5e4f60ed.jpg",
                        "title": "Exterior of Worlds End Studios"
                    },
                    {
                        "archive_url": "https://raw.githubusercontent.com/infrastructureclub/open-house-london-images/master/images/2026/13549/building_13549_old-elevation_a77e481fd9ac833277370220cf178590.jpg",
                        "title": "Old vs New Elevation of Worlds End Studios"
                    }
                ],
                "name": "Worlds End Studios",
                "new_venue_this_year": "Yes",
                "start": "11:00:00",
                "ticketed_events": "Yes",
                "url": "https://programme.openhouse.org.uk/listings/13549"
            },
            "type": "Feature"
        },
        {
            "geometry": {
                "coordinates": [
                    -0.11089,
                    51.46188
                ],
                "type": "Point"
            },
            "properties": {
                "balloted": "No",
                "description": "Brixton House is a modern, purpose-built theatre and cultural hub located in the heart of Brixton, South London, which opened in 2022 as the new iteration of the renowned Ovalhouse Theatre. It features two theatre spaces, rehearsal rooms, and a café-bar, functioning as a community-focused venue dedicated to showcasing new, diverse, and experimental work.",
                "end": "15:00:00",
                "fully_booked": "No",
                "images": [
                    {
                        "archive_url": "https://raw.githubusercontent.com/infrastructureclub/open-house-london-images/master/images/2026/13569/building_13569_bh-building2_8213ddd18691a9ccc69f10aa058b22ed.jpg",
                        "title": "Photo by Sharron Wallace"
                    }
                ],
                "name": "Brixton House Theatre",
                "new_venue_this_year": "Yes",
                "start": "13:00:00",
                "ticketed_events": "Yes",
                "url": "https://programme.openhouse.org.uk/listings/13569"
            },
            "type": "Feature"
        },
        {
            "geometry": {
                "coordinates": [
                    -0.13933,
                    51.50858
                ],
                "type": "Point"
            },
            "properties": {
                "balloted": "No",
                "description": "A guided walk looking at the building materials that built a city.  The 90 minute tour around Piccadilly looks at the various rocks that have been used to face the buildings.  The tour uncovers the history and geology behind the key building materials of London.  The tour is lead by Dr Stephen King, a qualified Westminster tour guide and geologist.",
                "end": "12:30:00",
                "fully_booked": "No",
                "images": [
                    {
                        "archive_url": "https://raw.githubusercontent.com/infrastructureclub/open-house-london-images/master/images/2026/13575/building_13575_guide-with-rock_b2db6777d3780be2747f80619f556594.jpg",
                        "title": "Dr Stephen King"
                    }
                ],
                "name": "Piccadilly Rocks!",
                "new_venue_this_year": "Yes",
                "start": "11:00:00",
                "ticketed_events": "Yes",
                "url": "https://programme.openhouse.org.uk/listings/13575"
            },
            "type": "Feature"
        },
        {
            "geometry": {
                "coordinates": [
                    -0.09099,
                    51.45121
                ],
                "type": "Point"
            },
            "properties": {
                "balloted": "No",
                "description": "Herne Hill Velodrome, opened in 1891, hosted track cycling events for the 1948 Olympics, is now home to a thriving grassroots cycling facility - hosting everything from Learn to Cycle to local and international racing events. \r\nHHV overcame the threat of closure in the early 2000s, and a new pavilion, designed by Mike Taylor of Hopkins Architects, opened in 2017.",
                "end": "21:00:00",
                "fully_booked": "No",
                "images": [
                    {
                        "archive_url": "https://raw.githubusercontent.com/infrastructureclub/open-house-london-images/master/images/2026/13624/building_13624_dscf0277-1_39904798a85302ed2d81c840d0459093.jpg",
                        "title": "Calum Brookes"
                    },
                    {
                        "archive_url": "https://raw.githubusercontent.com/infrastructureclub/open-house-london-images/master/images/2026/13624/building_13624_hernehillvelodrome_adamscott_28-1_1da44c655c9575f22bac9d947cf287b9.jpg",
                        "title": "Adam Scott"
                    }
                ],
                "name": "Herne Hill Velodrome",
                "new_venue_this_year": "Yes",
                "start": "18:00:00",
                "ticketed_events": "Yes",
                "url": "https://programme.openhouse.org.uk/listings/13624"
            },
            "type": "Feature"
        },
        {
            "geometry": {
                "coordinates": [
                    -0.09906,
                    51.51328
                ],
                "type": "Point"
            },
            "properties": {
                "balloted": "No",
                "description": "Buried treasures, banks and bullion…. Explore the legendary wealth of the City of London and its modern-day reputation as a global centre of finance. They used to say its streets were paved with gold... This guided walk explores the historic sources of the City's money, including livery companies, global trade and the development of the banking industry, and some of the ways that manifests today.",
                "end": "12:30:00",
                "fully_booked": "No",
                "images": [
                    {
                        "archive_url": "https://raw.githubusercontent.com/infrastructureclub/open-house-london-images/master/images/2026/13640/building_13640_bolsa-_londres-_inglaterra-_2014-08-11-_dd_144_cc3f5789680ff0fd6b8c3255f52928bf.jpg",
                        "title": "Diego Delso"
                    }
                ],
                "name": "Money, Money, Money",
                "new_venue_this_year": "Yes",
                "start": "11:30:00",
                "ticketed_events": "Yes",
                "url": "https://programme.openhouse.org.uk/listings/13640"
            },
            "type": "Feature"
        },
        {
            "geometry": {
                "coordinates": [
                    -0.30416,
                    51.40435
                ],
                "type": "Point"
            },
            "properties": {
                "balloted": "No",
                "description": "London Square presents a rare opportunity to live within the sensitively restored former Surrey County Hall, complemented by a striking collection of contemporary new-build homes and commercial areas for hire.\r\n\r\nSet in the heart of Kingston, residents enjoy a riverside town rich in culture, green spaces, shopping and dining - all with excellent connection to London and beyond.",
                "end": "16:00:00",
                "fully_booked": "No",
                "images": [
                    {
                        "archive_url": "https://raw.githubusercontent.com/infrastructureclub/open-house-london-images/master/images/2026/13682/building_13682_vb5541606_county_hall_kingston_ext_refurb_hero_alternative_5k_3200x2135-1_3818eff8284234e494dae4476c2dd6bf.jpg",
                        "title": "County Hall Kingston - Residents Entrance"
                    },
                    {
                        "archive_url": "https://raw.githubusercontent.com/infrastructureclub/open-house-london-images/master/images/2026/13682/building_13682_vb5570146_county_hall_kingston_ext_courtyard02_final_2k_3200x1800_1b290e5cac85b6a5c8e7e1b1872ffe32.jpg",
                        "title": "County Hall Kingston - Courtyard"
                    },
                    {
                        "archive_url": "https://raw.githubusercontent.com/infrastructureclub/open-house-london-images/master/images/2026/13682/building_13682_vb5692969_chk_may_26_046_3200x2134_58d025c4020c7e1af27d8fbdb16ab81a.jpg",
                        "title": "County Hall Kingston - Living Room"
                    },
                    {
                        "archive_url": "https://raw.githubusercontent.com/infrastructureclub/open-house-london-images/master/images/2026/13682/building_13682_vb5574102_county_hall_kingston_int_concierge_final_2k_3200x1800_5a7912286f950b414e045b4142a10b1d.jpg",
                        "title": "County Hall Kingston - Concierge Area"
                    },
                    {
                        "archive_url": "https://raw.githubusercontent.com/infrastructureclub/open-house-london-images/master/images/2026/13682/building_13682_county_hall_kingston_int_court_room_final_2k_e0c0e3b7e10d402f0c2c73390358ee7d.jpg",
                        "title": "County Hall Kingston - Court Room"
                    },
                    {
                        "archive_url": "https://raw.githubusercontent.com/infrastructureclub/open-house-london-images/master/images/2026/13682/building_13682_county_hall_kingston_int_grandhall_workspace_final_2k_cd956c9743f7ac3081e68ece286d9835.jpg",
                        "title": "County Hall Kingston - Grand Hall"
                    },
                    {
                        "archive_url": "https://raw.githubusercontent.com/infrastructureclub/open-house-london-images/master/images/2026/13682/building_13682_county_hall_kingston_int_county_chamber_final_2k_afe65d00b677b6400bb545d047bb90ed.jpg",
                        "title": "County Hall Kingston - County Chamber"
                    }
                ],
                "name": "County Hall Kingston",
                "new_venue_this_year": "Yes",
                "start": "11:00:00",
                "ticketed_events": "Yes",
                "url": "https://programme.openhouse.org.uk/listings/13682"
            },
            "type": "Feature"
        },
        {
            "geometry": {
                "coordinates": [
                    -0.10846,
                    51.53224
                ],
                "type": "Point"
            },
            "properties": {
                "balloted": "No",
                "description": "Step inside the Grade II-listed Crafts Council Gallery, a unique venue for hire in the heart of London and the home to the Crafts Council, the UK’s national charity for craft. \r\n\r\nHandle objects from our collection, explore self-directed making through our Make First approach, browse our craft books, and meet the team as we re-establish the building as the national home for craft.",
                "end": "15:00:00",
                "fully_booked": "No",
                "images": [
                    {
                        "archive_url": "https://raw.githubusercontent.com/infrastructureclub/open-house-london-images/master/images/2026/13695/building_13695_crafts-council-04_b7e1a9995551252025e6c9f6e569f7be.jpg",
                        "title": "Crafts Council Gallery (Image: Joe Humphrys)"
                    }
                ],
                "name": "Crafts Council Gallery",
                "new_venue_this_year": "Yes",
                "start": "11:00:00",
                "ticketed_events": "Yes",
                "url": "https://programme.openhouse.org.uk/listings/13695"
            },
            "type": "Feature"
        },
        {
            "geometry": {
                "coordinates": [
                    -0.17681,
                    51.5574
                ],
                "type": "Point"
            },
            "properties": {
                "balloted": "No",
                "description": "The walk will offer new perspectives on the history of Hampstead by exploring what has changed, disappeared, or been imagined, through social changes, by architects and town planners, and creatively by artists, writers, radicals and poets. During the walk we will uncover forgotten stories in Hampstead's history and the fascinating ways in which these have left their mark on the local area.",
                "end": "15:30:00",
                "fully_booked": "No",
                "images": [
                    {
                        "archive_url": "https://raw.githubusercontent.com/infrastructureclub/open-house-london-images/master/images/2026/13711/building_13711_img_6907_31e789c3ba4b22ba0a377f965e962237.jpeg",
                        "title": "Carol Seigel"
                    },
                    {
                        "archive_url": "https://raw.githubusercontent.com/infrastructureclub/open-house-london-images/master/images/2026/13711/building_13711_super_animated_card_south_end_road_hampstead_railway_tavern_louis_levy_l-l_c1905_-50272727461-2_1d1b5f3cc4b2ea295571053a526e9146.jpg",
                        "title": "South End Road Hampstead\r\nMark Crombie, public domain via Wikimedia Commons"
                    }
                ],
                "name": "Hampstead Vanished and Imagined",
                "new_venue_this_year": "Yes",
                "start": "14:00:00",
                "ticketed_events": "Yes",
                "url": "https://programme.openhouse.org.uk/listings/13711"
            },
            "type": "Feature"
        },
        {
            "geometry": {
                "coordinates": [
                    -0.13117,
                    51.50604
                ],
                "type": "Point"
            },
            "properties": {
                "balloted": "No",
                "description": "The relationship between music and architecture is often overlooked. With reference to some of London’s St James architectural gems, this tour traces the symbiotic evolution of these two disciplines, from their overlapping foundations to the modern-day role of music as the built environment’s  muse.",
                "end": "15:45:00",
                "fully_booked": "No",
                "images": [
                    {
                        "archive_url": "https://raw.githubusercontent.com/infrastructureclub/open-house-london-images/master/images/2026/13714/building_13714_img_8274_cfc75d1d5efaf72b0aa8786ef7d58afa.jpeg",
                        "title": "Alexandra Woodford"
                    },
                    {
                        "archive_url": "https://raw.githubusercontent.com/infrastructureclub/open-house-london-images/master/images/2026/13714/building_13714_img_8330_e3d23c443f6653e8380077e1302bf129.jpeg",
                        "title": "Alexandra Woodford"
                    },
                    {
                        "archive_url": "https://raw.githubusercontent.com/infrastructureclub/open-house-london-images/master/images/2026/13714/building_13714_img_8362_bd264cfb1dc791b945b783b924804228.jpeg",
                        "title": "Alexandra Woodford"
                    },
                    {
                        "archive_url": "https://raw.githubusercontent.com/infrastructureclub/open-house-london-images/master/images/2026/13714/building_13714_img_8288_8905b6578cac5666161680caf4094409.jpeg",
                        "title": "Alexandra Woodford"
                    }
                ],
                "name": "Architecture Defrosted",
                "new_venue_this_year": "Yes",
                "start": "14:00:00",
                "ticketed_events": "Yes",
                "url": "https://programme.openhouse.org.uk/listings/13714"
            },
            "type": "Feature"
        },
        {
            "geometry": {
                "coordinates": [
                    -0.15097,
                    51.49427
                ],
                "type": "Point"
            },
            "properties": {
                "balloted": "No",
                "description": "St Michael's Chester Square is a grade 2 listed church in the heart of Victoria, built in the late Decorated Gothic style. The War Memorial Chapel at the north east end of the church was designed by Giles Gilbert Scott and completed in 1920. The stained glass West Window is by Hugh Easton and two windows to the south are by Morris & Co and date to 1882.",
                "end": "17:00:00",
                "fully_booked": "",
                "images": [
                    {
                        "archive_url": "https://raw.githubusercontent.com/infrastructureclub/open-house-london-images/master/images/2026/13739/building_13739_085a8559-enhanced-nr_da80528f188a7b9c9d6505ebb8ed8580.jpg",
                        "title": "Bethlynn Wilson"
                    },
                    {
                        "archive_url": "https://raw.githubusercontent.com/infrastructureclub/open-house-london-images/master/images/2026/13739/building_13739_img_7596_baca4348da817714e66ae97d83e25963.jpg",
                        "title": "Amy Kirk"
                    },
                    {
                        "archive_url": "https://raw.githubusercontent.com/infrastructureclub/open-house-london-images/master/images/2026/13739/building_13739_085a8440-enhanced-nr_72c66bf444efc2d463e4b588541e480f.jpg",
                        "title": "Bethlynn Wilson"
                    },
                    {
                        "archive_url": "https://raw.githubusercontent.com/infrastructureclub/open-house-london-images/master/images/2026/13739/building_13739_085a8426-enhanced-nr_ede19409265450cd146806ed688b16d6.jpg",
                        "title": "Bethlynn Wilson"
                    },
                    {
                        "archive_url": "https://raw.githubusercontent.com/infrastructureclub/open-house-london-images/master/images/2026/13739/building_13739_047a9870_6be1fb1705a7b3670bd38223a1c85c7e.jpg",
                        "title": "Bethlynn Wilson"
                    }
                ],
                "name": "St Michael's Chester Square",
                "new_venue_this_year": "Yes",
                "start": "13:00:00",
                "ticketed_events": "No",
                "url": "https://programme.openhouse.org.uk/listings/13739"
            },
            "type": "Feature"
        },
        {
            "geometry": {
                "coordinates": [
                    -0.0422,
                    51.48725
                ],
                "type": "Point"
            },
            "properties": {
                "balloted": "No",
                "description": "Deptford Little Farm is a 3,500 sq foot plot with a Dutch style greenhouse growing organic produce and flowers for the Culpeper Family group of pubs. Focusses on permaculture, soil regeneration, organic produce and biodiversity.",
                "end": "18:30:00",
                "fully_booked": "No",
                "images": [
                    {
                        "archive_url": "https://raw.githubusercontent.com/infrastructureclub/open-house-london-images/master/images/2026/13745/building_13745_scawen__25_41c601a65742e848767d227ba38521bf.jpg",
                        "title": "Iska Lupton"
                    }
                ],
                "name": "Deptford Little Farm - Guided Vegetable Tour",
                "new_venue_this_year": "Yes",
                "start": "16:00:00",
                "ticketed_events": "Yes",
                "url": "https://programme.openhouse.org.uk/listings/13745"
            },
            "type": "Feature"
        },
        {
            "geometry": {
                "coordinates": [
                    -0.09049,
                    51.5381
                ],
                "type": "Point"
            },
            "properties": {
                "balloted": "No",
                "description": "This is an open studio day, with a lecture by founder Gunther Vogt (internationally renowned landscape architect, Sir Jellicoe Prize winner 2026) and a chance to learn about our local and international work in landscape architecture",
                "end": "21:00:00",
                "fully_booked": "No",
                "images": [
                    {
                        "archive_url": "https://raw.githubusercontent.com/infrastructureclub/open-house-london-images/master/images/2026/13764/building_13764_vogt_513e9d9c8364141111eedb80f6d2e79e.jpg",
                        "title": "© VOGT Landscape Ltd"
                    },
                    {
                        "archive_url": "https://raw.githubusercontent.com/infrastructureclub/open-house-london-images/master/images/2026/13764/building_13764_vogt-1_0737a69059a9c9614e6d44fc9ceadfbe.jpg",
                        "title": "© VOGT Landscape Ltd"
                    },
                    {
                        "archive_url": "https://raw.githubusercontent.com/infrastructureclub/open-house-london-images/master/images/2026/13764/building_13764_gunther-vogt-2025-giuseppe-micciche_c3322d6e10dfe8b0f18956ebb656a6d3.jpg",
                        "title": "© Giuseppe Micciche"
                    }
                ],
                "name": "Open Studio: VOGT Landscape Ltd",
                "new_venue_this_year": "Yes",
                "start": "17:00:00",
                "ticketed_events": "Yes",
                "url": "https://programme.openhouse.org.uk/listings/13764"
            },
            "type": "Feature"
        },
        {
            "geometry": {
                "coordinates": [
                    -0.04632,
                    51.56146
                ],
                "type": "Point"
            },
            "properties": {
                "balloted": "No",
                "description": "Paradise works artist studios in the Old Carbonic Works that is thought to be the birthplace of commercial fizzy drinks in the late 18th Century. It features in the Lea Valley and Hackney Conservation area report found online.\r\n\r\n\r\nhttps://hackney.moderngov.co.uk/documents/s68747/240220%20Appendix%20A%20Lea%20Bridge%20Conservation%20Area%20Appraisal.pdf",
                "end": "20:00:00",
                "fully_booked": "",
                "images": [
                    {
                        "archive_url": "https://raw.githubusercontent.com/infrastructureclub/open-house-london-images/master/images/2026/13772/building_13772_img_6371_3c49ffad7c24d4674beb0d048cb005fa.jpeg",
                        "title": "Miki Elson"
                    },
                    {
                        "archive_url": "https://raw.githubusercontent.com/infrastructureclub/open-house-london-images/master/images/2026/13772/building_13772_img_6365_c936a82fbfcc227d79687fe287fb63ce.jpeg",
                        "title": "Miki Elson"
                    },
                    {
                        "archive_url": "https://raw.githubusercontent.com/infrastructureclub/open-house-london-images/master/images/2026/13772/building_13772_img_6369_99cd1ab81b70892ab58d640deba91f6c.jpeg",
                        "title": "Miki elson"
                    },
                    {
                        "archive_url": "https://raw.githubusercontent.com/infrastructureclub/open-house-london-images/master/images/2026/13772/building_13772_img_6377_dc732573d9ac2f8b0b9f2698c9cfd982.jpeg",
                        "title": "Miki"
                    }
                ],
                "name": "Former Carbonic Gas Works, 142 Lea Bridge Road",
                "new_venue_this_year": "Yes",
                "start": "14:00:00",
                "ticketed_events": "No",
                "url": "https://programme.openhouse.org.uk/listings/13772"
            },
            "type": "Feature"
        },
        {
            "geometry": {
                "coordinates": [
                    -0.03145,
                    51.51214
                ],
                "type": "Point"
            },
            "properties": {
                "balloted": "No",
                "description": "Medieval industry, imperial trade, immigration, poverty, wartime destruction and modern regeneration have all left their mark on the Limehouse area. This walking tour covers a range of architects and architecture from C18th to C21st.",
                "end": "17:00:00",
                "fully_booked": "No",
                "images": [
                    {
                        "archive_url": "https://raw.githubusercontent.com/infrastructureclub/open-house-london-images/master/images/2026/13773/building_13773_limehouse1_2e83fcebaa6d86d3771d9d63a7917362.jpeg",
                        "title": "Ian Kernohan"
                    },
                    {
                        "archive_url": "https://raw.githubusercontent.com/infrastructureclub/open-house-london-images/master/images/2026/13773/building_13773_limehouse3_5acb9e9377b7fff79443b16cc6fd20b1.jpeg",
                        "title": "Ian Kernohan"
                    },
                    {
                        "archive_url": "https://raw.githubusercontent.com/infrastructureclub/open-house-london-images/master/images/2026/13773/building_13773_limehouse2_ed517479e2d3be1fec1cd90d2b141305.jpeg",
                        "title": "Ian Kernohan"
                    },
                    {
                        "archive_url": "https://raw.githubusercontent.com/infrastructureclub/open-house-london-images/master/images/2026/13773/building_13773_limehouse4_f0ae9b077f97311b9fbb47d2c47688f4.jpeg",
                        "title": "Ian Kernohan"
                    }
                ],
                "name": "From Limehouse to Canary Wharf",
                "new_venue_this_year": "Yes",
                "start": "15:00:00",
                "ticketed_events": "Yes",
                "url": "https://programme.openhouse.org.uk/listings/13773"
            },
            "type": "Feature"
        },
        {
            "geometry": {
                "coordinates": [
                    -0.09937,
                    51.37216
                ],
                "type": "Point"
            },
            "properties": {
                "balloted": "No",
                "description": "Drink in the hidden histories of Croydon’s historic pubs with Pub Historian Charo Havermans. This Open House, we’re letting you into the secrets and fascinating stories of some of Croydon’s most iconic and historic Public Houses. Join Pub Historian and tour guide Charo Havermans as she takes you to four historic pubs in the heart of Croydon.",
                "end": "22:30:00",
                "fully_booked": "No",
                "images": [
                    {
                        "archive_url": "https://raw.githubusercontent.com/infrastructureclub/open-house-london-images/master/images/2026/13788/building_13788_public-historian-logo-vector-4_15db1305e00241665750bc1334765806.png",
                        "title": "Public Historian"
                    }
                ],
                "name": "Open (Public) House! Historic Pub Tour in Croydon",
                "new_venue_this_year": "Yes",
                "start": "19:00:00",
                "ticketed_events": "Yes",
                "url": "https://programme.openhouse.org.uk/listings/13788"
            },
            "type": "Feature"
        },
        {
            "geometry": {
                "coordinates": [
                    -0.09641,
                    51.57096
                ],
                "type": "Point"
            },
            "properties": {
                "balloted": "No",
                "description": "Harringay Green Lanes is one of London's most diverse streets, but it was once open farmland. This walking tour explores how the area changed over 150 years through urban development and migration. Using historic maps, old photographs and the streets around us, we will discover how different communities, especially the Kurdish community, helped shape Green Lanes into the place it is today.",
                "end": "15:30:00",
                "fully_booked": "No",
                "images": [
                    {
                        "archive_url": "https://raw.githubusercontent.com/infrastructureclub/open-house-london-images/master/images/2026/13798/building_13798_harringey_34f33daa8776cf193c6ff5e8528a3a65.jpeg",
                        "title": "Photo by Guler Ince"
                    },
                    {
                        "archive_url": "https://raw.githubusercontent.com/infrastructureclub/open-house-london-images/master/images/2026/13798/building_13798_harringey-1_0f5321bdd61ff9e9ad8098ffff230fa2.jpeg",
                        "title": "Photo by Guler Ince."
                    }
                ],
                "name": "Green Lanes: A street shaped by migration",
                "new_venue_this_year": "Yes",
                "start": "14:00:00",
                "ticketed_events": "Yes",
                "url": "https://programme.openhouse.org.uk/listings/13798"
            },
            "type": "Feature"
        },
        {
            "geometry": {
                "coordinates": [
                    -0.01667,
                    51.54298
                ],
                "type": "Point"
            },
            "properties": {
                "balloted": "No",
                "description": "The Stratford Waterfront masterplan unites V&A East Museum, UAL: London College of Fashion, the BBC Music Studios, and Sadler’s Wells East into London’s most significant cultural district for 150 years. This walking tour will share the story behind the masterplan and the 1.5ha of new landscape delivered, which has created a welcoming public space and broadened access to culture for all.",
                "end": "14:00:00",
                "fully_booked": "No",
                "images": [
                    {
                        "archive_url": "https://raw.githubusercontent.com/infrastructureclub/open-house-london-images/master/images/2026/13815/building_13815_stratford-waterfront-at-east-bank_ohf_nick-guttridge_e171c5c27da1e180a364f318cea7287b.jpg",
                        "title": "Nick Guttridge"
                    },
                    {
                        "archive_url": "https://raw.githubusercontent.com/infrastructureclub/open-house-london-images/master/images/2026/13815/building_13815_hero-image-03-neil-speakman-for-lda-design_ohf_57b3403871c7115bb8b0fb23ef365ef5.jpg",
                        "title": "Neil Speakman for LDA Design"
                    },
                    {
                        "archive_url": "https://raw.githubusercontent.com/infrastructureclub/open-house-london-images/master/images/2026/13815/building_13815_stratford-waterfront-annoated-aerial_ohf_50a26821bb7dbd9a08e712bb175ea81b.jpg",
                        "title": "Allies and Morrison"
                    },
                    {
                        "archive_url": "https://raw.githubusercontent.com/infrastructureclub/open-house-london-images/master/images/2026/13815/building_13815_sw_chris-bearman_01_ca1b051639007cd480935484be1cdcb3.jpg",
                        "title": "Chris Bearman"
                    },
                    {
                        "archive_url": "https://raw.githubusercontent.com/infrastructureclub/open-house-london-images/master/images/2026/13815/building_13815_sw_chris-bearman_04_2ad7a76edb5072325d61b89bffbaa4d7.jpg",
                        "title": "Chris Bearman"
                    },
                    {
                        "archive_url": "https://raw.githubusercontent.com/infrastructureclub/open-house-london-images/master/images/2026/13815/building_13815_hero-image-04-neil-speakman-for-lda-design_ohf_a2b68d8a29bbcd09a804d05f9db92d71.jpg",
                        "title": "Neil Speakman for LDA Design"
                    },
                    {
                        "archive_url": "https://raw.githubusercontent.com/infrastructureclub/open-house-london-images/master/images/2026/13815/building_13815_sw_chris-bearman_03_6247258401aa7f86d199f3e368f7cc61.jpg",
                        "title": "Chris Bearman"
                    },
                    {
                        "archive_url": "https://raw.githubusercontent.com/infrastructureclub/open-house-london-images/master/images/2026/13815/building_13815_hero-image-02-robin-forster-for-lda-design_ohf_772f26e5bfe299ca98a8e12c03aba60b.jpg",
                        "title": "Robin Forster for LDA Design"
                    },
                    {
                        "archive_url": "https://raw.githubusercontent.com/infrastructureclub/open-house-london-images/master/images/2026/13815/building_13815_74367_4_stratford-waterfront_6edaf6132b753cb8a31f3985f3b9734b.jpg",
                        "title": "Allies and Morrison"
                    },
                    {
                        "archive_url": "https://raw.githubusercontent.com/infrastructureclub/open-house-london-images/master/images/2026/13815/building_13815_site-plan_a178e4e53645c56ef12d1393a45faf7e.jpg",
                        "title": "Allies and Morrison & LDA Design"
                    }
                ],
                "name": "Stratford Waterfront at East Bank",
                "new_venue_this_year": "Yes",
                "start": "12:30:00",
                "ticketed_events": "Yes",
                "url": "https://programme.openhouse.org.uk/listings/13815"
            },
            "type": "Feature"
        },
        {
            "geometry": {
                "coordinates": [
                    -0.14195,
                    51.51741
                ],
                "type": "Point"
            },
            "properties": {
                "balloted": "No",
                "description": "Ibraaz is a London-based cultural institution for art, ideas, and dialogue from the Global Majority. Bringing together artists, thinkers, and communities through exhibitions, film, debate, publishing, and multidisciplinary programming, Ibraaz creates a brave space where culture fosters exchange, pluralism, and shared humanity.",
                "end": "16:30:00",
                "fully_booked": "",
                "images": [
                    {
                        "archive_url": "https://raw.githubusercontent.com/infrastructureclub/open-house-london-images/master/images/2026/13822/building_13822_ibraaz-at-93-mortimer-street_2-courtesy-of-ibraaz-photo-vipul-sangoi_3bfed83d3a30711fb8ff567d9584fea1.jpg",
                        "title": "Ibraaz at 93 Mortimer Street_2 (courtesy of Ibraaz; photo Vipul Sangoi)"
                    },
                    {
                        "archive_url": "https://raw.githubusercontent.com/infrastructureclub/open-house-london-images/master/images/2026/13822/building_13822_on_1156d_01_eb703a3414da16f5b1760d66f8947d3b.jpg",
                        "title": "Taring Padi_Rakyat Pasti Menang_Ibraaz (courtesy of the artist and Ibraaz; photo Ollie Hammick)"
                    }
                ],
                "name": "Ibraaz",
                "new_venue_this_year": "Yes",
                "start": "15:30:00",
                "ticketed_events": "No",
                "url": "https://programme.openhouse.org.uk/listings/13822"
            },
            "type": "Feature"
        },
        {
            "geometry": {
                "coordinates": [
                    -0.12643,
                    51.50084
                ],
                "type": "Point"
            },
            "properties": {
                "balloted": "No",
                "description": "Walking tour of the sites of the last days of King Charles I and the legacy of the upheavals which cost him his life and still echo to this day.",
                "end": "15:30:00",
                "fully_booked": "No",
                "images": [
                    {
                        "archive_url": "https://raw.githubusercontent.com/infrastructureclub/open-house-london-images/master/images/2026/13863/building_13863_img_79531_b61dffc233d965785700090b5313fd0e.jpg",
                        "title": "Phillip Cheek"
                    },
                    {
                        "archive_url": "https://raw.githubusercontent.com/infrastructureclub/open-house-london-images/master/images/2026/13863/building_13863_img_7934_85d72f5de72f1c5cd3fe6ad61243abfe.jpg",
                        "title": "Phillip Cheek"
                    },
                    {
                        "archive_url": "https://raw.githubusercontent.com/infrastructureclub/open-house-london-images/master/images/2026/13863/building_13863_img-20260321-wa0057_65c15316ba81a81f548971f45dd566c7.jpg",
                        "title": "Phillip Cheek"
                    }
                ],
                "name": "Walking Tour:  Charles I - Monster or Martyr ?",
                "new_venue_this_year": "Yes",
                "start": "11:00:00",
                "ticketed_events": "Yes",
                "url": "https://programme.openhouse.org.uk/listings/13863"
            },
            "type": "Feature"
        },
        {
            "geometry": {
                "coordinates": [
                    -0.10018,
                    51.50474
                ],
                "type": "Point"
            },
            "properties": {
                "balloted": "No",
                "description": "Step inside the Print Building at Timber Square, a former 1950s printworks reimagined as a modern, low-carbon workplace. Discover how industrial heritage, innovative timber construction and sustainable design have come together to create one of Bankside's most distinctive new workplace destinations.",
                "end": "17:00:00",
                "fully_booked": "No",
                "images": [
                    {
                        "archive_url": "https://raw.githubusercontent.com/infrastructureclub/open-house-london-images/master/images/2026/13868/building_13868_bennetts-associates_timber-square_-hufton-crow_002-crop_bbf26cd70b79afcb869e55e4f5e2f60d.jpg",
                        "title": "Timber Square areal image"
                    },
                    {
                        "archive_url": "https://raw.githubusercontent.com/infrastructureclub/open-house-london-images/master/images/2026/13868/building_13868_timber-print-building-small_600258244704ad47672966ac52732890.png",
                        "title": "Timber Square Print Building - 80% retained 1950s Printworks"
                    },
                    {
                        "archive_url": "https://raw.githubusercontent.com/infrastructureclub/open-house-london-images/master/images/2026/13868/building_13868_bennetts-associates_timber-square_-hufton-crow_014-small_35aef9748a98e4a8e34756081dc83e7f.jpg",
                        "title": "Timber Square Print Building Reception space"
                    },
                    {
                        "archive_url": "https://raw.githubusercontent.com/infrastructureclub/open-house-london-images/master/images/2026/13868/building_13868_bennetts-associates_timber-square_-hufton-public-realm-small_57678700e309dc22558addcb0640d146.jpg",
                        "title": "Timber Square new public realm"
                    }
                ],
                "name": "Timber Square",
                "new_venue_this_year": "Yes",
                "start": "11:00:00",
                "ticketed_events": "Yes",
                "url": "https://programme.openhouse.org.uk/listings/13868"
            },
            "type": "Feature"
        },
        {
            "geometry": {
                "coordinates": [
                    -0.0755,
                    51.51447
                ],
                "type": "Point"
            },
            "properties": {
                "balloted": "No",
                "description": "A guided walk around the fascinating and often overlooked area of Aldgate in the City of London.",
                "end": "19:00:00",
                "fully_booked": "No",
                "images": [
                    {
                        "archive_url": "https://raw.githubusercontent.com/infrastructureclub/open-house-london-images/master/images/2026/13912/building_13912_onecityldn-7504505_0b5f8d37a0fc1d280482206de50b7c84.jpg",
                        "title": "City of London, One City"
                    }
                ],
                "name": "Aldgate walking tour",
                "new_venue_this_year": "Yes",
                "start": "18:00:00",
                "ticketed_events": "Yes",
                "url": "https://programme.openhouse.org.uk/listings/13912"
            },
            "type": "Feature"
        }
    ],
    "type": "FeatureCollection"
}