{
    "features": [
        {
            "geometry": {
                "coordinates": [
                    -0.00617,
                    51.48106
                ],
                "type": "Point"
            },
            "properties": {
                "balloted": "No",
                "description": "Beautiful mausoleum in former Royal Navy cemetery, restored 1999 by the University of Greenwich. Many interesting plaques and gravestones.",
                "end": "16:00:00",
                "fully_booked": "",
                "images": [
                    {
                        "archive_url": "https://raw.githubusercontent.com/infrastructureclub/open-house-london-images/master/images/2026/249/building_249_devonport-mausoleum-2_866610793cdd77bfaf8426f0c40e3fc8.jpg",
                        "title": "Devonport Mausoleum"
                    }
                ],
                "name": "Devonport Mausoleum",
                "new_venue_this_year": "No",
                "start": "10:30:00",
                "ticketed_events": "No",
                "url": "https://programme.openhouse.org.uk/listings/249"
            },
            "type": "Feature"
        },
        {
            "geometry": {
                "coordinates": [
                    -0.2630588,
                    51.4333564
                ],
                "type": "Point"
            },
            "properties": {
                "balloted": "No",
                "description": "Dorich House is the former studio home of the sculptor Dora Gordine and her husband the Hon. Richard Hare, a scholar of Russian art and literature. Now Grade II listed, the building was completed in 1936, to Gordine’s design, and is an exceptional example of a modern studio house by a woman artist.",
                "end": "17:00:00",
                "fully_booked": "",
                "images": [
                    {
                        "archive_url": "https://raw.githubusercontent.com/infrastructureclub/open-house-london-images/master/images/2026/271/building_271_exterior-2016-dhm-photo-ellie-laycock-13_404776caae0dde037051be41a78570d8.jpg",
                        "title": "Exterior View"
                    },
                    {
                        "archive_url": "https://raw.githubusercontent.com/infrastructureclub/open-house-london-images/master/images/2026/271/building_271_modelling-studio-dorich-house-museum-photo-ellie-laycock-1_f2ae305ca32b19e19d5e5f313ee9eb7b.jpg",
                        "title": "Modelling Studio"
                    },
                    {
                        "archive_url": "https://raw.githubusercontent.com/infrastructureclub/open-house-london-images/master/images/2026/271/building_271_gallery-3-dhm-photo-ellie-laycock_c9da49b72aa4787dd64baedddf091a21.jpg",
                        "title": "Gallery"
                    },
                    {
                        "archive_url": "https://raw.githubusercontent.com/infrastructureclub/open-house-london-images/master/images/2026/271/building_271_tempimagejsw0db_e2630e41404a0d402c919faf9231ec33.jpeg",
                        "title": "Exterior View"
                    }
                ],
                "name": "Dorich House Museum",
                "new_venue_this_year": "No",
                "start": "11:00:00",
                "ticketed_events": "No",
                "url": "https://programme.openhouse.org.uk/listings/271"
            },
            "type": "Feature"
        },
        {
            "geometry": {
                "coordinates": [
                    -0.1081791,
                    51.5150637
                ],
                "type": "Point"
            },
            "properties": {
                "balloted": "No",
                "description": "Fine example of an early 5-floor Queen Anne town house with original panelling, open staircase and unique 'swinging panels' on the open-plan first floor. Johnson compiled his famous 'Dictionary of the English Language' (1755)  here.",
                "end": "17:00:00",
                "fully_booked": "",
                "images": [
                    {
                        "archive_url": "https://raw.githubusercontent.com/infrastructureclub/open-house-london-images/master/images/2026/275/building_275_djh-ext-4-jpg_6a7b451e39e8c0df2b352acda4ee5c41.jpg",
                        "title": "Exterior of Dr Johnson's House"
                    },
                    {
                        "archive_url": "https://raw.githubusercontent.com/infrastructureclub/open-house-london-images/master/images/2026/275/building_275_first-floor-1-jpg_8f80a08889803174cf6f43f23ce644e4.jpg",
                        "title": "The Withdrawing Room at Dr Johnson's House"
                    },
                    {
                        "archive_url": "https://raw.githubusercontent.com/infrastructureclub/open-house-london-images/master/images/2026/275/building_275_garret-stairs_f5c6937034da57f7e206514108c99139.jpg",
                        "title": "The stairs at Dr Johnson's House"
                    },
                    {
                        "archive_url": "https://raw.githubusercontent.com/infrastructureclub/open-house-london-images/master/images/2026/275/building_275_2011-garret-10_e9852059b2f2c6ea91d73580012bdf50.jpg",
                        "title": "Interior"
                    },
                    {
                        "archive_url": "https://raw.githubusercontent.com/infrastructureclub/open-house-london-images/master/images/2026/275/building_275_library-11_825d271197f1a7cce65020bc4395e9ce.jpg",
                        "title": "Library"
                    },
                    {
                        "archive_url": "https://raw.githubusercontent.com/infrastructureclub/open-house-london-images/master/images/2026/275/building_275_parlour-1-jpg_7fc5b1feebac83b753966fffe2976aa0.jpg",
                        "title": "Parlour"
                    }
                ],
                "name": "Dr Johnson's House",
                "new_venue_this_year": "No",
                "start": "10:00:00",
                "ticketed_events": "No",
                "url": "https://programme.openhouse.org.uk/listings/275"
            },
            "type": "Feature"
        },
        {
            "geometry": {
                "coordinates": [
                    -0.08637,
                    51.51523
                ],
                "type": "Point"
            },
            "properties": {
                "balloted": "No",
                "description": "Livery hall first built in the 1530s, twice destroyed by fire and rebuilt (1666 & 1772). Late 19C facade and opulent Victorian interior.",
                "end": "16:00:00",
                "fully_booked": "",
                "images": [
                    {
                        "archive_url": "https://raw.githubusercontent.com/infrastructureclub/open-house-london-images/master/images/2026/276/building_276_livery-hall-2021-empty_a5ccb29cbd6eb2dd7ef4d58af6aab781.jpg",
                        "title": "The Livery Hall"
                    },
                    {
                        "archive_url": "https://raw.githubusercontent.com/infrastructureclub/open-house-london-images/master/images/2026/276/building_276_drapers-hall-full-height-front-door_185703620a177de0520414e65d493fec.jpg",
                        "title": "The main entrance into the Hall from Throgmorton Street"
                    },
                    {
                        "archive_url": "https://raw.githubusercontent.com/infrastructureclub/open-house-london-images/master/images/2026/276/building_276_job_0050_d22ad77016b432b7846be896dcb25c2b.jpg",
                        "title": "The Court Dining Room"
                    },
                    {
                        "archive_url": "https://raw.githubusercontent.com/infrastructureclub/open-house-london-images/master/images/2026/276/building_276_3z2a1455-resized_eb20b2c3f535c72c9a3f06998f70c2fa.jpg",
                        "title": "The Court Room"
                    },
                    {
                        "archive_url": "https://raw.githubusercontent.com/infrastructureclub/open-house-london-images/master/images/2026/276/building_276_20250506_102844_ae0536f2491be772a7376b54152d37fb.jpg",
                        "title": "The Drawing Room"
                    }
                ],
                "name": "Drapers' Hall",
                "new_venue_this_year": "No",
                "start": "10:30:00",
                "ticketed_events": "No",
                "url": "https://programme.openhouse.org.uk/listings/276"
            },
            "type": "Feature"
        },
        {
            "geometry": {
                "coordinates": [
                    0.0995563,
                    51.5343105
                ],
                "type": "Point"
            },
            "properties": {
                "balloted": "No",
                "description": "One of the finest surviving Elizabethan red brick Manor houses- Grade I listed. Contains 17th Century wall-paintings, charming walled garden and a fine Tudor tower with original stairs. Many original features have been restored and layout remains mostly unchanged in over 400 years.",
                "end": "16:00:00",
                "fully_booked": "No",
                "images": [
                    {
                        "archive_url": "https://raw.githubusercontent.com/infrastructureclub/open-house-london-images/master/images/2026/304/building_304_img_3283_f189370a504ce4b58888cd0f1d1aa31a.png",
                        "title": "Eastbury Manor House"
                    },
                    {
                        "archive_url": "https://raw.githubusercontent.com/infrastructureclub/open-house-london-images/master/images/2026/304/building_304_img_7397_5b91f4dcb8c80d5a87ad5c58d4b65075.jpg",
                        "title": "Eastbury Turret"
                    },
                    {
                        "archive_url": "https://raw.githubusercontent.com/infrastructureclub/open-house-london-images/master/images/2026/304/building_304_eastbury-winter-sun_7fe7570b5bc78f1e988ab81b8f6aaa8f.jpg",
                        "title": "View from the South Lawn"
                    },
                    {
                        "archive_url": "https://raw.githubusercontent.com/infrastructureclub/open-house-london-images/master/images/2026/304/building_304_dg_dsc3960-hdrlr_emh_central-attic_2021-1_845cd9eb8c13e5d6477088718272f6d0.jpg",
                        "title": "Attic showing exposed timber frame of the property."
                    }
                ],
                "name": "Eastbury Manor House",
                "new_venue_this_year": "No",
                "start": "11:00:00",
                "ticketed_events": "Yes",
                "url": "https://programme.openhouse.org.uk/listings/304"
            },
            "type": "Feature"
        },
        {
            "geometry": {
                "coordinates": [
                    -0.0622921,
                    51.6251909
                ],
                "type": "Point"
            },
            "properties": {
                "balloted": "No",
                "description": "The former Charity School was constructed in 1793, by Obadiah Legrew, who also purchased the adjoining no.24 Church Street, part of the surviving earlier 18th century range, to create a small cottage for the School Mistress.",
                "end": "17:00:00",
                "fully_booked": "",
                "images": [
                    {
                        "archive_url": "https://raw.githubusercontent.com/infrastructureclub/open-house-london-images/master/images/2026/415/building_415_8a-view-along-church-street-edmonton_f5c16f027201780c30a76c64ab74b931.jpeg",
                        "title": "View along Church Street - The Enfield Society"
                    },
                    {
                        "archive_url": "https://raw.githubusercontent.com/infrastructureclub/open-house-london-images/master/images/2026/415/building_415_charity-school-2_c2ad9a4570d3430c5a54bc9a02739bd3.jpg",
                        "title": "Colin Kerr"
                    }
                ],
                "name": "Former Edmonton Girls' Charity School",
                "new_venue_this_year": "No",
                "start": "11:00:00",
                "ticketed_events": "No",
                "url": "https://programme.openhouse.org.uk/listings/415"
            },
            "type": "Feature"
        },
        {
            "geometry": {
                "coordinates": [
                    -0.168501,
                    51.48025
                ],
                "type": "Point"
            },
            "properties": {
                "balloted": "No",
                "description": "We're excited to open up our London campus. Foster + Partners is a global studio for sustainable architecture, urbanism, engineering and design, founded by Norman Foster in 1967. Hosted across several buildings, the public can explore the studio, take part in interactive exhibitions and workshops, and gain an insight into the wide range of disciplines and projects across the globe.",
                "end": "16:30:00",
                "fully_booked": "",
                "images": [
                    {
                        "archive_url": "https://raw.githubusercontent.com/infrastructureclub/open-house-london-images/master/images/2026/422/building_422_0361_fp672815_indesign_8c96c03b1a87c61dc81ba3afd2a8505b.jpg",
                        "title": "Main Studio - Riverside - Foster + Partners"
                    },
                    {
                        "archive_url": "https://raw.githubusercontent.com/infrastructureclub/open-house-london-images/master/images/2026/422/building_422_0361_fp132563_indesign_33952a67bdccede2f7f9ca39c80de84d.jpg",
                        "title": "Riverside Studio - Foster + Partners"
                    },
                    {
                        "archive_url": "https://raw.githubusercontent.com/infrastructureclub/open-house-london-images/master/images/2026/422/building_422_0361_fp636207_indesign_2262210ee4a45833f87aa6e615be1863.jpg",
                        "title": "Main Studio - Riverside - Foster + Partners"
                    },
                    {
                        "archive_url": "https://raw.githubusercontent.com/infrastructureclub/open-house-london-images/master/images/2026/422/building_422_0361_1_fp855607_4da06a3ce4d1cb80a4b49bdbd658078d.jpg",
                        "title": "Foster + Partners - Main Studio"
                    }
                ],
                "name": "Foster + Partners",
                "new_venue_this_year": "No",
                "start": "10:00:00",
                "ticketed_events": "No",
                "url": "https://programme.openhouse.org.uk/listings/422"
            },
            "type": "Feature"
        },
        {
            "geometry": {
                "coordinates": [
                    -0.1780047,
                    51.559506
                ],
                "type": "Point"
            },
            "properties": {
                "balloted": "No",
                "description": "Listed Arts and Crafts freestyle building with plain interior and many charming original features, sympathetically modernised in 1991. Entrance via listed gateway.",
                "end": "17:00:00",
                "fully_booked": "",
                "images": [
                    {
                        "archive_url": "https://raw.githubusercontent.com/infrastructureclub/open-house-london-images/master/images/2026/441/building_441_dscf1076_5fc5322042b27bb0b269b648184ac08b.JPG",
                        "title": "Hampstead Friends Meeting House: side view"
                    },
                    {
                        "archive_url": "https://raw.githubusercontent.com/infrastructureclub/open-house-london-images/master/images/2026/441/building_441_dscf1093_ebef6ea1e4519997695b3198ce11b814.JPG",
                        "title": "Hampstead Friends Meeting House:  Front porch"
                    },
                    {
                        "archive_url": "https://raw.githubusercontent.com/infrastructureclub/open-house-london-images/master/images/2026/441/building_441_dscf1090_374bd8dc1ca7892cb6c2dc70351d2f70.JPG",
                        "title": "Hampstead Friends Meeting House:  Side view"
                    },
                    {
                        "archive_url": "https://raw.githubusercontent.com/infrastructureclub/open-house-london-images/master/images/2026/441/building_441_dscf1089_c1ee184a3f0bc558ba6a4df2fd8a55eb.JPG",
                        "title": "Hampstead Friends Meeting House: side view of entrance taken from Hampstead square"
                    },
                    {
                        "archive_url": "https://raw.githubusercontent.com/infrastructureclub/open-house-london-images/master/images/2026/441/building_441_dscf0957_dcec5a11aa5c9e1f81d258252ce34f66.JPG",
                        "title": "Hampstead Friends Meeting House: the meeting room with a Quaker meeting in progress"
                    },
                    {
                        "archive_url": "https://raw.githubusercontent.com/infrastructureclub/open-house-london-images/master/images/2026/441/building_441_dscf0900_8f91d92746930556c1475df0db8107f0.JPG",
                        "title": "Hampstead Friends Meeting House: entrance door view from gate on Heath Street"
                    }
                ],
                "name": "Hampstead Friends Meeting House",
                "new_venue_this_year": "No",
                "start": "13:00:00",
                "ticketed_events": "No",
                "url": "https://programme.openhouse.org.uk/listings/441"
            },
            "type": "Feature"
        },
        {
            "geometry": {
                "coordinates": [
                    -0.35449,
                    51.41117
                ],
                "type": "Point"
            },
            "properties": {
                "balloted": "No",
                "description": "Grade I listed Georgian garden building. Tribute to Shakespeare built in the Ionic style by actor David Garrick. Arcadian Thames-side setting in restored 18C gardens thought to be by Capability Brown.",
                "end": "17:00:00",
                "fully_booked": "",
                "images": [
                    {
                        "archive_url": "https://raw.githubusercontent.com/infrastructureclub/open-house-london-images/master/images/2026/460/building_460_1-garrick-s-temple-ready-for-visitors_1f8cf31ab4388aba9257114b5868b0bf.jpg",
                        "title": "Garrick's Temple open for visitors, 1st May 2017"
                    },
                    {
                        "archive_url": "https://raw.githubusercontent.com/infrastructureclub/open-house-london-images/master/images/2026/460/building_460_1-loki-1a-william-summers-elin-harries-kathryn-bennet_74e4bd410e937b31ce06fa42fc940abd.jpg",
                        "title": "Musicians preparing for concert in Garrick's Temple, April 2018 "
                    },
                    {
                        "archive_url": "https://raw.githubusercontent.com/infrastructureclub/open-house-london-images/master/images/2026/460/building_460_9-dancing-round-the-maypole_21c820871929e27cd0d58058577b4cf8.jpg",
                        "title": "Dancing round the Maypole, 1st May 2016"
                    }
                ],
                "name": "Garrick's Temple to Shakespeare",
                "new_venue_this_year": "No",
                "start": "12:00:00",
                "ticketed_events": "No",
                "url": "https://programme.openhouse.org.uk/listings/460"
            },
            "type": "Feature"
        },
        {
            "geometry": {
                "coordinates": [
                    -0.2896397,
                    51.4550735
                ],
                "type": "Point"
            },
            "properties": {
                "balloted": "No",
                "description": "A small, charming Gothic Revival cemetery chapel in Richmond Old Burial Ground. Recently conserved and back in public use, Grove Gardens Chapel made from Kentish ragstone, with plate tracery and a mosaic altarpiece. It was deconsecrated in the 1960s and then restored for community use in the 1990s.\r\n\r\nThe Fixery, Richmond's new swap, repair, and reuse hub will also be operating on the open day.",
                "end": "15:00:00",
                "fully_booked": "",
                "images": [
                    {
                        "archive_url": "https://raw.githubusercontent.com/infrastructureclub/open-house-london-images/master/images/2026/527/building_527_img-9282_90cce57bf8d509edf89d50fd92dfc2d6.jpg",
                        "title": "View of the chapel from Grove Gardens"
                    },
                    {
                        "archive_url": "https://raw.githubusercontent.com/infrastructureclub/open-house-london-images/master/images/2026/527/building_527_image00065_6028623ec3de0f0703deaa37eba1a620.jpeg",
                        "title": "Mosaic reredos"
                    },
                    {
                        "archive_url": "https://raw.githubusercontent.com/infrastructureclub/open-house-london-images/master/images/2026/527/building_527_grove-gardens-chapel-21-04-23-west-exterior-elevation_1d18ab6c294ac16626a084df72d34d63.jpeg",
                        "title": "Front entrance"
                    }
                ],
                "name": "Grove Gardens Chapel",
                "new_venue_this_year": "No",
                "start": "11:00:00",
                "ticketed_events": "No",
                "url": "https://programme.openhouse.org.uk/listings/527"
            },
            "type": "Feature"
        },
        {
            "geometry": {
                "coordinates": [
                    -0.14855,
                    51.57035
                ],
                "type": "Point"
            },
            "properties": {
                "balloted": "No",
                "description": "Fine stuccoed building overlooking Pond Square, and home to the Institution since 1840. Formed from 1790 coach house, stables and yard, with final additions c1880. Guided tours will be available.",
                "end": "15:00:00",
                "fully_booked": "",
                "images": [
                    {
                        "archive_url": "https://raw.githubusercontent.com/infrastructureclub/open-house-london-images/master/images/2026/606/building_606_431a0472_85fd7d35b3432e845457c9779aa66b3f.jpg",
                        "title": "Highgate Literary and Scientific Institution"
                    },
                    {
                        "archive_url": "https://raw.githubusercontent.com/infrastructureclub/open-house-london-images/master/images/2026/606/building_606_hlsi_12a0385ad91bbd026aa3d8d55e7207d2.png",
                        "title": "Highgate Literary and Scientific Institution"
                    },
                    {
                        "archive_url": "https://raw.githubusercontent.com/infrastructureclub/open-house-london-images/master/images/2026/606/building_606_stu-2-library_a40bcbc4aa450669c0f70b28efcac0f0.jpg",
                        "title": "HLSI Library"
                    }
                ],
                "name": "Highgate Literary & Scientific Institution",
                "new_venue_this_year": "No",
                "start": "12:00:00",
                "ticketed_events": "No",
                "url": "https://programme.openhouse.org.uk/listings/606"
            },
            "type": "Feature"
        },
        {
            "geometry": {
                "coordinates": [
                    -0.157482,
                    51.4931409
                ],
                "type": "Point"
            },
            "properties": {
                "balloted": "No",
                "description": "A sumptuous feast of Victorian stained glass & bold sacred sculpture in what Sir John Betjeman called the 'cathedral of the Arts and Crafts movement.' Work by William Morris, Edward Burne-Jones, William Blake- Richmond & Christopher Whall.",
                "end": "17:00:00",
                "fully_booked": "",
                "images": [
                    {
                        "archive_url": "https://raw.githubusercontent.com/infrastructureclub/open-house-london-images/master/images/2026/649/building_649_adam-eve2hires_98d557eb411d8761dbb4dd507a89d024.jpg",
                        "title": "Garden of Eden (element from East Window)"
                    },
                    {
                        "archive_url": "https://raw.githubusercontent.com/infrastructureclub/open-house-london-images/master/images/2026/649/building_649_holy-trinity-harvest-2016-96_dd53322c9b5e64d54be59a31dcb7ff3f.jpg",
                        "title": ""
                    },
                    {
                        "archive_url": "https://raw.githubusercontent.com/infrastructureclub/open-house-london-images/master/images/2026/649/building_649_htwindow_295a0497e2805492a13b84f9306a7122.jpg",
                        "title": "Holy Trinity window"
                    },
                    {
                        "archive_url": "https://raw.githubusercontent.com/infrastructureclub/open-house-london-images/master/images/2026/649/building_649_christopherwallang_43d98076eab21794d2dece1334aa27af.jpg",
                        "title": "Christopher Whall window at Holy Trinity"
                    },
                    {
                        "archive_url": "https://raw.githubusercontent.com/infrastructureclub/open-house-london-images/master/images/2026/649/building_649_htwindow2_42517eaf7777a926bbdd387a74404317.jpg",
                        "title": "Holy Trinity window"
                    },
                    {
                        "archive_url": "https://raw.githubusercontent.com/infrastructureclub/open-house-london-images/master/images/2026/649/building_649_htwindow3_65bd71fa7246ade4744bbedbcbcc53ac.jpg",
                        "title": "Holy Trinity window"
                    }
                ],
                "name": "Holy Trinity Church Sloane Square",
                "new_venue_this_year": "No",
                "start": "14:00:00",
                "ticketed_events": "No",
                "url": "https://programme.openhouse.org.uk/listings/649"
            },
            "type": "Feature"
        },
        {
            "geometry": {
                "coordinates": [
                    -0.24251,
                    51.4898
                ],
                "type": "Point"
            },
            "properties": {
                "balloted": "No",
                "description": "The home of Emery Walker, printer, antiquary and mentor to William Morris. A unique Arts and Crafts domestic interior.",
                "end": "17:00:00",
                "fully_booked": "",
                "images": [
                    {
                        "archive_url": "https://raw.githubusercontent.com/infrastructureclub/open-house-london-images/master/images/2026/668/building_668_7-hammersmith-terrace-dining-room-high-res_be3bab826e1c7b1a27a9c4ce5b59400f.jpg",
                        "title": "Dining Room; Matt Clayton © The Emery Walker Trust."
                    },
                    {
                        "archive_url": "https://raw.githubusercontent.com/infrastructureclub/open-house-london-images/master/images/2026/668/building_668_emery-1624-2_bea33607d5ef40de4ceccffc34315046.jpg",
                        "title": "Anna Kunst © Emery Walker’s Trust"
                    },
                    {
                        "archive_url": "https://raw.githubusercontent.com/infrastructureclub/open-house-london-images/master/images/2026/668/building_668_7-hammersmith-terrace-02_b5cbb7af51584fcad5635bb3921b17fe.jpeg",
                        "title": "Exterior; Paul Highnam © The Emery Walker Trust"
                    }
                ],
                "name": "Emery Walker's House",
                "new_venue_this_year": "No",
                "start": "14:00:00",
                "ticketed_events": "No",
                "url": "https://programme.openhouse.org.uk/listings/668"
            },
            "type": "Feature"
        },
        {
            "geometry": {
                "coordinates": [
                    -0.00773,
                    51.52741
                ],
                "type": "Point"
            },
            "properties": {
                "balloted": "No",
                "description": "The World’s largest tidal mill. 5-storey, timber-framed, brick-clad timber watermill with four waterwheels, originally built in 1776 to mill grain for distillery trade. Operational until 1940. On historic 3 Mills Site, Clock Mill adjacent (No access) .",
                "end": "16:00:00",
                "fully_booked": "",
                "images": [
                    {
                        "archive_url": "https://raw.githubusercontent.com/infrastructureclub/open-house-london-images/master/images/2026/697/building_697_mill-clockmill_f46e0942f8f4daa7f1e4216e725ee6ae.jpg",
                        "title": "House Mill and Setting "
                    },
                    {
                        "archive_url": "https://raw.githubusercontent.com/infrastructureclub/open-house-london-images/master/images/2026/697/building_697_mill-below_d9bda81d75213f919bacc5d8a028b5d0.jpg",
                        "title": "House Mill at Low Tide "
                    }
                ],
                "name": "House Mill",
                "new_venue_this_year": "No",
                "start": "11:00:00",
                "ticketed_events": "No",
                "url": "https://programme.openhouse.org.uk/listings/697"
            },
            "type": "Feature"
        },
        {
            "geometry": {
                "coordinates": [
                    -0.1679444,
                    51.55557599999999
                ],
                "type": "Point"
            },
            "properties": {
                "balloted": "No",
                "description": "Keats House is the beautiful Regency villa, where Romantic poet John Keats found inspiration, friendship and love. Today, it is a museum provided by the City of London Corporation for the benefit of London and the nation.\r\nOur current art exhibition, The Nightingale Suite, is inspired by the birdsong about which Keats wrote 'Ode to a Nightingale' when he was living at the House.",
                "end": "17:00:00",
                "fully_booked": "",
                "images": [
                    {
                        "archive_url": "https://raw.githubusercontent.com/infrastructureclub/open-house-london-images/master/images/2026/822/building_822_keatsshoot1-30-front-of-house_31852e7512cd335e4ba6e719c57cc8ee.jpg",
                        "title": "Front view of Keats House"
                    },
                    {
                        "archive_url": "https://raw.githubusercontent.com/infrastructureclub/open-house-london-images/master/images/2026/822/building_822_keatsshoot1smallsize-26_9133912b6c962f38ce346be24e105555.jpg",
                        "title": "Keats House"
                    }
                ],
                "name": "Keats House",
                "new_venue_this_year": "No",
                "start": "11:00:00",
                "ticketed_events": "No",
                "url": "https://programme.openhouse.org.uk/listings/822"
            },
            "type": "Feature"
        },
        {
            "geometry": {
                "coordinates": [
                    -0.1675998,
                    51.5713284
                ],
                "type": "Point"
            },
            "properties": {
                "balloted": "No",
                "description": "A striking Neoclassical villa in tranquil gardens on Hampstead Heath, Kenwood boasts breath-taking interiors by Robert Adam and a world-class art collection.",
                "end": "15:00:00",
                "fully_booked": "No",
                "images": [
                    {
                        "archive_url": "https://raw.githubusercontent.com/infrastructureclub/open-house-london-images/master/images/2026/835/building_835_n070265_fdcf18b39bb6449a5959904020dc8bd6.jpg",
                        "title": "Kenwood from the south (English Heritage)"
                    },
                    {
                        "archive_url": "https://raw.githubusercontent.com/infrastructureclub/open-house-london-images/master/images/2026/835/building_835_eh23404_33108a011191a7c667b45ffbdde0631a.jpg",
                        "title": "The 18th-century dairy at Kenwood (English Heritage)"
                    },
                    {
                        "archive_url": "https://raw.githubusercontent.com/infrastructureclub/open-house-london-images/master/images/2026/835/building_835_eh11705_16bb529ec7e2e204c0df7203d49ac552.jpg",
                        "title": "Rembrandt's Self-Portrait with Two Circles is one of Kenwood's great masterpieces (English Heritage)"
                    },
                    {
                        "archive_url": "https://raw.githubusercontent.com/infrastructureclub/open-house-london-images/master/images/2026/835/building_835_eh6660_d8b7860b7599685340dfc08bf3229afc.jpg",
                        "title": "The Entrance Hall at Kenwood (English Heritage)"
                    },
                    {
                        "archive_url": "https://raw.githubusercontent.com/infrastructureclub/open-house-london-images/master/images/2026/835/building_835_music-room_web_54956b64555d813ac691ee2036dcf676.jpg",
                        "title": "The Music Room at Kenwood, home to Georgian beauties by Gainsborough and Reynolds (English Heritage)"
                    },
                    {
                        "archive_url": "https://raw.githubusercontent.com/infrastructureclub/open-house-london-images/master/images/2026/835/building_835_eh6672_27e74e3aee04bcad889dcaac18d2e4dd.jpg",
                        "title": "Enjoy a stroll along Kenwood's iconic south terrace (English Heritage)"
                    },
                    {
                        "archive_url": "https://raw.githubusercontent.com/infrastructureclub/open-house-london-images/master/images/2026/835/building_835_eh11700_06405bb31831923f5e5d792e7d8a3d5c.jpg",
                        "title": "Marvel at Dutch and Flemish Old Masters in the east wing (English Heritage)"
                    },
                    {
                        "archive_url": "https://raw.githubusercontent.com/infrastructureclub/open-house-london-images/master/images/2026/835/building_835_j910551_a25a5032071691c4fefec68cc68257e1.jpg",
                        "title": "'The Guitar Player' is one of only 36 paintings by Vermeer in the world (English Heritage)"
                    },
                    {
                        "archive_url": "https://raw.githubusercontent.com/infrastructureclub/open-house-london-images/master/images/2026/835/building_835_eh23374_4335ed6e7de2ff8f56abbfa8d6cea76e.jpg",
                        "title": "Lady Mansfield's 18th-century tea room at the dairy (English Heritage)"
                    },
                    {
                        "archive_url": "https://raw.githubusercontent.com/infrastructureclub/open-house-london-images/master/images/2026/835/building_835_eh51469_3b00013e5ed291bf6fbea1cb59de935b.jpg",
                        "title": "The Dining Room Lobby (English Heritage)"
                    },
                    {
                        "archive_url": "https://raw.githubusercontent.com/infrastructureclub/open-house-london-images/master/images/2026/835/building_835_eh28567_f3c273fd60cc2d5426250b074517eb12.jpg",
                        "title": "Learn how English Heritage cares for Kenwood and see some conservation in action (English Heritage)"
                    },
                    {
                        "archive_url": "https://raw.githubusercontent.com/infrastructureclub/open-house-london-images/master/images/2026/835/building_835_eh72559_29963ca15d51c8eb3782a483a6b3c183.jpg",
                        "title": "The Robert Adam designed library at Kenwood (English Heritage)"
                    },
                    {
                        "archive_url": "https://raw.githubusercontent.com/infrastructureclub/open-house-london-images/master/images/2026/835/building_835_eh23406_4143c9892dfd0a6c79d8755c01ba3c25.jpg",
                        "title": "The Creamery at Kenwood's 18th-century dairy (English Heritage)"
                    }
                ],
                "name": "Kenwood",
                "new_venue_this_year": "No",
                "start": "11:00:00",
                "ticketed_events": "Yes",
                "url": "https://programme.openhouse.org.uk/listings/835"
            },
            "type": "Feature"
        },
        {
            "geometry": {
                "coordinates": [
                    -0.3228409,
                    51.46110789999999
                ],
                "type": "Point"
            },
            "properties": {
                "balloted": "No",
                "description": "Egyptian-style, pink and grey mausoleum created for the second Earl of Kilmorey and Priscilla Hoste. The form relates to the shrines at the heart of Egyptian Temples.",
                "end": "15:00:00",
                "fully_booked": "",
                "images": [
                    {
                        "archive_url": "https://raw.githubusercontent.com/infrastructureclub/open-house-london-images/master/images/2026/842/building_842_21-kilmorey-2_d188cc3dd98fa91336476aca8bc4c2e4.jpg",
                        "title": "Kilmorey Mausoleum"
                    },
                    {
                        "archive_url": "https://raw.githubusercontent.com/infrastructureclub/open-house-london-images/master/images/2026/842/building_842__dsc8326-min_94a96fef38942e76f2af0e0273eb0903.JPG",
                        "title": "Interior of the mausoleum"
                    },
                    {
                        "archive_url": "https://raw.githubusercontent.com/infrastructureclub/open-house-london-images/master/images/2026/842/building_842_img_1576-min-768x801_73022db0a977f34f1e18453aa4f78581.jpg",
                        "title": "Kilmorey mausoleum "
                    }
                ],
                "name": "Kilmorey Mausoleum",
                "new_venue_this_year": "No",
                "start": "11:00:00",
                "ticketed_events": "No",
                "url": "https://programme.openhouse.org.uk/listings/842"
            },
            "type": "Feature"
        },
        {
            "geometry": {
                "coordinates": [
                    -0.00606,
                    51.48257
                ],
                "type": "Point"
            },
            "properties": {
                "balloted": "No",
                "description": "Wren-designed building completed under the direction of Hawksmoor and Vanbrugh, 1698-1712. Original wood panelling, refurbished by Dannatt Johnson in 2001 for University of Greenwich.",
                "end": "15:00:00",
                "fully_booked": "",
                "images": [
                    {
                        "archive_url": "https://raw.githubusercontent.com/infrastructureclub/open-house-london-images/master/images/2026/846/building_846_king-william_0ea5b5d985d288e1daeeccb88b25efe0.jpg",
                        "title": "Old Royal Naval College - King William Court"
                    },
                    {
                        "archive_url": "https://raw.githubusercontent.com/infrastructureclub/open-house-london-images/master/images/2026/846/building_846_0v9a2363_034f2a5bbd696d8d6ae72e56504c36b4.jpeg",
                        "title": "Old Royal Naval College "
                    }
                ],
                "name": "Old Royal Naval College - King William Court",
                "new_venue_this_year": "No",
                "start": "10:00:00",
                "ticketed_events": "No",
                "url": "https://programme.openhouse.org.uk/listings/846"
            },
            "type": "Feature"
        },
        {
            "geometry": {
                "coordinates": [
                    -0.11128,
                    51.51507
                ],
                "type": "Point"
            },
            "properties": {
                "balloted": "No",
                "description": "London's first fireproof building, built to house records of the Court of Chancery. Now renovated to house a fine university library.",
                "end": "17:00:00",
                "fully_booked": "",
                "images": [
                    {
                        "archive_url": "https://raw.githubusercontent.com/infrastructureclub/open-house-london-images/master/images/2026/847/building_847_maughan-library-1-2-red-flag-even-smaller_bfd3f3db325114b9bfe2b7682dbfd05d.jpg",
                        "title": "Main entrance"
                    }
                ],
                "name": "King's College London, The Maughan Library",
                "new_venue_this_year": "No",
                "start": "11:00:00",
                "ticketed_events": "No",
                "url": "https://programme.openhouse.org.uk/listings/847"
            },
            "type": "Feature"
        },
        {
            "geometry": {
                "coordinates": [
                    -0.08073,
                    51.43006
                ],
                "type": "Point"
            },
            "properties": {
                "balloted": "No",
                "description": "Grade II listed building owned by Southwark Council. Large, 19th century mansion built in the form of a stone-faced baronial castle for the inventor of Bovril. Interior includes substantial wood panelling and a great hall. The building is managed by HH KIngswood Ltd and is used as a cultural and community space.",
                "end": "14:00:00",
                "fully_booked": "",
                "images": [
                    {
                        "archive_url": "https://raw.githubusercontent.com/infrastructureclub/open-house-london-images/master/images/2026/854/building_854_khcpicture2apr06_12e7bb23e87c1921fcb59c9cbd88cc50.jpg",
                        "title": "Front of Kingswood house"
                    },
                    {
                        "archive_url": "https://raw.githubusercontent.com/infrastructureclub/open-house-london-images/master/images/2026/854/building_854_kingswood-house-group_21395196a7e7729a36e05cb5272a2340.jpg",
                        "title": "Family portrait in front of Kingswood House"
                    },
                    {
                        "archive_url": "https://raw.githubusercontent.com/infrastructureclub/open-house-london-images/master/images/2026/854/building_854_bovril-castle-aka-kingswood-house_dbcbd98827550e1e86a3743829c14fbc.jpg",
                        "title": "Kingswood House rear"
                    },
                    {
                        "archive_url": "https://raw.githubusercontent.com/infrastructureclub/open-house-london-images/master/images/2026/854/building_854_kingswood_house_from_above_d45a96f2c199dda33ed132abab7b82e2.jpg",
                        "title": "Aerial view of Kingswood House"
                    },
                    {
                        "archive_url": "https://raw.githubusercontent.com/infrastructureclub/open-house-london-images/master/images/2026/854/building_854_kingswood_house_jacobean_room_0108a974530a610fc74bc3cfe0aeb713.jpg",
                        "title": "Jacobean Room, Kingswood House"
                    }
                ],
                "name": "Kingswood House",
                "new_venue_this_year": "No",
                "start": "11:00:00",
                "ticketed_events": "No",
                "url": "https://programme.openhouse.org.uk/listings/854"
            },
            "type": "Feature"
        },
        {
            "geometry": {
                "coordinates": [
                    -0.03476,
                    51.57672
                ],
                "type": "Point"
            },
            "properties": {
                "balloted": "No",
                "description": "Grade II listed Victorian engine house remodelled to take a pair of 1895 Marshall steam engines, still in working order. A museum celebrating the rich Industrial Heritage of the Borough and the Lea Valley Region.",
                "end": "15:30:00",
                "fully_booked": "",
                "images": [
                    {
                        "archive_url": "https://raw.githubusercontent.com/infrastructureclub/open-house-london-images/master/images/2026/983/building_983_dscf0203-large_95c6be3fe4c1cc327f7e04015aa45e34.jpg",
                        "title": "The Pumphouse"
                    },
                    {
                        "archive_url": "https://raw.githubusercontent.com/infrastructureclub/open-house-london-images/master/images/2026/983/building_983_pumphouse-2_e56a864f5d477bfeb799ae0290603ea9.jpg",
                        "title": "The front of the Pumphouse"
                    },
                    {
                        "archive_url": "https://raw.githubusercontent.com/infrastructureclub/open-house-london-images/master/images/2026/983/building_983_dscf0191-large_428c024b6cbbf1088e94375ce1af6b4a.jpg",
                        "title": "The engines"
                    },
                    {
                        "archive_url": "https://raw.githubusercontent.com/infrastructureclub/open-house-london-images/master/images/2026/983/building_983_fire-truck_04885ab3e6613ef2ca16986ed8666fa4.jpeg",
                        "title": "Dennis Fire Truck"
                    },
                    {
                        "archive_url": "https://raw.githubusercontent.com/infrastructureclub/open-house-london-images/master/images/2026/983/building_983_walthamstow-1_f2af6cd4327dea83ef655f3888a98212.jpeg",
                        "title": "1967 Stock Victoria Line tube carriage"
                    }
                ],
                "name": "Walthamstow Pumphouse Museum",
                "new_venue_this_year": "No",
                "start": "10:30:00",
                "ticketed_events": "No",
                "url": "https://programme.openhouse.org.uk/listings/983"
            },
            "type": "Feature"
        },
        {
            "geometry": {
                "coordinates": [
                    0.0046996,
                    51.45633429999999
                ],
                "type": "Point"
            },
            "properties": {
                "balloted": "No",
                "description": "Grade II listed ice well and underground chambers (1770) in Manor House Gardens park, which provided ice for nearby Manor House. Cited in 2002 Civic Trust Awards.",
                "end": "17:00:00",
                "fully_booked": "",
                "images": [
                    {
                        "archive_url": "https://raw.githubusercontent.com/infrastructureclub/open-house-london-images/master/images/2026/1025/building_1025_screen-shot-2017-06-19-at-11-02-04_d370d82e21e092a8c5f8308faf51e50c.png",
                        "title": "Ice House interior"
                    },
                    {
                        "archive_url": "https://raw.githubusercontent.com/infrastructureclub/open-house-london-images/master/images/2026/1025/building_1025_dsc02844-2-scaled_776d7d64c8bbf964cd24c3f61af56c42.jpg",
                        "title": "Lee Manor Society"
                    }
                ],
                "name": "Manor House Gardens Ice House",
                "new_venue_this_year": "No",
                "start": "12:00:00",
                "ticketed_events": "No",
                "url": "https://programme.openhouse.org.uk/listings/1025"
            },
            "type": "Feature"
        },
        {
            "geometry": {
                "coordinates": [
                    -0.0900498,
                    51.5128676
                ],
                "type": "Point"
            },
            "properties": {
                "balloted": "No",
                "description": "The official residence of the Lord Mayor of the City of London, retaining its 18C character, with superb plasterwork and wood carving.\r\n\r\nPLEASE NOTE due to enhanced security measures ID will be required on the day for entry and security screening will be in place.",
                "end": "15:45:00",
                "fully_booked": "No",
                "images": [
                    {
                        "archive_url": "https://raw.githubusercontent.com/infrastructureclub/open-house-london-images/master/images/2026/1033/building_1033_mansion-house-1_0c85dd4cbb9c2c57cefdcb4bbec8eed7.jpg",
                        "title": "Mansion House"
                    },
                    {
                        "archive_url": "https://raw.githubusercontent.com/infrastructureclub/open-house-london-images/master/images/2026/1033/building_1033_masnion-hse1_0451ca93f28173823e91457530421a14.jpg",
                        "title": "Mansion House Interior"
                    }
                ],
                "name": "Mansion House",
                "new_venue_this_year": "No",
                "start": "11:00:00",
                "ticketed_events": "Yes",
                "url": "https://programme.openhouse.org.uk/listings/1033"
            },
            "type": "Feature"
        },
        {
            "geometry": {
                "coordinates": [
                    -0.06145199999999999,
                    51.5818841
                ],
                "type": "Point"
            },
            "properties": {
                "balloted": "No",
                "description": "A masterpiece of Victorian engineering, Markfield Beam Engine provided a vital public health facility from 1855-1964.",
                "end": "16:00:00",
                "fully_booked": "",
                "images": [
                    {
                        "archive_url": "https://raw.githubusercontent.com/infrastructureclub/open-house-london-images/master/images/2026/1041/building_1041_img_20200626_184710_8c634c4b92391200f16cf94c55156618.jpg",
                        "title": "Exterior of engine house - Emma Stell"
                    },
                    {
                        "archive_url": "https://raw.githubusercontent.com/infrastructureclub/open-house-london-images/master/images/2026/1041/building_1041_img_20200927_115257_35f45897341df32ee0fdbe44b8f51145.jpg",
                        "title": "Spanners - Emma Stell"
                    },
                    {
                        "archive_url": "https://raw.githubusercontent.com/infrastructureclub/open-house-london-images/master/images/2026/1041/building_1041_img_20210627_132821_e58c9ee3617fade00adfacdabb9e30e3.jpg",
                        "title": ""
                    },
                    {
                        "archive_url": "https://raw.githubusercontent.com/infrastructureclub/open-house-london-images/master/images/2026/1041/building_1041_img_20210529_155141_a861a406bf33aac2d9991e55a4e8b0a4.jpg",
                        "title": ""
                    },
                    {
                        "archive_url": "https://raw.githubusercontent.com/infrastructureclub/open-house-london-images/master/images/2026/1041/building_1041_img_20210529_155058_a521dd19ce33348b953aeaff2d042f58.jpg",
                        "title": ""
                    },
                    {
                        "archive_url": "https://raw.githubusercontent.com/infrastructureclub/open-house-london-images/master/images/2026/1041/building_1041_img_20200830_111904_a00e7ef35065f65fc3e8b9ea25026d79.jpg",
                        "title": ""
                    }
                ],
                "name": "Markfield Beam Engine and House",
                "new_venue_this_year": "No",
                "start": "10:00:00",
                "ticketed_events": "No",
                "url": "https://programme.openhouse.org.uk/listings/1041"
            },
            "type": "Feature"
        },
        {
            "geometry": {
                "coordinates": [
                    -0.05311,
                    51.4643
                ],
                "type": "Point"
            },
            "properties": {
                "balloted": "No",
                "description": "Nunhead Cemetery, a Grade II* listed Victorian burial ground, is one of London's Magnificent Seven cemeteries  and is of historic and ecological importance. Set on a hillside, its 52 acres of woodland provides a green breathing space offering peace and tranquillity.  Imposing tombs contrast with the tumbling headstones and carved angels peer through a covering of ivy. Visits to chapel and crypt.",
                "end": "16:30:00",
                "fully_booked": "",
                "images": [
                    {
                        "archive_url": "https://raw.githubusercontent.com/infrastructureclub/open-house-london-images/master/images/2026/1237/building_1237_2533_b5bb6969d0d6fc761cf0a5b04b858af2.jpg",
                        "title": ""
                    },
                    {
                        "archive_url": "https://raw.githubusercontent.com/infrastructureclub/open-house-london-images/master/images/2026/1237/building_1237_chapel-cropped_c82f370d07ba6fa43d5e1665246e1e9f.jpeg",
                        "title": "Anglican chapel - Nunhead Cemetery"
                    }
                ],
                "name": "Nunhead Cemetery",
                "new_venue_this_year": "No",
                "start": "13:45:00",
                "ticketed_events": "No",
                "url": "https://programme.openhouse.org.uk/listings/1237"
            },
            "type": "Feature"
        },
        {
            "geometry": {
                "coordinates": [
                    -0.12478,
                    51.44156
                ],
                "type": "Point"
            },
            "properties": {
                "balloted": "No",
                "description": "Grade II* listed buildings, modern movement style with balcony walkways and period internal features.",
                "end": "16:00:00",
                "fully_booked": "",
                "images": [
                    {
                        "archive_url": "https://raw.githubusercontent.com/infrastructureclub/open-house-london-images/master/images/2026/1297/building_1297_pullman-court_9c1c7ceef52806f76c8660c7089c3d6d.jpg",
                        "title": ""
                    },
                    {
                        "archive_url": "https://raw.githubusercontent.com/infrastructureclub/open-house-london-images/master/images/2026/1297/building_1297_screen-shot-2019-03-18-at-13-55-41_c25772d0abd8d173da5a8cefb84b1a83.png",
                        "title": "Pullman Court"
                    }
                ],
                "name": "Pullman Court",
                "new_venue_this_year": "No",
                "start": "11:00:00",
                "ticketed_events": "No",
                "url": "https://programme.openhouse.org.uk/listings/1297"
            },
            "type": "Feature"
        },
        {
            "geometry": {
                "coordinates": [
                    -0.00847,
                    51.48268
                ],
                "type": "Point"
            },
            "properties": {
                "balloted": "No",
                "description": "Sir Christopher Wren's riverside masterpiece in Greenwich, built as the Royal Hospital for Seamen and begun in 1696 on the site of the Tudor Greenwich Palace. Occupied by the Royal Naval College from 1869 to 1998, it is now a premier historic, cultural and educational destination in the heart of the Maritime Greenwich UNESCO World Heritage Site.",
                "end": "17:00:00",
                "fully_booked": "",
                "images": [
                    {
                        "archive_url": "https://raw.githubusercontent.com/infrastructureclub/open-house-london-images/master/images/2026/1310/building_1310_old-royal-naval-college_9471bb0d4370a4e76a3c8d1357bb623e.jpg",
                        "title": "Old Royal Naval College, Grand Square"
                    },
                    {
                        "archive_url": "https://raw.githubusercontent.com/infrastructureclub/open-house-london-images/master/images/2026/1310/building_1310_admiral-s-house-ornc-edward-hill-photography-2013-2_4a4350bc978ff3db1a0250d18c92f146.jpg",
                        "title": "Old Royal Naval College,  House"
                    },
                    {
                        "archive_url": "https://raw.githubusercontent.com/infrastructureclub/open-house-london-images/master/images/2026/1310/building_1310_king-william-court-thedpc-com-2008_d15a5ca41f87624efe0089359185462e.jpg",
                        "title": "Old Royal Naval College, Nelson Pediment, King William Courtyard"
                    },
                    {
                        "archive_url": "https://raw.githubusercontent.com/infrastructureclub/open-house-london-images/master/images/2026/1310/building_1310_old-royal-naval-college-ornc-and-jigsaw-design-publishing-2010-60_f1b0fceb304ea26c4dbae3107f6fd0c8.jpg",
                        "title": "Old Royal Naval College"
                    },
                    {
                        "archive_url": "https://raw.githubusercontent.com/infrastructureclub/open-house-london-images/master/images/2026/1310/building_1310_queen-mary-colonnade-ornc-and-jigsaw-design-publishing-2013-3_06f3b053131dbf6d7d34e861bf7b41b2.jpg",
                        "title": "Old Royal Naval College, Queen Mary Colonnade"
                    },
                    {
                        "archive_url": "https://raw.githubusercontent.com/infrastructureclub/open-house-london-images/master/images/2026/1310/building_1310_king-william-colonnade-james-brittain-photography-2-1_57c67711f488ad6be06aa1c499945cca.jpg",
                        "title": "Old Royal Naval College, King William Colonnade"
                    }
                ],
                "name": "Old Royal Naval College",
                "new_venue_this_year": "No",
                "start": "10:30:00",
                "ticketed_events": "No",
                "url": "https://programme.openhouse.org.uk/listings/1310"
            },
            "type": "Feature"
        },
        {
            "geometry": {
                "coordinates": [
                    -0.00524,
                    51.48387
                ],
                "type": "Point"
            },
            "properties": {
                "balloted": "No",
                "description": "Wren and Hawksmoor building, completed 1749 when Thomas Ripley built the pavilions facing the river. Highlights include council boardroom, grand staircase and restored Portland stonework. Refurbished in 2000 for University of Greenwich.",
                "end": "15:30:00",
                "fully_booked": "",
                "images": [
                    {
                        "archive_url": "https://raw.githubusercontent.com/infrastructureclub/open-house-london-images/master/images/2026/1425/building_1425_direct-view-of-queen-anne-building-from-lower-grand-square_e9b73cb69ef856e8b6baa30e57a1be08.jpg",
                        "title": "Old Royal Naval College - Queen Anne Court"
                    },
                    {
                        "archive_url": "https://raw.githubusercontent.com/infrastructureclub/open-house-london-images/master/images/2026/1425/building_1425_0v9a2363_9037db6cb51ef37051b7bab07f50fe1d.jpeg",
                        "title": "Old Royal Naval College - Queen Anne Court,  Greenwich Campus"
                    }
                ],
                "name": "Old Royal Naval College - Queen Anne Court",
                "new_venue_this_year": "No",
                "start": "10:30:00",
                "ticketed_events": "No",
                "url": "https://programme.openhouse.org.uk/listings/1425"
            },
            "type": "Feature"
        },
        {
            "geometry": {
                "coordinates": [
                    -0.00403,
                    51.48283
                ],
                "type": "Point"
            },
            "properties": {
                "balloted": "No",
                "description": "Last major building on the site (1751). Original layout, timber panelling, barrel vaulting and Portland stone. Refurbished in 2000 by Dannatt Johnson for University of Greenwich.",
                "end": "15:30:00",
                "fully_booked": "",
                "images": [
                    {
                        "archive_url": "https://raw.githubusercontent.com/infrastructureclub/open-house-london-images/master/images/2026/1433/building_1433_qm-colonnades-from-marketing_2597e8c84f6a67b06082e6fcd295802a.jpg",
                        "title": "Old Royal Naval College - Queen Mary Court"
                    },
                    {
                        "archive_url": "https://raw.githubusercontent.com/infrastructureclub/open-house-london-images/master/images/2026/1433/building_1433_0v9a2363_ff367630aedcab77392eb0c669cce833.jpeg",
                        "title": "Old Royal Naval College - Queen Mary Court, Greenwich Campus"
                    }
                ],
                "name": "Old Royal Naval College - Queen Mary Court",
                "new_venue_this_year": "No",
                "start": "10:30:00",
                "ticketed_events": "No",
                "url": "https://programme.openhouse.org.uk/listings/1433"
            },
            "type": "Feature"
        },
        {
            "geometry": {
                "coordinates": [
                    -0.13349,
                    51.50658
                ],
                "type": "Point"
            },
            "properties": {
                "balloted": "No",
                "description": "Built as a Whig gentleman's club and inspired by Italian Renaissance palaces. Lobby leads to an enclosed colonnaded courtyard with complementary glazed roof and tessellated floor. Tunnelled staircase leads to upper floor.",
                "end": "15:45:00",
                "fully_booked": "No",
                "images": [
                    {
                        "archive_url": "https://raw.githubusercontent.com/infrastructureclub/open-house-london-images/master/images/2026/1457/building_1457_2003-reform-club-2_3b83804d6c14d64329df1eac5bfe9032.jpg",
                        "title": ""
                    }
                ],
                "name": "Reform Club",
                "new_venue_this_year": "No",
                "start": "10:00:00",
                "ticketed_events": "Yes",
                "url": "https://programme.openhouse.org.uk/listings/1457"
            },
            "type": "Feature"
        },
        {
            "geometry": {
                "coordinates": [
                    -0.07556,
                    51.54969
                ],
                "type": "Point"
            },
            "properties": {
                "balloted": "No",
                "description": "Grade II listed Art Deco cinema with stalls and circle created in 1937 within the shell of an Edwardian cinema, retaining many original features. In 2017  a new auditorium was created in the basement space.",
                "end": "11:30:00",
                "fully_booked": "No",
                "images": [
                    {
                        "archive_url": "https://raw.githubusercontent.com/infrastructureclub/open-house-london-images/master/images/2026/1478/building_1478_rio-cinema-dalston-auditorium_802d0efc41575c07a3b736feb8b51367.jpg",
                        "title": "Auditorium"
                    },
                    {
                        "archive_url": "https://raw.githubusercontent.com/infrastructureclub/open-house-london-images/master/images/2026/1478/building_1478_classic-aud-1950_e1766a697c154ddc028020d5c1115fc5.jpg",
                        "title": "Auditorium from the Circle (taken 1937)"
                    },
                    {
                        "archive_url": "https://raw.githubusercontent.com/infrastructureclub/open-house-london-images/master/images/2026/1478/building_1478_kingsland-empire-high-res-scan-1915-crop_239963357a7c74f81540ac1fab925636.jpg",
                        "title": "As the Kingsland Empire Cinema in 1915"
                    },
                    {
                        "archive_url": "https://raw.githubusercontent.com/infrastructureclub/open-house-london-images/master/images/2026/1478/building_1478_clasic1950d_353c80ae4ede186c6d9759c86f93ffa5.jpg",
                        "title": "The Classic Cinema Dalston in 1950"
                    },
                    {
                        "archive_url": "https://raw.githubusercontent.com/infrastructureclub/open-house-london-images/master/images/2026/1478/building_1478_classic-cartoon-cinema-med-res_39feafdfc7fcb851c2e97272a93bc8a5.jpg",
                        "title": "Classic Cartoon Theatre Dalston in 1958"
                    },
                    {
                        "archive_url": "https://raw.githubusercontent.com/infrastructureclub/open-house-london-images/master/images/2026/1478/building_1478_thumbnail_mark-blower-170313-rio-cinema-0003_d694b3895caaa54e29d54f729471c147.jpg",
                        "title": "Rio Cinema Dalston auditorium from the circle"
                    },
                    {
                        "archive_url": "https://raw.githubusercontent.com/infrastructureclub/open-house-london-images/master/images/2026/1478/building_1478_rio-sc2_46c2b567efdb042e5fadd10e95706d2f.jpg",
                        "title": "Rio Cinema Dalston screen 2 built in 2017"
                    },
                    {
                        "archive_url": "https://raw.githubusercontent.com/infrastructureclub/open-house-london-images/master/images/2026/1478/building_1478_classic-cinema-dalston-openig-day-1937-300dpi_db7b021d88e6051ef5c7d211d74f03bb.jpg",
                        "title": "Classic Cinema Dalston opening day 1937"
                    },
                    {
                        "archive_url": "https://raw.githubusercontent.com/infrastructureclub/open-house-london-images/master/images/2026/1478/building_1478_img_8208_5e195ad50e9f90c48e9dfba944cf8034.jpeg",
                        "title": "Rio Cinema Dalston August 2021"
                    },
                    {
                        "archive_url": "https://raw.githubusercontent.com/infrastructureclub/open-house-london-images/master/images/2026/1478/building_1478_screenshot-2021-08-16-at-10-44-20_4f8fddcffe8b2ed93d2ecaddd61cb770.png",
                        "title": "Rio Cinema Dalston"
                    },
                    {
                        "archive_url": "https://raw.githubusercontent.com/infrastructureclub/open-house-london-images/master/images/2026/1478/building_1478_bhla1797_78b3c809e73ee863f333ca6593e2399c.jpeg",
                        "title": "Kingsland Empire auditorium of 1915 taken in 2022"
                    },
                    {
                        "archive_url": "https://raw.githubusercontent.com/infrastructureclub/open-house-london-images/master/images/2026/1478/building_1478_img_2837_af13739710c7e8f98d12ae7132bc4360.jpeg",
                        "title": "Rio Cinema, 1937 Projection Room\r\nAndrew Woodyatt"
                    }
                ],
                "name": "Rio Cinema",
                "new_venue_this_year": "No",
                "start": "10:30:00",
                "ticketed_events": "Yes",
                "url": "https://programme.openhouse.org.uk/listings/1478"
            },
            "type": "Feature"
        },
        {
            "geometry": {
                "coordinates": [
                    -0.1253933,
                    51.50790869999999
                ],
                "type": "Point"
            },
            "properties": {
                "balloted": "No",
                "description": "HQ of professional and examining body for UK optometrists occupying two terraced houses, No. 41 (Flitcroft c1730 with later additions) and No. 42 (rebuilt by Tarmac plc, c1989 with rear extension over the former back yard) including Council Chamber, Georgian-style print room, modern meeting spaces, recording studio, academic library and refurbished museum.",
                "end": "17:00:00",
                "fully_booked": "",
                "images": [
                    {
                        "archive_url": "https://raw.githubusercontent.com/infrastructureclub/open-house-london-images/master/images/2026/1504/building_1504_20230321_120054_1022b223cbc785d3fb5000b193018219.jpg",
                        "title": "View from corner of Craven Street, 2023"
                    },
                    {
                        "archive_url": "https://raw.githubusercontent.com/infrastructureclub/open-house-london-images/master/images/2026/1504/building_1504_img_3328_040a2f358c23f095568bafec29286e10.jpg",
                        "title": "Detail of window surrounds"
                    },
                    {
                        "archive_url": "https://raw.githubusercontent.com/infrastructureclub/open-house-london-images/master/images/2026/1504/building_1504_20230321_120154_9a749362ded324f500c12fa67fc6ef9f.jpg",
                        "title": "Front door, 42 Craven Street"
                    },
                    {
                        "archive_url": "https://raw.githubusercontent.com/infrastructureclub/open-house-london-images/master/images/2026/1504/building_1504_20220701_105256_c4497fd3270427d0fc1d6da4c3fae5d6.jpg",
                        "title": "Rear of building, 2022"
                    },
                    {
                        "archive_url": "https://raw.githubusercontent.com/infrastructureclub/open-house-london-images/master/images/2026/1504/building_1504_20220609_104730_e9fca278b5076485dcfb25407f9288c7.jpg",
                        "title": "The Library, 2022"
                    }
                ],
                "name": "College of Optometrists",
                "new_venue_this_year": "No",
                "start": "12:00:00",
                "ticketed_events": "No",
                "url": "https://programme.openhouse.org.uk/listings/1504"
            },
            "type": "Feature"
        },
        {
            "geometry": {
                "coordinates": [
                    -0.1340191,
                    51.5265851
                ],
                "type": "Point"
            },
            "properties": {
                "balloted": "No",
                "description": "Grade II* listed building. Restored in 2012 to showcase magnificent Edwardian faience tile work, mosaic floor and other historic features in transformed modern surroundings that now provide the headquarters of the RCGP.",
                "end": "15:00:00",
                "fully_booked": "No",
                "images": [
                    {
                        "archive_url": "https://raw.githubusercontent.com/infrastructureclub/open-house-london-images/master/images/2026/1523/building_1523_img_0739_3eedfd6ec436edfc9e8441754dcf0ac5.jpg",
                        "title": "Rear Interior Atrium - Hanna Polasky"
                    },
                    {
                        "archive_url": "https://raw.githubusercontent.com/infrastructureclub/open-house-london-images/master/images/2026/1523/building_1523_img_1657_4d398a1a2c93cb487b21e6f0dbabbf5e.jpg",
                        "title": "Interior of 30 Euston Square - Hanna Polasky"
                    },
                    {
                        "archive_url": "https://raw.githubusercontent.com/infrastructureclub/open-house-london-images/master/images/2026/1523/building_1523_img_1658_135b06f461989185cc85fd18bc8bad99.jpg",
                        "title": "Interior of 30 Euston Square - Hanna Polasky"
                    },
                    {
                        "archive_url": "https://raw.githubusercontent.com/infrastructureclub/open-house-london-images/master/images/2026/1523/building_1523_img_1659_bc22c668dfbd3a0a2f88a7dd3d7db525.jpg",
                        "title": "Roof Terrace - Hanna Polasky"
                    },
                    {
                        "archive_url": "https://raw.githubusercontent.com/infrastructureclub/open-house-london-images/master/images/2026/1523/building_1523_exhibition-space-from-above_e0f2ccd127f50ef63b2110ab20e060e8.jpg",
                        "title": "The Exhibition space from above - Hanna Polasky"
                    },
                    {
                        "archive_url": "https://raw.githubusercontent.com/infrastructureclub/open-house-london-images/master/images/2026/1523/building_1523_front-of-30es-2_6207ea36da7815d8c148b4cf3c10a8a3.jfif",
                        "title": "Front of 30 Euston Square - Hanna Polasky"
                    },
                    {
                        "archive_url": "https://raw.githubusercontent.com/infrastructureclub/open-house-london-images/master/images/2026/1523/building_1523_front-of-30es_6379cc8939ec74dde47f3e60b2a790cf.jfif",
                        "title": "Front entrance 30 Euston Square - Hanna Polasky"
                    }
                ],
                "name": "Royal College of General Practitioners",
                "new_venue_this_year": "No",
                "start": "10:00:00",
                "ticketed_events": "Yes",
                "url": "https://programme.openhouse.org.uk/listings/1523"
            },
            "type": "Feature"
        },
        {
            "geometry": {
                "coordinates": [
                    -0.1603,
                    51.48658
                ],
                "type": "Point"
            },
            "properties": {
                "balloted": "No",
                "description": "Part of the Chelsea Heritage Quarter, the Royal Hospital Chelsea has housed the Chelsea Pensioners since 1692. Join a Pensioner‑led tour of our grounds exploring its history and architecture from Wren to Soane. Enjoy free access to the Soane Stable Yard, museum and café, and visit nearby CHQ partners—the National Army Museum and Chelsea Physic Garden which are a short walk from each other.",
                "end": "16:00:00",
                "fully_booked": "No",
                "images": [
                    {
                        "archive_url": "https://raw.githubusercontent.com/infrastructureclub/open-house-london-images/master/images/2026/1538/building_1538_figure-court-2_15599543c5de99cd7e32bddfc217626a.jpg",
                        "title": "Figure Court"
                    },
                    {
                        "archive_url": "https://raw.githubusercontent.com/infrastructureclub/open-house-london-images/master/images/2026/1538/building_1538_rhc-grounds-shoot-feb-2018-feb-2018-20_aee188345b39a25df3468b56cba569ef.jpg",
                        "title": "Latin inscription on Colonnade"
                    },
                    {
                        "archive_url": "https://raw.githubusercontent.com/infrastructureclub/open-house-london-images/master/images/2026/1538/building_1538_rhc-grounds-shoot-feb-2018-feb-2018-85_0f299d41c34fa0de5cc415d8024f3e88.jpg",
                        "title": "Colonnade"
                    },
                    {
                        "archive_url": "https://raw.githubusercontent.com/infrastructureclub/open-house-london-images/master/images/2026/1538/building_1538__dsc7791-1_0475c706daefc327adabf1519924f547.jpg",
                        "title": "Founder's Day"
                    },
                    {
                        "archive_url": "https://raw.githubusercontent.com/infrastructureclub/open-house-london-images/master/images/2026/1538/building_1538_1538_d5682_graded_3k_200910_028342a0aacb62d4a22975b77d336a54.jpg",
                        "title": "Aerial View"
                    }
                ],
                "name": "Royal Hospital Chelsea, Home of the Chelsea Pensioners",
                "new_venue_this_year": "No",
                "start": "13:30:00",
                "ticketed_events": "Yes",
                "url": "https://programme.openhouse.org.uk/listings/1538"
            },
            "type": "Feature"
        },
        {
            "geometry": {
                "coordinates": [
                    -0.16038,
                    51.525
                ],
                "type": "Point"
            },
            "properties": {
                "balloted": "No",
                "description": "Unique example of Expressionist architecture in London with sculptural staircase based on organic plant forms. Grade II listed. New café area and renovations in 2008. Refurbishment of theatre and foyer 2020.",
                "end": "16:00:00",
                "fully_booked": "",
                "images": [
                    {
                        "archive_url": "https://raw.githubusercontent.com/infrastructureclub/open-house-london-images/master/images/2026/1571/building_1571_staircase_04_4d4c8822e44e7530a7097323c38ce072.jpg",
                        "title": "Staircase"
                    },
                    {
                        "archive_url": "https://raw.githubusercontent.com/infrastructureclub/open-house-london-images/master/images/2026/1571/building_1571_unknown-1_bd42f49dab7fc90f681d295d84243b00.jpeg",
                        "title": ""
                    },
                    {
                        "archive_url": "https://raw.githubusercontent.com/infrastructureclub/open-house-london-images/master/images/2026/1571/building_1571_rsh-theatre-photo-5_a06009314aeeb6238895b49b7465da43.jpg",
                        "title": "Refurbished theatre 2020"
                    },
                    {
                        "archive_url": "https://raw.githubusercontent.com/infrastructureclub/open-house-london-images/master/images/2026/1571/building_1571_rsh-theatre-photo-2_a4d67b867210f059f88c45731e671745.jpg",
                        "title": "Refurbished theatre 2020"
                    }
                ],
                "name": "Rudolf Steiner House",
                "new_venue_this_year": "No",
                "start": "10:00:00",
                "ticketed_events": "No",
                "url": "https://programme.openhouse.org.uk/listings/1571"
            },
            "type": "Feature"
        },
        {
            "geometry": {
                "coordinates": [
                    -0.05033,
                    51.4497
                ],
                "type": "Point"
            },
            "properties": {
                "balloted": "No",
                "description": "A close of 13 self-built houses. Each is unique, built using methods developed by Walter Segal, who led the project in the mid 1980s. Houses have been extended and renovated. Sustainable features including solar electric, water & space heating.",
                "end": "18:00:00",
                "fully_booked": "",
                "images": [
                    {
                        "archive_url": "https://raw.githubusercontent.com/infrastructureclub/open-house-london-images/master/images/2026/1615/building_1615_img_0409_b9a520d40e7efe8c1a297f16cad26438.jpg",
                        "title": "rear of house"
                    },
                    {
                        "archive_url": "https://raw.githubusercontent.com/infrastructureclub/open-house-london-images/master/images/2026/1615/building_1615_img_0406_88cd793a8d566840bb85f565626857ea.jpg",
                        "title": "half way up the street"
                    },
                    {
                        "archive_url": "https://raw.githubusercontent.com/infrastructureclub/open-house-london-images/master/images/2026/1615/building_1615_ten_eight_619fb4fd9cc3b95ec7fbb70b359c6332.jpg",
                        "title": "Renovated Segal house"
                    },
                    {
                        "archive_url": "https://raw.githubusercontent.com/infrastructureclub/open-house-london-images/master/images/2026/1615/building_1615_seven_five_9a4c18d90cd525f6e0f7f104dce681f7.jpg",
                        "title": "Two Houses in Walters Way"
                    }
                ],
                "name": "Walter Segal Self-build Houses",
                "new_venue_this_year": "No",
                "start": "12:30:00",
                "ticketed_events": "No",
                "url": "https://programme.openhouse.org.uk/listings/1615"
            },
            "type": "Feature"
        },
        {
            "geometry": {
                "coordinates": [
                    -0.1309,
                    51.52296
                ],
                "type": "Point"
            },
            "properties": {
                "balloted": "No",
                "description": "London’s tallest secular building when it opened as the HQ of the University of London and home to the Ministry of Information during WWII, this Grade II* listed landmark features Classicism and Art Deco elements.",
                "end": "17:00:00",
                "fully_booked": "No",
                "images": [
                    {
                        "archive_url": "https://raw.githubusercontent.com/infrastructureclub/open-house-london-images/master/images/2026/1617/building_1617_exteriors-43_small_34b817fa467058c38267ab1021a3e9d6.jpg",
                        "title": "View from Malet Street - University of London"
                    },
                    {
                        "archive_url": "https://raw.githubusercontent.com/infrastructureclub/open-house-london-images/master/images/2026/1617/building_1617_chancellors-hall-13_small_20fb080143238cc1d55909754dd77de3.jpg",
                        "title": "Chancellor's Hall - University of London"
                    },
                    {
                        "archive_url": "https://raw.githubusercontent.com/infrastructureclub/open-house-london-images/master/images/2026/1617/building_1617_cloisters_small_6bce9941a9e5740bde59f2c852fb7365.jpg",
                        "title": "Cloisters - University of London"
                    },
                    {
                        "archive_url": "https://raw.githubusercontent.com/infrastructureclub/open-house-london-images/master/images/2026/1617/building_1617_crush-hall-23_small_b3f0cfac315da2342b3b66eb4e8c69c3.jpg",
                        "title": "Crush Hall - University of London"
                    },
                    {
                        "archive_url": "https://raw.githubusercontent.com/infrastructureclub/open-house-london-images/master/images/2026/1617/building_1617_crush-hall-31_small_0a64cc41d0e94d960d5d6f8bf2ec8aef.jpg",
                        "title": "Crush Hall - University of London"
                    },
                    {
                        "archive_url": "https://raw.githubusercontent.com/infrastructureclub/open-house-london-images/master/images/2026/1617/building_1617_senate-room-18_small_94da139395c6642754d9a6d807273704.jpg",
                        "title": "Senate Room - University of London"
                    }
                ],
                "name": "Senate House",
                "new_venue_this_year": "No",
                "start": "11:00:00",
                "ticketed_events": "Yes",
                "url": "https://programme.openhouse.org.uk/listings/1617"
            },
            "type": "Feature"
        },
        {
            "geometry": {
                "coordinates": [
                    -0.05499,
                    51.54801
                ],
                "type": "Point"
            },
            "properties": {
                "balloted": "No",
                "description": "Grade I listed, remaining tower of medieval parish church, with working late 16C clock. New exhibition of Hackney's history. Extensive views from roof. (Organised by Hackney Historic Buildings Trust).",
                "end": "17:00:00",
                "fully_booked": "",
                "images": [
                    {
                        "archive_url": "https://raw.githubusercontent.com/infrastructureclub/open-house-london-images/master/images/2026/1755/building_1755_epping-forest-018_a77cf24b8b796b6d1d487b28cb845569.jpg",
                        "title": "View from Mare Street"
                    },
                    {
                        "archive_url": "https://raw.githubusercontent.com/infrastructureclub/open-house-london-images/master/images/2026/1755/building_1755_tower-064_87005c25b3018cafdf41e2dfcb834cde.jpg",
                        "title": "The 16th Century Clock"
                    },
                    {
                        "archive_url": "https://raw.githubusercontent.com/infrastructureclub/open-house-london-images/master/images/2026/1755/building_1755_tower-067_569469f70a61765e7ef68f2550eea29e.jpg",
                        "title": "The bell"
                    },
                    {
                        "archive_url": "https://raw.githubusercontent.com/infrastructureclub/open-house-london-images/master/images/2026/1755/building_1755_tower-053_579a21211f06104f3d91847ff7324528.jpg",
                        "title": "Momento Mori"
                    },
                    {
                        "archive_url": "https://raw.githubusercontent.com/infrastructureclub/open-house-london-images/master/images/2026/1755/building_1755_web_dsc_0662michael-patrick_5a4e286b74be8de1b895b9d7d9cda456.jpg",
                        "title": "View from roof 1"
                    },
                    {
                        "archive_url": "https://raw.githubusercontent.com/infrastructureclub/open-house-london-images/master/images/2026/1755/building_1755_dsc_0663michael-patrick_86d7869686c76f000c0eb53daa79fc1d.jpg",
                        "title": "View from roof 2"
                    },
                    {
                        "archive_url": "https://raw.githubusercontent.com/infrastructureclub/open-house-london-images/master/images/2026/1755/building_1755_web_dsc_0674michael-patrick_93c2671bc4c432099674e8743508cbac.jpg",
                        "title": "View from roof 3"
                    }
                ],
                "name": "St Augustine's Tower",
                "new_venue_this_year": "No",
                "start": "11:00:00",
                "ticketed_events": "No",
                "url": "https://programme.openhouse.org.uk/listings/1755"
            },
            "type": "Feature"
        },
        {
            "geometry": {
                "coordinates": [
                    -0.07669,
                    51.53483
                ],
                "type": "Point"
            },
            "properties": {
                "balloted": "No",
                "description": "6-storey building featuring a Western exterior and traditional Islamic interior, modelled on the Blue Mosque in Istanbul. Has dome and minaret tower.",
                "end": "16:00:00",
                "fully_booked": "",
                "images": [
                    {
                        "archive_url": "https://raw.githubusercontent.com/infrastructureclub/open-house-london-images/master/images/2026/1929/building_1929_london-suleymaniye-camii_bc940262f84d8c46de76d8d67524ed24.jpg",
                        "title": ""
                    },
                    {
                        "archive_url": "https://raw.githubusercontent.com/infrastructureclub/open-house-london-images/master/images/2026/1929/building_1929_img-20210414-wa0031_166056fc10d3e813f650c2ddda954492.jpg",
                        "title": ""
                    },
                    {
                        "archive_url": "https://raw.githubusercontent.com/infrastructureclub/open-house-london-images/master/images/2026/1929/building_1929_for-open-house-suleymaniye-mosque_75cbd6ee6d61df8934ebda29b263e01b.jfif",
                        "title": ""
                    },
                    {
                        "archive_url": "https://raw.githubusercontent.com/infrastructureclub/open-house-london-images/master/images/2026/1929/building_1929_for-open-house-suleymaniye-mosque-2_02242dbf7832aa5afb426bc618f460dc.png",
                        "title": ""
                    },
                    {
                        "archive_url": "https://raw.githubusercontent.com/infrastructureclub/open-house-london-images/master/images/2026/1929/building_1929_image3_e0d290a78bbe3897f85b2995f5c9a8c1.jpeg",
                        "title": ""
                    },
                    {
                        "archive_url": "https://raw.githubusercontent.com/infrastructureclub/open-house-london-images/master/images/2026/1929/building_1929_image2_8870ff6feabacef5aaef5540ceef793a.jpeg",
                        "title": ""
                    },
                    {
                        "archive_url": "https://raw.githubusercontent.com/infrastructureclub/open-house-london-images/master/images/2026/1929/building_1929_image1_5c70b761c8c8b15ffe6c79446872fdf5.jpeg",
                        "title": ""
                    },
                    {
                        "archive_url": "https://raw.githubusercontent.com/infrastructureclub/open-house-london-images/master/images/2026/1929/building_1929_image0_3f28a004514ebaed42908e808a5262e1.jpeg",
                        "title": ""
                    },
                    {
                        "archive_url": "https://raw.githubusercontent.com/infrastructureclub/open-house-london-images/master/images/2026/1929/building_1929_6_7a6ece55f2cde2387646113fbc71b5cc.jpg",
                        "title": ""
                    }
                ],
                "name": "Suleymaniye Mosque",
                "new_venue_this_year": "No",
                "start": "10:00:00",
                "ticketed_events": "No",
                "url": "https://programme.openhouse.org.uk/listings/1929"
            },
            "type": "Feature"
        },
        {
            "geometry": {
                "coordinates": [
                    -0.1235,
                    51.45319
                ],
                "type": "Point"
            },
            "properties": {
                "balloted": "No",
                "description": "A wonderful reminder of Brixton's rural past and inner London's last working mill. Built in 1816 by the Ashby family who produced flour until 1934.  Restored to working order 2011. Producing flour today thanks to our volunteer millers.",
                "end": "17:00:00",
                "fully_booked": "",
                "images": [
                    {
                        "archive_url": "https://raw.githubusercontent.com/infrastructureclub/open-house-london-images/master/images/2026/1971/building_1971_sun-and-wheat-2014-ol_b168baf09262ea3bddd5e3ae91296f16.jpg",
                        "title": "Wheat growing at Brixton Windmill"
                    },
                    {
                        "archive_url": "https://raw.githubusercontent.com/infrastructureclub/open-house-london-images/master/images/2026/1971/building_1971_ol-daffs_31f739d9b73c01b78643af82c14f7434.jpg",
                        "title": "Path to Brixton Windmill"
                    },
                    {
                        "archive_url": "https://raw.githubusercontent.com/infrastructureclub/open-house-london-images/master/images/2026/1971/building_1971_ol-daffs-landscape-copy_502b1b64e0764f7448949e853582e4d7.jpg",
                        "title": "Spring in Windmill Gardens "
                    },
                    {
                        "archive_url": "https://raw.githubusercontent.com/infrastructureclub/open-house-london-images/master/images/2026/1971/building_1971_restored-stone-floor-ol_ef0d6fb88ab584afada5278f6cf9b58b.jpg",
                        "title": "Newly restored stone floor"
                    },
                    {
                        "archive_url": "https://raw.githubusercontent.com/infrastructureclub/open-house-london-images/master/images/2026/1971/building_1971_restored-sails-2011-jk_e8d2427b5dae98bee167713e39594285.jpg",
                        "title": "Newly refurbished sails"
                    },
                    {
                        "archive_url": "https://raw.githubusercontent.com/infrastructureclub/open-house-london-images/master/images/2026/1971/building_1971_sunset-august-16-nw_3f683cde4c7a2d8c4422ab91d0cf7587.jpg",
                        "title": "Sunset at Brixton Windmill"
                    },
                    {
                        "archive_url": "https://raw.githubusercontent.com/infrastructureclub/open-house-london-images/master/images/2026/1971/building_1971_grinding-flour-using-modular-millstones_865e37522d173446f95ccb19eb3387c1.jpg",
                        "title": "Modular mill grinding flour"
                    },
                    {
                        "archive_url": "https://raw.githubusercontent.com/infrastructureclub/open-house-london-images/master/images/2026/1971/building_1971_kids-club-visit_16aca4b246f8a4f49691cf8dadb803ba.jpg",
                        "title": "Kids Club visit"
                    },
                    {
                        "archive_url": "https://raw.githubusercontent.com/infrastructureclub/open-house-london-images/master/images/2026/1971/building_1971_35_brixtonwindmillcentre_c-jackhobhouse_eb6cd0c26b77d008ba538f112aa3379e.jpg",
                        "title": "Brixton Windmill Centre"
                    },
                    {
                        "archive_url": "https://raw.githubusercontent.com/infrastructureclub/open-house-london-images/master/images/2026/1971/building_1971_10_brixtonwindmillcentre_c-jackhobhouse-1_67dafe4dfec84666f78f9b9da3d9ae5e.jpg",
                        "title": "Brixton Windmill Centre"
                    },
                    {
                        "archive_url": "https://raw.githubusercontent.com/infrastructureclub/open-house-london-images/master/images/2026/1971/building_1971_20230501-brixton-windmill-beer-bread-festival-019-1_b1e8c0e4d784b87a6730d269280524d1.jpg",
                        "title": "Brixton Windmill Flour"
                    }
                ],
                "name": "Brixton Windmill",
                "new_venue_this_year": "No",
                "start": "13:00:00",
                "ticketed_events": "No",
                "url": "https://programme.openhouse.org.uk/listings/1971"
            },
            "type": "Feature"
        },
        {
            "geometry": {
                "coordinates": [
                    -0.09844,
                    51.51508
                ],
                "type": "Point"
            },
            "properties": {
                "balloted": "No",
                "description": "Temple Bar is a 350 year old gateway to the City of London, designed by Sir Christopher Wren. It formerly stood in Fleet Street, and is the last surviving gateway to the City of London. This beautiful structure has a fascinating history, which will be revealed to visitors.",
                "end": "16:00:00",
                "fully_booked": "",
                "images": [
                    {
                        "archive_url": "https://raw.githubusercontent.com/infrastructureclub/open-house-london-images/master/images/2026/1983/building_1983_20220614_gcs_0163-copy_34926de7b4c3dcf603acf9ff3c90af46.jpg",
                        "title": "View from St. Paul's Churchyard"
                    },
                    {
                        "archive_url": "https://raw.githubusercontent.com/infrastructureclub/open-house-london-images/master/images/2026/1983/building_1983_20220607_gcs_0033-copy_c20cbb8f2e9e20dd4bf2b34aae6db486.jpg",
                        "title": "View of Temple Bar and St. Paul's Cathedral from Temple Bar"
                    },
                    {
                        "archive_url": "https://raw.githubusercontent.com/infrastructureclub/open-house-london-images/master/images/2026/1983/building_1983_20220614_gcs_0150-copy_af760b38381babfc7ba962a336199cfb.jpg",
                        "title": "View from St. Paul's Churchyard of Temple Bar and the Chapter House"
                    }
                ],
                "name": "Temple Bar",
                "new_venue_this_year": "No",
                "start": "10:00:00",
                "ticketed_events": "No",
                "url": "https://programme.openhouse.org.uk/listings/1983"
            },
            "type": "Feature"
        },
        {
            "geometry": {
                "coordinates": [
                    -0.10794,
                    51.51422
                ],
                "type": "Point"
            },
            "properties": {
                "balloted": "No",
                "description": "Medieval architecture meets Wren's refurbishments in this inspiring building, the Mother Church of the Common Law. The Magna Carta exhibit: has William Marshal and King John where they would have debated and agreed clauses of Magna Carta.",
                "end": "16:00:00",
                "fully_booked": "",
                "images": [
                    {
                        "archive_url": "https://raw.githubusercontent.com/infrastructureclub/open-house-london-images/master/images/2026/1984/building_1984__dsc5210_62b65770e52ae6d9ae2a587e9bf78542.jpg",
                        "title": ""
                    },
                    {
                        "archive_url": "https://raw.githubusercontent.com/infrastructureclub/open-house-london-images/master/images/2026/1984/building_1984_2-london-s-jerusalem_641eedfe188fe199ae6f6eba98760cbb.jpg",
                        "title": ""
                    },
                    {
                        "archive_url": "https://raw.githubusercontent.com/infrastructureclub/open-house-london-images/master/images/2026/1984/building_1984_church-interior-west-view_0f8e1e1ba8fd6fa21b49038b4ac38d53.jpg",
                        "title": ""
                    }
                ],
                "name": "The Temple Church",
                "new_venue_this_year": "No",
                "start": "12:00:00",
                "ticketed_events": "No",
                "url": "https://programme.openhouse.org.uk/listings/1984"
            },
            "type": "Feature"
        },
        {
            "geometry": {
                "coordinates": [
                    -0.47975,
                    51.48961
                ],
                "type": "Point"
            },
            "properties": {
                "balloted": "No",
                "description": "This year we’re celebrating the 600th anniversary of Harmondsworth’s magnificent Great Barn. It’s over 190 feet long, nearly 40 feet high, and over 95% of its structural timbers are original. Displays include details of its construction, the conservation/repairs carried out in 2014, and its place in the agricultural history of the village.",
                "end": "17:00:00",
                "fully_booked": "",
                "images": [
                    {
                        "archive_url": "https://raw.githubusercontent.com/infrastructureclub/open-house-london-images/master/images/2026/2050/building_2050_wp_20180923_15_30_00_pro_e6668c28c648c997e636b64d0113c3a8.jpg",
                        "title": "The Great Barn, Harmondsworth (Visitors in the Barn )"
                    },
                    {
                        "archive_url": "https://raw.githubusercontent.com/infrastructureclub/open-house-london-images/master/images/2026/2050/building_2050_dp170255_d8506c61fe59198af30a6c96388049e0.jpg",
                        "title": "The Great Barn, Harmondsworth (New hand-made tiles on the roof in 2015)"
                    },
                    {
                        "archive_url": "https://raw.githubusercontent.com/infrastructureclub/open-house-london-images/master/images/2026/2050/building_2050_dp170257_7d08225e04b0effa88848f954dccb108.jpg",
                        "title": "The Great Barn, Harmondsworth (The unaltered interior of the Barn)"
                    },
                    {
                        "archive_url": "https://raw.githubusercontent.com/infrastructureclub/open-house-london-images/master/images/2026/2050/building_2050_img_0529_c0841e7af1022f965717b1382883a101.jpg",
                        "title": "The Great Barn, Harmondsworth (The newly-repaired Barn from St Mary's church tower, Jan 2015)"
                    },
                    {
                        "archive_url": "https://raw.githubusercontent.com/infrastructureclub/open-house-london-images/master/images/2026/2050/building_2050_img-20241010_bf17aa553803907173d6c0121ea31b32.jpg",
                        "title": "The Great Barn, Harmondsworth (The repairs are now hardly visible)"
                    }
                ],
                "name": "The Great Barn, Harmondsworth",
                "new_venue_this_year": "No",
                "start": "11:00:00",
                "ticketed_events": "No",
                "url": "https://programme.openhouse.org.uk/listings/2050"
            },
            "type": "Feature"
        },
        {
            "geometry": {
                "coordinates": [
                    -0.1531897,
                    51.50055039999999
                ],
                "type": "Point"
            },
            "properties": {
                "balloted": "No",
                "description": "During the Open House Festival people will have the unique opportunity to explore the historic mansion.  Opening its doors on this special occasion, visitors will enjoy unprecedented access to the Argentine Ambassador's Residence in the UK and explore a glimpse of our culture through an art exposition of different Argentine artists.",
                "end": "17:00:00",
                "fully_booked": "",
                "images": [
                    {
                        "archive_url": "https://raw.githubusercontent.com/infrastructureclub/open-house-london-images/master/images/2026/2060/building_2060_11ac6a74-8744-41f4-ade0-85fa47c0f729_cf50129a21983e923231d26fd993222a.jpeg",
                        "title": "Argentine Ambassador's Residence"
                    },
                    {
                        "archive_url": "https://raw.githubusercontent.com/infrastructureclub/open-house-london-images/master/images/2026/2060/building_2060_argentine_ambassador-s_residence_002_176a80db4d5468fd42564711f7dad663.jpg",
                        "title": ""
                    },
                    {
                        "archive_url": "https://raw.githubusercontent.com/infrastructureclub/open-house-london-images/master/images/2026/2060/building_2060_50169010558_c909a99166_k_9036daf6aa8c5b1fea3f6116ea8a42de.jpg",
                        "title": "Argentine Ambassador's Residence"
                    },
                    {
                        "archive_url": "https://raw.githubusercontent.com/infrastructureclub/open-house-london-images/master/images/2026/2060/building_2060_50169009568_1606542788_k_d08b25b4e05a22fbd353606f6fe8d9f8.jpg",
                        "title": "Argentine Ambassador's Residence"
                    },
                    {
                        "archive_url": "https://raw.githubusercontent.com/infrastructureclub/open-house-london-images/master/images/2026/2060/building_2060_50169806862_7c89cc8a8e_k_c673326ef5dccf17009ce6de70571bfe.jpg",
                        "title": "General Jose de San Martin. Argentine Ambassador's Residence"
                    },
                    {
                        "archive_url": "https://raw.githubusercontent.com/infrastructureclub/open-house-london-images/master/images/2026/2060/building_2060_48871135403_4b0a70ac46_k_3ec2a03dec55e3e9bd24dee9361a3c53.jpg",
                        "title": "Argentine Ambassador's Residence"
                    }
                ],
                "name": "Argentine Ambassador's Residence",
                "new_venue_this_year": "No",
                "start": "10:00:00",
                "ticketed_events": "No",
                "url": "https://programme.openhouse.org.uk/listings/2060"
            },
            "type": "Feature"
        },
        {
            "geometry": {
                "coordinates": [
                    -0.17323,
                    51.49564
                ],
                "type": "Point"
            },
            "properties": {
                "balloted": "No",
                "description": "Part of an international family of Ismaili Centres, this is a religious, cultural and social space for the Shia Imami Ismaili Muslims. The serenity of the entrance fountain to the roof garden reflects Muslim traditions in architecture and design.",
                "end": "16:00:00",
                "fully_booked": "",
                "images": [
                    {
                        "archive_url": "https://raw.githubusercontent.com/infrastructureclub/open-house-london-images/master/images/2026/2063/building_2063_ismaili-centre_d6159fa4f4f0c41d0f7cc2ae1f611886.jpg",
                        "title": "The Ismaili Centre London  front of building"
                    },
                    {
                        "archive_url": "https://raw.githubusercontent.com/infrastructureclub/open-house-london-images/master/images/2026/2063/building_2063_ismaili-centre1_0bc1c8a825c5addfa33833e97cf55653.jpg",
                        "title": "The Ismaili Centre London Roof Garden"
                    },
                    {
                        "archive_url": "https://raw.githubusercontent.com/infrastructureclub/open-house-london-images/master/images/2026/2063/building_2063_ic-roof-garden-hi-res-4_ef1afa138705e49e457dfaf2e95752dc.jpg",
                        "title": "The Ismaili Centre London Roof Garden"
                    },
                    {
                        "archive_url": "https://raw.githubusercontent.com/infrastructureclub/open-house-london-images/master/images/2026/2063/building_2063_ic-foyer_5de84271be0aa15b4a4ef340aad554c8.jpg",
                        "title": "The Ismaili Centre Entrance Foyer"
                    },
                    {
                        "archive_url": "https://raw.githubusercontent.com/infrastructureclub/open-house-london-images/master/images/2026/2063/building_2063_chandelier-sh-entrance_71e19159e5c36d05787ed96011e40a7e.jpg",
                        "title": null
                    },
                    {
                        "archive_url": "https://raw.githubusercontent.com/infrastructureclub/open-house-london-images/master/images/2026/2063/building_2063_ic-roof-garden_84eee831b51316aea0f27a3ba7c55257.png",
                        "title": null
                    }
                ],
                "name": "The Ismaili Centre",
                "new_venue_this_year": "No",
                "start": "10:00:00",
                "ticketed_events": "No",
                "url": "https://programme.openhouse.org.uk/listings/2063"
            },
            "type": "Feature"
        },
        {
            "geometry": {
                "coordinates": [
                    -0.26898,
                    51.42213
                ],
                "type": "Point"
            },
            "properties": {
                "balloted": "No",
                "description": "Completed in 1968 by Kenneth Wood, the house is an untouched time capsule of 1960s colour, innovation and design, with interiors  provided by the Conran Group. \r\n\r\nSituated in a quiet cul-de-sac on steeply sloping ground, the location was both an inspiration and a challenge for Ken Wood when creating the modern split-level design. The garden and pavilion gallery are also included in the tour.",
                "end": "16:30:00",
                "fully_booked": "No",
                "images": [
                    {
                        "archive_url": "https://raw.githubusercontent.com/infrastructureclub/open-house-london-images/master/images/2026/2144/building_2144_pickerautumn24-jimstephenson-9-print_a2c01e4d8b3da7f97f936d68a8211346.jpg",
                        "title": "Jim Stephenson 2026"
                    },
                    {
                        "archive_url": "https://raw.githubusercontent.com/infrastructureclub/open-house-london-images/master/images/2026/2144/building_2144_pickerspring23-jimstephenson-1-print_a5ae6bb313f0e1c408e488cf0137d05c.jpg",
                        "title": "Jim Stephenson 2026"
                    }
                ],
                "name": "The Stanley Picker Trust, Picker House",
                "new_venue_this_year": "No",
                "start": "11:00:00",
                "ticketed_events": "Yes",
                "url": "https://programme.openhouse.org.uk/listings/2144"
            },
            "type": "Feature"
        },
        {
            "geometry": {
                "coordinates": [
                    0.04222,
                    51.56781
                ],
                "type": "Point"
            },
            "properties": {
                "balloted": "No",
                "description": "The Temple, 1760 remnant of the magnificent Wanstead House estate, set in Grade II landscape Wanstead Park, now woodland, grassland, lakes. Discover colourful Wanstead stories. New for 2026: finds from 18C grotto,",
                "end": "15:00:00",
                "fully_booked": "",
                "images": [
                    {
                        "archive_url": "https://raw.githubusercontent.com/infrastructureclub/open-house-london-images/master/images/2026/2149/building_2149_temple-for-open-house-2022-daisies_b1af78f9a08c3170e565d4248a56daad.jpg",
                        "title": "The Temple, Portico entrance"
                    },
                    {
                        "archive_url": "https://raw.githubusercontent.com/infrastructureclub/open-house-london-images/master/images/2026/2149/building_2149_the-temple-door_63b626013cda436b056d1c3d0270154a.jpg",
                        "title": "Local honey for sale"
                    },
                    {
                        "archive_url": "https://raw.githubusercontent.com/infrastructureclub/open-house-london-images/master/images/2026/2149/building_2149_wanstead-cows-2021_b86dfc7672de3f43c70019f465a4afb6.jpg",
                        "title": "Longhorn cattle peacefully grazing near The Temple, Wanstead Park"
                    },
                    {
                        "archive_url": "https://raw.githubusercontent.com/infrastructureclub/open-house-london-images/master/images/2026/2149/building_2149_wanstead-swans_4b73ec0e3ab72887a1f11f20ef973ea0.jpg",
                        "title": "Enjoy lakeside walks to enjoy The Temple in its historic parkland"
                    }
                ],
                "name": "The Temple Wanstead Park",
                "new_venue_this_year": "No",
                "start": "11:00:00",
                "ticketed_events": "No",
                "url": "https://programme.openhouse.org.uk/listings/2149"
            },
            "type": "Feature"
        },
        {
            "geometry": {
                "coordinates": [
                    -0.13911,
                    51.43182
                ],
                "type": "Point"
            },
            "properties": {
                "balloted": "No",
                "description": "Outdoor pool 100x33 yards. One million gallons of unheated water. Iconic outdoor cubicle doors, fountain and café added in the 1930s, with Art Deco style entrance in 2001. Sports hall pavilion added in 2016.",
                "end": "16:00:00",
                "fully_booked": "",
                "images": [
                    {
                        "archive_url": "https://raw.githubusercontent.com/infrastructureclub/open-house-london-images/master/images/2026/2181/building_2181_alexmcfayden_2_80e9d4a4dde7c123330dc07d53e9bbb3.JPG",
                        "title": "View from railway side"
                    },
                    {
                        "archive_url": "https://raw.githubusercontent.com/infrastructureclub/open-house-london-images/master/images/2026/2181/building_2181_alexmcfayden_4_smaller_5075d59389c4baa54e3f8592328cffa4.jpg",
                        "title": "Lido fountain"
                    },
                    {
                        "archive_url": "https://raw.githubusercontent.com/infrastructureclub/open-house-london-images/master/images/2026/2181/building_2181_2001_entrance_6105e3699f513f5b3471b5d52d2325df.jpg",
                        "title": "New entrance built in 2001"
                    },
                    {
                        "archive_url": "https://raw.githubusercontent.com/infrastructureclub/open-house-london-images/master/images/2026/2181/building_2181_pavilion-2_c4f4a59bf0403db80cd4f11c225fa3a5.jpg",
                        "title": "View from green roof of new pavilion"
                    },
                    {
                        "archive_url": "https://raw.githubusercontent.com/infrastructureclub/open-house-london-images/master/images/2026/2181/building_2181_pavilion-1_8caa4b1bbaf8895608872e52d084d88b.jpg",
                        "title": "Lido pavilion - East elevation"
                    },
                    {
                        "archive_url": "https://raw.githubusercontent.com/infrastructureclub/open-house-london-images/master/images/2026/2181/building_2181_pavilion_132d42e8c422fd3f8f8091c86ddffd40.jpg",
                        "title": "Pavilion entrance and view through to the pool"
                    },
                    {
                        "archive_url": "https://raw.githubusercontent.com/infrastructureclub/open-house-london-images/master/images/2026/2181/building_2181_murals_8f76eaefa00ef6004af76abeb02ae226.jpg",
                        "title": "Tile murals on new pump room exterior walls by artist Rob Lowe"
                    }
                ],
                "name": "Tooting Bec Lido",
                "new_venue_this_year": "No",
                "start": "09:00:00",
                "ticketed_events": "No",
                "url": "https://programme.openhouse.org.uk/listings/2181"
            },
            "type": "Feature"
        },
        {
            "geometry": {
                "coordinates": [
                    -0.20534,
                    51.5237
                ],
                "type": "Point"
            },
            "properties": {
                "balloted": "No",
                "description": "Goldfinger's 31-storey social housing tower is one of London's most remarkable high-rises. Monumental, with its free-standing service tower and triumphal boiler house, Trellick retains beautiful detailing and a rich use of materials.",
                "end": "16:00:00",
                "fully_booked": "No",
                "images": [
                    {
                        "archive_url": "https://raw.githubusercontent.com/infrastructureclub/open-house-london-images/master/images/2026/2203/building_2203_1-trellick-tower_5953abdb424c59713bc362601e618dd4.jpg",
                        "title": ""
                    },
                    {
                        "archive_url": "https://raw.githubusercontent.com/infrastructureclub/open-house-london-images/master/images/2026/2203/building_2203_trellick_cd4174191920281b0aae62d36fb112d2.png",
                        "title": "Drawing of Trellick Tower"
                    },
                    {
                        "archive_url": "https://raw.githubusercontent.com/infrastructureclub/open-house-london-images/master/images/2026/2203/building_2203_img_0492_6640adf312e68afbefa836726619782d.jpeg",
                        "title": "View from 30th Floor Balcony"
                    }
                ],
                "name": "Trellick Tower",
                "new_venue_this_year": "No",
                "start": "11:00:00",
                "ticketed_events": "Yes",
                "url": "https://programme.openhouse.org.uk/listings/2203"
            },
            "type": "Feature"
        },
        {
            "geometry": {
                "coordinates": [
                    0.00894,
                    51.50862
                ],
                "type": "Point"
            },
            "properties": {
                "balloted": "No",
                "description": "Home to London's only lighthouse, fine stock buildings, examples of the innovative Container City buildings and SS Robin, the world’s only surviving complete\r\nVictorian steamship. This former buoy manufacturing site is now a centre for the creative industries with various sculptures and installations.",
                "end": "17:00:00",
                "fully_booked": "No",
                "images": [
                    {
                        "archive_url": "https://raw.githubusercontent.com/infrastructureclub/open-house-london-images/master/images/2026/2205/building_2205_web-size-aerial-drone-tbw-2024-1-copy_f14096fc7e696aad476a5fad31b60ab4.jpg",
                        "title": "Trinity Buoy Wharf aerial"
                    },
                    {
                        "archive_url": "https://raw.githubusercontent.com/infrastructureclub/open-house-london-images/master/images/2026/2205/building_2205_credit-harry-dwyer-3_0748fbe3e348214949b50af301670c10.jpg",
                        "title": "SS Robin"
                    },
                    {
                        "archive_url": "https://raw.githubusercontent.com/infrastructureclub/open-house-london-images/master/images/2026/2205/building_2205_edited-trinity-buoy-wharf-lighthouse_dae022228ce9ba089ce5d3627a161aa9.jpg",
                        "title": "Trinity buoy Wharf Lighthouse"
                    },
                    {
                        "archive_url": "https://raw.githubusercontent.com/infrastructureclub/open-house-london-images/master/images/2026/2205/building_2205_trinity-buoy-wharf-11_e0d6b8d3b2581db49fd8e02c2ba6fa54.jpg",
                        "title": "Container City 2 building"
                    },
                    {
                        "archive_url": "https://raw.githubusercontent.com/infrastructureclub/open-house-london-images/master/images/2026/2205/building_2205_trinity-buoy-wharf-3_ed68af16d09e30d669f2d5a68c920d5a.jpg",
                        "title": "The Chain & Buoy Store"
                    },
                    {
                        "archive_url": "https://raw.githubusercontent.com/infrastructureclub/open-house-london-images/master/images/2026/2205/building_2205_the-orchard-cafe_657f58ada302190ee51c50c5383fdd58.jpg",
                        "title": "The Orchard Cafe"
                    }
                ],
                "name": "Trinity Buoy Wharf/Container City",
                "new_venue_this_year": "No",
                "start": "11:00:00",
                "ticketed_events": "Yes",
                "url": "https://programme.openhouse.org.uk/listings/2205"
            },
            "type": "Feature"
        },
        {
            "geometry": {
                "coordinates": [
                    -0.1248869,
                    51.5076423
                ],
                "type": "Point"
            },
            "properties": {
                "balloted": "No",
                "description": "Just steps from Trafalgar Square, is Benjamin Franklin House, the world's only remaining Franklin home.\r\n\r\nFor nearly sixteen years between 1757 and 1775, Benjamin Franklin – scientist, diplomat, philosopher, inventor, and Founding Father of the United States – lived behind its doors.\r\n\r\nBuilt circa 1730, we are a Grade I listed house, with largely original flooring and wall paneling.",
                "end": "15:00:00",
                "fully_booked": "",
                "images": [
                    {
                        "archive_url": "https://raw.githubusercontent.com/infrastructureclub/open-house-london-images/master/images/2026/2347/building_2347_108471840_10157814229813191_5282745387740849018_n_28bff91e5fd34e2d8576cad3350cfebf.jpg",
                        "title": "Franklin's Floor "
                    },
                    {
                        "archive_url": "https://raw.githubusercontent.com/infrastructureclub/open-house-london-images/master/images/2026/2347/building_2347_bfh-exterior-19_8c6e1c0e1ddd5f5768ad51de39a943a2.jpg",
                        "title": "View from outside"
                    },
                    {
                        "archive_url": "https://raw.githubusercontent.com/infrastructureclub/open-house-london-images/master/images/2026/2347/building_2347_202_1201b7fce20dde491bf1debd7a74bc6f.jpg",
                        "title": "Georgian decoration on central staircase "
                    },
                    {
                        "archive_url": "https://raw.githubusercontent.com/infrastructureclub/open-house-london-images/master/images/2026/2347/building_2347__mg_2524_aaf4004b43cdaaaee343213af526438c.jpg",
                        "title": "Polly Stevenson Hewson"
                    },
                    {
                        "archive_url": "https://raw.githubusercontent.com/infrastructureclub/open-house-london-images/master/images/2026/2347/building_2347_glass-armonica-500x500_e35967870e1a9925aa77af54af5dd811.jpg",
                        "title": "Glass harmonica"
                    },
                    {
                        "archive_url": "https://raw.githubusercontent.com/infrastructureclub/open-house-london-images/master/images/2026/2347/building_2347_bfh-historical-experience_73f3fbc276c403bcee72ef4b6b58a913.jpg",
                        "title": "Historical experience"
                    },
                    {
                        "archive_url": "https://raw.githubusercontent.com/infrastructureclub/open-house-london-images/master/images/2026/2347/building_2347_img_4118_c68e6026647cfb42f51273597b3bb6a3.jpg",
                        "title": "4th of July celebrations!"
                    }
                ],
                "name": "Benjamin Franklin House",
                "new_venue_this_year": "No",
                "start": "10:00:00",
                "ticketed_events": "No",
                "url": "https://programme.openhouse.org.uk/listings/2347"
            },
            "type": "Feature"
        },
        {
            "geometry": {
                "coordinates": [
                    -0.23263,
                    51.43312
                ],
                "type": "Point"
            },
            "properties": {
                "balloted": "No",
                "description": "Rare example of a hollow post mill (1817). Grade II* listed, it now contains a museum depicting the history and development of windmills in Britain. Many working models, windmill machinery, equipment and tools.",
                "end": "17:00:00",
                "fully_booked": "",
                "images": [
                    {
                        "archive_url": "https://raw.githubusercontent.com/infrastructureclub/open-house-london-images/master/images/2026/2396/building_2396_wimbledon-windmill-a_60723a9db5cf094360076c9b2916de14.jpg",
                        "title": "View of mill from the Common"
                    },
                    {
                        "archive_url": "https://raw.githubusercontent.com/infrastructureclub/open-house-london-images/master/images/2026/2396/building_2396_the-windmill-as-it-was-in-its-working-days_67333b71460ae417d3cec1cea2f1d9ef.jpg",
                        "title": "Model of the mill as it was in its working days"
                    },
                    {
                        "archive_url": "https://raw.githubusercontent.com/infrastructureclub/open-house-london-images/master/images/2026/2396/building_2396_part-of-the-tool-collection_05d3a59b7b0a0def0082eb588cc9589a.jpg",
                        "title": "Part of the tool collection"
                    }
                ],
                "name": "Wimbledon Windmill Museum",
                "new_venue_this_year": "No",
                "start": "11:00:00",
                "ticketed_events": "No",
                "url": "https://programme.openhouse.org.uk/listings/2396"
            },
            "type": "Feature"
        },
        {
            "geometry": {
                "coordinates": [
                    -0.08285,
                    51.65298
                ],
                "type": "Point"
            },
            "properties": {
                "balloted": "No",
                "description": "Grade ll Listed church, that has been much added to over the 800 years of its existence. We have  recently refurbished the organ which has a fine circa 1750s wooden organ case.  The Church has an eight-bell peal still in weekly use– the oldest bell dates from 1680.",
                "end": "15:00:00",
                "fully_booked": "",
                "images": [
                    {
                        "archive_url": "https://raw.githubusercontent.com/infrastructureclub/open-house-london-images/master/images/2026/2479/building_2479_dsc_0377_c996697c80ab084898dba4268652023a.JPG",
                        "title": "View West of the Organ Case created by Richard Bridge in 1753 - Jeremy Taylor"
                    },
                    {
                        "archive_url": "https://raw.githubusercontent.com/infrastructureclub/open-house-london-images/master/images/2026/2479/building_2479_wp_20170605_17_37_31_pro-2_5fcdab09b1a5e38d6985109e2c9b5fa6.jpg",
                        "title": "View from south west  - Jeremy Taylor"
                    },
                    {
                        "archive_url": "https://raw.githubusercontent.com/infrastructureclub/open-house-london-images/master/images/2026/2479/building_2479_dsc_0373_1f27b0713f33777fbcbe8d3d718d95ae.JPG",
                        "title": "The Raynton Monument North Chapel - Jeremy Taylor"
                    }
                ],
                "name": "Parish Church of St Andrew, Enfield",
                "new_venue_this_year": "No",
                "start": "11:00:00",
                "ticketed_events": "No",
                "url": "https://programme.openhouse.org.uk/listings/2479"
            },
            "type": "Feature"
        },
        {
            "geometry": {
                "coordinates": [
                    -0.1916647,
                    51.53353509999999
                ],
                "type": "Point"
            },
            "properties": {
                "balloted": "No",
                "description": "St. Augustine's, Kilburn affectionately known as 'The Cathedral of North London' was established in 1870. Fr. Kirkpatrick, the first Vicar, engaged John Loughborough Pearson as the architect with the result being what many consider one of his finest works. Externally in 1890 with the tower and spire it became the 2nd tallest building in London (now ecclesiastically 2nd to St. Paul's Cathedral).",
                "end": "16:00:00",
                "fully_booked": "No",
                "images": [
                    {
                        "archive_url": "https://raw.githubusercontent.com/infrastructureclub/open-house-london-images/master/images/2026/2490/building_2490_4444_2655fdea7a05994093f41aec7202ab94.jpg",
                        "title": null
                    },
                    {
                        "archive_url": "https://raw.githubusercontent.com/infrastructureclub/open-house-london-images/master/images/2026/2490/building_2490_222-1_70cec86469aa256758388aff55a5d630.jpg",
                        "title": null
                    }
                ],
                "name": "St Augustine's Church",
                "new_venue_this_year": "No",
                "start": "12:00:00",
                "ticketed_events": "Yes",
                "url": "https://programme.openhouse.org.uk/listings/2490"
            },
            "type": "Feature"
        },
        {
            "geometry": {
                "coordinates": [
                    -0.1088368,
                    51.4982463
                ],
                "type": "Point"
            },
            "properties": {
                "balloted": "No",
                "description": "A stunning cathedral in the heart of London. Discover the story of a forgotten masterpiece. Designed by Augustus Pugin and opened in 1848, the original cathedral was hailed as England's foremost Catholic church before an incendiary bomb devastated the building in 1941. Explore the history, architecture and legacy that shaped the Cathedral you see today—and discover its remarkable story.",
                "end": "17:00:00",
                "fully_booked": "",
                "images": [
                    {
                        "archive_url": "https://raw.githubusercontent.com/infrastructureclub/open-house-london-images/master/images/2026/2502/building_2502_img_0187_4febec197ee63a29b7807ca5e339120a.jpg",
                        "title": "Entrance to St George's Cathedral, Southwark. © Marie Laurent 2026"
                    },
                    {
                        "archive_url": "https://raw.githubusercontent.com/infrastructureclub/open-house-london-images/master/images/2026/2502/building_2502_main-window_11f4f975224831ec2e5fa997e412aafb.jpg",
                        "title": "The East Window designed by Harry Clarke Studios, Dublin. © Mansoor Iessa 2026"
                    },
                    {
                        "archive_url": "https://raw.githubusercontent.com/infrastructureclub/open-house-london-images/master/images/2026/2502/building_2502_img_0061_32417627487755744b2ec347dbcdf6b8.jpg",
                        "title": "Processional banner depicting St George.  © Marie Laurent 2026"
                    },
                    {
                        "archive_url": "https://raw.githubusercontent.com/infrastructureclub/open-house-london-images/master/images/2026/2502/building_2502_img_9677_47352922219bd3a7561a8304ca4d81fd.jpg",
                        "title": "St George's Cathedral. © Marie Laurent"
                    }
                ],
                "name": "St George's Cathedral",
                "new_venue_this_year": "Yes",
                "start": "10:00:00",
                "ticketed_events": "No",
                "url": "https://programme.openhouse.org.uk/listings/2502"
            },
            "type": "Feature"
        },
        {
            "geometry": {
                "coordinates": [
                    -0.17138,
                    51.47864
                ],
                "type": "Point"
            },
            "properties": {
                "balloted": "No",
                "description": "During Open House, the Friends of Battersea Parish Church present a Floral Festival, organ recitals, historical displays, alongside 3 talks exploring history, creativity, sanctuary & Battersea’s radical past. Sat 12 Sept Dr. Peter Rumley at 6pm, Tues 15 Guy Stagg at 6.30pm,  Thurs 17 at 6.30pm Rory Walsh & Mike Squires.  Plus Join us for Choral Evensong amidst the flowers at St Mary’s Battersea.",
                "end": "17:00:00",
                "fully_booked": "No",
                "images": [
                    {
                        "archive_url": "https://raw.githubusercontent.com/infrastructureclub/open-house-london-images/master/images/2026/2533/building_2533_st-marys_a2b7ed70bb7cc4a5a26a096fb882503d.jpeg",
                        "title": "St Mary's Battersea"
                    },
                    {
                        "archive_url": "https://raw.githubusercontent.com/infrastructureclub/open-house-london-images/master/images/2026/2533/building_2533_untitled-2-of-29_02c2a647df4611b359f3fff31d48a443.jpeg",
                        "title": "St Mary's Interior"
                    }
                ],
                "name": "St Mary's Church, Battersea",
                "new_venue_this_year": "No",
                "start": "12:30:00",
                "ticketed_events": "Yes",
                "url": "https://programme.openhouse.org.uk/listings/2533"
            },
            "type": "Feature"
        },
        {
            "geometry": {
                "coordinates": [
                    -0.10166,
                    51.48463
                ],
                "type": "Point"
            },
            "properties": {
                "balloted": "No",
                "description": "Modern architecture church with large copper and lead roof and concrete, brick and stained glass external structure. Marble, wood and plaster interior and artwork by Sculptor Freda Pinto and Gerald Holtom.",
                "end": "14:00:00",
                "fully_booked": "",
                "images": [
                    {
                        "archive_url": "https://raw.githubusercontent.com/infrastructureclub/open-house-london-images/master/images/2026/2556/building_2556_exteriorside_963b49c8b8f5fbe81f216efad67a1061.jpg",
                        "title": "Exterior Side View"
                    },
                    {
                        "archive_url": "https://raw.githubusercontent.com/infrastructureclub/open-house-london-images/master/images/2026/2556/building_2556_figure0741-084-b_25fc81df6e95d19183d756f2012b2aab.gif",
                        "title": ""
                    },
                    {
                        "archive_url": "https://raw.githubusercontent.com/infrastructureclub/open-house-london-images/master/images/2026/2556/building_2556_stpaulsaltar_oh_04c71fb02cf0289f5ab5463ed23bda74.jpg",
                        "title": "St Paul's Church Lorrimore Altar"
                    },
                    {
                        "archive_url": "https://raw.githubusercontent.com/infrastructureclub/open-house-london-images/master/images/2026/2556/building_2556_stpinner2-oh_c06683beb34b10e3ba058208f65b2a8f.jpg",
                        "title": "St Paul's Church Lorrimore Wall"
                    },
                    {
                        "archive_url": "https://raw.githubusercontent.com/infrastructureclub/open-house-london-images/master/images/2026/2556/building_2556_img_20200117_134620_903622a70744f68faf532134d40b4c76.jpg",
                        "title": "Balcony view interior"
                    },
                    {
                        "archive_url": "https://raw.githubusercontent.com/infrastructureclub/open-house-london-images/master/images/2026/2556/building_2556_mainbalconyinterior_c06826737a50a8be55008d4ce145582e.jpg",
                        "title": "Main Balcony Interior"
                    },
                    {
                        "archive_url": "https://raw.githubusercontent.com/infrastructureclub/open-house-london-images/master/images/2026/2556/building_2556_windowcrossinterior_f3810e880960009d24f364bbd6051af3.jpg",
                        "title": "Window Cross Interior"
                    },
                    {
                        "archive_url": "https://raw.githubusercontent.com/infrastructureclub/open-house-london-images/master/images/2026/2556/building_2556_christinglory_6a93fc1ba2b024e8129c32067f21f988.jpg",
                        "title": "Christ in Glory"
                    }
                ],
                "name": "St Paul's, Newington",
                "new_venue_this_year": "No",
                "start": "11:00:00",
                "ticketed_events": "No",
                "url": "https://programme.openhouse.org.uk/listings/2556"
            },
            "type": "Feature"
        },
        {
            "geometry": {
                "coordinates": [
                    -0.03032,
                    51.52351
                ],
                "type": "Point"
            },
            "properties": {
                "balloted": "No",
                "description": "One of the magnificent 7 cemeteries. Burials ceased 1966, now 31 acres of woodland, meadows & ponds including the Soanes Centre (Robson Kelly 1993). Of outstanding importance for flora and fauna, set amongst funereal monuments, some listed",
                "end": "16:30:00",
                "fully_booked": "No",
                "images": [
                    {
                        "archive_url": "https://raw.githubusercontent.com/infrastructureclub/open-house-london-images/master/images/2026/2612/building_2612_tower-hamlets-cemetery-park-dsc_3230_c7e8e5ca541010b39cc071569fbaf163.jpg",
                        "title": "Westwood"
                    },
                    {
                        "archive_url": "https://raw.githubusercontent.com/infrastructureclub/open-house-london-images/master/images/2026/2612/building_2612_foiextract20140315-1527-8fpyv6-0-37_1_870b901b3e6d463a49229b0544ecb829.jpg",
                        "title": "Lodge Graves"
                    },
                    {
                        "archive_url": "https://raw.githubusercontent.com/infrastructureclub/open-house-london-images/master/images/2026/2612/building_2612_westwood-2_68ae2f42fdce82dea659b6727b935ad8.jpeg",
                        "title": "Westwood Monument and wildflowers"
                    },
                    {
                        "archive_url": "https://raw.githubusercontent.com/infrastructureclub/open-house-london-images/master/images/2026/2612/building_2612_12455426223_b2d3ba1452_o_ed3e68226128ccd27b7a6198c1ef2068.jpg",
                        "title": "Up above the Cemetery Park - looking west"
                    }
                ],
                "name": "Tower Hamlets Cemetery Park",
                "new_venue_this_year": "No",
                "start": "09:00:00",
                "ticketed_events": "Yes",
                "url": "https://programme.openhouse.org.uk/listings/2612"
            },
            "type": "Feature"
        },
        {
            "geometry": {
                "coordinates": [
                    -0.10256,
                    51.45317
                ],
                "type": "Point"
            },
            "properties": {
                "balloted": "No",
                "description": "Brockwell Hall was originally built in 1811-1813 for a wealthy Ludgate Hill glass maker as the centrepiece of his estate. It has recently been restored by PRS Architects, following an initiative led by Brockwell Hall Community Partners. Original features of the Grade II* listed Recency Villa have been restored and new spaces inside the Hall created for park users and the local community to enjoy.",
                "end": "12:30:00",
                "fully_booked": "No",
                "images": [
                    {
                        "archive_url": "https://raw.githubusercontent.com/infrastructureclub/open-house-london-images/master/images/2026/2711/building_2711_brockwell-hall_418c4fc11ec37eb0c210e4ce409985d2.jpg",
                        "title": "Brockwell Hall"
                    },
                    {
                        "archive_url": "https://raw.githubusercontent.com/infrastructureclub/open-house-london-images/master/images/2026/2711/building_2711_exhibition-space_dd67552403731602efdb98b7b6e9a60d.jpg",
                        "title": "Exhibition space"
                    }
                ],
                "name": "Brockwell Hall",
                "new_venue_this_year": "No",
                "start": "11:00:00",
                "ticketed_events": "Yes",
                "url": "https://programme.openhouse.org.uk/listings/2711"
            },
            "type": "Feature"
        },
        {
            "geometry": {
                "coordinates": [
                    0.02161,
                    51.40485
                ],
                "type": "Point"
            },
            "properties": {
                "balloted": "No",
                "description": "The Bishop's Palace was the official residence of the Bishops of Rochester. The present building dates from 1775, although there have been manor houses on the site since the 10C. The estate was acquired by Victorian coal merchant Coles Child who undertook numerous alterations and additions designed possibly by Norman Shaw.  The Park contains St Blaise's Well, fernery, Ice House and the former moat",
                "end": "16:30:00",
                "fully_booked": "No",
                "images": [
                    {
                        "archive_url": "https://raw.githubusercontent.com/infrastructureclub/open-house-london-images/master/images/2026/2714/building_2714_p1014472_078433c5035aed8166b28786028cdddb.jpg",
                        "title": "Main entrance -HG Wells' Bromley"
                    },
                    {
                        "archive_url": "https://raw.githubusercontent.com/infrastructureclub/open-house-london-images/master/images/2026/2714/building_2714_p1014473_273a4d19a6690aeb11d64e0ca611b47c.jpg",
                        "title": "Old Palace's Function Room -HG Wells' Bromley"
                    },
                    {
                        "archive_url": "https://raw.githubusercontent.com/infrastructureclub/open-house-london-images/master/images/2026/2714/building_2714_p1014477_32dbd21ab76ba095b885e94e2f040d3e.jpg",
                        "title": "Old Palace's Chairman's Room (former Drawing Room) -HG Wells' Bromley"
                    },
                    {
                        "archive_url": "https://raw.githubusercontent.com/infrastructureclub/open-house-london-images/master/images/2026/2714/building_2714_p1014480_7af89ac650c61ab05868cca85f9443cf.jpg",
                        "title": "Southern View of the Old Palace -HG Wells' Bromley"
                    },
                    {
                        "archive_url": "https://raw.githubusercontent.com/infrastructureclub/open-house-london-images/master/images/2026/2714/building_2714_img_3061_53a25aa14cd2067f933b5b920a140c5a.jpg",
                        "title": "Southern View of the Old Palace -HG Wells' Bromley"
                    },
                    {
                        "archive_url": "https://raw.githubusercontent.com/infrastructureclub/open-house-london-images/master/images/2026/2714/building_2714_c17-bishops-palace-bromley_442349dfbf28741a1ebdf5b6db72dfec.jpg",
                        "title": "Bishop's Palace - 17th century -HG Wells' Bromley"
                    },
                    {
                        "archive_url": "https://raw.githubusercontent.com/infrastructureclub/open-house-london-images/master/images/2026/2714/building_2714_old-palace-front-large-file-sept-2022_f0333559adaa185b94a5942409e67029.jpg",
                        "title": "Northern view of Old Palace -HG Wells' Bromley"
                    },
                    {
                        "archive_url": "https://raw.githubusercontent.com/infrastructureclub/open-house-london-images/master/images/2026/2714/building_2714_20250916_085901_887e5a3ec7cf6b1b006627ccb3440f19.jpg",
                        "title": "Bromley Palace Park -HG Wells' Bromley"
                    },
                    {
                        "archive_url": "https://raw.githubusercontent.com/infrastructureclub/open-house-london-images/master/images/2026/2714/building_2714_20260323_124455_9936d9c3ece21fca7bb4af2501146b4d.jpg",
                        "title": "St Blaise well in Bromley Palace Park -HG Wells' Bromley"
                    }
                ],
                "name": "Bishops Palace and Park, Bromley (formerly Bromley Civic Centre).",
                "new_venue_this_year": "No",
                "start": "10:30:00",
                "ticketed_events": "Yes",
                "url": "https://programme.openhouse.org.uk/listings/2714"
            },
            "type": "Feature"
        },
        {
            "geometry": {
                "coordinates": [
                    -0.0754686,
                    51.59914939999999
                ],
                "type": "Point"
            },
            "properties": {
                "balloted": "No",
                "description": "Tudor Manor House built for Sir William Compton in 1514, substantially altered in 17C, 18C & 19C. A museum since 1906 housing local history and community collections, archives, art & exhibitions of Bruce Castle, and Haringey area.",
                "end": "16:00:00",
                "fully_booked": "No",
                "images": [
                    {
                        "archive_url": "https://raw.githubusercontent.com/infrastructureclub/open-house-london-images/master/images/2026/2728/building_2728_brucecastlelowres005_7c38724c4e7c9e85e3965ad3213b7c31.jpg",
                        "title": "Credit: Warren Cooper"
                    },
                    {
                        "archive_url": "https://raw.githubusercontent.com/infrastructureclub/open-house-london-images/master/images/2026/2728/building_2728_exterior-front-towards-tower-no-shadows_eedfff54a853a11c4cb3d563a62680e5.jpg",
                        "title": "Credit: Bruce Castle Museum & Archive"
                    },
                    {
                        "archive_url": "https://raw.githubusercontent.com/infrastructureclub/open-house-london-images/master/images/2026/2728/building_2728_resized-20210927_123723_51c5b27ade9f808d6acacecb07aa762b.jpg",
                        "title": "Credit: Henry Jacobs"
                    },
                    {
                        "archive_url": "https://raw.githubusercontent.com/infrastructureclub/open-house-london-images/master/images/2026/2728/building_2728_brucecastlelowres015_2722cebd3a0e825fb09c723ea1872e25.jpg",
                        "title": "Credit: Warren Cooper"
                    },
                    {
                        "archive_url": "https://raw.githubusercontent.com/infrastructureclub/open-house-london-images/master/images/2026/2728/building_2728_brucecastlelowres080_d8de1b31f0e658f5cb66d9e7f559832a.jpg",
                        "title": "Credit: Warren Cooper"
                    }
                ],
                "name": "Bruce Castle Museum",
                "new_venue_this_year": "No",
                "start": "13:00:00",
                "ticketed_events": "Yes",
                "url": "https://programme.openhouse.org.uk/listings/2728"
            },
            "type": "Feature"
        },
        {
            "geometry": {
                "coordinates": [
                    -0.1276699,
                    51.503541
                ],
                "type": "Point"
            },
            "properties": {
                "balloted": "Yes",
                "description": "10 Downing Street has been the residence of British Prime Ministers since 1735. Behind its famous black door the most important decisions affecting Britain for nearly 300 years have been taken.",
                "end": "13:00:00",
                "fully_booked": "Yes",
                "images": [
                    {
                        "archive_url": "https://raw.githubusercontent.com/infrastructureclub/open-house-london-images/master/images/2026/2738/building_2738_number10_89b0fac467123582a5308f097ea42ac6.jpg",
                        "title": ""
                    }
                ],
                "name": "10 Downing Street",
                "new_venue_this_year": "No",
                "start": "11:30:00",
                "ticketed_events": "Yes",
                "url": "https://programme.openhouse.org.uk/listings/2738"
            },
            "type": "Feature"
        },
        {
            "geometry": {
                "coordinates": [
                    -0.17498,
                    51.55817529999999
                ],
                "type": "Point"
            },
            "properties": {
                "balloted": "No",
                "description": "Built in 1704 and 1720, Burgh House is a Grade I Listed Queen Anne and early Georgian house situated in the heart of Hampstead Village. As an independent charity, it serves as a cultural hub bringing together heritage, art and community programming. Burgh House is also an Arts Council England accredited museum with a collection relating to Burgh House and the local area.",
                "end": "16:00:00",
                "fully_booked": "",
                "images": [
                    {
                        "archive_url": "https://raw.githubusercontent.com/infrastructureclub/open-house-london-images/master/images/2026/2744/building_2744_202503_burghhouse-175-copy_1f6d37c231ea8d359089218614d2e381.jpg",
                        "title": "Burgh House"
                    }
                ],
                "name": "Burgh House",
                "new_venue_this_year": "Yes",
                "start": "10:00:00",
                "ticketed_events": "No",
                "url": "https://programme.openhouse.org.uk/listings/2744"
            },
            "type": "Feature"
        },
        {
            "geometry": {
                "coordinates": [
                    -0.15293,
                    51.50073
                ],
                "type": "Point"
            },
            "properties": {
                "balloted": "No",
                "description": "Built in Neoclassical style for Hugh Morrison (1868-1931), this was the last mansion house of its kind to be built in London. The club, founded in 1891, moved to the premises in 1946.",
                "end": "15:30:00",
                "fully_booked": "No",
                "images": [
                    {
                        "archive_url": "https://raw.githubusercontent.com/infrastructureclub/open-house-london-images/master/images/2026/3087/building_3087_external-shots-1_1dcffa10c0cb893c2c66c4688bb73577.jpg",
                        "title": ""
                    },
                    {
                        "archive_url": "https://raw.githubusercontent.com/infrastructureclub/open-house-london-images/master/images/2026/3087/building_3087_foyer_5859c1b7649187eb2345f3f66e4180ef.jpg",
                        "title": null
                    }
                ],
                "name": "The Caledonian Club",
                "new_venue_this_year": "No",
                "start": "10:30:00",
                "ticketed_events": "Yes",
                "url": "https://programme.openhouse.org.uk/listings/3087"
            },
            "type": "Feature"
        },
        {
            "geometry": {
                "coordinates": [
                    -0.12106,
                    51.51341
                ],
                "type": "Point"
            },
            "properties": {
                "balloted": "No",
                "description": "A Church of Scotland in London, home to the longest-established Presbyterian congregation in London, worshipping in this location in Covent Garden since 1719. The current building is red brick with Portland stone dressings in a restrained, finely crafted Free Style. Three storeys, recessed slated attic, mullioned and transomed windows. Fine stained glass, most of which is by Farrar Bell.",
                "end": "17:00:00",
                "fully_booked": "",
                "images": [
                    {
                        "archive_url": "https://raw.githubusercontent.com/infrastructureclub/open-house-london-images/master/images/2026/3284/building_3284_crown-court-church-8100154_427819fdd0307a7edac29552d5b7ac69.jpg",
                        "title": "Crown Court Church: Sanctuary"
                    },
                    {
                        "archive_url": "https://raw.githubusercontent.com/infrastructureclub/open-house-london-images/master/images/2026/3284/building_3284_crown-court-church-8109734_febb601afa578a510328762e3e7e8f56.jpg",
                        "title": "Crown Court Church: example of Farrar-Bell stained glass windows."
                    }
                ],
                "name": "Crown Court Church of Scotland",
                "new_venue_this_year": "No",
                "start": "13:00:00",
                "ticketed_events": "No",
                "url": "https://programme.openhouse.org.uk/listings/3284"
            },
            "type": "Feature"
        },
        {
            "geometry": {
                "coordinates": [
                    -0.16684,
                    51.36508
                ],
                "type": "Point"
            },
            "properties": {
                "balloted": "No",
                "description": "Early 18C Grade II listed building incorporating plunge bath with Delft tiles, orangery, saloon and pump chamber with part-restored water wheel. Hermitage and sham bridge in grounds.",
                "end": "17:00:00",
                "fully_booked": "",
                "images": [
                    {
                        "archive_url": "https://raw.githubusercontent.com/infrastructureclub/open-house-london-images/master/images/2026/3745/building_3745_tower-01_2dfd419a37456c0da5d699501dd428a9.jpg",
                        "title": "Tower View 1"
                    },
                    {
                        "archive_url": "https://raw.githubusercontent.com/infrastructureclub/open-house-london-images/master/images/2026/3745/building_3745_img022_89ddb784acf4b4e1b0433139ebde3a8c.jpg",
                        "title": "South West Elevation"
                    },
                    {
                        "archive_url": "https://raw.githubusercontent.com/infrastructureclub/open-house-london-images/master/images/2026/3745/building_3745_tower-02_5b754a5fb0422bad66d32f00d8580bc9.jpg",
                        "title": "Tower View 2"
                    },
                    {
                        "archive_url": "https://raw.githubusercontent.com/infrastructureclub/open-house-london-images/master/images/2026/3745/building_3745_tower-03_6885b8fd60a90b119e73b7311bb641d3.jpg",
                        "title": "Tower View 3"
                    }
                ],
                "name": "Carshalton Water Tower and Historic Gardens",
                "new_venue_this_year": "No",
                "start": "13:00:00",
                "ticketed_events": "No",
                "url": "https://programme.openhouse.org.uk/listings/3745"
            },
            "type": "Feature"
        },
        {
            "geometry": {
                "coordinates": [
                    -0.16291,
                    51.36488
                ],
                "type": "Point"
            },
            "properties": {
                "balloted": "No",
                "description": "12C south aisle and former chancel. Blomfield nave, chancel, baptistry. Kempe glass, Bodley reredos and screen, spectacular Comper decorations, monuments and brasses, award-winning lighting scheme, fine modern benches.",
                "end": "17:00:00",
                "fully_booked": "",
                "images": [
                    {
                        "archive_url": "https://raw.githubusercontent.com/infrastructureclub/open-house-london-images/master/images/2026/3749/building_3749_interior_cf95de1d585a07bf5241b1dc196977c7.jpg",
                        "title": "A view of the east end of the interior, with Reredos, Rood screen and pulpit"
                    },
                    {
                        "archive_url": "https://raw.githubusercontent.com/infrastructureclub/open-house-london-images/master/images/2026/3749/building_3749_jmm-15_0e563fbc9b91dd3eec84770b020737bf.jpg",
                        "title": "Comper decorated pipes of the Willis organ"
                    },
                    {
                        "archive_url": "https://raw.githubusercontent.com/infrastructureclub/open-house-london-images/master/images/2026/3749/building_3749_211eb14c-a86c-4a4e-bf40-6ef171ead53f_10ee8b389da449513d29e2c092013514.jpg",
                        "title": "A view of the Willis organ through the Rood screen"
                    },
                    {
                        "archive_url": "https://raw.githubusercontent.com/infrastructureclub/open-house-london-images/master/images/2026/3749/building_3749_5e5ad114-6be6-4555-b6b5-f7b122f49aba_53e54b5785cc5ccfee6d5202b0000cd9.jpg",
                        "title": "Ninian Comper window in the west end of the North Aisle"
                    },
                    {
                        "archive_url": "https://raw.githubusercontent.com/infrastructureclub/open-house-london-images/master/images/2026/3749/building_3749_98797156-7d31-47c5-a865-4c4ce6920d53_4b719a8cb71541eebcacaf73f9eb6852.jpg",
                        "title": "Underview of the Comper decoration of the organ"
                    },
                    {
                        "archive_url": "https://raw.githubusercontent.com/infrastructureclub/open-house-london-images/master/images/2026/3749/building_3749_img_0202_5e1cfae0dff2ac1494ec56f6aae44261.jpeg",
                        "title": "Lady Chapel Reredos by Gibbons, gilded by Comper; photo by Ceridwen Fisher"
                    }
                ],
                "name": "All Saints Carshalton",
                "new_venue_this_year": "No",
                "start": "12:00:00",
                "ticketed_events": "No",
                "url": "https://programme.openhouse.org.uk/listings/3749"
            },
            "type": "Feature"
        },
        {
            "geometry": {
                "coordinates": [
                    -0.09886,
                    51.5131
                ],
                "type": "Point"
            },
            "properties": {
                "balloted": "No",
                "description": "London's main tourist information centre is clad in a specially manufactured system of 220 pre-finished stainless steel panels. The subtly reflective surface provides a striking counterpoint to St Paul's.",
                "end": "16:00:00",
                "fully_booked": "",
                "images": [
                    {
                        "archive_url": "https://raw.githubusercontent.com/infrastructureclub/open-house-london-images/master/images/2026/4009/building_4009_totman_080213_001_d748bb54f5f3d1215a873893b5810cba.jpg",
                        "title": "City Information Centre"
                    },
                    {
                        "archive_url": "https://raw.githubusercontent.com/infrastructureclub/open-house-london-images/master/images/2026/4009/building_4009_cic-exterior-20_a54ad8f670912d334eb213bfc5ecf17e.jpg",
                        "title": "City Information Centre"
                    },
                    {
                        "archive_url": "https://raw.githubusercontent.com/infrastructureclub/open-house-london-images/master/images/2026/4009/building_4009_cic-credit-ben-broomfield-1_7fdd531e22dca5b9a834beb028f50ee2.jpg",
                        "title": "City Information Centre"
                    }
                ],
                "name": "City Information Centre",
                "new_venue_this_year": "No",
                "start": "10:00:00",
                "ticketed_events": "No",
                "url": "https://programme.openhouse.org.uk/listings/4009"
            },
            "type": "Feature"
        },
        {
            "geometry": {
                "coordinates": [
                    -0.21656,
                    51.42321
                ],
                "type": "Point"
            },
            "properties": {
                "balloted": "No",
                "description": "A Victorian Gothic Village Club and Lecture Hall comprising village hall, members’ club, museum, gallery and arts/ activities spaces.",
                "end": "16:00:00",
                "fully_booked": "No",
                "images": [
                    {
                        "archive_url": "https://raw.githubusercontent.com/infrastructureclub/open-house-london-images/master/images/2026/4472/building_4472_img_20190527_101019149_hdr-v2_e1b9db92db4974a0908a5923bae96359.jpg",
                        "title": "Wimbledon Village Club"
                    },
                    {
                        "archive_url": "https://raw.githubusercontent.com/infrastructureclub/open-house-london-images/master/images/2026/4472/building_4472_28913cfc-3f08-4c93-9024-cea46de251e0_1_201_a_38178adcdcdaab979a3842530076cd88.jpeg",
                        "title": "Photo by Shamani Surendran"
                    },
                    {
                        "archive_url": "https://raw.githubusercontent.com/infrastructureclub/open-house-london-images/master/images/2026/4472/building_4472_64134ed5-7c74-4712-a630-197db0ac2592_1_201_a_71d0820d48fa45d081d37836fd721a37.jpeg",
                        "title": "photo by Shamani Surendran"
                    },
                    {
                        "archive_url": "https://raw.githubusercontent.com/infrastructureclub/open-house-london-images/master/images/2026/4472/building_4472_cimg3185_ac168ba5fa326ac579092d5bbdc9b432.jpg",
                        "title": null
                    }
                ],
                "name": "Wimbledon Village Club, Museum and Lecture Hall",
                "new_venue_this_year": "No",
                "start": "11:00:00",
                "ticketed_events": "Yes",
                "url": "https://programme.openhouse.org.uk/listings/4472"
            },
            "type": "Feature"
        },
        {
            "geometry": {
                "coordinates": [
                    -0.27587,
                    51.49461
                ],
                "type": "Point"
            },
            "properties": {
                "balloted": "No",
                "description": "Ruskinian walk from RIBA award-winning Chiswick Business Park, Gunnersbury Triangle Nature Reserve through South Acton Estate, birthplace of artist Patrick Caulfield; Woodlands Park Ice House; to home of William Willett, initiator of Daylight Saving Time.",
                "end": "16:30:00",
                "fully_booked": "No",
                "images": [
                    {
                        "archive_url": "https://raw.githubusercontent.com/infrastructureclub/open-house-london-images/master/images/2026/4686/building_4686_beaumaris-tower-2-may-17_de61ba51f03f6da2c3b9f60eab3b54b7.jpg",
                        "title": "Beaumaris Tower (20th century)\r\nPhoto credit: Thomas Alawode"
                    },
                    {
                        "archive_url": "https://raw.githubusercontent.com/infrastructureclub/open-house-london-images/master/images/2026/4686/building_4686_harlech-tower_90a043390fc2715e6376b277dc461cba.jpg",
                        "title": "Harlech Tower (1968-71)\r\nPhoto credit: Thomas Alawode"
                    },
                    {
                        "archive_url": "https://raw.githubusercontent.com/infrastructureclub/open-house-london-images/master/images/2026/4686/building_4686_19th-20th-century_4099730a0a02bf883553eb5136c37d82.jpg",
                        "title": "19th & 20th century \r\nPhoto credit: Thomas Alawode"
                    },
                    {
                        "archive_url": "https://raw.githubusercontent.com/infrastructureclub/open-house-london-images/master/images/2026/4686/building_4686_open-house-banner-2017_dd6531e1546f5585c4d71b34bf332539.jpg",
                        "title": "Open House banner at Beaumaris Tower\r\nPhoto credit: Thomas Alawode"
                    },
                    {
                        "archive_url": "https://raw.githubusercontent.com/infrastructureclub/open-house-london-images/master/images/2026/4686/building_4686_home-of-richard-white_6441d3b56b7c0fff555e2cddbe916ade.jpg",
                        "title": "Home of Richard White (1809) - Mill Hill Park Estate\r\nPhoto credit: Thomas Alawode"
                    },
                    {
                        "archive_url": "https://raw.githubusercontent.com/infrastructureclub/open-house-london-images/master/images/2026/4686/building_4686_home-of-william-willett_ee90027ef094ab13634ab9fb410bf6ec.jpg",
                        "title": "Home of William Willett (c 1877) - Mill Hill Park Estate\r\nPhoto credit: Thomas Alawode"
                    },
                    {
                        "archive_url": "https://raw.githubusercontent.com/infrastructureclub/open-house-london-images/master/images/2026/4686/building_4686_the-south-acton-rec-1889-90_59b99ba9a1c179a36f03644190dd956a.jpg",
                        "title": "Through South Acton Recreation Ground (1889-90)\r\nPhoto credit: Bertilla Cappelletti"
                    },
                    {
                        "archive_url": "https://raw.githubusercontent.com/infrastructureclub/open-house-london-images/master/images/2026/4686/building_4686_21st-c-all-saints-road_1648a42a7346a328fbb671be733f7b40.jpg",
                        "title": "All Saints Road, 21st Century style \r\nPhoto credit: Bertilla Cappelletti"
                    },
                    {
                        "archive_url": "https://raw.githubusercontent.com/infrastructureclub/open-house-london-images/master/images/2026/4686/building_4686_jerome-tower_8f3e30256560715549f0b695d8773fcf.jpg",
                        "title": "Jerome Tower's aerofoil roof (1963-2024) from Mill Hill Park Estate (1877)\r\nPhoto: Thomas Alawode"
                    },
                    {
                        "archive_url": "https://raw.githubusercontent.com/infrastructureclub/open-house-london-images/master/images/2026/4686/building_4686_eib-corfe-twr-3-2009_e648c3d6e2549cefef1f1e53b2ec59e3.JPG",
                        "title": "'Ealing in Bloom' at Corfe Tower - 20th century\r\nPhoto credit: Thomas Alawode"
                    },
                    {
                        "archive_url": "https://raw.githubusercontent.com/infrastructureclub/open-house-london-images/master/images/2026/4686/building_4686_walking-workshop-from-chiswick-park-business-estate_e8e40afe51afadc9e91877119afa83ce.jpg",
                        "title": "Walking Workshop - through Chiswick Business Park. Photo: Thomas Alawode"
                    },
                    {
                        "archive_url": "https://raw.githubusercontent.com/infrastructureclub/open-house-london-images/master/images/2026/4686/building_4686_scbc-office-william-morris-house_26868597145018c12008ed18f76503f6.jpg",
                        "title": "SCBC Office - William Morris House (2016).\r\nPhoto credit: Thomas Alawode"
                    },
                    {
                        "archive_url": "https://raw.githubusercontent.com/infrastructureclub/open-house-london-images/master/images/2026/4686/building_4686_south-acton-estate-s-green-lung_4b5791db71b5927846e79eb3ac430540.jpg",
                        "title": "South Acton Estate's Green Lung. Photo credit: Thomas Alawode"
                    },
                    {
                        "archive_url": "https://raw.githubusercontent.com/infrastructureclub/open-house-london-images/master/images/2026/4686/building_4686_william-willett-s-wall-peeps-through-the-foliage_ea40b33825cb0b689e576875a0c2d517.jpg",
                        "title": "William Willett's wall peeps through lush foliage. Photo credit: Thomas Alawode"
                    },
                    {
                        "archive_url": "https://raw.githubusercontent.com/infrastructureclub/open-house-london-images/master/images/2026/4686/building_4686_img_1545_e34a8533614eb7a1841ac81be097a3ac.jpg",
                        "title": "Footpath at Gunnersbury Triangle. Photo credit: Thomas Alawode"
                    },
                    {
                        "archive_url": "https://raw.githubusercontent.com/infrastructureclub/open-house-london-images/master/images/2026/4686/building_4686_img_8116_de7e6f5e2b806a1a318db4c0afa03080.jpg",
                        "title": "Rufford Tower in background (built on former Co-op jam factory site) seen from Woodlands Park entrance"
                    },
                    {
                        "archive_url": "https://raw.githubusercontent.com/infrastructureclub/open-house-london-images/master/images/2026/4686/building_4686_img_8084_04f906e70f52591acfad3c7fd9ae9247.jpg",
                        "title": "Acton Hill Church seen from Woodlands Park: the adjoining site has been a centre of education since 1903 and was the first campus of Brunel University"
                    },
                    {
                        "archive_url": "https://raw.githubusercontent.com/infrastructureclub/open-house-london-images/master/images/2026/4686/building_4686_img_8093_fcaefe7a22fac1f367c74dd4852b7938.jpg",
                        "title": "Ice House (18th Century), Woodlands Park. Photo credit: Thomas Alawode"
                    },
                    {
                        "archive_url": "https://raw.githubusercontent.com/infrastructureclub/open-house-london-images/master/images/2026/4686/building_4686_img_8129_9eb5697d4fa8d05bdb4002842e3bf9e5.jpg",
                        "title": "South Acton Nursery School & Children's Centre (Llowarch Llowarch 2005) - South Acton Estate "
                    },
                    {
                        "archive_url": "https://raw.githubusercontent.com/infrastructureclub/open-house-london-images/master/images/2026/4686/building_4686_img_8132_f6aaf510c7f636d0c6058f531eada6a2.jpg",
                        "title": "Berrymede Infant School - South Acton Estate (21st century rebuild), now Acton Gardens Primary"
                    },
                    {
                        "archive_url": "https://raw.githubusercontent.com/infrastructureclub/open-house-london-images/master/images/2026/4686/building_4686_img_8151_f8015c7e703a2bee4fac9f274f93ed88.jpg",
                        "title": "Berrymede Junior School - South Acton Estate (19th Century), now part of Acton Gardens Primary"
                    },
                    {
                        "archive_url": "https://raw.githubusercontent.com/infrastructureclub/open-house-london-images/master/images/2026/4686/building_4686_img_8145-v2_aab66f14654f4c79618d668a69df3387.jpg",
                        "title": "Memorial Plaque South Acton Early Childhood Education (1898)"
                    },
                    {
                        "archive_url": "https://raw.githubusercontent.com/infrastructureclub/open-house-london-images/master/images/2026/4686/building_4686_img_8146-v2_7ea204cccfb2ec1ae4a84567d02fa81d.jpg",
                        "title": "Memorial Stone South Acton Early Childhood Education (1880)"
                    },
                    {
                        "archive_url": "https://raw.githubusercontent.com/infrastructureclub/open-house-london-images/master/images/2026/4686/building_4686_img_8109-v2_fb835285a09c3cf4bdbcb25f8b3598f5.jpg",
                        "title": "Woodlands Park - rear of small shopping parade, Acton High St. Birthplace of Waitrose (1904)"
                    },
                    {
                        "archive_url": "https://raw.githubusercontent.com/infrastructureclub/open-house-london-images/master/images/2026/4686/building_4686_img_8125-v2_7d0309109ca01ac54634a19dacebdc57.jpg",
                        "title": "Oak Tree at Nursery 1 Avenue Crescent (Mill Hill Park Estate) - seen from Avenue Road"
                    },
                    {
                        "archive_url": "https://raw.githubusercontent.com/infrastructureclub/open-house-london-images/master/images/2026/4686/building_4686_acton-working-mens-club-plaque-cropped_d6b2f8d8c3d1d5903bd6189153423d95.jpg",
                        "title": "Sign for South Acton Working Mens Club - formerly adjacent to South Acton Recreation Ground"
                    },
                    {
                        "archive_url": "https://raw.githubusercontent.com/infrastructureclub/open-house-london-images/master/images/2026/4686/building_4686_6-wp_20210729_15_56_48_pro_5af123af40746c22d7531a722f2e3e4b.jpg",
                        "title": "Caulfield Road by South Acton Recreation Ground. Photo credit: Thomas Alawode"
                    },
                    {
                        "archive_url": "https://raw.githubusercontent.com/infrastructureclub/open-house-london-images/master/images/2026/4686/building_4686_9-wp_20210729_16_12_05_pro_b7ffe82c544aeec39ed7ace2ebaef80c.jpg",
                        "title": "Acton’s heraldry – young Oak Tree in South Acton Recreation Ground"
                    },
                    {
                        "archive_url": "https://raw.githubusercontent.com/infrastructureclub/open-house-london-images/master/images/2026/4686/building_4686_acton-coat-arms-sculpture-large_2796e1ae132452dfab844bb08067b702.jpg",
                        "title": "‘Floreat Actona’: coat of arms for Acton (Oak Town) municipal borough 1921 – 1965 "
                    }
                ],
                "name": "A Ruskinian Walk Through Shared Heritage",
                "new_venue_this_year": "No",
                "start": "14:00:00",
                "ticketed_events": "Yes",
                "url": "https://programme.openhouse.org.uk/listings/4686"
            },
            "type": "Feature"
        },
        {
            "geometry": {
                "coordinates": [
                    -0.1122401,
                    51.5116279
                ],
                "type": "Point"
            },
            "properties": {
                "balloted": "No",
                "description": "Completed in 1895, Two Temple Place is a dazzling neo-Gothic gem on the Victoria Embankment, designed by gothic revivalist architect, John Loughborough Pearson, & commissioned by & built for William Waldorf Astor, as his estate office.",
                "end": "16:30:00",
                "fully_booked": "",
                "images": [
                    {
                        "archive_url": "https://raw.githubusercontent.com/infrastructureclub/open-house-london-images/master/images/2026/4771/building_4771_copyright-peter-dazeley-image-of-the-upper-gallery_370ca73b87565d8dfd8250183109dac9.jpg",
                        "title": "View of Upper Gallery"
                    },
                    {
                        "archive_url": "https://raw.githubusercontent.com/infrastructureclub/open-house-london-images/master/images/2026/4771/building_4771_staircase-and-floor_21ad45e7810ac8083ba0b88a5bbc316e.jpg",
                        "title": "View of staircase and marbled floor"
                    },
                    {
                        "archive_url": "https://raw.githubusercontent.com/infrastructureclub/open-house-london-images/master/images/2026/4771/building_4771_bdog-1873_fc318389c6b5c2cc2673d910bee1ff19.jpg",
                        "title": "Exterior Two Temple Place "
                    },
                    {
                        "archive_url": "https://raw.githubusercontent.com/infrastructureclub/open-house-london-images/master/images/2026/4771/building_4771_bdog-2474_21a70da6d7a54d9e2369b2988b92f5eb.jpg",
                        "title": "Weathervane at Two Temple Place"
                    },
                    {
                        "archive_url": "https://raw.githubusercontent.com/infrastructureclub/open-house-london-images/master/images/2026/4771/building_4771_great-hall_7674e57611f58a2ab9c75fa4730e25cb.jpg",
                        "title": "Great Hall at Two Temple Place"
                    },
                    {
                        "archive_url": "https://raw.githubusercontent.com/infrastructureclub/open-house-london-images/master/images/2026/4771/building_4771_credit-otto-berkley-smol_ace39b73d93125b2c2f082e6d1a937f3.jpg",
                        "title": "Atrium ceiling"
                    }
                ],
                "name": "Two Temple Place",
                "new_venue_this_year": "No",
                "start": "10:00:00",
                "ticketed_events": "No",
                "url": "https://programme.openhouse.org.uk/listings/4771"
            },
            "type": "Feature"
        },
        {
            "geometry": {
                "coordinates": [
                    -0.26172,
                    51.46833
                ],
                "type": "Point"
            },
            "properties": {
                "balloted": "No",
                "description": "Grade II* listed mausoleum in the form of a Bedouin tent carved to resemble draping canvas. The mausoleum houses the coffins of Sir Richard and Lady Isabel Burton. The interior is painted with religious imagery and decorated with camel bells, lamps, and wreaths of flowers. \r\n\r\nLast entry: 3:30pm.",
                "end": "16:00:00",
                "fully_booked": "",
                "images": [
                    {
                        "archive_url": "https://raw.githubusercontent.com/infrastructureclub/open-house-london-images/master/images/2026/4777/building_4777_img_0363-copy_4c5deb3f1c3757b626cb414928f574b5.jpg",
                        "title": "Burton Mausoleum after conservation work 2026"
                    },
                    {
                        "archive_url": "https://raw.githubusercontent.com/infrastructureclub/open-house-london-images/master/images/2026/4777/building_4777_image00049_272b4e7a76b97cde5dc4b8ddba72f771.jpeg",
                        "title": "Through the door"
                    },
                    {
                        "archive_url": "https://raw.githubusercontent.com/infrastructureclub/open-house-london-images/master/images/2026/4777/building_4777_dsc_0885_d26c9c2ea6143458797ccd53f17a38cc.jpg",
                        "title": "Objects inside the mausoleum"
                    },
                    {
                        "archive_url": "https://raw.githubusercontent.com/infrastructureclub/open-house-london-images/master/images/2026/4777/building_4777_dsc_0890_9b484847f3ae799dc50d5ef354266f89.jpg",
                        "title": "Camel bells"
                    }
                ],
                "name": "Burton Mausoleum",
                "new_venue_this_year": "No",
                "start": "12:00:00",
                "ticketed_events": "No",
                "url": "https://programme.openhouse.org.uk/listings/4777"
            },
            "type": "Feature"
        },
        {
            "geometry": {
                "coordinates": [
                    -0.08769,
                    51.36974
                ],
                "type": "Point"
            },
            "properties": {
                "balloted": "No",
                "description": "21 houses, in 4 terraces, built by Swiss architects Atelier 5 for Wates within the wider Park Hill Estate, Croydon.  Living areas on the upper floor are approached through a garden court.  Bedrooms downstairs open onto a lower garden.  The houses are accessed via walkways and sit within mature communal gardens providing private and open living.  Pevsner wrote, 'a group with few equals in Britain'.",
                "end": "16:45:00",
                "fully_booked": "No",
                "images": [
                    {
                        "archive_url": "https://raw.githubusercontent.com/infrastructureclub/open-house-london-images/master/images/2026/4811/building_4811_img_6544_1dd8b5ccc40141dba8ec9f9cdbe16d81.jpeg",
                        "title": "View of lower row of houses and communal gardens. St Bernards estate and houses, Croydon"
                    },
                    {
                        "archive_url": "https://raw.githubusercontent.com/infrastructureclub/open-house-london-images/master/images/2026/4811/building_4811_img_4542_9f75d4384f0f61c05be07d60346e959f.jpeg",
                        "title": "Upper rows of houses and the corner of the central piazza. St Bernards estate and houses, Croydon"
                    },
                    {
                        "archive_url": "https://raw.githubusercontent.com/infrastructureclub/open-house-london-images/master/images/2026/4811/building_4811_img_5021_c3a8bf842b3ee6947f129e72fa90fd5f.jpeg",
                        "title": "St Bernards estate and houses, Croydon"
                    },
                    {
                        "archive_url": "https://raw.githubusercontent.com/infrastructureclub/open-house-london-images/master/images/2026/4811/building_4811_img_8365_c30dd4fad6c80b7d4d9f13e032e0d16d.jpg",
                        "title": "ST BERNARDS ESTATE AND HOUSES"
                    },
                    {
                        "archive_url": "https://raw.githubusercontent.com/infrastructureclub/open-house-london-images/master/images/2026/4811/building_4811_img_5022_92e0de1d2dfd11a9169d62e83b3e114e.jpg",
                        "title": "Entrance.  ST BERNARDS ESTATE AND HOUSES"
                    },
                    {
                        "archive_url": "https://raw.githubusercontent.com/infrastructureclub/open-house-london-images/master/images/2026/4811/building_4811_img_8366_00539f6f2fb49cc1cae5bb5e66c93bdb.jpg",
                        "title": "Plan of St Bernards, Croydon"
                    }
                ],
                "name": "St Bernards estate and houses, Croydon",
                "new_venue_this_year": "No",
                "start": "13:00:00",
                "ticketed_events": "Yes",
                "url": "https://programme.openhouse.org.uk/listings/4811"
            },
            "type": "Feature"
        },
        {
            "geometry": {
                "coordinates": [
                    -0.0754022,
                    51.4001227
                ],
                "type": "Point"
            },
            "properties": {
                "balloted": "No",
                "description": "First opened in 1903, Stanley Arts continues its building's legacy as a beacon for the local community. This Grade II listed Edwardian theatre, gallery, and public hall reflects its founder's interest in the arts and sciences.\r\n\r\nThe historic features of the building are sometimes hidden, other times flaunted. Our Open House tours cover everything past and present about this storied institution.",
                "end": "16:20:00",
                "fully_booked": "No",
                "images": [
                    {
                        "archive_url": "https://raw.githubusercontent.com/infrastructureclub/open-house-london-images/master/images/2026/4825/building_4825_1h3a6802_e5317cefd594b81658757e5bb8c2f061.jpg",
                        "title": "Exterior shot of Stanley Arts"
                    },
                    {
                        "archive_url": "https://raw.githubusercontent.com/infrastructureclub/open-house-london-images/master/images/2026/4825/building_4825_img_2714_d3cb7baa023465e94a9de3234af67788.jpg",
                        "title": "Assembly Rooms Staircase at Stanley Arts"
                    },
                    {
                        "archive_url": "https://raw.githubusercontent.com/infrastructureclub/open-house-london-images/master/images/2026/4825/building_4825_img_20170402_201842_f72f0aebd33a8a28293bad88a38c9a75.jpg",
                        "title": "The Scene Dock. STANLEY ARTS"
                    },
                    {
                        "archive_url": "https://raw.githubusercontent.com/infrastructureclub/open-house-london-images/master/images/2026/4825/building_4825_wedding-susie-lee-norwood-august-20170677_52053df59a1d9add8a1084ad8c7729ba.jpg",
                        "title": "A Wedding in the Stanley Hall. STANLEY ARTS"
                    },
                    {
                        "archive_url": "https://raw.githubusercontent.com/infrastructureclub/open-house-london-images/master/images/2026/4825/building_4825_assembly-room_595d44f062fee86f457b0851fa8eb126.jpg",
                        "title": "The Assembly Room. STANLEY ARTS"
                    },
                    {
                        "archive_url": "https://raw.githubusercontent.com/infrastructureclub/open-house-london-images/master/images/2026/4825/building_4825_1h3a0526_4acf026ebf2487d70687d4833c4320ab.jpg",
                        "title": "The Stanley Hall"
                    },
                    {
                        "archive_url": "https://raw.githubusercontent.com/infrastructureclub/open-house-london-images/master/images/2026/4825/building_4825_20230117-gallery-1_df1d286741a3a86f0b1bbdd4b0ca8482.jpg",
                        "title": "Cafe, gallery, and co-working space. STANLEY ARTS"
                    }
                ],
                "name": "Stanley Arts",
                "new_venue_this_year": "No",
                "start": "10:00:00",
                "ticketed_events": "Yes",
                "url": "https://programme.openhouse.org.uk/listings/4825"
            },
            "type": "Feature"
        },
        {
            "geometry": {
                "coordinates": [
                    -0.01599,
                    51.45567
                ],
                "type": "Point"
            },
            "properties": {
                "balloted": "No",
                "description": "The church was rebuilt in late 15th century with some of that still remaining to this day.\t\t\t\t\t\t\t\r\nDuring the festival there will be opportunity to self-guide or join a group tour which will include access to restricted areas such as the crypt and tower. These last about 30 min and will start on each hour with the last starting at 3 pm",
                "end": "16:00:00",
                "fully_booked": "",
                "images": [
                    {
                        "archive_url": "https://raw.githubusercontent.com/infrastructureclub/open-house-london-images/master/images/2026/5160/building_5160_st-mary-the-virgin_08b2a4ec02b39a4d98875cf5f20a47a7.jpg",
                        "title": "St Mary the Virgin"
                    }
                ],
                "name": "Parish Church of St Mary The Virgin Lewisham",
                "new_venue_this_year": "Yes",
                "start": "11:30:00",
                "ticketed_events": "No",
                "url": "https://programme.openhouse.org.uk/listings/5160"
            },
            "type": "Feature"
        },
        {
            "geometry": {
                "coordinates": [
                    -0.17965,
                    51.55892
                ],
                "type": "Point"
            },
            "properties": {
                "balloted": "No",
                "description": "Beautiful town house retaining many original features and housing important decorative arts collections.  Surrounded by a walled garden.",
                "end": "16:00:00",
                "fully_booked": "",
                "images": [
                    {
                        "archive_url": "https://raw.githubusercontent.com/infrastructureclub/open-house-london-images/master/images/2026/5216/building_5216_fenton-house-exterior-014_56e766b593f03021824e2905bf73d1c5.jpg",
                        "title": "View from the Garden"
                    },
                    {
                        "archive_url": "https://raw.githubusercontent.com/infrastructureclub/open-house-london-images/master/images/2026/5216/building_5216_fenton-house-16-04-2023-2_16d1efe861f20106d844099507f0c0a4.jpg",
                        "title": "Fenton House"
                    }
                ],
                "name": "Fenton House and Garden",
                "new_venue_this_year": "Yes",
                "start": "11:00:00",
                "ticketed_events": "No",
                "url": "https://programme.openhouse.org.uk/listings/5216"
            },
            "type": "Feature"
        },
        {
            "geometry": {
                "coordinates": [
                    0.01621,
                    51.50718
                ],
                "type": "Point"
            },
            "properties": {
                "balloted": "No",
                "description": "The sustainable headquarters of the Mayor of London and London Assembly located in the Royal Docks, Newham. The docks are re-emerging as a commercial and cultural hub, and an exciting new waterfront.",
                "end": "15:00:00",
                "fully_booked": "",
                "images": [
                    {
                        "archive_url": "https://raw.githubusercontent.com/infrastructureclub/open-house-london-images/master/images/2026/5318/building_5318_large_web_image-the-crystal-city-hall_76614f0c93254671cd1ed47742641ea7.jpg",
                        "title": "Entrance to City Hall"
                    },
                    {
                        "archive_url": "https://raw.githubusercontent.com/infrastructureclub/open-house-london-images/master/images/2026/5318/building_5318_chamber-city-hall__bf016434e92223c20395523020eaa13d.jpg",
                        "title": "View of the Chamber"
                    },
                    {
                        "archive_url": "https://raw.githubusercontent.com/infrastructureclub/open-house-london-images/master/images/2026/5318/building_5318_large_web_image-llr-city-hall_f7cbe43049542a12ff91899ad430b8e2.jpg",
                        "title": "London's Living Room"
                    },
                    {
                        "archive_url": "https://raw.githubusercontent.com/infrastructureclub/open-house-london-images/master/images/2026/5318/building_5318_ddch12_30ebbd13a79add5f701b30d15f073e31.jpg",
                        "title": "Tour guide Danny Danquah outside City Hall"
                    }
                ],
                "name": "City Hall",
                "new_venue_this_year": "No",
                "start": "10:00:00",
                "ticketed_events": "No",
                "url": "https://programme.openhouse.org.uk/listings/5318"
            },
            "type": "Feature"
        },
        {
            "geometry": {
                "coordinates": [
                    -0.28586,
                    51.48255
                ],
                "type": "Point"
            },
            "properties": {
                "balloted": "No",
                "description": "A family home renown for it's quality of space and light, set around a courtyard and formed from two gabled Corten steel buildings connected by a glazed link.  The basement gallery will be showing Art Form, an exhibition on the engineering of 50 major artworks by Price & Myers.",
                "end": "17:00:00",
                "fully_booked": "",
                "images": [
                    {
                        "archive_url": "https://raw.githubusercontent.com/infrastructureclub/open-house-london-images/master/images/2026/5737/building_5737_kew-house-front-view-c-tim-lucas_9ebf639ab7a6147db529a9d9d69995df.jpg",
                        "title": "Street facing elevation of Kew house with the twin gables and glazed link."
                    },
                    {
                        "archive_url": "https://raw.githubusercontent.com/infrastructureclub/open-house-london-images/master/images/2026/5737/building_5737_piercyandco_kew-house_roof-c-jack-hobhouse_1c422ea0435523bf32938c56080e976e.jpg",
                        "title": "Roof view"
                    },
                    {
                        "archive_url": "https://raw.githubusercontent.com/infrastructureclub/open-house-london-images/master/images/2026/5737/building_5737_piercyandco_kew-house_-cambridge-road-view-c-jack-hobhouse_5007e059cb2c5735430370705a2d03b2.jpg",
                        "title": "View from Cambridge Road"
                    },
                    {
                        "archive_url": "https://raw.githubusercontent.com/infrastructureclub/open-house-london-images/master/images/2026/5737/building_5737_piercyandco_kew-house_-installation-of-shells_38d9473494071e96aa6186985fd2e522.jpg",
                        "title": "Installation of roof shells"
                    },
                    {
                        "archive_url": "https://raw.githubusercontent.com/infrastructureclub/open-house-london-images/master/images/2026/5737/building_5737_kew-house-02_2fa24f351863eaac7a271ca41a39bd5d.jpg",
                        "title": "Jack Hobhouse"
                    },
                    {
                        "archive_url": "https://raw.githubusercontent.com/infrastructureclub/open-house-london-images/master/images/2026/5737/building_5737_kew-house-basement-gallery-c-tim-lucas_b6ce85ac48adccb6d5b4a094106e032c.jpg",
                        "title": "Kew House gallery space"
                    },
                    {
                        "archive_url": "https://raw.githubusercontent.com/infrastructureclub/open-house-london-images/master/images/2026/5737/building_5737_kew-house-basement-space-c-tim-lucas_d2c1d6d6ae3adc50c312e57e5c3df58b.jpg",
                        "title": "Kew house basement exhibition space."
                    }
                ],
                "name": "Kew House",
                "new_venue_this_year": "No",
                "start": "10:00:00",
                "ticketed_events": "No",
                "url": "https://programme.openhouse.org.uk/listings/5737"
            },
            "type": "Feature"
        },
        {
            "geometry": {
                "coordinates": [
                    -0.2694297,
                    51.4671716
                ],
                "type": "Point"
            },
            "properties": {
                "balloted": "No",
                "description": "The Air Raid Shelter was first built in 1939 for the the residents of St Leonards Court. A dormitory annex with 48 beds was added in 1940.  Some of the original features, such as handmade lampshades, are remarkably well preserved.",
                "end": "17:00:00",
                "fully_booked": "",
                "images": [
                    {
                        "archive_url": "https://raw.githubusercontent.com/infrastructureclub/open-house-london-images/master/images/2026/5819/building_5819_24835020345_aa1c9092eb_o_38b70ff06e776717925a791e2e10aaa7.jpg",
                        "title": "Entrance to St Leonards Air Raid Shelter"
                    },
                    {
                        "archive_url": "https://raw.githubusercontent.com/infrastructureclub/open-house-london-images/master/images/2026/5819/building_5819_36989268542_0f0945776a_o_13215e59022ab0461d2977fdf7c14030.jpg",
                        "title": "Interpretation Board for St Leonards Air Raid Shelter"
                    },
                    {
                        "archive_url": "https://raw.githubusercontent.com/infrastructureclub/open-house-london-images/master/images/2026/5819/building_5819_36971136746_255966040d_o_69c8d012e76e2b6e30c294c986f175e5.jpg",
                        "title": "Coat hooks"
                    },
                    {
                        "archive_url": "https://raw.githubusercontent.com/infrastructureclub/open-house-london-images/master/images/2026/5819/building_5819_36971143646_f6aafda1da_o_69f82c5d859c74e9d1e6c55be23d3581.jpg",
                        "title": "Chemical Toilet from the Day Room"
                    },
                    {
                        "archive_url": "https://raw.githubusercontent.com/infrastructureclub/open-house-london-images/master/images/2026/5819/building_5819_36971141086_cb273e1dc0_o_11a8f4e2963da661b08dbdb7c266ac27.jpg",
                        "title": "Interior image of the sleeping quarters"
                    }
                ],
                "name": "Air Raid Shelter, St Leonards Court",
                "new_venue_this_year": "No",
                "start": "13:00:00",
                "ticketed_events": "No",
                "url": "https://programme.openhouse.org.uk/listings/5819"
            },
            "type": "Feature"
        },
        {
            "geometry": {
                "coordinates": [
                    -0.00908,
                    51.47997
                ],
                "type": "Point"
            },
            "properties": {
                "balloted": "No",
                "description": "The building features a limestone exterior designed to 'complement but not mimic' the surrounding historical architecture, whilst behind the façade is a 4-storey composition of steel, glass and exposed concrete.",
                "end": "16:00:00",
                "fully_booked": "",
                "images": [
                    {
                        "archive_url": "https://raw.githubusercontent.com/infrastructureclub/open-house-london-images/master/images/2026/6096/building_6096_img_8357-stockwell-street_be48d4418cba65a2f3f2b36956313a61.jpg",
                        "title": "University of Greenwich,"
                    },
                    {
                        "archive_url": "https://raw.githubusercontent.com/infrastructureclub/open-house-london-images/master/images/2026/6096/building_6096_img_8372-stockwell-street_aed3ef6288b1e97e777715f5635baad8.jpg",
                        "title": "University of Greenwich,"
                    }
                ],
                "name": "University of Greenwich, Stockwell Street",
                "new_venue_this_year": "No",
                "start": "10:00:00",
                "ticketed_events": "No",
                "url": "https://programme.openhouse.org.uk/listings/6096"
            },
            "type": "Feature"
        },
        {
            "geometry": {
                "coordinates": [
                    -0.1130917,
                    51.5218569
                ],
                "type": "Point"
            },
            "properties": {
                "balloted": "No",
                "description": "A former Victorian workhouse that has been transformed through LB Camden's Community Investment Programme into a state of the art facility for 50 homeless people laid out around a beautiful suntrap courtyard.",
                "end": "17:00:00",
                "fully_booked": "",
                "images": [
                    {
                        "archive_url": "https://raw.githubusercontent.com/infrastructureclub/open-house-london-images/master/images/2026/6355/building_6355_mp-internal-courtyard_02_72af0ebb115c1dfd853d8ec878e5307e.jpg",
                        "title": "Internal Courtyard - photo credit Chinedu Alukwu"
                    },
                    {
                        "archive_url": "https://raw.githubusercontent.com/infrastructureclub/open-house-london-images/master/images/2026/6355/building_6355_mp-internal-courtyard_01_378ba57c725df269a9e3df36a6bb0614.jpg",
                        "title": "Internal Courtyard - photo credit Chinedu Alukwu"
                    },
                    {
                        "archive_url": "https://raw.githubusercontent.com/infrastructureclub/open-house-london-images/master/images/2026/6355/building_6355_mp-external_05_e6085f9c6817db576e1cea1e2db245b2.jpg",
                        "title": "External view - photo credit Chinedu Alukwu"
                    },
                    {
                        "archive_url": "https://raw.githubusercontent.com/infrastructureclub/open-house-london-images/master/images/2026/6355/building_6355_mount-pleasant-courtyard_f476fcc4cbdedfa8a1cb42f875aea7d5.jpg",
                        "title": "Courtyard - photo credit Chinedu Alukwu"
                    },
                    {
                        "archive_url": "https://raw.githubusercontent.com/infrastructureclub/open-house-london-images/master/images/2026/6355/building_6355_mount-pleasant-courtyard2_e6513836d7fccf566df3cc3c103a4c99.jpg",
                        "title": "Courtyard 2 - photo credit Chinedu Alukwu"
                    },
                    {
                        "archive_url": "https://raw.githubusercontent.com/infrastructureclub/open-house-london-images/master/images/2026/6355/building_6355_mount-pleasant-reception_48d6a77f06c2af053e50d26ad03c1554.jpg",
                        "title": "Reception - photo credit Chinedu Alukwu"
                    }
                ],
                "name": "Mount Pleasant",
                "new_venue_this_year": "No",
                "start": "10:00:00",
                "ticketed_events": "No",
                "url": "https://programme.openhouse.org.uk/listings/6355"
            },
            "type": "Feature"
        },
        {
            "geometry": {
                "coordinates": [
                    -0.13826,
                    51.51895
                ],
                "type": "Point"
            },
            "properties": {
                "balloted": "No",
                "description": "Loughborough Pearson's red brick building is unimposing from the outside, but inside is a riot of Gothic Revival design. Golden mosaics reveal the character of the Grade II* listed chapel, built as part of the Middlesex Hospital.",
                "end": "17:00:00",
                "fully_booked": "",
                "images": [
                    {
                        "archive_url": "https://raw.githubusercontent.com/infrastructureclub/open-house-london-images/master/images/2026/6534/building_6534_dsc_4004_b7259ee15bdec13d50a055d763a41b47.jpg",
                        "title": "The altar"
                    },
                    {
                        "archive_url": "https://raw.githubusercontent.com/infrastructureclub/open-house-london-images/master/images/2026/6534/building_6534_dsc_3989_281329c1b0e48f73a07a582c2db52299.jpg",
                        "title": "View of the gold ceiling"
                    },
                    {
                        "archive_url": "https://raw.githubusercontent.com/infrastructureclub/open-house-london-images/master/images/2026/6534/building_6534_dsc_4011_3691ddb616aa40c276d8544b704aed19.jpg",
                        "title": "Stained glass windows"
                    },
                    {
                        "archive_url": "https://raw.githubusercontent.com/infrastructureclub/open-house-london-images/master/images/2026/6534/building_6534_dsc_4088_85166f6539671e84ded3e068b09d8631.jpg",
                        "title": "The ornate baptisery of the Fitzrovia Chapel"
                    }
                ],
                "name": "Fitzrovia Chapel",
                "new_venue_this_year": "No",
                "start": "12:00:00",
                "ticketed_events": "No",
                "url": "https://programme.openhouse.org.uk/listings/6534"
            },
            "type": "Feature"
        },
        {
            "geometry": {
                "coordinates": [
                    -0.0710449,
                    51.48474239999999
                ],
                "type": "Point"
            },
            "properties": {
                "balloted": "No",
                "description": "The operational factory of Kaymet, a maker of trays and trolleys since 1947. A hidden 1950s building with a small yard, originally a printing works. It is brick built, with clear-storey glazing and tubular truss north-light main shed roof.",
                "end": "16:00:00",
                "fully_booked": "",
                "images": [
                    {
                        "archive_url": "https://raw.githubusercontent.com/infrastructureclub/open-house-london-images/master/images/2026/6826/building_6826_1-img_7919_2f58d451f2821c88739d78489e21b77a.jpg",
                        "title": "Looking in from the factory porch."
                    },
                    {
                        "archive_url": "https://raw.githubusercontent.com/infrastructureclub/open-house-london-images/master/images/2026/6826/building_6826_2-img_7949_ab2c3c15ea6de20d8f5cc2027d9c7702.jpg",
                        "title": "Looking across the bending bench towards the polishing shop and big Bentley power press."
                    },
                    {
                        "archive_url": "https://raw.githubusercontent.com/infrastructureclub/open-house-london-images/master/images/2026/6826/building_6826_3-img_7932_ac753adb0b7131d19819994b2f4e7013.jpg",
                        "title": "Looking along the polishing shop window towards the extrusion racks."
                    },
                    {
                        "archive_url": "https://raw.githubusercontent.com/infrastructureclub/open-house-london-images/master/images/2026/6826/building_6826_4-img_7954_a4b2e4d9b7819de2935cae88dec994ad.jpg",
                        "title": "View across the factory from the assembly area."
                    },
                    {
                        "archive_url": "https://raw.githubusercontent.com/infrastructureclub/open-house-london-images/master/images/2026/6826/building_6826_5-img_7945_e783c813d62bfba4ad9d5f33095a4b2f.jpg",
                        "title": "Stacks of raw pressed trays and storage racks."
                    }
                ],
                "name": "Kaymet Factory",
                "new_venue_this_year": "No",
                "start": "10:00:00",
                "ticketed_events": "No",
                "url": "https://programme.openhouse.org.uk/listings/6826"
            },
            "type": "Feature"
        },
        {
            "geometry": {
                "coordinates": [
                    -0.1762358,
                    51.4836113
                ],
                "type": "Point"
            },
            "properties": {
                "balloted": "No",
                "description": "A former stable yard of Sir Thomas More's Chelsea estate, now an 18C Chapel, other buildings, and burial ground. Parts of the enclosing walls are Tudor in origin. Ernest and Mary Gillick enhanced the grounds in the 20C.",
                "end": "17:00:00",
                "fully_booked": "",
                "images": [
                    {
                        "archive_url": "https://raw.githubusercontent.com/infrastructureclub/open-house-london-images/master/images/2026/6835/building_6835_fetter-lane-moravian-church_bcebe47a04f465f808608e3e36f4b13f.jpg",
                        "title": "View from burial ground to the Manse and 17th C stable block."
                    },
                    {
                        "archive_url": "https://raw.githubusercontent.com/infrastructureclub/open-house-london-images/master/images/2026/6835/building_6835_img_0663_4fa2f339a39ae04f0ecc81fcf51fb242.jpg",
                        "title": ""
                    },
                    {
                        "archive_url": "https://raw.githubusercontent.com/infrastructureclub/open-house-london-images/master/images/2026/6835/building_6835_img_0659_d44af0a3ace8cd78ce6397b47224ce27.jpg",
                        "title": ""
                    },
                    {
                        "archive_url": "https://raw.githubusercontent.com/infrastructureclub/open-house-london-images/master/images/2026/6835/building_6835_commemorating-the-work-of-mary-and-ernest-gillick-sculptors-who-worked-at-the-close-in-the-mid-20thc_f8e0aefd0429e421dfae467d861ade45.jpeg",
                        "title": "Ian Foster"
                    }
                ],
                "name": "Moravian Close",
                "new_venue_this_year": "No",
                "start": "13:00:00",
                "ticketed_events": "No",
                "url": "https://programme.openhouse.org.uk/listings/6835"
            },
            "type": "Feature"
        },
        {
            "geometry": {
                "coordinates": [
                    -0.14663,
                    51.57834
                ],
                "type": "Point"
            },
            "properties": {
                "balloted": "No",
                "description": "A double-height ark floats above a masonry base & entrance footbridge.  Off the elevated living area a smokers' balcony overlooks the lush garden below. Above, semi circular terrace and winter garden nestle within the wooded surrounds.",
                "end": "16:30:00",
                "fully_booked": "No",
                "images": [
                    {
                        "archive_url": "https://raw.githubusercontent.com/infrastructureclub/open-house-london-images/master/images/2026/6915/building_6915_approach-view-down-wood-lane_d0e403bd5409e17a688dbdf4e9a537e6.jpg",
                        "title": "Approach down Wood Lane - Mike Russum"
                    },
                    {
                        "archive_url": "https://raw.githubusercontent.com/infrastructureclub/open-house-london-images/master/images/2026/6915/building_6915_wood23m_9429d92ad6f45c3cfe2cd73e6c5a9db4.jpg",
                        "title": "Roofscape - Mike Russum"
                    },
                    {
                        "archive_url": "https://raw.githubusercontent.com/infrastructureclub/open-house-london-images/master/images/2026/6915/building_6915_wood44m_1bdf4049cb81955e152bb440b0561966.jpg",
                        "title": "Office - Mike Russum"
                    },
                    {
                        "archive_url": "https://raw.githubusercontent.com/infrastructureclub/open-house-london-images/master/images/2026/6915/building_6915_wood58m_e98fc6d5122bcf8c8c98ad34ce42718b.jpg",
                        "title": "Kitchen / Dining - Mike Russum"
                    },
                    {
                        "archive_url": "https://raw.githubusercontent.com/infrastructureclub/open-house-london-images/master/images/2026/6915/building_6915_wood64m_405a3e56bf432dde068840ddf5bfb70b.jpg",
                        "title": "Elevated Conservatory - Mike Russum"
                    },
                    {
                        "archive_url": "https://raw.githubusercontent.com/infrastructureclub/open-house-london-images/master/images/2026/6915/building_6915_wood95m_f30c1f07b6027c6d8da58e2623d70846.jpg",
                        "title": "Elevated Terrace - Mike Russum"
                    }
                ],
                "name": "6 Wood Lane",
                "new_venue_this_year": "No",
                "start": "10:00:00",
                "ticketed_events": "Yes",
                "url": "https://programme.openhouse.org.uk/listings/6915"
            },
            "type": "Feature"
        },
        {
            "geometry": {
                "coordinates": [
                    -0.237489,
                    51.4935842
                ],
                "type": "Point"
            },
            "properties": {
                "balloted": "No",
                "description": "Built 1972-74 in a part-brutalist style, POSK is the largest Polish Centre in Western Europe. It contains a theatre, the Polish Library, the Polish University Abroad, a Joseph Conrad collection, the Piłsudski Institute, Jazz Café with regular live concerts, art gallery, and art collection on public display.",
                "end": "16:45:00",
                "fully_booked": "No",
                "images": [
                    {
                        "archive_url": "https://raw.githubusercontent.com/infrastructureclub/open-house-london-images/master/images/2026/7272/building_7272_posk-london_5745317e3a50215b89f21eaacc2a841d.jpg",
                        "title": "POSK front view"
                    },
                    {
                        "archive_url": "https://raw.githubusercontent.com/infrastructureclub/open-house-london-images/master/images/2026/7272/building_7272_posk-front_50f7be5587348fd58273b1cca2102692.jpg",
                        "title": "POSK at night"
                    },
                    {
                        "archive_url": "https://raw.githubusercontent.com/infrastructureclub/open-house-london-images/master/images/2026/7272/building_7272_posk-snow_6b4cbc4bace665dbe5c413e315b5b8bb.jpg",
                        "title": "POSK in the snow"
                    },
                    {
                        "archive_url": "https://raw.githubusercontent.com/infrastructureclub/open-house-london-images/master/images/2026/7272/building_7272_posk-jazz-cafe-1_568097cb5f502ab6c53fe8b5bb266b92.jpg",
                        "title": "POSK - Jazz Cafe"
                    },
                    {
                        "archive_url": "https://raw.githubusercontent.com/infrastructureclub/open-house-london-images/master/images/2026/7272/building_7272_posk-theatre-1_f566502aa92bbebfc8c530576ca85769.jpg",
                        "title": "POSK - Theatre"
                    },
                    {
                        "archive_url": "https://raw.githubusercontent.com/infrastructureclub/open-house-london-images/master/images/2026/7272/building_7272_posk-reception_eee5e64d1fb4d29c1c292052ae668422.jpg",
                        "title": "POSK reception area"
                    },
                    {
                        "archive_url": "https://raw.githubusercontent.com/infrastructureclub/open-house-london-images/master/images/2026/7272/building_7272_posk-gallery_d374811908116751ebf090e19d59ab1d.jpg",
                        "title": "POSK Gallery"
                    }
                ],
                "name": "Polish Social and Cultural Association",
                "new_venue_this_year": "No",
                "start": "10:30:00",
                "ticketed_events": "Yes",
                "url": "https://programme.openhouse.org.uk/listings/7272"
            },
            "type": "Feature"
        },
        {
            "geometry": {
                "coordinates": [
                    -0.09543,
                    51.52215
                ],
                "type": "Point"
            },
            "properties": {
                "balloted": "No",
                "description": "Tours around Golden Lane Estate, access to the Community Centre and access to a number of flats",
                "end": "17:00:00",
                "fully_booked": "No",
                "images": [
                    {
                        "archive_url": "https://raw.githubusercontent.com/infrastructureclub/open-house-london-images/master/images/2026/7444/building_7444_golden_lane-9116_8b30c230509b2c061b3431dd4441172e.jpg",
                        "title": "Community Centre reception area."
                    },
                    {
                        "archive_url": "https://raw.githubusercontent.com/infrastructureclub/open-house-london-images/master/images/2026/7444/building_7444_p4260001_d17b63abb3907848ba38de82c7deaf80.jpg",
                        "title": "Swimming pool"
                    },
                    {
                        "archive_url": "https://raw.githubusercontent.com/infrastructureclub/open-house-london-images/master/images/2026/7444/building_7444_img_6738_98a69cb15748e3c4fbc004942b212a4a.jpg",
                        "title": "Roof Garden on Great Arthur House"
                    },
                    {
                        "archive_url": "https://raw.githubusercontent.com/infrastructureclub/open-house-london-images/master/images/2026/7444/building_7444_img_0856_6300a4cc7acfe0dc17695bb76ae77d3b.jpg",
                        "title": "Roof Garden on Great Arthur House"
                    },
                    {
                        "archive_url": "https://raw.githubusercontent.com/infrastructureclub/open-house-london-images/master/images/2026/7444/building_7444_img_0675_525fc0ffa593d4926d2d6b9a4ace025b.jpg",
                        "title": "Bayer House"
                    },
                    {
                        "archive_url": "https://raw.githubusercontent.com/infrastructureclub/open-house-london-images/master/images/2026/7444/building_7444_img_0676_36c8307bcadb2d44a1c096ef5ad55bbf.jpg",
                        "title": "Golden Lane Allotments"
                    },
                    {
                        "archive_url": "https://raw.githubusercontent.com/infrastructureclub/open-house-london-images/master/images/2026/7444/building_7444_img_0684_9d1efd2dbf50f851b727241f9863fe30.jpeg",
                        "title": "View from Golden Lane"
                    },
                    {
                        "archive_url": "https://raw.githubusercontent.com/infrastructureclub/open-house-london-images/master/images/2026/7444/building_7444_img_0697_92a5f03bb6cbe3e4419fb3134c0af8a4.jpeg",
                        "title": "Great Arthur House"
                    },
                    {
                        "archive_url": "https://raw.githubusercontent.com/infrastructureclub/open-house-london-images/master/images/2026/7444/building_7444_2325_n15_blue_d40bdc99633ef1ddb4da638b94120bcd.jpg",
                        "title": "Community Centre main meeting room."
                    },
                    {
                        "archive_url": "https://raw.githubusercontent.com/infrastructureclub/open-house-london-images/master/images/2026/7444/building_7444_golden-lane-article-web-3_e15ddbd27d9b4d9852f80daa9c065ef6.jpg",
                        "title": "The Community Centre at the time of completion"
                    },
                    {
                        "archive_url": "https://raw.githubusercontent.com/infrastructureclub/open-house-london-images/master/images/2026/7444/building_7444_golden-lane-sketch-web-1_286853713dd770eec8b2ce14bdb42eca.jpg",
                        "title": "Sketch showing the links between the Community Centre and Great Arthur House. Studio Partington."
                    }
                ],
                "name": "Golden Lane Estate, tours, community centre and access to flats",
                "new_venue_this_year": "No",
                "start": "11:00:00",
                "ticketed_events": "Yes",
                "url": "https://programme.openhouse.org.uk/listings/7444"
            },
            "type": "Feature"
        },
        {
            "geometry": {
                "coordinates": [
                    -0.264048,
                    51.5096193
                ],
                "type": "Point"
            },
            "properties": {
                "balloted": "No",
                "description": "A three-storey Victorian house was split into flats in the 1970s.  The current owners have turned it back into single family home, with a large open-plan ground floor, professional kitche and Mediterranean garden, revealing long-hidden Victorian features in the process.\r\nLast year the loft was converted into an airy master bedroom and en suite with views of both sunrise and sunset.",
                "end": "19:30:00",
                "fully_booked": "",
                "images": [
                    {
                        "archive_url": "https://raw.githubusercontent.com/infrastructureclub/open-house-london-images/master/images/2026/7479/building_7479_2vieenrose_abadb7a4d68d978db127548a42ec3b84.jpg",
                        "title": "Ground floor main space"
                    },
                    {
                        "archive_url": "https://raw.githubusercontent.com/infrastructureclub/open-house-london-images/master/images/2026/7479/building_7479_img_3757_091453b060d0ed9f66984d34ff7394e9.jpg",
                        "title": "Side entrance"
                    },
                    {
                        "archive_url": "https://raw.githubusercontent.com/infrastructureclub/open-house-london-images/master/images/2026/7479/building_7479_6vienrose_e09a91c9f5ae26d6df489cb0c32106ce.jpg",
                        "title": "Teaching kitchen"
                    },
                    {
                        "archive_url": "https://raw.githubusercontent.com/infrastructureclub/open-house-london-images/master/images/2026/7479/building_7479_img_3760-1_70d6612ee0ef5cf1349f7bcc0a50c355.jpg",
                        "title": "Frontage"
                    },
                    {
                        "archive_url": "https://raw.githubusercontent.com/infrastructureclub/open-house-london-images/master/images/2026/7479/building_7479_35fb91b1-6c0e-4711-9f93-69fa7a002207_153e4b8716d730a9b84d6e9f7270a72c.jpg",
                        "title": "Attic en suite"
                    },
                    {
                        "archive_url": "https://raw.githubusercontent.com/infrastructureclub/open-house-london-images/master/images/2026/7479/building_7479_img_1828_d1ba58ee6521d77a76047e6abc4a949c.jpg",
                        "title": "Master bedroom detail"
                    },
                    {
                        "archive_url": "https://raw.githubusercontent.com/infrastructureclub/open-house-london-images/master/images/2026/7479/building_7479_55f85f8f-ff1a-45f0-80f4-663a1b9e4e17_c295976563fc98661a51d942891b1ce7.jpg",
                        "title": "En suite"
                    },
                    {
                        "archive_url": "https://raw.githubusercontent.com/infrastructureclub/open-house-london-images/master/images/2026/7479/building_7479_img_3525_08b5c5a1d5f1fa950d91270355189e31.jpg",
                        "title": "The back garden"
                    },
                    {
                        "archive_url": "https://raw.githubusercontent.com/infrastructureclub/open-house-london-images/master/images/2026/7479/building_7479_img_8507_cffa819be20ac1fd29e7fbc76e7ff544.jpg",
                        "title": "Sunset from the bedroom"
                    }
                ],
                "name": "31 Milton Road",
                "new_venue_this_year": "No",
                "start": "16:00:00",
                "ticketed_events": "No",
                "url": "https://programme.openhouse.org.uk/listings/7479"
            },
            "type": "Feature"
        },
        {
            "geometry": {
                "coordinates": [
                    -0.3062179,
                    51.40975359999999
                ],
                "type": "Point"
            },
            "properties": {
                "balloted": "No",
                "description": "We are running our usual guided walking tours around historic Kingston this year. Come and find out interesting facts and stories about old Kingston. You will be amazed about how much you learn and enjoy.\r\n\r\n\r\n\r\nOur guided tours are informative, interesting and fun. For more information about us visit: https://www.kingstontourguides.org.uk/",
                "end": "12:30:00",
                "fully_booked": "No",
                "images": [
                    {
                        "archive_url": "https://raw.githubusercontent.com/infrastructureclub/open-house-london-images/master/images/2026/7678/building_7678_jack-wills-building_5634d10159f2358034caaeac3fb2e521.jpg",
                        "title": "Anthropologie Building"
                    },
                    {
                        "archive_url": "https://raw.githubusercontent.com/infrastructureclub/open-house-london-images/master/images/2026/7678/building_7678_kingston-bridge_be450e983311e694512f575cae978d2f.jpg",
                        "title": "Kingston Bridge"
                    },
                    {
                        "archive_url": "https://raw.githubusercontent.com/infrastructureclub/open-house-london-images/master/images/2026/7678/building_7678_the-apple-market_2b28c40cb0d2207b8daf8372129ec2a5.jpg",
                        "title": "The Apple Market"
                    },
                    {
                        "archive_url": "https://raw.githubusercontent.com/infrastructureclub/open-house-london-images/master/images/2026/7678/building_7678_the-clattern-bridge_383018ded43a5a33952dab54d2910e3b.jpg",
                        "title": "The Clattern Bridge"
                    },
                    {
                        "archive_url": "https://raw.githubusercontent.com/infrastructureclub/open-house-london-images/master/images/2026/7678/building_7678_the-market-house_84ad33e5e2040ffdc0dfd13070e0173f.jpg",
                        "title": "The Market House"
                    },
                    {
                        "archive_url": "https://raw.githubusercontent.com/infrastructureclub/open-house-london-images/master/images/2026/7678/building_7678_the-old-mortuary_8dd9a7ec9e2f81b6d11696c91ab04618.jpg",
                        "title": "The Old Mortuary"
                    },
                    {
                        "archive_url": "https://raw.githubusercontent.com/infrastructureclub/open-house-london-images/master/images/2026/7678/building_7678_top-of-nuttalls_41dcdc3cda0374b6e307758c175991a8.jpg",
                        "title": "Top of Nuttalls"
                    },
                    {
                        "archive_url": "https://raw.githubusercontent.com/infrastructureclub/open-house-london-images/master/images/2026/7678/building_7678_the-coronation-stone_9a7b4e7050216549954dc87b4dd8fd7c.jpg",
                        "title": "The Coronation Stone"
                    },
                    {
                        "archive_url": "https://raw.githubusercontent.com/infrastructureclub/open-house-london-images/master/images/2026/7678/building_7678_the-guildhall_e41960d8e5f89ac5c88318929f2fe7ab.jpg",
                        "title": "The Guildhall, built in 1935"
                    }
                ],
                "name": "Kingston Historic walk",
                "new_venue_this_year": "No",
                "start": "11:00:00",
                "ticketed_events": "Yes",
                "url": "https://programme.openhouse.org.uk/listings/7678"
            },
            "type": "Feature"
        },
        {
            "geometry": {
                "coordinates": [
                    -0.1210654,
                    51.4936018
                ],
                "type": "Point"
            },
            "properties": {
                "balloted": "No",
                "description": "The International Maritime Organization is a specialized agency of the UN, responsible for the safety and security of shipping and the prevention of marine pollution by ships. It is the only UN organization with headquarters in London.",
                "end": "16:00:00",
                "fully_booked": "",
                "images": [
                    {
                        "archive_url": "https://raw.githubusercontent.com/infrastructureclub/open-house-london-images/master/images/2026/7730/building_7730_22947987730_bef0ccc663_k_6d1a5ac2fe639baf1574cf988f9a3666.jpg",
                        "title": "The IMO Assembly meeting in the Main Hall"
                    },
                    {
                        "archive_url": "https://raw.githubusercontent.com/infrastructureclub/open-house-london-images/master/images/2026/7730/building_7730_22489472584_3ec36c763f_h_2f7600936a4b99669b86523bea5164f5.jpg",
                        "title": "View from Albert Embankment"
                    },
                    {
                        "archive_url": "https://raw.githubusercontent.com/infrastructureclub/open-house-london-images/master/images/2026/7730/building_7730_30005296161_a2b7addb84_k_2c38950f18379390cb7adaf9234802dc.jpg",
                        "title": "Member States' flags are flown on special occasions"
                    },
                    {
                        "archive_url": "https://raw.githubusercontent.com/infrastructureclub/open-house-london-images/master/images/2026/7730/building_7730_5926186601_ca9f296fd5_b_f6724ea8010d7af65ac5505993ce325d.jpg",
                        "title": "The International Memorial to Seafarers"
                    },
                    {
                        "archive_url": "https://raw.githubusercontent.com/infrastructureclub/open-house-london-images/master/images/2026/7730/building_7730_5926747912_371d85a74f_b_7d7a0d9cfde2ffbba16c918233bf3b51.jpg",
                        "title": "The International Memorial to Seafarers (detail)"
                    },
                    {
                        "archive_url": "https://raw.githubusercontent.com/infrastructureclub/open-house-london-images/master/images/2026/7730/building_7730_53833492637_8be17a4797_c_6457152671a2af51b77709fb893958cd.jpg",
                        "title": "The  IMO Secretary General with a Delegation of Cadets on the roof terrace overlooking London."
                    }
                ],
                "name": "International Maritime Organization",
                "new_venue_this_year": "No",
                "start": "11:00:00",
                "ticketed_events": "No",
                "url": "https://programme.openhouse.org.uk/listings/7730"
            },
            "type": "Feature"
        },
        {
            "geometry": {
                "coordinates": [
                    -0.10064,
                    51.54393
                ],
                "type": "Point"
            },
            "properties": {
                "balloted": "No",
                "description": "The Estorick Collection is housed in a beautiful Georgian building previously known as Northampton Lodge. Today, the museum comprises six galleries over three floors, as well as a library, offices, a café and bookshop.",
                "end": "17:00:00",
                "fully_booked": "No",
                "images": [
                    {
                        "archive_url": "https://raw.githubusercontent.com/infrastructureclub/open-house-london-images/master/images/2026/7787/building_7787_estorickcollection_b9552e825dacf278ae1248e4ee98057c.jpg",
                        "title": "View from Canonbury Square - Claudia Zanardi"
                    },
                    {
                        "archive_url": "https://raw.githubusercontent.com/infrastructureclub/open-house-london-images/master/images/2026/7787/building_7787__mg_0206_7a925d37ec346374c46d8b01fd92eec2.jpg",
                        "title": "View from Canonbury Square - Claudia Zanardi"
                    },
                    {
                        "archive_url": "https://raw.githubusercontent.com/infrastructureclub/open-house-london-images/master/images/2026/7787/building_7787_img_0269_dc011817ddf11a25419c24cfc10d249b.jpg",
                        "title": "View from Canonbury Road - Claudia Zanardi"
                    },
                    {
                        "archive_url": "https://raw.githubusercontent.com/infrastructureclub/open-house-london-images/master/images/2026/7787/building_7787_img_6090_46db23493f8a4ba54eaeecf267ed981f.jpg",
                        "title": "Gallery 3 - Claudia Zanardi"
                    },
                    {
                        "archive_url": "https://raw.githubusercontent.com/infrastructureclub/open-house-london-images/master/images/2026/7787/building_7787_galler-3-ok_b3c9e851f60e655910ec3acbcc0fc1ef.jpg",
                        "title": "Gallery 3 - Claudia Zanardi"
                    },
                    {
                        "archive_url": "https://raw.githubusercontent.com/infrastructureclub/open-house-london-images/master/images/2026/7787/building_7787__mg_7371_617e71d07693318ca982170dc413f8b8.jpg",
                        "title": "The library - Claudia Zanardi"
                    },
                    {
                        "archive_url": "https://raw.githubusercontent.com/infrastructureclub/open-house-london-images/master/images/2026/7787/building_7787_img_0041_c0240ed1f63431d1c22900e95410484a.jpg",
                        "title": "Garden - Claudia Zanardi"
                    },
                    {
                        "archive_url": "https://raw.githubusercontent.com/infrastructureclub/open-house-london-images/master/images/2026/7787/building_7787_291875091_10158604562186120_1740871208041342548_n_6d4895487f0978ac8c86b6534c782690.jpg",
                        "title": "Caffè Estorick  - Claudia Zanardi"
                    },
                    {
                        "archive_url": "https://raw.githubusercontent.com/infrastructureclub/open-house-london-images/master/images/2026/7787/building_7787_292225560_10158604562056120_8803104308365383816_n_51357329378e3e79319cfa76036a732b.jpg",
                        "title": "Caffè Estorick  - Claudia Zanardi"
                    }
                ],
                "name": "Estorick Collection of Modern Italian Art",
                "new_venue_this_year": "No",
                "start": "12:00:00",
                "ticketed_events": "Yes",
                "url": "https://programme.openhouse.org.uk/listings/7787"
            },
            "type": "Feature"
        },
        {
            "geometry": {
                "coordinates": [
                    0.00054,
                    51.46278
                ],
                "type": "Point"
            },
            "properties": {
                "balloted": "No",
                "description": "The Church was built in 1839/41 as a white 'Hall-Church'. \r\nThe 1870s Gothic Revivalism was overseen to a very high standard, by James Brooks and helped by 10 top craftsmen of the day. We also have a WWI Memorial by Violet Pinwill.",
                "end": "18:00:00",
                "fully_booked": "",
                "images": [
                    {
                        "archive_url": "https://raw.githubusercontent.com/infrastructureclub/open-house-london-images/master/images/2026/8327/building_8327_dsc04346_d4140ffeb0c18306c707475e5b2eb2e5.JPG",
                        "title": "St Margaret, Lee "
                    },
                    {
                        "archive_url": "https://raw.githubusercontent.com/infrastructureclub/open-house-london-images/master/images/2026/8327/building_8327_dsc04382_3d4ed950ed8b9f0888b74ea5dd0606e0.JPG",
                        "title": "St Margaret, Lee. View towards the West End"
                    },
                    {
                        "archive_url": "https://raw.githubusercontent.com/infrastructureclub/open-house-london-images/master/images/2026/8327/building_8327_dsc04400_8bcc087d8ec6ba15f6c7f1b2dbe73000.JPG",
                        "title": "St Margaret, Lee. Wall Paintings"
                    },
                    {
                        "archive_url": "https://raw.githubusercontent.com/infrastructureclub/open-house-london-images/master/images/2026/8327/building_8327_church-1_ea4c6bf95f331d96327df6700fe74f77.jpg",
                        "title": "Church building "
                    },
                    {
                        "archive_url": "https://raw.githubusercontent.com/infrastructureclub/open-house-london-images/master/images/2026/8327/building_8327_church-img_6625-east-end-2_3fca7fa64c51bffa633c8d337b19d681.jpg",
                        "title": "East end of church interior"
                    },
                    {
                        "archive_url": "https://raw.githubusercontent.com/infrastructureclub/open-house-london-images/master/images/2026/8327/building_8327_img_6619-exterior_d239b82cd97abfda7c5c61f0d9d5ef7e.jpg",
                        "title": "Exterior east end view"
                    },
                    {
                        "archive_url": "https://raw.githubusercontent.com/infrastructureclub/open-house-london-images/master/images/2026/8327/building_8327_magna-carta-window_956c8325e1c72427a4ecf760cbfb713a.jpg",
                        "title": "Magna Carta stained glass window"
                    },
                    {
                        "archive_url": "https://raw.githubusercontent.com/infrastructureclub/open-house-london-images/master/images/2026/8327/building_8327_halley-tomb_0589b880a5a176dd8deef31354c475e0.jpg",
                        "title": "St Margarets Old Churchyard: Tomb of Edmond Halley"
                    }
                ],
                "name": "St Margaret's Church, Lee",
                "new_venue_this_year": "No",
                "start": "12:00:00",
                "ticketed_events": "No",
                "url": "https://programme.openhouse.org.uk/listings/8327"
            },
            "type": "Feature"
        },
        {
            "geometry": {
                "coordinates": [
                    -0.21581,
                    51.56881
                ],
                "type": "Point"
            },
            "properties": {
                "balloted": "No",
                "description": "Come and visit this grassroots community enterprise where old meets new in the form of the historic farm buildings alongside our crowdfunded cafe. Find out how some of these historic buildings have been saved and lovingly bought back into community use, and find out about our future plans.",
                "end": "16:00:00",
                "fully_booked": "",
                "images": [
                    {
                        "archive_url": "https://raw.githubusercontent.com/infrastructureclub/open-house-london-images/master/images/2026/8339/building_8339_2-our-yard_f435cc753860b8f44d78102d0ff4e0fc.png",
                        "title": "Future Vision"
                    },
                    {
                        "archive_url": "https://raw.githubusercontent.com/infrastructureclub/open-house-london-images/master/images/2026/8339/building_8339_screen-shot-2019-06-05-at-15-37-38_559440d5e8e37db032fc0fbaf9cee8e1.png",
                        "title": ""
                    },
                    {
                        "archive_url": "https://raw.githubusercontent.com/infrastructureclub/open-house-london-images/master/images/2026/8339/building_8339_cafe-model-full_d93c54b037a48e0151f8d0c0e9408506.jpg",
                        "title": "Model of cafe pre build"
                    },
                    {
                        "archive_url": "https://raw.githubusercontent.com/infrastructureclub/open-house-london-images/master/images/2026/8339/building_8339_img_7903-2-2048x1536_580d192202d1e5649f25949170e67560.jpg",
                        "title": "Sensory Herbal Garden"
                    },
                    {
                        "archive_url": "https://raw.githubusercontent.com/infrastructureclub/open-house-london-images/master/images/2026/8339/building_8339_img_0559-2-2048x1536_d46fbe4914401794e084569b504ce7cf.jpg",
                        "title": "Glasshouse"
                    },
                    {
                        "archive_url": "https://raw.githubusercontent.com/infrastructureclub/open-house-london-images/master/images/2026/8339/building_8339_cafe-at-night_6eed7d3f0273d9b743b159e1eaca973c.jpeg",
                        "title": "Cafe at night"
                    },
                    {
                        "archive_url": "https://raw.githubusercontent.com/infrastructureclub/open-house-london-images/master/images/2026/8339/building_8339_whatsapp-image-2025-06-12-at-16-38-46_bc0bfdab7c575c580776447c110b820d.jpeg",
                        "title": null
                    }
                ],
                "name": "Our Yard at Clitterhouse Farm",
                "new_venue_this_year": "No",
                "start": "10:00:00",
                "ticketed_events": "No",
                "url": "https://programme.openhouse.org.uk/listings/8339"
            },
            "type": "Feature"
        },
        {
            "geometry": {
                "coordinates": [
                    -0.10608,
                    51.37271
                ],
                "type": "Point"
            },
            "properties": {
                "balloted": "No",
                "description": "Medieval style church rebuilt by Sir George Gilbert Scott after 1867 fire. Tower & south porch are 15C. Large nave with open timber-work roof leads to chancel dominated by superb stained glass window & rich alabaster reredos.",
                "end": "16:00:00",
                "fully_booked": "",
                "images": [
                    {
                        "archive_url": "https://raw.githubusercontent.com/infrastructureclub/open-house-london-images/master/images/2026/8724/building_8724_minster-interior_df4588e250fed1c560501edde5f1fb50.jpg",
                        "title": "Minster interior"
                    },
                    {
                        "archive_url": "https://raw.githubusercontent.com/infrastructureclub/open-house-london-images/master/images/2026/8724/building_8724_croydon-133_7a187c48f2f95dece8efa0d602b01afc.jpg",
                        "title": "Sanctuary"
                    },
                    {
                        "archive_url": "https://raw.githubusercontent.com/infrastructureclub/open-house-london-images/master/images/2026/8724/building_8724_7-jul_8500b79c5f79ec992a57f3a47f4bcc55.jpg",
                        "title": "View from the Quire"
                    },
                    {
                        "archive_url": "https://raw.githubusercontent.com/infrastructureclub/open-house-london-images/master/images/2026/8724/building_8724_5-may_0c30ad4ed554ca69a62dc74bc54912ca.jpg",
                        "title": "Font from Nicholas Chapel"
                    },
                    {
                        "archive_url": "https://raw.githubusercontent.com/infrastructureclub/open-house-london-images/master/images/2026/8724/building_8724_20181225_114315-crop_7b2920eaf34aa1323f9950fd74a36b78.jpg",
                        "title": "Exterior - South side"
                    },
                    {
                        "archive_url": "https://raw.githubusercontent.com/infrastructureclub/open-house-london-images/master/images/2026/8724/building_8724_0-cover_30dece8ef44c95880f9bfc7bd094db89.jpg",
                        "title": "Minster Interior - Nave"
                    },
                    {
                        "archive_url": "https://raw.githubusercontent.com/infrastructureclub/open-house-london-images/master/images/2026/8724/building_8724_minster-exterior-by-gary-watson_ec85bb548eb2c11741841ae3bcbbbc31.jpg",
                        "title": "Minster Exterior"
                    },
                    {
                        "archive_url": "https://raw.githubusercontent.com/infrastructureclub/open-house-london-images/master/images/2026/8724/building_8724_p1150146_40faacd473c564b34e3a89e34833054d.jpg",
                        "title": "Whitgift Tomb"
                    }
                ],
                "name": "Croydon Minster",
                "new_venue_this_year": "No",
                "start": "12:00:00",
                "ticketed_events": "No",
                "url": "https://programme.openhouse.org.uk/listings/8724"
            },
            "type": "Feature"
        },
        {
            "geometry": {
                "coordinates": [
                    -0.10827,
                    51.50846
                ],
                "type": "Point"
            },
            "properties": {
                "balloted": "No",
                "description": "Unit 1.20 is one of 25 workshop and retail units in Oxo Tower Wharf and overlooks the courtyard towards the Bargehouse building from the first floor walkway. It is a multi-purpose space used as a workshop, showroom and teaching space.",
                "end": "16:00:00",
                "fully_booked": "",
                "images": [
                    {
                        "archive_url": "https://raw.githubusercontent.com/infrastructureclub/open-house-london-images/master/images/2026/8766/building_8766_carreducker-oxo-tower_73e30dc4c8f3f1c1e5f35048167a6af7.jpg",
                        "title": "The iconic OXO Tower"
                    },
                    {
                        "archive_url": "https://raw.githubusercontent.com/infrastructureclub/open-house-london-images/master/images/2026/8766/building_8766_20220420_141750_a06e38cbed634b7fc637a386fcd65ebb.jpg",
                        "title": "The OXO Tower Wharf building"
                    },
                    {
                        "archive_url": "https://raw.githubusercontent.com/infrastructureclub/open-house-london-images/master/images/2026/8766/building_8766_20211116_155851_6d34328406b47ad2a2be4ff4de19f1f4.jpg",
                        "title": "Boardwalks at OXO Tower Wharf"
                    },
                    {
                        "archive_url": "https://raw.githubusercontent.com/infrastructureclub/open-house-london-images/master/images/2026/8766/building_8766_carreducker-wall-of-lasts-with-lasting-jack_4b4b83e8f93dcaa15d2f1d0e86edf55c.jpg",
                        "title": "Wall of wooden shoemaking lasts"
                    },
                    {
                        "archive_url": "https://raw.githubusercontent.com/infrastructureclub/open-house-london-images/master/images/2026/8766/building_8766_images-for-top-three-for-open-house_518707438bb8d7c099f5cb228403ed46.jpg",
                        "title": "Worshipful Company of Cordwainers"
                    }
                ],
                "name": "1.20 Oxo Tower Wharf",
                "new_venue_this_year": "No",
                "start": "12:00:00",
                "ticketed_events": "No",
                "url": "https://programme.openhouse.org.uk/listings/8766"
            },
            "type": "Feature"
        },
        {
            "geometry": {
                "coordinates": [
                    -0.1572856,
                    51.5685811
                ],
                "type": "Point"
            },
            "properties": {
                "balloted": "No",
                "description": "Open allotment site.",
                "end": "17:00:00",
                "fully_booked": "",
                "images": [
                    {
                        "archive_url": "https://raw.githubusercontent.com/infrastructureclub/open-house-london-images/master/images/2026/9014/building_9014_photo-2026-07-13-14-27-02-3_b93aa617e7cd1cb2f784e4ca36b092f1.jpg",
                        "title": "stephen bitti"
                    }
                ],
                "name": "Fitzroy Park Allotments",
                "new_venue_this_year": "No",
                "start": "14:00:00",
                "ticketed_events": "No",
                "url": "https://programme.openhouse.org.uk/listings/9014"
            },
            "type": "Feature"
        },
        {
            "geometry": {
                "coordinates": [
                    -0.07257999999999999,
                    51.41811000000001
                ],
                "type": "Point"
            },
            "properties": {
                "balloted": "No",
                "description": "Explore the world's first dinosaur models hidden in a south London park. The 30 Grade I listed, life-size statues of dinosaurs and other extinct animals at Crystal Palace Park have thrilled\r\nvisitors for 166 years. Tour is kids friendly.",
                "end": "13:00:00",
                "fully_booked": "No",
                "images": [
                    {
                        "archive_url": "https://raw.githubusercontent.com/infrastructureclub/open-house-london-images/master/images/2026/9374/building_9374_dsc_0114_adb3d98a9a28f2e755d4c9742298905f.jpg",
                        "title": "Crystal Palace Park Dinosaurs"
                    },
                    {
                        "archive_url": "https://raw.githubusercontent.com/infrastructureclub/open-house-london-images/master/images/2026/9374/building_9374_dsc_0097_a7642bcbcac005272016f7843f9e1495.jpg",
                        "title": "Crystal Palace Park Dinosaurs"
                    }
                ],
                "name": "Crystal Palace Park Dinosaurs  – a tour with a London Blue Badge Tourist Guide",
                "new_venue_this_year": "No",
                "start": "11:00:00",
                "ticketed_events": "Yes",
                "url": "https://programme.openhouse.org.uk/listings/9374"
            },
            "type": "Feature"
        },
        {
            "geometry": {
                "coordinates": [
                    -0.1096318,
                    51.5115997
                ],
                "type": "Point"
            },
            "properties": {
                "balloted": "No",
                "description": "Established by the Knights Templar in 1195, The Inner Temple has had a Gardener since 1307. Surviving The Great Fire of London, and the Blitz, the Gardens remain a secret and tranquil oasis. Today the Garden is managed for beauty and biodiversity, providing a haven for people and wildlife in the heart of the City.",
                "end": "16:00:00",
                "fully_booked": "",
                "images": [
                    {
                        "archive_url": "https://raw.githubusercontent.com/infrastructureclub/open-house-london-images/master/images/2026/9601/building_9601__38a2328_5f7b2742a7800b6af9ffacbe0984b515.jpg",
                        "title": "High Borders © Claire Takacs"
                    },
                    {
                        "archive_url": "https://raw.githubusercontent.com/infrastructureclub/open-house-london-images/master/images/2026/9601/building_9601_pdb_27_05_21_0291-hdr_4f75774560eb59424bfc6171cd5375d7.jpg",
                        "title": "Looking across the lawn with the 1771 London Planes ©Paul Debois"
                    },
                    {
                        "archive_url": "https://raw.githubusercontent.com/infrastructureclub/open-house-london-images/master/images/2026/9601/building_9601_pdb_27_05_21_0935_a0d38b7bdb896c0cfe6f40a9d279e1de.jpg",
                        "title": "Looking down the broadwalk ©Paul Debois"
                    },
                    {
                        "archive_url": "https://raw.githubusercontent.com/infrastructureclub/open-house-london-images/master/images/2026/9601/building_9601__38a2581_a416dab168155abbfb8dbbfa1c682d4f.jpg",
                        "title": "The Pond Garden ©Claire Takacs"
                    },
                    {
                        "archive_url": "https://raw.githubusercontent.com/infrastructureclub/open-house-london-images/master/images/2026/9601/building_9601__38a2615_f24a14c54e80c8e859bd3bcaa53ec461.jpg",
                        "title": "Sundial ©Claire Takacs"
                    }
                ],
                "name": "Inner Temple Gardens",
                "new_venue_this_year": "No",
                "start": "12:00:00",
                "ticketed_events": "No",
                "url": "https://programme.openhouse.org.uk/listings/9601"
            },
            "type": "Feature"
        },
        {
            "geometry": {
                "coordinates": [
                    -0.19722,
                    51.46995
                ],
                "type": "Point"
            },
            "properties": {
                "balloted": "No",
                "description": "Amongst the RIBA Stirling Prize shortlist 2022 sits Mæ Architect's Sands End Arts & Community Centre in Fulham. The centre consists of a single-storey building comprising bright, airy and flexible event spaces and a community café.",
                "end": "17:30:00",
                "fully_booked": "No",
                "images": [
                    {
                        "archive_url": "https://raw.githubusercontent.com/infrastructureclub/open-house-london-images/master/images/2026/9662/building_9662_03_rorygardiner1421c_01_304cc2e322e8ffe0e7a066c119f607ff.jpg",
                        "title": "The community centre's external envelope made out of recycled bricks from construction waste, in line with the environmental aspirations."
                    },
                    {
                        "archive_url": "https://raw.githubusercontent.com/infrastructureclub/open-house-london-images/master/images/2026/9662/building_9662_j6307_n14_high_68f1f9873d1102f20dce14077ab85aab.jpg",
                        "title": "The project included refurbishing an existing historical lodge adjacent to the new buildings."
                    },
                    {
                        "archive_url": "https://raw.githubusercontent.com/infrastructureclub/open-house-london-images/master/images/2026/9662/building_9662_j6307_n11_high_d493290fdde1acc3755e47603bf58737.jpg",
                        "title": "Full height glazing is protected from glare with a deep overhang on the garden side."
                    },
                    {
                        "archive_url": "https://raw.githubusercontent.com/infrastructureclub/open-house-london-images/master/images/2026/9662/building_9662_j6307_n12_high_f60bbc96d7a57e471bfbae1b5f5f54ca.jpg",
                        "title": "Flexibility has been a key element of the brief for the adaptable spaces."
                    },
                    {
                        "archive_url": "https://raw.githubusercontent.com/infrastructureclub/open-house-london-images/master/images/2026/9662/building_9662_j6307_n13_high_7ef4fc092850625b08c162844d8e4c2c.jpg",
                        "title": "Clerestory provides natural light and a link to the outdoors. Natural materials have been chosen throughout to echo surrounding environment. Services run in a buried trench to avoid disrupting the lines of exposed CLT elements."
                    }
                ],
                "name": "Sands End Arts & Community Centre",
                "new_venue_this_year": "No",
                "start": "10:30:00",
                "ticketed_events": "Yes",
                "url": "https://programme.openhouse.org.uk/listings/9662"
            },
            "type": "Feature"
        },
        {
            "geometry": {
                "coordinates": [
                    -0.10554,
                    51.51376
                ],
                "type": "Point"
            },
            "properties": {
                "balloted": "No",
                "description": "Wren designed building of 1675, interior lost in blitz of 1940, reopened 1957 with 'Wren inspired' interior",
                "end": "16:00:00",
                "fully_booked": "",
                "images": [
                    {
                        "archive_url": "https://raw.githubusercontent.com/infrastructureclub/open-house-london-images/master/images/2026/10035/building_10035_saint-brides-slater-king-354_bb8f07c9db1f49a68fbe0607f358d945.jpg",
                        "title": "Interior looking East"
                    },
                    {
                        "archive_url": "https://raw.githubusercontent.com/infrastructureclub/open-house-london-images/master/images/2026/10035/building_10035__dsc5779_cd3d912e5447e35e717d236627d51849.jpg",
                        "title": "St Bride - David McFall"
                    },
                    {
                        "archive_url": "https://raw.githubusercontent.com/infrastructureclub/open-house-london-images/master/images/2026/10035/building_10035__dsc5914_179a1c91dd4d40e08e3a1850fa0f390c.jpg",
                        "title": "The Spire"
                    },
                    {
                        "archive_url": "https://raw.githubusercontent.com/infrastructureclub/open-house-london-images/master/images/2026/10035/building_10035_saint-brides-slater-king-418_c22f6b0ed23f0c5ed4d2af75a40e3446.jpg",
                        "title": "Crypt Chapel"
                    },
                    {
                        "archive_url": "https://raw.githubusercontent.com/infrastructureclub/open-house-london-images/master/images/2026/10035/building_10035_saint-brides-slater-king-337_46871a9de60eca0f2b50cb5dbc1b3314.jpg",
                        "title": "The Dome"
                    },
                    {
                        "archive_url": "https://raw.githubusercontent.com/infrastructureclub/open-house-london-images/master/images/2026/10035/building_10035_saint-brides-slater-king-370_d2eda4854bb80af0cf057fca1dbc9b38.jpg",
                        "title": "woodwork detail"
                    }
                ],
                "name": "St Bride's Church, Fleet Street",
                "new_venue_this_year": "No",
                "start": "13:00:00",
                "ticketed_events": "No",
                "url": "https://programme.openhouse.org.uk/listings/10035"
            },
            "type": "Feature"
        },
        {
            "geometry": {
                "coordinates": [
                    -0.3183739,
                    51.49191829999999
                ],
                "type": "Point"
            },
            "properties": {
                "balloted": "No",
                "description": "Boston Manor House is a Jacobean House built for Lady Mary Reade in 1623 and later owned by the Clitherow family from the 1670s until the 1920s. The House is now open to the public with free entry six days a week. Its beautifully restored historic interiors, including breath-taking ornate plasterwork, are joined by two community exhibition galleries, meeting rooms and an attractive modern café.",
                "end": "16:00:00",
                "fully_booked": "No",
                "images": [
                    {
                        "archive_url": "https://raw.githubusercontent.com/infrastructureclub/open-house-london-images/master/images/2026/10142/building_10142_boston-manor-house-summer-2_c0f61ec64b1603fb550d52f0f09a6911.png",
                        "title": "Boston Manor House after renovation"
                    },
                    {
                        "archive_url": "https://raw.githubusercontent.com/infrastructureclub/open-house-london-images/master/images/2026/10142/building_10142_portico-view_999fec832900435c60d71d0e12234533.jpg",
                        "title": "Boston Manor House portico"
                    },
                    {
                        "archive_url": "https://raw.githubusercontent.com/infrastructureclub/open-house-london-images/master/images/2026/10142/building_10142_boston-manor-house-view-from-park-lake_1374c93e6b177cad683819c569dfe1c8.jpg",
                        "title": "Boston Manor House viewed from Boston Manor Park pond."
                    }
                ],
                "name": "Boston Manor House",
                "new_venue_this_year": "No",
                "start": "11:30:00",
                "ticketed_events": "Yes",
                "url": "https://programme.openhouse.org.uk/listings/10142"
            },
            "type": "Feature"
        },
        {
            "geometry": {
                "coordinates": [
                    -0.40497,
                    51.42579
                ],
                "type": "Point"
            },
            "properties": {
                "balloted": "No",
                "description": "1920s water pumping station comprising of several architectural styles. Interior retains original steam pumping machinery and historic electrical equipment.",
                "end": "16:00:00",
                "fully_booked": "",
                "images": [
                    {
                        "archive_url": "https://raw.githubusercontent.com/infrastructureclub/open-house-london-images/master/images/2026/10239/building_10239_dsc_0155_b5d3bcac665c9107af7d5f3c5019d81a.jpeg",
                        "title": "Kempton Steam Museum (Engine house)"
                    },
                    {
                        "archive_url": "https://raw.githubusercontent.com/infrastructureclub/open-house-london-images/master/images/2026/10239/building_10239_dsc_0174-copy_7a7276fd5d217f238afabf6d9fb01a4b.jpg",
                        "title": "Kempton Steam Museum (The Sir William Prescott triple-expansion engine )"
                    },
                    {
                        "archive_url": "https://raw.githubusercontent.com/infrastructureclub/open-house-london-images/master/images/2026/10239/building_10239_dsc_1167_68ad7f2615233a57cbc2951f9e556ff9.jpeg",
                        "title": "Kempton Steam Museum (The Sir William Prescott triple-expansion engine )"
                    },
                    {
                        "archive_url": "https://raw.githubusercontent.com/infrastructureclub/open-house-london-images/master/images/2026/10239/building_10239_img_20190120_152207_0d76448d8fcf6c5d875213d5f2554b23.jpeg",
                        "title": "Kempton Steam Museum (Engine house )"
                    },
                    {
                        "archive_url": "https://raw.githubusercontent.com/infrastructureclub/open-house-london-images/master/images/2026/10239/building_10239_dsc_0359_e57f6d57d2378ce2f005fcc74552aa1b.jpeg",
                        "title": "Kempton Steam Museum (Historic lamp standards )"
                    },
                    {
                        "archive_url": "https://raw.githubusercontent.com/infrastructureclub/open-house-london-images/master/images/2026/10239/building_10239_dsc_0157-copy_e08b4a3dc1b82cc524f675eaca88aed7.jpg",
                        "title": "Kempton Steam Museum (Mercury Arc Rectifiers)"
                    }
                ],
                "name": "Kempton Steam Museum",
                "new_venue_this_year": "No",
                "start": "10:30:00",
                "ticketed_events": "No",
                "url": "https://programme.openhouse.org.uk/listings/10239"
            },
            "type": "Feature"
        },
        {
            "geometry": {
                "coordinates": [
                    -0.10861,
                    51.52895
                ],
                "type": "Point"
            },
            "properties": {
                "balloted": "No",
                "description": "An industrial heritage site that was the hub of one of London’s first major pieces of urban infrastructure.\r\nIts 18th and 19th century buildings have been restored by Tim Ronalds Architects to create the Quentin Blake Centre for Illustration which opened to the public on June 5th 2026.",
                "end": "17:00:00",
                "fully_booked": "No",
                "images": [
                    {
                        "archive_url": "https://raw.githubusercontent.com/infrastructureclub/open-house-london-images/master/images/2026/10280/building_10280_dsc_5143_e477d2a342d1614507724a741f851cf4.jpg",
                        "title": "© Justin Piperger"
                    },
                    {
                        "archive_url": "https://raw.githubusercontent.com/infrastructureclub/open-house-london-images/master/images/2026/10280/building_10280_dsc_5086_afec8d47bb05899f448e2ecf9fda4582.jpg",
                        "title": "© Justin Piperger"
                    },
                    {
                        "archive_url": "https://raw.githubusercontent.com/infrastructureclub/open-house-london-images/master/images/2026/10280/building_10280_dsc_5105_cb112dee2841fd2c82bf7d629822f4c8.jpg",
                        "title": "© Justin Piperger"
                    },
                    {
                        "archive_url": "https://raw.githubusercontent.com/infrastructureclub/open-house-london-images/master/images/2026/10280/building_10280_dsc_5136_e8839f149f6efe04d78beeaf200a34d2.jpg",
                        "title": "© Justin Piperger"
                    }
                ],
                "name": "Quentin Blake Centre for Illustration - New River Head",
                "new_venue_this_year": "No",
                "start": "10:00:00",
                "ticketed_events": "Yes",
                "url": "https://programme.openhouse.org.uk/listings/10280"
            },
            "type": "Feature"
        },
        {
            "geometry": {
                "coordinates": [
                    -0.30448,
                    51.39255
                ],
                "type": "Point"
            },
            "properties": {
                "balloted": "No",
                "description": "Join us for an interesting and informative walk around Surbiton with our experienced guide. Find out why Surbiton was called the Queen of the suburbs and plenty more. Learn about the Victorian churches of St Mark’s and St Andrews and see the mural of Rupert bear\r\n\r\nVisit our website: https://www.kingstontourguides.org.uk/",
                "end": "12:30:00",
                "fully_booked": "No",
                "images": [
                    {
                        "archive_url": "https://raw.githubusercontent.com/infrastructureclub/open-house-london-images/master/images/2026/10284/building_10284_image_87d30aa3abe950d5882277a190b34723.jpg",
                        "title": "Surbiton station"
                    },
                    {
                        "archive_url": "https://raw.githubusercontent.com/infrastructureclub/open-house-london-images/master/images/2026/10284/building_10284_image_0e15a39d97cdcd2a20348bcf971883ec.jpg",
                        "title": "The Antelope "
                    },
                    {
                        "archive_url": "https://raw.githubusercontent.com/infrastructureclub/open-house-london-images/master/images/2026/10284/building_10284_image_8d276ec449f0535521d51d7b1c20a280.jpg",
                        "title": "The clock tower"
                    }
                ],
                "name": "Surbiton Queen of the Suburbs",
                "new_venue_this_year": "No",
                "start": "11:00:00",
                "ticketed_events": "Yes",
                "url": "https://programme.openhouse.org.uk/listings/10284"
            },
            "type": "Feature"
        },
        {
            "geometry": {
                "coordinates": [
                    -0.07845,
                    51.43225
                ],
                "type": "Point"
            },
            "properties": {
                "balloted": "No",
                "description": "Designed by Charles Barry Jr in the Victorian Gothic style, it has been a landmark in Dulwich since it was painted by the French Impressionist Camille Pissarro in 1870. There is a fine fresco painted by Sir Edward Poynter in the chancel.",
                "end": "17:00:00",
                "fully_booked": "",
                "images": [
                    {
                        "archive_url": "https://raw.githubusercontent.com/infrastructureclub/open-house-london-images/master/images/2026/10452/building_10452_img_0297_802965212279a30cdd1794319f0f3688.jpg",
                        "title": "View from College Road in the snow"
                    },
                    {
                        "archive_url": "https://raw.githubusercontent.com/infrastructureclub/open-house-london-images/master/images/2026/10452/building_10452_img_1817_7a6fbdc7f77f390315f2604e95387093.jpg",
                        "title": "View of the west end organ and window after a wedding"
                    },
                    {
                        "archive_url": "https://raw.githubusercontent.com/infrastructureclub/open-house-london-images/master/images/2026/10452/building_10452_img_1522_3b26f74239e8184c7acca5e66442b401.jpg",
                        "title": "Stained glass windows in the lady chapel"
                    }
                ],
                "name": "St Stephen's Church, Dulwich",
                "new_venue_this_year": "No",
                "start": "12:00:00",
                "ticketed_events": "No",
                "url": "https://programme.openhouse.org.uk/listings/10452"
            },
            "type": "Feature"
        },
        {
            "geometry": {
                "coordinates": [
                    -0.13853,
                    51.43781
                ],
                "type": "Point"
            },
            "properties": {
                "balloted": "No",
                "description": "A pre-2nd WW - 1933 - now beautifully refurbished brick built sports pavilion surrounded by the fields of Tooting Common.",
                "end": "15:00:00",
                "fully_booked": "",
                "images": [
                    {
                        "archive_url": "https://raw.githubusercontent.com/infrastructureclub/open-house-london-images/master/images/2026/10630/building_10630_img_0723_a3c3b315a52c48f63596b3edd96e3b55.jpeg",
                        "title": "Front of the Woodfield Pavilion"
                    },
                    {
                        "archive_url": "https://raw.githubusercontent.com/infrastructureclub/open-house-london-images/master/images/2026/10630/building_10630_img_0688_db8c7199f2ea13846b623060a610aa45.jpeg",
                        "title": "View of the Pavilion from the Woodfield"
                    },
                    {
                        "archive_url": "https://raw.githubusercontent.com/infrastructureclub/open-house-london-images/master/images/2026/10630/building_10630_img_1075_49d22f1ab78aafa715b8f5496cf5c2a3.jpeg",
                        "title": "Side of the Pavilion"
                    },
                    {
                        "archive_url": "https://raw.githubusercontent.com/infrastructureclub/open-house-london-images/master/images/2026/10630/building_10630_pxl_20220528_113922122_3c46e28cb9b7c49ee6f371b1aa2a43e9.jpg",
                        "title": "Rear of the Woodfield Pavilion"
                    }
                ],
                "name": "Woodfield Pavilion",
                "new_venue_this_year": "No",
                "start": "11:00:00",
                "ticketed_events": "No",
                "url": "https://programme.openhouse.org.uk/listings/10630"
            },
            "type": "Feature"
        },
        {
            "geometry": {
                "coordinates": [
                    -0.1398657,
                    51.52359629999999
                ],
                "type": "Point"
            },
            "properties": {
                "balloted": "No",
                "description": "9 Fitzroy Square is the home of the British Cardiovascular Society. In addition to original architectural features, visitors will be able to view the BCS collection of objects illustrating the history of cardiology. Last entry 3.30 pm.",
                "end": "15:30:00",
                "fully_booked": "",
                "images": [
                    {
                        "archive_url": "https://raw.githubusercontent.com/infrastructureclub/open-house-london-images/master/images/2026/10880/building_10880_08410006_98023eef9a86a13deb4adadfbc9a6538.jpg",
                        "title": "9 Fitzroy Square front"
                    },
                    {
                        "archive_url": "https://raw.githubusercontent.com/infrastructureclub/open-house-london-images/master/images/2026/10880/building_10880_9fitzroy1_25aa03f7edf8847a8465639dd711b738.jpg",
                        "title": "9 Fitzroy Square from north side"
                    }
                ],
                "name": "British Cardiovascular Society",
                "new_venue_this_year": "No",
                "start": "10:00:00",
                "ticketed_events": "No",
                "url": "https://programme.openhouse.org.uk/listings/10880"
            },
            "type": "Feature"
        },
        {
            "geometry": {
                "coordinates": [
                    -0.13092,
                    51.53106
                ],
                "type": "Point"
            },
            "properties": {
                "balloted": "No",
                "description": "A great little museum set in the Grade 2 listed Ossulston Estate - a prime example of pre-war Social housing - based on Karl Marz Hof in Vienna.\r\nOpen Tuesday to Saturday 10am-5pm, plus Sunday 13th 12am-4pm.",
                "end": "16:00:00",
                "fully_booked": "",
                "images": [
                    {
                        "archive_url": "https://raw.githubusercontent.com/infrastructureclub/open-house-london-images/master/images/2026/10952/building_10952_img_6471_8c646e7b585214745cac2bac5d892502.jpeg",
                        "title": "Inside the Ossulston Estate - Diana Foster"
                    },
                    {
                        "archive_url": "https://raw.githubusercontent.com/infrastructureclub/open-house-london-images/master/images/2026/10952/building_10952_image-15_e16b0cc04819f673c9e9f48ceb631876.jpg",
                        "title": "Pearly Queen outside the People's Museum - Diana Foster"
                    },
                    {
                        "archive_url": "https://raw.githubusercontent.com/infrastructureclub/open-house-london-images/master/images/2026/10952/building_10952_bayes_draper_7f3e5b45b5214a3678350c626287e132.jpg",
                        "title": "Hear the story of stolen social housing art from those who restituted it. Gilbert Bayes 'Draper'"
                    },
                    {
                        "archive_url": "https://raw.githubusercontent.com/infrastructureclub/open-house-london-images/master/images/2026/10952/building_10952_image_5190c3ba3a353bf7d685190ba20e632f.jpg",
                        "title": "The People's Museum - Diana Foster"
                    },
                    {
                        "archive_url": "https://raw.githubusercontent.com/infrastructureclub/open-house-london-images/master/images/2026/10952/building_10952_gqh6-qgxeaarxpf_ad2f7ba8f9690a14696531d538d5cfb6.jpeg",
                        "title": "Guided walk - Diana Foster"
                    },
                    {
                        "archive_url": "https://raw.githubusercontent.com/infrastructureclub/open-house-london-images/master/images/2026/10952/building_10952_img_6473_392358fa284aea6acbb4f7a047ac2f52.jpeg",
                        "title": "Our museum on the historic Ossulston Estate - A Space for Us? - Diana Foster"
                    }
                ],
                "name": "People's Museum Somers Town",
                "new_venue_this_year": "No",
                "start": "12:00:00",
                "ticketed_events": "No",
                "url": "https://programme.openhouse.org.uk/listings/10952"
            },
            "type": "Feature"
        },
        {
            "geometry": {
                "coordinates": [
                    -0.1463674,
                    51.571608
                ],
                "type": "Point"
            },
            "properties": {
                "balloted": "No",
                "description": "Discover OmVed Gardens’ new buildings and landscape during London Open House  Festival. Piers Smerin’s Douglas‑fir frames and cedar cladding form pyramid silhouettes, with a kitchen crowned by a roof garden. Passive design, raised roofs and oasthouse‑style vents keep spaces airy. Paul Gazerwitz’s hillside paths weave woodland, meadow, veg plots, ponds and orchard into a green village.",
                "end": "15:00:00",
                "fully_booked": "",
                "images": [
                    {
                        "archive_url": "https://raw.githubusercontent.com/infrastructureclub/open-house-london-images/master/images/2026/11062/building_11062_screenshot-2026-06-23-at-12-54-10-2_fd90eb28ea90b436eaa6ae5548f40a83.jpeg",
                        "title": "Photography: Corinne Amos"
                    },
                    {
                        "archive_url": "https://raw.githubusercontent.com/infrastructureclub/open-house-london-images/master/images/2026/11062/building_11062_omved-seeds-40_-maurizio-mucciola_8403f798b7e996f47ddd17ec5f8342fc.jpg",
                        "title": "Photography: Maurizio Mucciola\r\n@maurizio.photos\r\nwww.mauriziomucciola.com"
                    },
                    {
                        "archive_url": "https://raw.githubusercontent.com/infrastructureclub/open-house-london-images/master/images/2026/11062/building_11062_omved-interior-1_-maurizio-mucciola_845b99416a26d3a6d1ce0e7444b61be2.jpg",
                        "title": "Photography: Maurizio Mucciola\r\n@maurizio.photos\r\nwww.mauriziomucciola.com"
                    },
                    {
                        "archive_url": "https://raw.githubusercontent.com/infrastructureclub/open-house-london-images/master/images/2026/11062/building_11062_omved-seeds-10_-maurizio-mucciola_1cbe5990009bfe27a8635a21cfaacee1.jpg",
                        "title": "Photography: Maurizio Mucciola\r\n@maurizio.photos\r\nwww.mauriziomucciola.com"
                    },
                    {
                        "archive_url": "https://raw.githubusercontent.com/infrastructureclub/open-house-london-images/master/images/2026/11062/building_11062_dscf0910_613bb4259349731cb05657e2d716d0bd.jpg",
                        "title": "Photography: Elsa Pearl"
                    },
                    {
                        "archive_url": "https://raw.githubusercontent.com/infrastructureclub/open-house-london-images/master/images/2026/11062/building_11062_dscf9984_368921914a4abc753ea935ebb48f735a.jpg",
                        "title": "Photography: Elsa Pearl"
                    },
                    {
                        "archive_url": "https://raw.githubusercontent.com/infrastructureclub/open-house-london-images/master/images/2026/11062/building_11062_omved-seeds-01_-maurizio-mucciola_1973a1cb9c0799b5f60724981df08286.jpg",
                        "title": "Photography: Maurizio Mucciola\r\n@maurizio.photos\r\nwww.mauriziomucciola.com"
                    },
                    {
                        "archive_url": "https://raw.githubusercontent.com/infrastructureclub/open-house-london-images/master/images/2026/11062/building_11062_dji_0722-large_932ee048f780dc847f70efa8cc9b8491.jpeg",
                        "title": "Photography: Corinne Amos"
                    },
                    {
                        "archive_url": "https://raw.githubusercontent.com/infrastructureclub/open-house-london-images/master/images/2026/11062/building_11062_ep_cm_17-06-10_3b7e97c62ee34cf3acb3048e5ade4c0e.jpg",
                        "title": "Photographer: Elsa Pearl"
                    }
                ],
                "name": "OmVed Gardens",
                "new_venue_this_year": "No",
                "start": "11:00:00",
                "ticketed_events": "No",
                "url": "https://programme.openhouse.org.uk/listings/11062"
            },
            "type": "Feature"
        },
        {
            "geometry": {
                "coordinates": [
                    -0.23739,
                    51.50675
                ],
                "type": "Point"
            },
            "properties": {
                "balloted": "No",
                "description": "Tucked behind a busy road in W12, this former foundry is a multi-level development featuring an architects’ studio with courtyards and spaces for exhibitions and musical performances. The  building's 15m brick chimney is a local landmark.\r\n\r\nThis year we have a new exhibition in our gallery, showcasing the work of celebrated British artist Sophie Smallhorn.",
                "end": "16:00:00",
                "fully_booked": "",
                "images": [
                    {
                        "archive_url": "https://raw.githubusercontent.com/infrastructureclub/open-house-london-images/master/images/2026/11069/building_11069_tha-001_the-foundry_dsc3879_ae6060d888c1e208d643551f55ee6924.jpg",
                        "title": "The Foundry chimney and roofscape at dusk"
                    },
                    {
                        "archive_url": "https://raw.githubusercontent.com/infrastructureclub/open-house-london-images/master/images/2026/11069/building_11069_tha-011_the-foundry_dsc9202_144ee3d8feaf9c9dc75165ddf7ab57ff.jpg",
                        "title": "The Foundry seen from the north courtyard shows chimney, saw-tooth roof and double height library"
                    },
                    {
                        "archive_url": "https://raw.githubusercontent.com/infrastructureclub/open-house-london-images/master/images/2026/11069/building_11069_tha-002_the-foundry_dsc9613_f742b7dddc22f0cee3a501b176a6ee19.jpg",
                        "title": "The Foundry entrance seen from Adelaide Grove"
                    },
                    {
                        "archive_url": "https://raw.githubusercontent.com/infrastructureclub/open-house-london-images/master/images/2026/11069/building_11069_tha-008_the-foundry_t_h_009_2400_ff111d7ec05ebda37f64c022f3d06d17.jpg",
                        "title": "The double height library with chimney, showing pivot door and glazing over the north courtyard"
                    },
                    {
                        "archive_url": "https://raw.githubusercontent.com/infrastructureclub/open-house-london-images/master/images/2026/11069/building_11069_tha-009_the-foundry_dsc891_c610727551c93449072714afb2be9930.jpg",
                        "title": "View from the west showing the chimney, saw-tooth roof, gable end glazing and large studio window"
                    },
                    {
                        "archive_url": "https://raw.githubusercontent.com/infrastructureclub/open-house-london-images/master/images/2026/11069/building_11069_tha-013_the-foundry_dsc1902_6720f0c99ae04efe34a8696d26d7fa5b.jpg",
                        "title": "A model showing the relationship between the form of the studio building and housing surrounding it"
                    },
                    {
                        "archive_url": "https://raw.githubusercontent.com/infrastructureclub/open-house-london-images/master/images/2026/11069/building_11069_rosamonde-hatton-v2_3c6c8ca119f963a58708a70cdfd03265.jpg",
                        "title": "Rosamonde Hatton"
                    }
                ],
                "name": "Timothy Hatton Architects – The Foundry",
                "new_venue_this_year": "No",
                "start": "11:00:00",
                "ticketed_events": "No",
                "url": "https://programme.openhouse.org.uk/listings/11069"
            },
            "type": "Feature"
        },
        {
            "geometry": {
                "coordinates": [
                    -0.05527,
                    51.39767
                ],
                "type": "Point"
            },
            "properties": {
                "balloted": "No",
                "description": "A Grade 2-listed mid-Victorian parish church in the Gothic style,  built of Kentish ragstone with a slate roof.  Unique features include a panel of hand-made decorated tiles beyond the High Altar - probably Royal Doulton - and five noted stained glass windows, probably by Alfred Hemming.  The baptistery is also noteworthy, with its font and five murals of Biblical scenes, painted in oil on canvas.",
                "end": "17:00:00",
                "fully_booked": "",
                "images": [
                    {
                        "archive_url": "https://raw.githubusercontent.com/infrastructureclub/open-house-london-images/master/images/2026/11197/building_11197_p1000310_268d74332267782df27c77e8b49256a2.jpg",
                        "title": "St Mark's from the North"
                    },
                    {
                        "archive_url": "https://raw.githubusercontent.com/infrastructureclub/open-house-london-images/master/images/2026/11197/building_11197_p1000318_71df1003c421d221c8813722027ebd2d.jpg",
                        "title": "St Mark's from the East"
                    }
                ],
                "name": "St Mark’s Church",
                "new_venue_this_year": "No",
                "start": "14:00:00",
                "ticketed_events": "No",
                "url": "https://programme.openhouse.org.uk/listings/11197"
            },
            "type": "Feature"
        },
        {
            "geometry": {
                "coordinates": [
                    -0.065944,
                    51.62622649999999
                ],
                "type": "Point"
            },
            "properties": {
                "balloted": "No",
                "description": "Listed Grade ll* and celebrating its 890th year, All Saints Church  has aspects of the fabric dating back to at least early C12 with further modification and additions in the 15th, 17th and 19th centuries.  Charles and Mary Lamb lived on Church Street, where the church is situated and are buried in the Garden of Remembrance within the churchyard.",
                "end": "16:00:00",
                "fully_booked": "",
                "images": [
                    {
                        "archive_url": "https://raw.githubusercontent.com/infrastructureclub/open-house-london-images/master/images/2026/11274/building_11274_pastoral-church_70f0ce91bbd4b6b124d64fa41dddc549.jpg",
                        "title": "Roxane Liddell"
                    },
                    {
                        "archive_url": "https://raw.githubusercontent.com/infrastructureclub/open-house-london-images/master/images/2026/11274/building_11274_chancel_79c951bf876e86eb68e00171abdb253f.jpg",
                        "title": "Roxane Liddell"
                    },
                    {
                        "archive_url": "https://raw.githubusercontent.com/infrastructureclub/open-house-london-images/master/images/2026/11274/building_11274_all-saints-snow_08d1f327c6527b6597c0c09aab364b99.jpg",
                        "title": "Roxane Liddell"
                    },
                    {
                        "archive_url": "https://raw.githubusercontent.com/infrastructureclub/open-house-london-images/master/images/2026/11274/building_11274_external-all-saints_28b6d224bcaae4eff60c4bd38c4a1dcf.jpg",
                        "title": "Roxane Liddell"
                    },
                    {
                        "archive_url": "https://raw.githubusercontent.com/infrastructureclub/open-house-london-images/master/images/2026/11274/building_11274_saints_4b5b2bff52373b542054df9d58d12a35.jpg",
                        "title": "Roxane Liddell"
                    }
                ],
                "name": "All Saints Church, Edmonton",
                "new_venue_this_year": "No",
                "start": "12:00:00",
                "ticketed_events": "No",
                "url": "https://programme.openhouse.org.uk/listings/11274"
            },
            "type": "Feature"
        },
        {
            "geometry": {
                "coordinates": [
                    -0.10474,
                    51.52016
                ],
                "type": "Point"
            },
            "properties": {
                "balloted": "No",
                "description": "A walk along and around a stretch of London's most famous hidden river. The River Fleet is underground these days, but it's left its mark on the landscape. Discover the layers of history in this less explored corner of central London.",
                "end": "13:00:00",
                "fully_booked": "No",
                "images": [
                    {
                        "archive_url": "https://raw.githubusercontent.com/infrastructureclub/open-house-london-images/master/images/2026/11320/building_11320_38-bus_bb0cc4dd875c270f913c51204d5f08f6.jfif",
                        "title": ""
                    }
                ],
                "name": "The Fleet beneath your feet",
                "new_venue_this_year": "No",
                "start": "11:00:00",
                "ticketed_events": "Yes",
                "url": "https://programme.openhouse.org.uk/listings/11320"
            },
            "type": "Feature"
        },
        {
            "geometry": {
                "coordinates": [
                    -0.1331912,
                    51.4952653
                ],
                "type": "Point"
            },
            "properties": {
                "balloted": "No",
                "description": "A Grade 2 listed former Territorial Army Drill Hall  featuring restored elements of the original 1882 design. It has a triple height central hall with the restored wrought iron balconies and roofing.  Notable Neo-Georgian design brickwork. It is also unique in being the last ever military drill hall built in the UK.",
                "end": "16:00:00",
                "fully_booked": "",
                "images": [
                    {
                        "archive_url": "https://raw.githubusercontent.com/infrastructureclub/open-house-london-images/master/images/2026/11324/building_11324_london-scottish-house-image-1_0c443ccce6b0978cbdd4d3fc960bb59a.jpeg",
                        "title": "View from the top floor balcony inside the drill hall and showing part of the galleried museum."
                    },
                    {
                        "archive_url": "https://raw.githubusercontent.com/infrastructureclub/open-house-london-images/master/images/2026/11324/building_11324_london-scottish-house-image-2_af3035e68835ca0c4b94c9cd395ace66.jpeg",
                        "title": "View of the 1886 Portico and drill hall floor plus the unique arched glass ceiling."
                    },
                    {
                        "archive_url": "https://raw.githubusercontent.com/infrastructureclub/open-house-london-images/master/images/2026/11324/building_11324_london-scottish-house-image-3_2558d036a0cc4547832b2ef904fe7ca4.jpeg",
                        "title": "View from the Drill Hall floor showing the WW1 memorial, restored balconies and wrought iron and glass roof"
                    },
                    {
                        "archive_url": "https://raw.githubusercontent.com/infrastructureclub/open-house-london-images/master/images/2026/11324/building_11324_img_7094_jpg_a808ff61ae780f715ccd6b11c2cb98eb.jpg",
                        "title": "WW2 Memorial designed by Oliver Hill RIBA, who seerved in the London Scottish Regiment in WW1."
                    }
                ],
                "name": "London Scottish House (London Scottish Regimental Headquarters)",
                "new_venue_this_year": "No",
                "start": "10:00:00",
                "ticketed_events": "No",
                "url": "https://programme.openhouse.org.uk/listings/11324"
            },
            "type": "Feature"
        },
        {
            "geometry": {
                "coordinates": [
                    -0.2157288,
                    51.5066382
                ],
                "type": "Point"
            },
            "properties": {
                "balloted": "No",
                "description": "Central Gurdwara (Khalsa Jatha) London is the UK's oldest established Sikh Place of Worship. Originally founded in 1908 it has been at the current site since 1969 and has recently been refurbished into a modern Sikh place of worship.",
                "end": "16:00:00",
                "fully_booked": "",
                "images": [
                    {
                        "archive_url": "https://raw.githubusercontent.com/infrastructureclub/open-house-london-images/master/images/2026/11364/building_11364_img_3557_e058d6da326421599d6e918af36b14ed.jpg",
                        "title": "Exterior - Bhupinder Bhasin"
                    },
                    {
                        "archive_url": "https://raw.githubusercontent.com/infrastructureclub/open-house-london-images/master/images/2026/11364/building_11364_gurdwara1-3_6132611f12dcf25e5e29ad1a87a0f61e.jpg",
                        "title": "Sikh Shrine - Bhupinder Bhasin"
                    },
                    {
                        "archive_url": "https://raw.githubusercontent.com/infrastructureclub/open-house-london-images/master/images/2026/11364/building_11364_gurdwara1-2_4c9ea9b20f9458104dbebd7ed7d5a98b.jpg",
                        "title": "Main Durbar Hall - Bhupinder Bhasin"
                    },
                    {
                        "archive_url": "https://raw.githubusercontent.com/infrastructureclub/open-house-london-images/master/images/2026/11364/building_11364_gurdwara1-6_b0989f8b9b150f9660d43211bcbfc91c.jpg",
                        "title": "View of Sikh Throne - Bhupinder Bhasin"
                    },
                    {
                        "archive_url": "https://raw.githubusercontent.com/infrastructureclub/open-house-london-images/master/images/2026/11364/building_11364_screenshot-2025-05-14-155800_4b25c1c3b01c0bb5ff7f46d964718452.png",
                        "title": "Langar (Community Kitchen) - Bhupinder Bhasin"
                    }
                ],
                "name": "Central Gurdwara (Khalsa Jatha) London",
                "new_venue_this_year": "No",
                "start": "14:00:00",
                "ticketed_events": "No",
                "url": "https://programme.openhouse.org.uk/listings/11364"
            },
            "type": "Feature"
        },
        {
            "geometry": {
                "coordinates": [
                    -0.0635681,
                    51.5838118
                ],
                "type": "Point"
            },
            "properties": {
                "balloted": "No",
                "description": "Gaunson Creative Studios in South Tottenham, home to over 70 artist studios, will be opening its doors for the first time since 2019. Visitors will be able to meet and buy from over 50 artists across the weekend.",
                "end": "18:00:00",
                "fully_booked": "",
                "images": [
                    {
                        "archive_url": "https://raw.githubusercontent.com/infrastructureclub/open-house-london-images/master/images/2026/11380/building_11380_studio-2_6ab0f3cef02cdc31fb0e043aa6f08345.jpg",
                        "title": "Hazel Brown"
                    },
                    {
                        "archive_url": "https://raw.githubusercontent.com/infrastructureclub/open-house-london-images/master/images/2026/11380/building_11380_studios1_901875dd2f97e9e4f3d09e0db27bf063.jpg",
                        "title": "Hazel Brown"
                    },
                    {
                        "archive_url": "https://raw.githubusercontent.com/infrastructureclub/open-house-london-images/master/images/2026/11380/building_11380_dscf7613_de3604daa616984f902b8762f0ec16c6.jpg",
                        "title": "Open studios 2025 - Hazel Brown"
                    }
                ],
                "name": "Gaunson Creative Open Studios part of Markfield Road Festival",
                "new_venue_this_year": "No",
                "start": "14:00:00",
                "ticketed_events": "No",
                "url": "https://programme.openhouse.org.uk/listings/11380"
            },
            "type": "Feature"
        },
        {
            "geometry": {
                "coordinates": [
                    0.08728,
                    51.41486
                ],
                "type": "Point"
            },
            "properties": {
                "balloted": "No",
                "description": "See the archaeological excavations and Tudor foundations at Scadbury Moated Manor - which still has its moat around it.",
                "end": "16:30:00",
                "fully_booked": "",
                "images": [
                    {
                        "archive_url": "https://raw.githubusercontent.com/infrastructureclub/open-house-london-images/master/images/2026/11382/building_11382_scadbury-moated-manor_1ea20ffef28c9e69c265588c9b4142d7.jpg",
                        "title": "Scadbury Moated Manor"
                    },
                    {
                        "archive_url": "https://raw.githubusercontent.com/infrastructureclub/open-house-london-images/master/images/2026/11382/building_11382_scadbury-rainbow_a3379067b515a50714811bce94474822.jpg",
                        "title": "Orpington and District Archaeological Society"
                    }
                ],
                "name": "Scadbury Moated Manor",
                "new_venue_this_year": "No",
                "start": "14:00:00",
                "ticketed_events": "No",
                "url": "https://programme.openhouse.org.uk/listings/11382"
            },
            "type": "Feature"
        },
        {
            "geometry": {
                "coordinates": [
                    -0.10501,
                    51.47179
                ],
                "type": "Point"
            },
            "properties": {
                "balloted": "No",
                "description": "Longfield Hall was built by William Minet and completed in 1889. It was designed by architect George Hubbard. William Minet also built the library opposite the hall, St James the Apostle Church on Knatchbull Road and much of the housing which surrounds Myatt’s Fields Park. Sadly the original library building was destroyed by a bomb during the Second World War, while Longfield Hall was undamaged.",
                "end": "14:00:00",
                "fully_booked": "",
                "images": [
                    {
                        "archive_url": "https://raw.githubusercontent.com/infrastructureclub/open-house-london-images/master/images/2026/11619/building_11619_longfield-hall-26_websize_da2890b2bc6bc6ab01a9b89a4e995135.jpg",
                        "title": "The upper Hall"
                    },
                    {
                        "archive_url": "https://raw.githubusercontent.com/infrastructureclub/open-house-london-images/master/images/2026/11619/building_11619_img_20220323_094021_resized_20230323_080415529_8cd7e51c4e3a84c538d45e2822a4e62e.jpg",
                        "title": null
                    },
                    {
                        "archive_url": "https://raw.githubusercontent.com/infrastructureclub/open-house-london-images/master/images/2026/11619/building_11619_imgc8256_2499c087430281debae3ca22331b2c40.jpg",
                        "title": "A Night at the Musicals 2026"
                    }
                ],
                "name": "Longfield Hall",
                "new_venue_this_year": "No",
                "start": "10:00:00",
                "ticketed_events": "No",
                "url": "https://programme.openhouse.org.uk/listings/11619"
            },
            "type": "Feature"
        },
        {
            "geometry": {
                "coordinates": [
                    -0.12166,
                    51.53985
                ],
                "type": "Point"
            },
            "properties": {
                "balloted": "No",
                "description": "Home to RHS Chelsea Gold Medalists Mike McMahon and Jewlsy Mathews, this space showcases a decade of their handcrafted furniture and cabinetry. \r\nTheir work, all made by their own hands, has received international acclaim featuring in BBC Gardeners' World (TV), The Modern House, The Observer, Dwell, Interior Design and IDEAT. Experience bespoke design in every meticulously crafted detail.",
                "end": "18:00:00",
                "fully_booked": "",
                "images": [
                    {
                        "archive_url": "https://raw.githubusercontent.com/infrastructureclub/open-house-london-images/master/images/2026/11767/building_11767_rufford-mews_1f05f678cb2c35229decb8af1e1d55c0.jpg",
                        "title": "Photograph by Peter Molloy"
                    },
                    {
                        "archive_url": "https://raw.githubusercontent.com/infrastructureclub/open-house-london-images/master/images/2026/11767/building_11767_rufford-mews-kitchen_7c0335041a27251114dff9191793f8d9.jpg",
                        "title": "Rufford Mews Kitchen. Photography by Peter Molloy."
                    },
                    {
                        "archive_url": "https://raw.githubusercontent.com/infrastructureclub/open-house-london-images/master/images/2026/11767/building_11767_rufford-mews-shelves_71288e5e5dbec64cf0aa9cbacae405ff.jpg",
                        "title": "Rufford Mews Shelves. Photography by Peter Molloy."
                    },
                    {
                        "archive_url": "https://raw.githubusercontent.com/infrastructureclub/open-house-london-images/master/images/2026/11767/building_11767_rufford-mews-balcony_4666eda1d02dded72cdecb653b824da9.jpg",
                        "title": "Rufford Mews Balcony- By Peter Molloy"
                    },
                    {
                        "archive_url": "https://raw.githubusercontent.com/infrastructureclub/open-house-london-images/master/images/2026/11767/building_11767_rufford-mews-junglette-balcony-by-peter-molloy_8c58a68d982664a874e40ef4db0c27b7.jpg",
                        "title": "Rufford Mews Junglette Balcony. Photo by Peter Molloy"
                    },
                    {
                        "archive_url": "https://raw.githubusercontent.com/infrastructureclub/open-house-london-images/master/images/2026/11767/building_11767_living-room-unfurl-plywood-dining-chairs-and-carrach-table-photo-by-mike-mcmahon_cdb9fc21645c7c6f6f38b6b4c6f125ac.jpg",
                        "title": "Living Room- Unfurl Plywood Dining Chairs and Currach Table Photo by Mike McMahon"
                    },
                    {
                        "archive_url": "https://raw.githubusercontent.com/infrastructureclub/open-house-london-images/master/images/2026/11767/building_11767_living-room-span-sofa-dinesen-douglas-fir-sofa-on-concrete-pilotti-photo-by-peter-molloy_8460cb9e9023c4a9e78fa080f5cfc128.jpg",
                        "title": "Living Room- Span Sofa- Photo by Peter Molloy"
                    },
                    {
                        "archive_url": "https://raw.githubusercontent.com/infrastructureclub/open-house-london-images/master/images/2026/11767/building_11767_child-s-bedroom-shutter-bed-gif_36731528ddd00bd1d5982e296696977e.gif",
                        "title": "Child's Bedroom- Shutter Bed- Photo by Peter Molloy"
                    },
                    {
                        "archive_url": "https://raw.githubusercontent.com/infrastructureclub/open-house-london-images/master/images/2026/11767/building_11767_child-s-bedroom-shutter-bed-image-1_photo-by-peter-molloy_c76efef6c408b26dd2f68169ddf88b77.jpg",
                        "title": "Shutter Bed _Photo by Peter Molloy"
                    },
                    {
                        "archive_url": "https://raw.githubusercontent.com/infrastructureclub/open-house-london-images/master/images/2026/11767/building_11767_living-room-reading-nook-image-1-photo-by-peter-molloy_1167eba3e07be993eed8492a01e69b3f.jpg",
                        "title": "Reading Nook Photo by Peter Molloy"
                    },
                    {
                        "archive_url": "https://raw.githubusercontent.com/infrastructureclub/open-house-london-images/master/images/2026/11767/building_11767_main-bedroom-stereopsis-credenza-image-1-photo-by-peter-molloy_6cf31b824d3a5298779595eb1e535008.jpg",
                        "title": "Stereopsis Credenza Photo by Peter Molloy"
                    }
                ],
                "name": "Rufford Mews Apartment",
                "new_venue_this_year": "No",
                "start": "12:00:00",
                "ticketed_events": "No",
                "url": "https://programme.openhouse.org.uk/listings/11767"
            },
            "type": "Feature"
        },
        {
            "geometry": {
                "coordinates": [
                    -0.39714,
                    51.57655
                ],
                "type": "Point"
            },
            "properties": {
                "balloted": "No",
                "description": "Discover the fascinating history of Eastcote and its surroundings, focused on how the landscape has changed, from the exclusively agricultural area to the today's modern suburb, revealing some of the oldest local buildings and their stories",
                "end": "13:30:00",
                "fully_booked": "No",
                "images": [
                    {
                        "archive_url": "https://raw.githubusercontent.com/infrastructureclub/open-house-london-images/master/images/2026/11816/building_11816_img_0212_1fd8a64b76716ca0d95a94a406b6bad4.jpg",
                        "title": "Discover the beauty of Eastcote Village and the history behind some of its significant buildings."
                    },
                    {
                        "archive_url": "https://raw.githubusercontent.com/infrastructureclub/open-house-london-images/master/images/2026/11816/building_11816_20230318_135610_6aabd872c46e7af7894eaa7988282ea3.jpg",
                        "title": "Haydon Lodge"
                    },
                    {
                        "archive_url": "https://raw.githubusercontent.com/infrastructureclub/open-house-london-images/master/images/2026/11816/building_11816_20230318_140324_de3c9e12b109e9cc36e394d79f9ae7ff.jpg",
                        "title": "Ramin House, one of the oldest building int he area"
                    },
                    {
                        "archive_url": "https://raw.githubusercontent.com/infrastructureclub/open-house-london-images/master/images/2026/11816/building_11816_20230318_142615-1_e9ef26abda1069a49d98b6c28aaa1bad.jpg",
                        "title": "Highgrove House"
                    },
                    {
                        "archive_url": "https://raw.githubusercontent.com/infrastructureclub/open-house-london-images/master/images/2026/11816/building_11816_20230318_141802-1_8f7618870f2fcb92033b71997842ac2a.jpg",
                        "title": "New Cottages"
                    },
                    {
                        "archive_url": "https://raw.githubusercontent.com/infrastructureclub/open-house-london-images/master/images/2026/11816/building_11816_20230318_132858_eb8ee4b5bbbc4a3f1679aa26294f586e.jpg",
                        "title": "Tudor Lodge"
                    }
                ],
                "name": "Eastcote Walking Tour",
                "new_venue_this_year": "No",
                "start": "11:00:00",
                "ticketed_events": "Yes",
                "url": "https://programme.openhouse.org.uk/listings/11816"
            },
            "type": "Feature"
        },
        {
            "geometry": {
                "coordinates": [
                    -0.08263,
                    51.51763
                ],
                "type": "Point"
            },
            "properties": {
                "balloted": "No",
                "description": "For hundreds of years, Spitalfields has been a place where those seeking safety, work, and community have settled.  They all leave their mark in streets buildings in an area rich in history and architectural interest.",
                "end": "12:30:00",
                "fully_booked": "No",
                "images": [
                    {
                        "archive_url": "https://raw.githubusercontent.com/infrastructureclub/open-house-london-images/master/images/2026/11821/building_11821_sandy-s-row-for-open-house_17e02f694068816b1bc72abf73663d4d.jpg",
                        "title": "Sandy's Row synagogue"
                    },
                    {
                        "archive_url": "https://raw.githubusercontent.com/infrastructureclub/open-house-london-images/master/images/2026/11821/building_11821_open-house-version_94cbcb86e7b77319d04b5324ab426dc7.jpg",
                        "title": null
                    }
                ],
                "name": "Spitalfields - stories of people",
                "new_venue_this_year": "No",
                "start": "11:00:00",
                "ticketed_events": "Yes",
                "url": "https://programme.openhouse.org.uk/listings/11821"
            },
            "type": "Feature"
        },
        {
            "geometry": {
                "coordinates": [
                    -0.17464,
                    51.50466
                ],
                "type": "Point"
            },
            "properties": {
                "balloted": "No",
                "description": "A floating acoustic architecture, playfully reframing public space as an essential community engagement through sound & site mapping. Accessed by smartphone, headphones & echoes.xyz app, the Pavilion is located outside the Serpentine Gallery,. Drawing on Oskar & Zofia Hansen’s Open Form architectural concept it is one of 15 in a series including Venice, Berlin, Dublin, Bergen and Arctic Norway.",
                "end": "20:00:00",
                "fully_booked": "",
                "images": [
                    {
                        "archive_url": "https://raw.githubusercontent.com/infrastructureclub/open-house-london-images/master/images/2026/11855/building_11855_london-open-form-pavilion-of-air-design-and-presentation_214cd30ce7ca5d941be727d86f2eb973.jpg",
                        "title": "Architectural and spatial design functions also as logo for London Pavilion audiowork"
                    },
                    {
                        "archive_url": "https://raw.githubusercontent.com/infrastructureclub/open-house-london-images/master/images/2026/11855/building_11855_qr-code-london-open-form-pavilion-of-air-1_a87bb30e72967aa06b4470ab2e37b0d2.jpg",
                        "title": "QR code to access London Open Form Pavilion of Air"
                    },
                    {
                        "archive_url": "https://raw.githubusercontent.com/infrastructureclub/open-house-london-images/master/images/2026/11855/building_11855_london-open-form-pavilion-of-air-design-and-presentation-05cd1c-map_7029344be6f1bc2ee855960aa0b17686.jpg",
                        "title": "Architectural design & spatial sound design for Pavilion with position in Kensington Gardens"
                    }
                ],
                "name": "London Open Form Pavilion of Air",
                "new_venue_this_year": "No",
                "start": "06:00:00",
                "ticketed_events": "No",
                "url": "https://programme.openhouse.org.uk/listings/11855"
            },
            "type": "Feature"
        },
        {
            "geometry": {
                "coordinates": [
                    -0.11101,
                    51.51192
                ],
                "type": "Point"
            },
            "properties": {
                "balloted": "No",
                "description": "The Honourable Society of the Middle Temple is one of the four Inns of Court, exclusively entitled to Call their members to the Bar of England and Wales. We provide support, education and accomodation to barristers at every stage of their careers. Middle Temple Hall, Bench apartments, and Middle Temple Library will be open to the public on Sunday 13 September from 12-4pm. Last entry is at 3.45pm.",
                "end": "16:00:00",
                "fully_booked": "",
                "images": [
                    {
                        "archive_url": "https://raw.githubusercontent.com/infrastructureclub/open-house-london-images/master/images/2026/12013/building_12013_img_2978_5c7b4ef7219454ac82ebd6e6f9d90478.jpg",
                        "title": "Middle Temple Hall and Gardens"
                    },
                    {
                        "archive_url": "https://raw.githubusercontent.com/infrastructureclub/open-house-london-images/master/images/2026/12013/building_12013__dsc0948-1_c9b97506818f624e9a975787b8de2251.jpg",
                        "title": "Middle Temple Hall"
                    },
                    {
                        "archive_url": "https://raw.githubusercontent.com/infrastructureclub/open-house-london-images/master/images/2026/12013/building_12013_mt_hall_3-800-x-pixels-1_64844985b079fec5355f1b2f693a5cfc.jpg",
                        "title": "Middle Temple Hall"
                    },
                    {
                        "archive_url": "https://raw.githubusercontent.com/infrastructureclub/open-house-london-images/master/images/2026/12013/building_12013_mtl-11_9cc3c6af706b7572f9158338c495765b.jpg",
                        "title": "Middle Temple Library"
                    },
                    {
                        "archive_url": "https://raw.githubusercontent.com/infrastructureclub/open-house-london-images/master/images/2026/12013/building_12013_copy-of-archive-of-the-month-1_c63626c0a55c8731e0cebb833639e5ab.png",
                        "title": "Middle Temple Bench Apartments"
                    },
                    {
                        "archive_url": "https://raw.githubusercontent.com/infrastructureclub/open-house-london-images/master/images/2026/12013/building_12013_hall_and_gardens_c6fabbd62039cc4775b077218002d86e.jpg",
                        "title": "Middle Temple Hall and Gardens"
                    },
                    {
                        "archive_url": "https://raw.githubusercontent.com/infrastructureclub/open-house-london-images/master/images/2026/12013/building_12013_hall-interior-bm-peller_7ea37776f25019d2e4630d9889137bb4.jpg",
                        "title": "Middle Temple Hall"
                    }
                ],
                "name": "The Honourable Society of the Middle Temple",
                "new_venue_this_year": "No",
                "start": "12:00:00",
                "ticketed_events": "No",
                "url": "https://programme.openhouse.org.uk/listings/12013"
            },
            "type": "Feature"
        },
        {
            "geometry": {
                "coordinates": [
                    -0.18237,
                    51.5404
                ],
                "type": "Point"
            },
            "properties": {
                "balloted": "No",
                "description": "Visit a recently refurbished apartment of Neave Brown’s Alexandra Road Estate in Camden. This is a 3 bed maisonette flat, lower ground and ground floor levels on block B along the pedestrian Rowley Way.",
                "end": "17:00:00",
                "fully_booked": "No",
                "images": [
                    {
                        "archive_url": "https://raw.githubusercontent.com/infrastructureclub/open-house-london-images/master/images/2026/12110/building_12110_img_2723_33fd553c284f3d8b5dc2597d6068c24b.jpg",
                        "title": "Robert Caputo"
                    },
                    {
                        "archive_url": "https://raw.githubusercontent.com/infrastructureclub/open-house-london-images/master/images/2026/12110/building_12110_img_2725_424042523a2bbdad6dc0582b4a9b3104.jpg",
                        "title": "Robert Caputo"
                    },
                    {
                        "archive_url": "https://raw.githubusercontent.com/infrastructureclub/open-house-london-images/master/images/2026/12110/building_12110_img_2720_86d558b6204a41ff1c244e59f870b6a2.jpg",
                        "title": "Robert Caputo"
                    },
                    {
                        "archive_url": "https://raw.githubusercontent.com/infrastructureclub/open-house-london-images/master/images/2026/12110/building_12110_img_2722_b7e5fa64d2f8f4c4a65a07959d9a7053.jpg",
                        "title": "Robert Caputo"
                    },
                    {
                        "archive_url": "https://raw.githubusercontent.com/infrastructureclub/open-house-london-images/master/images/2026/12110/building_12110_img_2719-1_02b6b5270f36e4f9fa4f9231be305efe.jpg",
                        "title": "Robert Caputo"
                    },
                    {
                        "archive_url": "https://raw.githubusercontent.com/infrastructureclub/open-house-london-images/master/images/2026/12110/building_12110_img_2716_38be7de061dad09955d992e23ca7d0f7.jpeg",
                        "title": "Robert Caputo"
                    },
                    {
                        "archive_url": "https://raw.githubusercontent.com/infrastructureclub/open-house-london-images/master/images/2026/12110/building_12110_img_2721_44408b0c490c63ceadc4eccbc9b62740.jpeg",
                        "title": "Robert Caputo"
                    }
                ],
                "name": "Alexandra Road Estate Flat 85B (Rowley Way)",
                "new_venue_this_year": "No",
                "start": "14:00:00",
                "ticketed_events": "Yes",
                "url": "https://programme.openhouse.org.uk/listings/12110"
            },
            "type": "Feature"
        },
        {
            "geometry": {
                "coordinates": [
                    -0.07715,
                    51.39806
                ],
                "type": "Point"
            },
            "properties": {
                "balloted": "No",
                "description": "Visit Little Mouse, an Edwardian shop in South Norwood with original wooden frontage and fascia that is now an artisan cheesemonger.",
                "end": "16:00:00",
                "fully_booked": "",
                "images": [
                    {
                        "archive_url": "https://raw.githubusercontent.com/infrastructureclub/open-house-london-images/master/images/2026/12156/building_12156_screenshot-2024-06-30-at-18-26-16_354070af6088d08898fbe9a5bdf1275a.png",
                        "title": "Restored original Edwardian frontage of Little Mouse cheese shop South Norwood"
                    },
                    {
                        "archive_url": "https://raw.githubusercontent.com/infrastructureclub/open-house-london-images/master/images/2026/12156/building_12156_pxl_20230909_094856855_2668f025bf538fd0565912221f0115c6.jpg",
                        "title": "LITTLE MOUSE CHEESE SHOP"
                    },
                    {
                        "archive_url": "https://raw.githubusercontent.com/infrastructureclub/open-house-london-images/master/images/2026/12156/building_12156_pxl_20240618_203303755-raw-01-cover_6b1deb37409fa61c909dafb6e2164ee1.jpg",
                        "title": "Restored original Edwardian frontage of Little Mouse cheese shop South Norwood"
                    },
                    {
                        "archive_url": "https://raw.githubusercontent.com/infrastructureclub/open-house-london-images/master/images/2026/12156/building_12156_pxl_20230912_115335355_f33a6cf27645db982f2c389f90c2c6b1.jpg",
                        "title": "Restoration of original Edwardian frontage of Little Mouse cheese shop South Norwood"
                    }
                ],
                "name": "Little Mouse Cheese Shop",
                "new_venue_this_year": "No",
                "start": "10:00:00",
                "ticketed_events": "No",
                "url": "https://programme.openhouse.org.uk/listings/12156"
            },
            "type": "Feature"
        },
        {
            "geometry": {
                "coordinates": [
                    0.01224,
                    51.5642
                ],
                "type": "Point"
            },
            "properties": {
                "balloted": "No",
                "description": "The doors to the building will be opened to the public. Not only will visitors get the opportunity to see \"behind the scenes\" at Good Shepherd Studios but they will have the opportunity to join taster sessions from site regulars and find out more about what takes place onsite at Our Pastures Community Garden and Pastures Centre too.",
                "end": "16:00:00",
                "fully_booked": "",
                "images": [
                    {
                        "archive_url": "https://raw.githubusercontent.com/infrastructureclub/open-house-london-images/master/images/2026/12164/building_12164_300823_gss_external_031_rgb_fcd92e186159fd6b353f21a26bd12ab7.jpg",
                        "title": null
                    },
                    {
                        "archive_url": "https://raw.githubusercontent.com/infrastructureclub/open-house-london-images/master/images/2026/12164/building_12164_img-20220314-wa0019-1_9f35dde27379da427876da74edf25791.jpg",
                        "title": null
                    },
                    {
                        "archive_url": "https://raw.githubusercontent.com/infrastructureclub/open-house-london-images/master/images/2026/12164/building_12164_300823_gss_external_014_rgb_c1434d9668753a0c0a099a4143940b35.jpg",
                        "title": null
                    },
                    {
                        "archive_url": "https://raw.githubusercontent.com/infrastructureclub/open-house-london-images/master/images/2026/12164/building_12164_300823_gss_external_009_rgb_8244e956dff6901afe442bd57d62e79b.jpg",
                        "title": null
                    },
                    {
                        "archive_url": "https://raw.githubusercontent.com/infrastructureclub/open-house-london-images/master/images/2026/12164/building_12164_20230911_205718_0002_5b38c033dbf3b3efc3ba70617c4c5414.png",
                        "title": null
                    },
                    {
                        "archive_url": "https://raw.githubusercontent.com/infrastructureclub/open-house-london-images/master/images/2026/12164/building_12164_20230911_205718_0003_713ce9a4c436ea65fa79a9827bf30130.png",
                        "title": null
                    }
                ],
                "name": "Good Shepherd Studios",
                "new_venue_this_year": "No",
                "start": "12:00:00",
                "ticketed_events": "No",
                "url": "https://programme.openhouse.org.uk/listings/12164"
            },
            "type": "Feature"
        },
        {
            "geometry": {
                "coordinates": [
                    -0.10395,
                    51.30475
                ],
                "type": "Point"
            },
            "properties": {
                "balloted": "No",
                "description": "The Norman Fisher Observatory is owned and run by Croydon Astronomical Society. \r\nOpen for the public to visit on clear Saturday evenings from September through to April, we will welcome visitors on Sunday 13th September between 1pm & 4pm.",
                "end": "16:00:00",
                "fully_booked": "",
                "images": [
                    {
                        "archive_url": "https://raw.githubusercontent.com/infrastructureclub/open-house-london-images/master/images/2026/12205/building_12205_img_3043_3badac2293c32f3b5736fd3fe536e7eb.jpeg",
                        "title": "Main dome of the Norman Fisher Observatory, with the clubhouse behind."
                    },
                    {
                        "archive_url": "https://raw.githubusercontent.com/infrastructureclub/open-house-london-images/master/images/2026/12205/building_12205_img_3339_d896d0e573637c69b6d89c88ce7d4f53.jpeg",
                        "title": "Photo by Paula Harvey:\r\nAurora Borealis over Norman Fisher Observatory, Friday 10th May 2024."
                    }
                ],
                "name": "Norman Fisher Observatory",
                "new_venue_this_year": "No",
                "start": "13:00:00",
                "ticketed_events": "No",
                "url": "https://programme.openhouse.org.uk/listings/12205"
            },
            "type": "Feature"
        },
        {
            "geometry": {
                "coordinates": [
                    -0.13453,
                    51.49795
                ],
                "type": "Point"
            },
            "properties": {
                "balloted": "No",
                "description": "Petty France is a short street with a long history. This walk will time travel from the medieval origins of Petty France through its sensational history to its present distinguished profile. We shall study Charles Holden's 1927 Grade 1 listed  London Underground HQ, upstaged in 1976 by Sir Basil Spence's 1976 brutalist monument to modernism,  and where the original Queen Anne house was born.",
                "end": "13:30:00",
                "fully_booked": "No",
                "images": [
                    {
                        "archive_url": "https://raw.githubusercontent.com/infrastructureclub/open-house-london-images/master/images/2026/12209/building_12209_petty-france_214e840f83b1f16347c16a6289219659.jpg",
                        "title": "In Petty France Basil Spence's 1976 monument to modernism challenges Charles Holden's 1927 cruciform"
                    },
                    {
                        "archive_url": "https://raw.githubusercontent.com/infrastructureclub/open-house-london-images/master/images/2026/12209/building_12209_queen-anne-s-gate_a4d3ea8a8ae7688fbf465bfb915391c0.jpg",
                        "title": "Spence's brutalist tower oversees the 1704 elegant brick Queen Anne houses"
                    },
                    {
                        "archive_url": "https://raw.githubusercontent.com/infrastructureclub/open-house-london-images/master/images/2026/12209/building_12209_queen-anne-houses-1704_a7dfbf9364908e62c66379342f1615ce.jpg",
                        "title": "Queen Anne's Gate home of 'C' the SIS chief who had a  tunnel to the MI6 building in Broadway"
                    },
                    {
                        "archive_url": "https://raw.githubusercontent.com/infrastructureclub/open-house-london-images/master/images/2026/12209/building_12209_broadway_9899e124220afee23c9e5e57b89fced9.jpg",
                        "title": "The old SIS building, Broadway, from where Kim Philby spied and Ian Fleming created the SOE."
                    },
                    {
                        "archive_url": "https://raw.githubusercontent.com/infrastructureclub/open-house-london-images/master/images/2026/12209/building_12209_petty-france-sign_d0952c67894f3145a423f531aab4db50.jpg",
                        "title": "Petty France street sign, the name denoting occupation by  the medieval French traders."
                    },
                    {
                        "archive_url": "https://raw.githubusercontent.com/infrastructureclub/open-house-london-images/master/images/2026/12209/building_12209_55-broadway_9cb9348f6293d780c860f8d33d9a8162.jpg",
                        "title": "55 Broadway and St James's Park Station preserved and listed Grade 1"
                    },
                    {
                        "archive_url": "https://raw.githubusercontent.com/infrastructureclub/open-house-london-images/master/images/2026/12209/building_12209_qag-birdcage-walk_cfd9cdf57ec48240ac67b8dc487cb309.jpg",
                        "title": "The house of John Stuart Mill, neighour of Jeremy Bentham, and where Milton wrote Paradise Lost."
                    }
                ],
                "name": "Petty France and its environs",
                "new_venue_this_year": "No",
                "start": "10:00:00",
                "ticketed_events": "Yes",
                "url": "https://programme.openhouse.org.uk/listings/12209"
            },
            "type": "Feature"
        },
        {
            "geometry": {
                "coordinates": [
                    -0.02107,
                    51.57685
                ],
                "type": "Point"
            },
            "properties": {
                "balloted": "No",
                "description": "St Barnabas Church is a grade II* listed building with many Arts and Crafts designed features. Including some wonderful examples of stained glass.",
                "end": "14:30:00",
                "fully_booked": "",
                "images": [
                    {
                        "archive_url": "https://raw.githubusercontent.com/infrastructureclub/open-house-london-images/master/images/2026/12235/building_12235_a5522542-1038-4764-85a1-907001c030b8_646b378e574bc0051fb03920b355c5af.jpeg",
                        "title": null
                    },
                    {
                        "archive_url": "https://raw.githubusercontent.com/infrastructureclub/open-house-london-images/master/images/2026/12235/building_12235_55d3a3aa-1d93-41b6-9f20-b2cc49a62d4a_5f2c52f54940aaa65d9491203ad14c64.jpeg",
                        "title": null
                    },
                    {
                        "archive_url": "https://raw.githubusercontent.com/infrastructureclub/open-house-london-images/master/images/2026/12235/building_12235_img_1237_614f04c3764c1de6e370a2f67893f2e6.jpeg",
                        "title": "Paul Worham"
                    }
                ],
                "name": "St Barnabas Church",
                "new_venue_this_year": "No",
                "start": "12:30:00",
                "ticketed_events": "No",
                "url": "https://programme.openhouse.org.uk/listings/12235"
            },
            "type": "Feature"
        },
        {
            "geometry": {
                "coordinates": [
                    -0.18384,
                    51.52325
                ],
                "type": "Point"
            },
            "properties": {
                "balloted": "No",
                "description": "This walking tour uncovers the stories of urban redevelopment in Paddington, exploring how successive major infrastructure projects  have repeatedly reshaped the historic fabric of the area. We will trace the impact of these transformations, considering the balance between disruption and economic progress, asking who  benefited and who was left behind in their wake.",
                "end": "12:00:00",
                "fully_booked": "No",
                "images": [
                    {
                        "archive_url": "https://raw.githubusercontent.com/infrastructureclub/open-house-london-images/master/images/2026/12541/building_12541_img_1339_5bd77cda369bdfd100f2764edd37a33d.jpeg",
                        "title": "Little Venice"
                    },
                    {
                        "archive_url": "https://raw.githubusercontent.com/infrastructureclub/open-house-london-images/master/images/2026/12541/building_12541_img_1335_ab70e1b55ddcb12bdcfead2567b02860.jpeg",
                        "title": "Grand Union Canal"
                    },
                    {
                        "archive_url": "https://raw.githubusercontent.com/infrastructureclub/open-house-london-images/master/images/2026/12541/building_12541_img_0066_404f7354795a4d3022389f7a6ab5fe62.jpeg",
                        "title": "Paddington Station, the Cube, St Mary's Hospital"
                    }
                ],
                "name": "Whose Paddington?",
                "new_venue_this_year": "No",
                "start": "10:00:00",
                "ticketed_events": "Yes",
                "url": "https://programme.openhouse.org.uk/listings/12541"
            },
            "type": "Feature"
        },
        {
            "geometry": {
                "coordinates": [
                    -0.21155,
                    51.59579
                ],
                "type": "Point"
            },
            "properties": {
                "balloted": "No",
                "description": "Sir Howard Hodgkin (1932 – 2017) was one of England’s most celebrated contemporary artists. Abstracted yet allusive, apparently spontaneous but in fact highly controlled, his paintings convey feeling through gesture and colour.  His former studio, converted from a nineteenth-century dairy, sits in the heart of Bloomsbury.",
                "end": "17:00:00",
                "fully_booked": "No",
                "images": [
                    {
                        "archive_url": "https://raw.githubusercontent.com/infrastructureclub/open-house-london-images/master/images/2026/12569/building_12569_studio-2024_3c443511f6f7a38df9eddc5a13403638.jpeg",
                        "title": "Howard Hodgkin's Studio in Bloomsbury"
                    }
                ],
                "name": "Howard Hodgkin Studio",
                "new_venue_this_year": "No",
                "start": "10:00:00",
                "ticketed_events": "Yes",
                "url": "https://programme.openhouse.org.uk/listings/12569"
            },
            "type": "Feature"
        },
        {
            "geometry": {
                "coordinates": [
                    -0.10085,
                    51.37826
                ],
                "type": "Point"
            },
            "properties": {
                "balloted": "No",
                "description": "St Michael's is a Grade 1 listed building by architect J L Pearson. It was described by the poet John Betjeman as”one of Pearson’s loveliest churches” and Pevsner stated that “The interior is one of Pearson’s finest, and one of the most satisfying of its date anywhere”. There are particularly fine interior furnishings by eminent artists such as Bodley, Temple Moore and Comper.",
                "end": "16:00:00",
                "fully_booked": "No",
                "images": [
                    {
                        "archive_url": "https://raw.githubusercontent.com/infrastructureclub/open-house-london-images/master/images/2026/12579/building_12579_c4e5963f-7e00-4334-9739-b4490638ed7a_7d2ad990ec171ba84b99af05398f22d9.jpeg",
                        "title": "The Sanctuary of St Michael's Croydon"
                    },
                    {
                        "archive_url": "https://raw.githubusercontent.com/infrastructureclub/open-house-london-images/master/images/2026/12579/building_12579_dji_0633_e841c6d06a0f4e45cf775b819fdd55aa.jpg",
                        "title": "Exterior drone view of St Michael's Croydon by J L Pearson"
                    }
                ],
                "name": "St Michael's Church, Croydon",
                "new_venue_this_year": "No",
                "start": "10:00:00",
                "ticketed_events": "Yes",
                "url": "https://programme.openhouse.org.uk/listings/12579"
            },
            "type": "Feature"
        },
        {
            "geometry": {
                "coordinates": [
                    -0.12523,
                    51.51459
                ],
                "type": "Point"
            },
            "properties": {
                "balloted": "No",
                "description": "Inner Space, London’s oasis of calm, welcomes visitors back for the Open House Festival. Join us over two weekends for free Guided Meditations, Personal Development talks and inspiring wellbeing workshops that support and nurture mindfulness, resilience and inner balance. Take a moment to pause in our Quiet Room, a space that will leave you feeling reconnected, refreshed, uplifted, and renewed.",
                "end": "18:00:00",
                "fully_booked": "No",
                "images": [
                    {
                        "archive_url": "https://raw.githubusercontent.com/infrastructureclub/open-house-london-images/master/images/2026/12588/building_12588_quiet-room-is_2e05b420b79bdbeb25d9b923735066b6.jpg",
                        "title": "Inner Space Quiet Room"
                    },
                    {
                        "archive_url": "https://raw.githubusercontent.com/infrastructureclub/open-house-london-images/master/images/2026/12588/building_12588_exterior-shop-front_cd6768bc9b55b1c5ecb48b00cc4042f4.jpg",
                        "title": "Inner Space Meditation Centre"
                    }
                ],
                "name": "Inner Space Meditation Centre, Covent Garden",
                "new_venue_this_year": "No",
                "start": "11:00:00",
                "ticketed_events": "Yes",
                "url": "https://programme.openhouse.org.uk/listings/12588"
            },
            "type": "Feature"
        },
        {
            "geometry": {
                "coordinates": [
                    -0.12282,
                    51.55154
                ],
                "type": "Point"
            },
            "properties": {
                "balloted": "No",
                "description": "Victorian Tardis. The original house dates from 1864, but was completely redeveloped in 1984 and fine tuned in 1993 and in 2023 by three different architects. Double height and open interiors contrast with a Victorian facade. Tea, coffee and cakes with all funds raised to go to Shelter will be on sale all day. . Cash only @ £5 per drink and cake.",
                "end": "17:30:00",
                "fully_booked": "No",
                "images": [
                    {
                        "archive_url": "https://raw.githubusercontent.com/infrastructureclub/open-house-london-images/master/images/2026/12639/building_12639_img_4785_ed0b55dbd120c4c2bc48a598c5abe5da.jpeg",
                        "title": "Double height entrance - Image: Rosemary Silver"
                    },
                    {
                        "archive_url": "https://raw.githubusercontent.com/infrastructureclub/open-house-london-images/master/images/2026/12639/building_12639_img_0544_c66f6bd64f6e3583ea34bc74674be3d3.jpeg",
                        "title": "Staircase with modern style handrails - Image: Rosemary Silver"
                    },
                    {
                        "archive_url": "https://raw.githubusercontent.com/infrastructureclub/open-house-london-images/master/images/2026/12639/building_12639_img_0346_ab945d8d1885de65e34df3daf7da08f8.jpg",
                        "title": "Curved stairs - Image: Rosemary Silver"
                    },
                    {
                        "archive_url": "https://raw.githubusercontent.com/infrastructureclub/open-house-london-images/master/images/2026/12639/building_12639_picture007_2174cfd4d25627ecc4608631ea041f56.jpg",
                        "title": "Library - Image: Rosemary Silver"
                    },
                    {
                        "archive_url": "https://raw.githubusercontent.com/infrastructureclub/open-house-london-images/master/images/2026/12639/building_12639_img_7680-1_63b8dd1383c7c54a3a1eb7d7a7ac58ee.jpg",
                        "title": "Image: Rosemary Silver"
                    }
                ],
                "name": "11 Hungerford Road",
                "new_venue_this_year": "No",
                "start": "12:00:00",
                "ticketed_events": "Yes",
                "url": "https://programme.openhouse.org.uk/listings/12639"
            },
            "type": "Feature"
        },
        {
            "geometry": {
                "coordinates": [
                    -0.1368,
                    51.50876
                ],
                "type": "Point"
            },
            "properties": {
                "balloted": "No",
                "description": "St James's Piccadilly is a Grade I listed Christopher Wren church in the heart of the West End. Completed in 1684, and known as the Artists' Church, its interiors include historic works of art by Grinling Gibbons (reredos, organ case and font), postwar Classical interiors by Albert Richardson, and contemporary art by Che Lovelace honouring the 18th-century abolitionist Quobna Ottobah Cugoano.",
                "end": "16:00:00",
                "fully_booked": "",
                "images": [
                    {
                        "archive_url": "https://raw.githubusercontent.com/infrastructureclub/open-house-london-images/master/images/2026/12659/building_12659_st-james-s-church-piccadilly-seen-from-jermyn-street-photo-by-elspeth-osman-allu-c-st-james-s-piccadilly_ea67beb044255e6d24322fa64b66b57c.jpg",
                        "title": "St James's Church Piccadilly, seen from Jermyn Street"
                    },
                    {
                        "archive_url": "https://raw.githubusercontent.com/infrastructureclub/open-house-london-images/master/images/2026/12659/building_12659_jeremy-white-pic-church-interior_edfaf43975e22b9979b7e33ab55cf4e7.jpg",
                        "title": "Interior of St James's"
                    },
                    {
                        "archive_url": "https://raw.githubusercontent.com/infrastructureclub/open-house-london-images/master/images/2026/12659/building_12659_photo-22-02-2021-09-50-59-1_2246048c0ed6396c53f8b7c58d2c1329.jpg",
                        "title": "The lime wood reredos carved by Grinling Gibbons"
                    },
                    {
                        "archive_url": "https://raw.githubusercontent.com/infrastructureclub/open-house-london-images/master/images/2026/12659/building_12659_the-river-and-passage-by-che-lovelace-installed-in-st-james-s-piccadilly-photo-stephen-white-co_afecc07be32374c40c4c9ad837d4e27a.jpg",
                        "title": "The River (left) and Passage (right) by Che Lovelace hanging in the narthex at St James's Piccadilly"
                    }
                ],
                "name": "St James's Piccadilly",
                "new_venue_this_year": "No",
                "start": "12:30:00",
                "ticketed_events": "No",
                "url": "https://programme.openhouse.org.uk/listings/12659"
            },
            "type": "Feature"
        },
        {
            "geometry": {
                "coordinates": [
                    -0.10075,
                    51.37522
                ],
                "type": "Point"
            },
            "properties": {
                "balloted": "No",
                "description": "The Croydon Urban Room is a space to talk about the past, present and future of the Croydon town centre. Through conversa­tions, stories, exhibitions and events, the Urban Room brings together the views of those who live, work and visit the area to create a shared vision of the future and test new uses live in action.",
                "end": "16:00:00",
                "fully_booked": "",
                "images": [
                    {
                        "archive_url": "https://raw.githubusercontent.com/infrastructureclub/open-house-london-images/master/images/2026/12687/building_12687_1721246551928_a6d64c6db9d8edb6a0b069318bba4114.jfif",
                        "title": "CROYDON URBAN ROOM"
                    },
                    {
                        "archive_url": "https://raw.githubusercontent.com/infrastructureclub/open-house-london-images/master/images/2026/12687/building_12687_1721246553512_33b438725887eb97a2f260ce2d7bf8ef.jfif",
                        "title": "CROYDON URBAN ROOM"
                    },
                    {
                        "archive_url": "https://raw.githubusercontent.com/infrastructureclub/open-house-london-images/master/images/2026/12687/building_12687_1721246552001_e5541502caba6c4888613ef99bd1082f.jfif",
                        "title": "CROYDON URBAN ROOM"
                    }
                ],
                "name": "Croydon Urban Room",
                "new_venue_this_year": "No",
                "start": "10:00:00",
                "ticketed_events": "No",
                "url": "https://programme.openhouse.org.uk/listings/12687"
            },
            "type": "Feature"
        },
        {
            "geometry": {
                "coordinates": [
                    -0.10409,
                    51.60487
                ],
                "type": "Point"
            },
            "properties": {
                "balloted": "No",
                "description": "Ever explored an eco-building? Wolves Lane Horticulture centre is home to a thriving 3.5 acre contemporary community food growing space alongside 1970s glasshouses. Visit the cactus and palm house with koi carp alongside a “bale” of terrapins and exotic flora and fauna. The café serves healthy, locally grown produce and the shop will furnish you with plants to take home.",
                "end": "16:00:00",
                "fully_booked": "No",
                "images": [
                    {
                        "archive_url": "https://raw.githubusercontent.com/infrastructureclub/open-house-london-images/master/images/2026/12731/building_12731_1000005892_116b8ca1776a91491de180bd5411381f.jpg",
                        "title": "Kate Glinsman"
                    },
                    {
                        "archive_url": "https://raw.githubusercontent.com/infrastructureclub/open-house-london-images/master/images/2026/12731/building_12731_wlc-palmhouse_ae7dc69d83d37670a49e67ec46e4f9da.jpg",
                        "title": "Wolves Lane Palm House - Kate Glinsman"
                    }
                ],
                "name": "Wolves Lane Horticultural Centre",
                "new_venue_this_year": "No",
                "start": "10:00:00",
                "ticketed_events": "Yes",
                "url": "https://programme.openhouse.org.uk/listings/12731"
            },
            "type": "Feature"
        },
        {
            "geometry": {
                "coordinates": [
                    -0.29498,
                    51.48381
                ],
                "type": "Point"
            },
            "properties": {
                "balloted": "No",
                "description": "The Herbarium, Library, Art & Archives building houses a working scientific collection located on Kew Green. We are excited to publicly showcase, through guided tours, our complex of historic and modern buildings, housing almost seven million preserved botanical collections, together with one of the largest botanical library, art, and archive collections in the world.",
                "end": "16:15:00",
                "fully_booked": "No",
                "images": [
                    {
                        "archive_url": "https://raw.githubusercontent.com/infrastructureclub/open-house-london-images/master/images/2026/12733/building_12733_hunter-house-exterior_3348814a162cb48cb3c5362b08b841b6.jpeg",
                        "title": "Hunter House, herbarium entrance © RBG Kew"
                    },
                    {
                        "archive_url": "https://raw.githubusercontent.com/infrastructureclub/open-house-london-images/master/images/2026/12733/building_12733_wing-e_7ffa989de804858620ede5505274d676.jpeg",
                        "title": "The newest Herbarium wing, Wing E, built in 2009 © RBG Kew"
                    },
                    {
                        "archive_url": "https://raw.githubusercontent.com/infrastructureclub/open-house-london-images/master/images/2026/12733/building_12733_p137-006838la20120830-121-ann-webster-1_f200e04b53cfec399cc9b129129a5b9c.jpg",
                        "title": "Ann Webster, a botanical artist, sketching in the Herbarium, 1951.\r\n© Francis Ballard/ RBG Kew"
                    },
                    {
                        "archive_url": "https://raw.githubusercontent.com/infrastructureclub/open-house-london-images/master/images/2026/12733/building_12733_att_herbarium_atrium_ca2092e3605af0a2e059a852b08650e0.jpg",
                        "title": "Open House in the Herbarium.\r\n© RBG Kew"
                    },
                    {
                        "archive_url": "https://raw.githubusercontent.com/infrastructureclub/open-house-london-images/master/images/2026/12733/building_12733_je_160626_4913_reduced_82fb28bd7b7a769345229ae1de225d9b.jpg",
                        "title": "Wing C in the Herbarium. © RBG Kew"
                    }
                ],
                "name": "Royal Botanic Gardens, Kew - Herbarium",
                "new_venue_this_year": "No",
                "start": "11:00:00",
                "ticketed_events": "Yes",
                "url": "https://programme.openhouse.org.uk/listings/12733"
            },
            "type": "Feature"
        },
        {
            "geometry": {
                "coordinates": [
                    -0.13448,
                    51.5099
                ],
                "type": "Point"
            },
            "properties": {
                "balloted": "No",
                "description": "On this journey into Soho and St Giles, I want to show the different ways London’s streets are alive with love in all its varied forms. Buildings are often said to be sympathetic or out of place, in keeping or a departure from their surroundings. This tour will explore how the built environment reflects the relationships we conduct with each other.",
                "end": "15:30:00",
                "fully_booked": "No",
                "images": [
                    {
                        "archive_url": "https://raw.githubusercontent.com/infrastructureclub/open-house-london-images/master/images/2026/12760/building_12760_anteros-shaftesburyfountain_5afd112c64826b8412f2ac1d2e85bb35.jpg",
                        "title": null
                    },
                    {
                        "archive_url": "https://raw.githubusercontent.com/infrastructureclub/open-house-london-images/master/images/2026/12760/building_12760_savilletheatre-dannyrattlingon_298e1365a71f87008219b5c3c5e55e6f.jpg",
                        "title": "Copyright Elaine Heather Lester 2024 https://ehlphotography.com Photo used with thanks."
                    },
                    {
                        "archive_url": "https://raw.githubusercontent.com/infrastructureclub/open-house-london-images/master/images/2026/12760/building_12760_mercerswalktunnelfeature_058a46037b4c0a25c7c48ecc421bdd03.jpg",
                        "title": "Copyright Elaine Heather Lester 2024 https://ehlphotography.com Photo used with thanks."
                    }
                ],
                "name": "London, adored and explored",
                "new_venue_this_year": "No",
                "start": "14:00:00",
                "ticketed_events": "Yes",
                "url": "https://programme.openhouse.org.uk/listings/12760"
            },
            "type": "Feature"
        },
        {
            "geometry": {
                "coordinates": [
                    -0.02307,
                    51.53771
                ],
                "type": "Point"
            },
            "properties": {
                "balloted": "No",
                "description": "Based in what was once the heart of east London's print industry, the London Centre for Book Arts is an artist-run, open-access studio offering education programmes for the community and affordable access to resources for artists and designers. Visit for tours of the studio, demos and displays.",
                "end": "17:00:00",
                "fully_booked": "",
                "images": [
                    {
                        "archive_url": "https://raw.githubusercontent.com/infrastructureclub/open-house-london-images/master/images/2026/12811/building_12811_lcba2_8dc527d4a0a0d822ccbaf0f27b7ed3c6.jpg",
                        "title": "London Centre for Book Arts"
                    },
                    {
                        "archive_url": "https://raw.githubusercontent.com/infrastructureclub/open-house-london-images/master/images/2026/12811/building_12811_lcba_ira-yonemura__dsc021634_935d975f51c7513b2217aa88e3d502c3.jpeg",
                        "title": null
                    },
                    {
                        "archive_url": "https://raw.githubusercontent.com/infrastructureclub/open-house-london-images/master/images/2026/12811/building_12811_lcba_ira-yonemura_dsc01435_8dd6ff53ceb313e6a1b3b82314c625d2.jpeg",
                        "title": null
                    },
                    {
                        "archive_url": "https://raw.githubusercontent.com/infrastructureclub/open-house-london-images/master/images/2026/12811/building_12811_lcba_ira-yonemura_dsc01453_0ca386c54ddef70c725499a1654f1a30.jpeg",
                        "title": null
                    },
                    {
                        "archive_url": "https://raw.githubusercontent.com/infrastructureclub/open-house-london-images/master/images/2026/12811/building_12811_lcba-jimstephenson-5-webres_bbb1c5307da6e25524604db4b9caf98d.jpg",
                        "title": null
                    },
                    {
                        "archive_url": "https://raw.githubusercontent.com/infrastructureclub/open-house-london-images/master/images/2026/12811/building_12811_boxmaking_7c65382e69945ccd2b7d8fc5c291edd8.jpeg",
                        "title": null
                    },
                    {
                        "archive_url": "https://raw.githubusercontent.com/infrastructureclub/open-house-london-images/master/images/2026/12811/building_12811_library_7bd3d0328a407766848f0faa65b5aeb5.jpeg",
                        "title": null
                    },
                    {
                        "archive_url": "https://raw.githubusercontent.com/infrastructureclub/open-house-london-images/master/images/2026/12811/building_12811_foil_b6b7325b5a7ec6ede6e9e87e929dbcdf.jpeg",
                        "title": null
                    },
                    {
                        "archive_url": "https://raw.githubusercontent.com/infrastructureclub/open-house-london-images/master/images/2026/12811/building_12811_exhibition_18272fce01d4a862341ba509bb5b3fc3.jpeg",
                        "title": null
                    }
                ],
                "name": "London Centre for Book Arts",
                "new_venue_this_year": "No",
                "start": "11:00:00",
                "ticketed_events": "No",
                "url": "https://programme.openhouse.org.uk/listings/12811"
            },
            "type": "Feature"
        },
        {
            "geometry": {
                "coordinates": [
                    -0.08454,
                    51.46663
                ],
                "type": "Point"
            },
            "properties": {
                "balloted": "No",
                "description": "Harfield Gardens is an award-winning renovation of a British modernist house on a constrained site. Originally single storey, planning permission was granted for a second storey to double the internal floor space. Huge floor-to-ceiling windows with sliding doors open the interiors to bamboo-lined courtyards, blurring the boundary between interior and exterior, a hallmark of midcentury design.",
                "end": "16:00:00",
                "fully_booked": "No",
                "images": [
                    {
                        "archive_url": "https://raw.githubusercontent.com/infrastructureclub/open-house-london-images/master/images/2026/12815/building_12815_front-elevation_f4dc76dbca77f24d82457345dcdc7927.jpg",
                        "title": "Front elevation"
                    },
                    {
                        "archive_url": "https://raw.githubusercontent.com/infrastructureclub/open-house-london-images/master/images/2026/12815/building_12815_hg_additional-images3_f386ca1de92db5de384b13bd2286183f.jpg",
                        "title": "Rear elevation"
                    },
                    {
                        "archive_url": "https://raw.githubusercontent.com/infrastructureclub/open-house-london-images/master/images/2026/12815/building_12815_hg_additional-images4_73cb540f2a339127f156abee7434a55f.jpg",
                        "title": "Living area"
                    },
                    {
                        "archive_url": "https://raw.githubusercontent.com/infrastructureclub/open-house-london-images/master/images/2026/12815/building_12815_hg_additional-images9_8e48c34806c4fde9c997e4c6567448e5.jpg",
                        "title": "Kitchen"
                    },
                    {
                        "archive_url": "https://raw.githubusercontent.com/infrastructureclub/open-house-london-images/master/images/2026/12815/building_12815_hg_additional-images13_dde887b143f71614d295734cb2f57e0b.jpg",
                        "title": "Kitchen and atrium"
                    },
                    {
                        "archive_url": "https://raw.githubusercontent.com/infrastructureclub/open-house-london-images/master/images/2026/12815/building_12815_hg_additional-images16_5933f2aff2c20e5c39f51d864ebcd22e.jpg",
                        "title": "Front entrance"
                    },
                    {
                        "archive_url": "https://raw.githubusercontent.com/infrastructureclub/open-house-london-images/master/images/2026/12815/building_12815_hg_additional-images28_d4a0371a56f8ac939f8d2cd946a55c91.jpg",
                        "title": "First floor living area"
                    },
                    {
                        "archive_url": "https://raw.githubusercontent.com/infrastructureclub/open-house-london-images/master/images/2026/12815/building_12815_quinn-architects_harfield-gardens_elliot-sheppard-photography_22_3c009822351bca280c677f5aa3336e8a.jpg",
                        "title": "Upper floor living area and balustrade detail"
                    },
                    {
                        "archive_url": "https://raw.githubusercontent.com/infrastructureclub/open-house-london-images/master/images/2026/12815/building_12815_quinn-architects_harfield-gardens_elliot-sheppard-photography_24_a2eb39e817418f5c445999df784e143d.jpg",
                        "title": "Rear elevation at night"
                    },
                    {
                        "archive_url": "https://raw.githubusercontent.com/infrastructureclub/open-house-london-images/master/images/2026/12815/building_12815_quinn-architects_harfield-gardens_elliot-sheppard-photography_07_33fd247cf6da4f9351782b08a973bdfc.jpg",
                        "title": "Dining area"
                    },
                    {
                        "archive_url": "https://raw.githubusercontent.com/infrastructureclub/open-house-london-images/master/images/2026/12815/building_12815_quinn-architects_harfield-gardens_elliot-sheppard-photography_09_d28e34d774fd88df68aa7956d5131bb7.jpg",
                        "title": "Atrium detail"
                    }
                ],
                "name": "Harfield Gardens House",
                "new_venue_this_year": "No",
                "start": "11:00:00",
                "ticketed_events": "Yes",
                "url": "https://programme.openhouse.org.uk/listings/12815"
            },
            "type": "Feature"
        },
        {
            "geometry": {
                "coordinates": [
                    -0.1196,
                    51.4778
                ],
                "type": "Point"
            },
            "properties": {
                "balloted": "No",
                "description": "Renovation and extension of a Grade 2 listed, five storey house by Dominic  McKenzie Architects. New rear extension constructed using bespoke brickwork. Lower ground floor lined with douglas fir panelling throughout. Bespoke kitchen and pantry. Upper ground floor sensitively remodelled by DMA. Rear garden by Kawauchi Rowe Garden Design. Interior design consultant (upper floors) Patrick O'Donnell.",
                "end": "17:00:00",
                "fully_booked": "",
                "images": [
                    {
                        "archive_url": "https://raw.githubusercontent.com/infrastructureclub/open-house-london-images/master/images/2026/12824/building_12824_01-segmental-house-dominic-mckenzie-architects-will-pryce-dsf2517_13563511e30a836adaa0b74170cec175.jpg",
                        "title": "Segmental House - Garden room interior \r\n\r\n- Photo by Will Pryce"
                    },
                    {
                        "archive_url": "https://raw.githubusercontent.com/infrastructureclub/open-house-london-images/master/images/2026/12824/building_12824_01-segmental-house-dominic-mckenzie-architects-will-pryce-dsf2465_88f7e74deff580f9bbf3a9517fe9c46e.jpg",
                        "title": "Segmental House - Extension exterior\r\n\r\n- Photo by Will Pryce"
                    },
                    {
                        "archive_url": "https://raw.githubusercontent.com/infrastructureclub/open-house-london-images/master/images/2026/12824/building_12824_02-segmental-house-dominic-mckenzie-architects-will-pryce-dsf2442_6abd73a070c67f75c42a6660c04a9fb0.jpg",
                        "title": "Segmental House - Extension exterior, oblique\r\n\r\n- Photo by Will Pryce"
                    },
                    {
                        "archive_url": "https://raw.githubusercontent.com/infrastructureclub/open-house-london-images/master/images/2026/12824/building_12824_03-segmental-house-dominic-mckenzie-architects-will-pryce-dsf2452_9041ea85fa29f6aea6b0d548118f364c.jpg",
                        "title": "Segmental House - Bespoke bricks\r\n\r\n- Photo by Will Pryce"
                    },
                    {
                        "archive_url": "https://raw.githubusercontent.com/infrastructureclub/open-house-london-images/master/images/2026/12824/building_12824_02-segmental-house-dominic-mckenzie-architects-will-pryce-dsf2486_84886e4257e537112730d227d5dee564.jpg",
                        "title": "Segmental House - Lower ground floor looking to kitchen \r\n\r\n- Photo by Will Pryce"
                    },
                    {
                        "archive_url": "https://raw.githubusercontent.com/infrastructureclub/open-house-london-images/master/images/2026/12824/building_12824_03-segmental-house-dominic-mckenzie-architects-will-pryce-dsf2611_6c875f5eccbdc40e323ed485ddcb2b88.jpg",
                        "title": "Segmental House - View to garden from kitchen\r\n\r\n- Photo by Will Pryce"
                    },
                    {
                        "archive_url": "https://raw.githubusercontent.com/infrastructureclub/open-house-london-images/master/images/2026/12824/building_12824_04-segmental-house-dominic-mckenzie-architects-will-pryce-dsf2767_f042b5d8c8d306a6c69d6ace6dafabd0.jpg",
                        "title": "Segmental House - Kitchen with concealed larder\r\n- Photo by Will Pryce"
                    },
                    {
                        "archive_url": "https://raw.githubusercontent.com/infrastructureclub/open-house-london-images/master/images/2026/12824/building_12824_04-segmental-house-dominic-mckenzie-architects-will-pryce-dsf2816_00ec566dd6cef17926f8af791a9e59db.jpg",
                        "title": "Segmental House - Side view of extension\r\n\r\n- Photo by Will Pryce"
                    },
                    {
                        "archive_url": "https://raw.githubusercontent.com/infrastructureclub/open-house-london-images/master/images/2026/12824/building_12824_05-segmental-house-dominic-mckenzie-architects-will-pryce-dsf2429_99f906ddd240e8ce35cd0f96e8f3214f.jpg",
                        "title": "Segmental House - Rear view with extension\r\n\r\n- Photo by Will Pryce"
                    },
                    {
                        "archive_url": "https://raw.githubusercontent.com/infrastructureclub/open-house-london-images/master/images/2026/12824/building_12824_05-segmental-house-dominic-mckenzie-architects-will-pryce-dsf2564_293449fd1aafff6c553e1290b8bf4c05.jpg",
                        "title": "Segmental House - Arched cat door\r\n\r\n- Photo by Will Pryce"
                    }
                ],
                "name": "Segmental House",
                "new_venue_this_year": "No",
                "start": "10:00:00",
                "ticketed_events": "No",
                "url": "https://programme.openhouse.org.uk/listings/12824"
            },
            "type": "Feature"
        },
        {
            "geometry": {
                "coordinates": [
                    -0.08501,
                    51.47498
                ],
                "type": "Point"
            },
            "properties": {
                "balloted": "No",
                "description": "outhouse gallery is a small, independent, artist-run creative space located in Brunswick Park, Camberwell. \r\nAs a former public toilet, the gallery's mission is to be open, public and accessible to both facilitators and visitors - from free exhibitions, live performances, and workshops to publishing articles online and in outhouse magazine.",
                "end": "17:00:00",
                "fully_booked": "",
                "images": [
                    {
                        "archive_url": "https://raw.githubusercontent.com/infrastructureclub/open-house-london-images/master/images/2026/12832/building_12832_teodellatorre_dscf8056_4e8d1327289978b66e02f7b08f4cb79c.jpg",
                        "title": "photo by Teo Della Torre"
                    },
                    {
                        "archive_url": "https://raw.githubusercontent.com/infrastructureclub/open-house-london-images/master/images/2026/12832/building_12832_img_8040_9f4087aaab936bb44757c63a6ab3b649.jpeg",
                        "title": "'Norman Davis - a local life' by Tom O'dell"
                    },
                    {
                        "archive_url": "https://raw.githubusercontent.com/infrastructureclub/open-house-london-images/master/images/2026/12832/building_12832_screenshot-2025-05-23-at-17-35-23_a876fcb03692f7bc0aa21a57c9e5497f.png",
                        "title": "performance by Mayflower"
                    }
                ],
                "name": "outhouse gallery",
                "new_venue_this_year": "No",
                "start": "12:00:00",
                "ticketed_events": "No",
                "url": "https://programme.openhouse.org.uk/listings/12832"
            },
            "type": "Feature"
        },
        {
            "geometry": {
                "coordinates": [
                    -0.30281,
                    51.50665
                ],
                "type": "Point"
            },
            "properties": {
                "balloted": "No",
                "description": "The University of West London is offering guided tours of its Ealing site, led by some of our current students, offering the opportunity to discover more about the University’s history and how its facilities have been transformed in recent years.",
                "end": "14:00:00",
                "fully_booked": "No",
                "images": [
                    {
                        "archive_url": "https://raw.githubusercontent.com/infrastructureclub/open-house-london-images/master/images/2026/12880/building_12880_new-reception2_bb5e116006589ffa7d9ba9dc0aa458a0.jpg",
                        "title": "UWL St Mary's Road Entrance"
                    },
                    {
                        "archive_url": "https://raw.githubusercontent.com/infrastructureclub/open-house-london-images/master/images/2026/12880/building_12880_park-reception_6d60870346efa1a13b49c04170e29bd3.jpg",
                        "title": "UWL Park Reception"
                    }
                ],
                "name": "University of West London",
                "new_venue_this_year": "No",
                "start": "11:00:00",
                "ticketed_events": "Yes",
                "url": "https://programme.openhouse.org.uk/listings/12880"
            },
            "type": "Feature"
        },
        {
            "geometry": {
                "coordinates": [
                    -0.13932,
                    51.51092
                ],
                "type": "Point"
            },
            "properties": {
                "balloted": "No",
                "description": "A revival and love letter to London’s lost bohemia. Travel back in time to the legendary haunt of some of Soho's greatest creatives.   Featuring pictures, press cuttings and even the piano from the much loved private members club.",
                "end": "23:00:00",
                "fully_booked": "",
                "images": [
                    {
                        "archive_url": "https://raw.githubusercontent.com/infrastructureclub/open-house-london-images/master/images/2026/12933/building_12933_colonyroomgreen_marknorton_ohf_09212024_015_cc5f344cb8429c7f0e6040e074ddfed5.jpg",
                        "title": "Mark Norton"
                    }
                ],
                "name": "Explore the authentically recreated Colony Room",
                "new_venue_this_year": "No",
                "start": "14:00:00",
                "ticketed_events": "No",
                "url": "https://programme.openhouse.org.uk/listings/12933"
            },
            "type": "Feature"
        },
        {
            "geometry": {
                "coordinates": [
                    -0.07666,
                    51.51011
                ],
                "type": "Point"
            },
            "properties": {
                "balloted": "No",
                "description": "Absorb the fascinating history of ancient Londinium, visiting sites where the Romans lived, worked, and played.",
                "end": "15:30:00",
                "fully_booked": "No",
                "images": [
                    {
                        "archive_url": "https://raw.githubusercontent.com/infrastructureclub/open-house-london-images/master/images/2026/13037/building_13037_jonathan-w-at-roman-wall-closeup-2022-niki-gorick-photography-2_9f724eda6b0e7e74addadca826d6ceae.jpg",
                        "title": "A City guide at Roman wall. Image: Niki Gorick"
                    }
                ],
                "name": "Romans in London walk",
                "new_venue_this_year": "No",
                "start": "14:30:00",
                "ticketed_events": "Yes",
                "url": "https://programme.openhouse.org.uk/listings/13037"
            },
            "type": "Feature"
        },
        {
            "geometry": {
                "coordinates": [
                    -0.12392,
                    51.53568
                ],
                "type": "Point"
            },
            "properties": {
                "balloted": "No",
                "description": "Queer Britain Museum is the UK’s national LGBTQ+ museum.    Housed in a converted Victorian building in the heart of the regenerated King’s Cross area, the galleries feature over 200 objects from over 100 years of queer history.   At Open House 2026, Queer Britain’s volunteer guides will give talks demonstrating the museum’s mission to reclaim, preserve and inspire LGBTQ+ history.",
                "end": "17:30:00",
                "fully_booked": "No",
                "images": [
                    {
                        "archive_url": "https://raw.githubusercontent.com/infrastructureclub/open-house-london-images/master/images/2026/13050/building_13050_queer-britain-kings-cross-london_4cce6e1fef74a3607d6932b5eb914877.jpg",
                        "title": "Queer Britain in King's Cross - Peter Tudor"
                    },
                    {
                        "archive_url": "https://raw.githubusercontent.com/infrastructureclub/open-house-london-images/master/images/2026/13050/building_13050_02-guests-at-queer-britain-museum-credit-rahil-ahmad-for-queer-britain-museum_7fd33c9ea0f28d2ed1b45b718d7391cf.jpg",
                        "title": "Rahil Ahmad"
                    },
                    {
                        "archive_url": "https://raw.githubusercontent.com/infrastructureclub/open-house-london-images/master/images/2026/13050/building_13050_03-queer-britain-museum-credit-rahil-ahmad-for-queer-britain-museum_8629962f30e51e629f1da84d580caccc.jpg",
                        "title": "Rahil Ahmad"
                    }
                ],
                "name": "Queer Britain",
                "new_venue_this_year": "No",
                "start": "13:00:00",
                "ticketed_events": "Yes",
                "url": "https://programme.openhouse.org.uk/listings/13050"
            },
            "type": "Feature"
        },
        {
            "geometry": {
                "coordinates": [
                    -0.16072,
                    51.48633
                ],
                "type": "Point"
            },
            "properties": {
                "balloted": "No",
                "description": "Part of the Chelsea Heritage Quarter, the National Army Museum covers the British Army’s role from the Civil Wars to the modern day. Find inspiration in the stories of our soldiers and how their service shapes our world. Founded by Royal Charter in 1960, the Museum has been on the Chelsea site since 1970. Come and find out who we are and why we are here! Free entry to all our galleries!",
                "end": "15:15:00",
                "fully_booked": "No",
                "images": [
                    {
                        "archive_url": "https://raw.githubusercontent.com/infrastructureclub/open-house-london-images/master/images/2026/13061/building_13061_nam_building-exterior_e11ae3edabb346e86fce4cf13655e4e3.jpeg",
                        "title": "National Army Museum exterior"
                    },
                    {
                        "archive_url": "https://raw.githubusercontent.com/infrastructureclub/open-house-london-images/master/images/2026/13061/building_13061_chelsea-under-construction_5106508507445d1d730e45661e709439.jpg",
                        "title": "National Army Museum under construction, 1969"
                    }
                ],
                "name": "National Army Museum",
                "new_venue_this_year": "No",
                "start": "10:30:00",
                "ticketed_events": "Yes",
                "url": "https://programme.openhouse.org.uk/listings/13061"
            },
            "type": "Feature"
        },
        {
            "geometry": {
                "coordinates": [
                    -0.16277,
                    51.48491
                ],
                "type": "Point"
            },
            "properties": {
                "balloted": "No",
                "description": "Part of the Chelsea Heritage Quarter, Chelsea Physic Garden was established in 1673, by the Worshipful Society of Apothecaries of London.  This four-acre green space in the heart of Chelsea is London's oldest botanical garden and home to over 4,500 medicinal, edible and useful plants.",
                "end": "18:00:00",
                "fully_booked": "",
                "images": [
                    {
                        "archive_url": "https://raw.githubusercontent.com/infrastructureclub/open-house-london-images/master/images/2026/13113/building_13113_cim_7966_28dfa874dfc994ad4828bbf1b4e2b265.jpg",
                        "title": "A view from the Medicinal Quadrant to the historic glasshouses.\r\nImage credit: Laura Stoner New"
                    },
                    {
                        "archive_url": "https://raw.githubusercontent.com/infrastructureclub/open-house-london-images/master/images/2026/13113/building_13113_cim_5513-web-size_62247580b6b0d67160a57f53bfc0d665.jpg",
                        "title": "A view of the propagation glasshouse at Chelsea Physic Garden.\r\n\r\nImage credit: Laura Stoner New"
                    },
                    {
                        "archive_url": "https://raw.githubusercontent.com/infrastructureclub/open-house-london-images/master/images/2026/13113/building_13113_cim_8290_22a85340ab2afff3b7331886c6aaa905.jpg",
                        "title": "The Garden's Medicinal Quadrant.\r\nImage credit: Laura Stoner New"
                    },
                    {
                        "archive_url": "https://raw.githubusercontent.com/infrastructureclub/open-house-london-images/master/images/2026/13113/building_13113_cim_7526_a2aca6d684bcb0cf2da8519a827c3abc.jpg",
                        "title": "The Pond Rockery at Chelsea Physic Garden.\r\nImage Credit: Laura Stoner New"
                    }
                ],
                "name": "Chelsea Physic Garden",
                "new_venue_this_year": "No",
                "start": "16:00:00",
                "ticketed_events": "No",
                "url": "https://programme.openhouse.org.uk/listings/13113"
            },
            "type": "Feature"
        },
        {
            "geometry": {
                "coordinates": [
                    -0.13095,
                    51.53106
                ],
                "type": "Point"
            },
            "properties": {
                "balloted": "No",
                "description": "Walk along new heritage trail exploring the lost heritage of Gilbert Bayes' 'Art in Everyday Life' sculptures scattered across the St Pancras Housing Estates.",
                "end": "16:00:00",
                "fully_booked": "No",
                "images": [
                    {
                        "archive_url": "https://raw.githubusercontent.com/infrastructureclub/open-house-london-images/master/images/2026/13130/building_13130_screenshot-2026-04-03-at-19-35-54_36eda16476ebc1f6f760e1604f0743f8.png",
                        "title": "Image of contemporary sculptures by Camilla Bliss, based on 1930 Gilbert Bayes St Pancras Housing."
                    },
                    {
                        "archive_url": "https://raw.githubusercontent.com/infrastructureclub/open-house-london-images/master/images/2026/13130/building_13130_img_8092_349b1708ff7c2318491584b1c198602c.jpeg",
                        "title": "Visualisation of one of the new public domain artworks"
                    },
                    {
                        "archive_url": "https://raw.githubusercontent.com/infrastructureclub/open-house-london-images/master/images/2026/13130/building_13130_bayes-courtyard_bc63303b308673230909996caf5dc8c6.png",
                        "title": "Bayes sculptures in the courtyard of St Nicholas' Flats"
                    },
                    {
                        "archive_url": "https://raw.githubusercontent.com/infrastructureclub/open-house-london-images/master/images/2026/13130/building_13130_unnamed_c58375c51c4ceec774efa485fd9d737a.png",
                        "title": "New reimagined finial sculpture by Camilla Bliss"
                    },
                    {
                        "archive_url": "https://raw.githubusercontent.com/infrastructureclub/open-house-london-images/master/images/2026/13130/building_13130_sts_route_250507-1_a06bb62df1ca7ec8288347a9f504108b.jpg",
                        "title": "The route of the new heritage trail"
                    }
                ],
                "name": "'Art in Every Day Life' Heritage Trail",
                "new_venue_this_year": "No",
                "start": "14:00:00",
                "ticketed_events": "Yes",
                "url": "https://programme.openhouse.org.uk/listings/13130"
            },
            "type": "Feature"
        },
        {
            "geometry": {
                "coordinates": [
                    -0.16585,
                    51.48398
                ],
                "type": "Point"
            },
            "properties": {
                "balloted": "No",
                "description": "This tour takes visitors around the haunts and homes of famous Victorian artists, both international and local, and explores the connections between these personalities and their work, the wider impact of their art on society then and now, and the excitement of the Victorian time period's prolific artistic output and invention.",
                "end": "12:30:00",
                "fully_booked": "No",
                "images": [
                    {
                        "archive_url": "https://raw.githubusercontent.com/infrastructureclub/open-house-london-images/master/images/2026/13136/building_13136_pxl_20250526_115107063-2_e1a59019d3a749407f39e215d0c3bd60.jpg",
                        "title": "Leighton House interior, photo taken by guide May 26th 2025"
                    },
                    {
                        "archive_url": "https://raw.githubusercontent.com/infrastructureclub/open-house-london-images/master/images/2026/13136/building_13136_dp813592_754cadb073f64af0fa44b6441effda5d.jpg",
                        "title": "'The \"Adam and Eve,\" Old Chelsea', 1878–79 \r\n\r\nJames McNeill Whistler \r\n\r\nMetropolitan Museum of Art"
                    },
                    {
                        "archive_url": "https://raw.githubusercontent.com/infrastructureclub/open-house-london-images/master/images/2026/13136/building_13136_kensington-high-street-looking-west-c1880s_6f8f4dd794bfd5439322ea291091acf8.jpg",
                        "title": "Glass negative print - H & R Stiles Company, ca. 1880, looking west down High Street Kensington"
                    }
                ],
                "name": "Victorian artists at home in Kensington and Chelsea",
                "new_venue_this_year": "No",
                "start": "10:00:00",
                "ticketed_events": "Yes",
                "url": "https://programme.openhouse.org.uk/listings/13136"
            },
            "type": "Feature"
        },
        {
            "geometry": {
                "coordinates": [
                    -0.30929,
                    51.48313
                ],
                "type": "Point"
            },
            "properties": {
                "balloted": "No",
                "description": "The A4 Great West Road was 100-years-old in 2025. In 1933 J. B. Priestley wrote that: \"Being new, the Great West Road did not look English. We might have suddenly rolled into California.\" Participants will see some of what remains of this unique corridor of Art Deco architecture and hear about some of the, famous, lost buildings of the inter war era.",
                "end": "16:15:00",
                "fully_booked": "No",
                "images": [
                    {
                        "archive_url": "https://raw.githubusercontent.com/infrastructureclub/open-house-london-images/master/images/2026/13190/building_13190_j-c-decaux-s-uk-offices-rebuilt-in-2000-by-norman-foster-and-partners-imgl8729_f84b8bb3c20e62afd3cd1bd3c4dd3f20.jpg",
                        "title": "Brentford's Great West Road Centenary walking Tour ( JCDecaux)"
                    },
                    {
                        "archive_url": "https://raw.githubusercontent.com/infrastructureclub/open-house-london-images/master/images/2026/13190/building_13190_32-pyrene-building-by-joseph-pike-1930-brochure-illus_8eb3d23f6d5db23d028da53ca4b0e4e5.jpg",
                        "title": "Brentford's Great West Road Centenary walking Tour"
                    }
                ],
                "name": "Brentford's Great West Road Centenary walking tour",
                "new_venue_this_year": "No",
                "start": "14:30:00",
                "ticketed_events": "Yes",
                "url": "https://programme.openhouse.org.uk/listings/13190"
            },
            "type": "Feature"
        },
        {
            "geometry": {
                "coordinates": [
                    -0.02052,
                    51.51203
                ],
                "type": "Point"
            },
            "properties": {
                "balloted": "No",
                "description": "Grade II Listed.   Designed by Adrian Gilbert Scott.  Cruciform shape (120 feet by 120 feet) of steel girder and brick construction. Its Lantern tower – based on Ely Cathedral – is supported on parabolic arches 35 feet wide and 50 feet high.  The Stained Glass Windows were designed by John Wilson of Edinburgh and the Stations of the Cross  carved in Blue Horton Stone by Peter Watts.",
                "end": "17:00:00",
                "fully_booked": "",
                "images": [
                    {
                        "archive_url": "https://raw.githubusercontent.com/infrastructureclub/open-house-london-images/master/images/2026/13253/building_13253_st-mary-st-joseph-rc-church-poplar_1_c-garrido_69fe391e814226a2b36f3a729164dd33.jpg",
                        "title": null
                    },
                    {
                        "archive_url": "https://raw.githubusercontent.com/infrastructureclub/open-house-london-images/master/images/2026/13253/building_13253_poplar_st_mary_st_joseph_rc161113_2_81dc33bbb49f093edfd6e70ab82052bf.jpg",
                        "title": null
                    },
                    {
                        "archive_url": "https://raw.githubusercontent.com/infrastructureclub/open-house-london-images/master/images/2026/13253/building_13253_st-mary-st-joseph-rc-church-poplar_2_c-garrido_6ef61d22b5ee5648e21ac29760f5c3da.jpg",
                        "title": null
                    },
                    {
                        "archive_url": "https://raw.githubusercontent.com/infrastructureclub/open-house-london-images/master/images/2026/13253/building_13253_st-mary-st-joseph-rc-church-poplar_3_c-garrido_85d571032608ab92916a5e0a696b4de1.jpg",
                        "title": null
                    },
                    {
                        "archive_url": "https://raw.githubusercontent.com/infrastructureclub/open-house-london-images/master/images/2026/13253/building_13253_church-interior-1-scaled-e1695941305485_65b08936351b54aa7137c540be5d1e04.jpg",
                        "title": null
                    }
                ],
                "name": "St Mary & St Joseph Roman Catholic Church, Poplar",
                "new_venue_this_year": "No",
                "start": "15:00:00",
                "ticketed_events": "No",
                "url": "https://programme.openhouse.org.uk/listings/13253"
            },
            "type": "Feature"
        },
        {
            "geometry": {
                "coordinates": [
                    -0.09895,
                    51.37635
                ],
                "type": "Point"
            },
            "properties": {
                "balloted": "No",
                "description": "Build a towering house of cards inspired by architects Charles and Ray Eames 1950s classic building toy- with  cards specially produced from Pollock's  vintage Toy Theatre scenery.  Create a 3D  paper garden to take home\r\nOr join architect Ambrose Gillick to build  giant lightweight constructions.  Suitable for all .",
                "end": "16:00:00",
                "fully_booked": "No",
                "images": [
                    {
                        "archive_url": "https://raw.githubusercontent.com/infrastructureclub/open-house-london-images/master/images/2026/13305/building_13305_img_4797_822d088b55fc1c3fe2c94a93cbfe3125.jpg",
                        "title": "Making and playing with MAPL (Pollock's Toy Museum)"
                    },
                    {
                        "archive_url": "https://raw.githubusercontent.com/infrastructureclub/open-house-london-images/master/images/2026/13305/building_13305_img_5449_4f9957e023d15399e2bf876fca1f22a3.jpg",
                        "title": "Britain's model garden 1930s (Pollock's Toy Museum)"
                    }
                ],
                "name": "Pollocks House of Cards and Paper Gardens",
                "new_venue_this_year": "No",
                "start": "11:00:00",
                "ticketed_events": "Yes",
                "url": "https://programme.openhouse.org.uk/listings/13305"
            },
            "type": "Feature"
        },
        {
            "geometry": {
                "coordinates": [
                    -0.46506,
                    51.54089
                ],
                "type": "Point"
            },
            "properties": {
                "balloted": "No",
                "description": "Explore the Generator House at RAF Uxbridge’s Battle of Britain Bunker. Normally off‑limits to the public, it houses the original 1930s standby generator that powered the underground Operations Room coordinating RAF Fighter Command in WWII. It offers a glimpse into wartime engineering, featuring preserved machinery, original fittings, and fascinating stories.  Free admission, no booking required.",
                "end": "16:00:00",
                "fully_booked": "",
                "images": [
                    {
                        "archive_url": "https://raw.githubusercontent.com/infrastructureclub/open-house-london-images/master/images/2026/13377/building_13377_danger_secrets_1eeb67bdfa9745baef0db4efe6448b5e.jpg",
                        "title": "The Battle of Britain Bunker - The Generator Hous"
                    }
                ],
                "name": "The Battle of Britain Bunker - The Generator House",
                "new_venue_this_year": "No",
                "start": "10:00:00",
                "ticketed_events": "No",
                "url": "https://programme.openhouse.org.uk/listings/13377"
            },
            "type": "Feature"
        },
        {
            "geometry": {
                "coordinates": [
                    -0.42824,
                    51.57806
                ],
                "type": "Point"
            },
            "properties": {
                "balloted": "No",
                "description": "Part of Manor Farm Heritage Site, The Great Barn is a Grade II listed  building and one of the oldest timber framed buildings of its type. Usually closed only for private events, the building as offers a glimpse into the rural history of the local area and is a testament to local craft and engineering.",
                "end": "16:00:00",
                "fully_booked": "",
                "images": [
                    {
                        "archive_url": "https://raw.githubusercontent.com/infrastructureclub/open-house-london-images/master/images/2026/13378/building_13378_great_barn_d4887c9e26cf6fddcfd12685a0fec79c.png",
                        "title": "The Great Barn"
                    }
                ],
                "name": "The Great Barn",
                "new_venue_this_year": "No",
                "start": "13:00:00",
                "ticketed_events": "No",
                "url": "https://programme.openhouse.org.uk/listings/13378"
            },
            "type": "Feature"
        },
        {
            "geometry": {
                "coordinates": [
                    -0.42737,
                    51.5788
                ],
                "type": "Point"
            },
            "properties": {
                "balloted": "No",
                "description": "Manor Farm House in Ruislip, built in 1505–1507, is a Tudor-style, Grade II listed building that once hosted local court sessions and housed high-status guests. Now a visitor centre, it features original beams, historic displays, and forms part of the wider 22-acre Manor Farm heritage site.  It is also believed to be the home to the oldest example of surviving domestic English  wallpaper.",
                "end": "16:00:00",
                "fully_booked": "",
                "images": [
                    {
                        "archive_url": "https://raw.githubusercontent.com/infrastructureclub/open-house-london-images/master/images/2026/13382/building_13382_jsonld_ffaf3b5b622e90a4d95f65e40cafbb39.jpg",
                        "title": "The Manor House, Manor Farm, Ruislip"
                    }
                ],
                "name": "The Manor House, Manor Farm, Ruislip",
                "new_venue_this_year": "No",
                "start": "10:00:00",
                "ticketed_events": "No",
                "url": "https://programme.openhouse.org.uk/listings/13382"
            },
            "type": "Feature"
        },
        {
            "geometry": {
                "coordinates": [
                    -0.40302,
                    51.58687
                ],
                "type": "Point"
            },
            "properties": {
                "balloted": "No",
                "description": "The dovecote at Eastcote House Gardens is an 18th-century, Grade II listed brick structure with a tiled roof, originally built to house pigeons for food and manure. It replaced an earlier Elizabethan dovecote by the Hawtrey family. Now preserved as part of  a tranquil gardens. Usually out-of-bounds to the public, it reflects historic manor life.",
                "end": "16:00:00",
                "fully_booked": "",
                "images": [
                    {
                        "archive_url": "https://raw.githubusercontent.com/infrastructureclub/open-house-london-images/master/images/2026/13388/building_13388_eastcote_house_gardens_dovecote_48dfa6d22b779facb083018a77c32bd1.jpg",
                        "title": "The Dovecote, Eastcote House Gardens"
                    }
                ],
                "name": "The Dovecote, Eastcote House Gardens",
                "new_venue_this_year": "No",
                "start": "10:00:00",
                "ticketed_events": "No",
                "url": "https://programme.openhouse.org.uk/listings/13388"
            },
            "type": "Feature"
        },
        {
            "geometry": {
                "coordinates": [
                    -0.15312,
                    51.46917
                ],
                "type": "Point"
            },
            "properties": {
                "balloted": "No",
                "description": "A Victorian Gothic Revival church hidden within Battersea's Shaftesbury Park Estate. Built in 1901 by architect G.H. Fellowes Prynne, it served the growing community before becoming a vibrant hub for Orthodox worship. Now home to a beautiful collection of icons donated from across the Orthodox world, alongside beautiful stained glass and original architectural details.",
                "end": "18:30:00",
                "fully_booked": "",
                "images": [
                    {
                        "archive_url": "https://raw.githubusercontent.com/infrastructureclub/open-house-london-images/master/images/2026/13559/building_13559_signal-2026-05-06-110117_7262eacba27e5ff0122f103cac37f16d.jpeg",
                        "title": "Saint Nectarios Greek Orthodox Church"
                    },
                    {
                        "archive_url": "https://raw.githubusercontent.com/infrastructureclub/open-house-london-images/master/images/2026/13559/building_13559_signal-2026-04-23-154325_002_e5bfad073b96fde97942013325ed2bd6.jpeg",
                        "title": "North Wall Interior"
                    },
                    {
                        "archive_url": "https://raw.githubusercontent.com/infrastructureclub/open-house-london-images/master/images/2026/13559/building_13559_signal-2026-04-23-154325_003_47e23457f698f6a4338d04ff0de3fe3c.jpeg",
                        "title": "Icon Screen"
                    },
                    {
                        "archive_url": "https://raw.githubusercontent.com/infrastructureclub/open-house-london-images/master/images/2026/13559/building_13559_signal-2026-05-06-110526_a4109092a41009842ef81cdf9cb79a71.jpeg",
                        "title": "West Wall"
                    },
                    {
                        "archive_url": "https://raw.githubusercontent.com/infrastructureclub/open-house-london-images/master/images/2026/13559/building_13559_stain_39e6f1f575e1ee1a5b83b3530ac2b790.jpeg",
                        "title": "Stained-glass"
                    }
                ],
                "name": "Saint Nectarios Greek Orthodox Church",
                "new_venue_this_year": "Yes",
                "start": "13:30:00",
                "ticketed_events": "No",
                "url": "https://programme.openhouse.org.uk/listings/13559"
            },
            "type": "Feature"
        },
        {
            "geometry": {
                "coordinates": [
                    -0.14062,
                    51.52278
                ],
                "type": "Point"
            },
            "properties": {
                "balloted": "No",
                "description": "The Royal Society of Musicians is a charity founded in 1738 with the express purpose to support music professionals. As such it is the oldest music-related charity in Great Britain. The Society has a rich archive, including an extensive collection of fine portraits, that are on display in its ground-floor meeting room in Fitzroy Square.",
                "end": "17:00:00",
                "fully_booked": "",
                "images": [
                    {
                        "archive_url": "https://raw.githubusercontent.com/infrastructureclub/open-house-london-images/master/images/2026/13564/building_13564_26_fitzroy_square_compressed_8mb_max_a1b9dada2b26acc7226e9760de15e82b.jpg",
                        "title": "Paul Highnam; the Handel Room at The Royal Society of Musicians"
                    },
                    {
                        "archive_url": "https://raw.githubusercontent.com/infrastructureclub/open-house-london-images/master/images/2026/13564/building_13564_26fs_openhouse_ready_0c51c2576843e1bd3b53148abde3a023.jpg",
                        "title": "Paul Highnam, exterior of 26 Fitzroy Square"
                    }
                ],
                "name": "The Royal Society of Musicians of Great Britain",
                "new_venue_this_year": "Yes",
                "start": "13:30:00",
                "ticketed_events": "No",
                "url": "https://programme.openhouse.org.uk/listings/13564"
            },
            "type": "Feature"
        },
        {
            "geometry": {
                "coordinates": [
                    -0.09387,
                    51.5187
                ],
                "type": "Point"
            },
            "properties": {
                "balloted": "No",
                "description": "A guided architecture walk exploring London’s post-war transformation, from the Brutalist vision of the Barbican to the High-tech Lloyd's Building and contemporary towers of the City. Through key landmarks, the tour reveals how social ideals, technological innovation, and economic change have shaped the modern skyline.",
                "end": "17:00:00",
                "fully_booked": "No",
                "images": [
                    {
                        "archive_url": "https://raw.githubusercontent.com/infrastructureclub/open-house-london-images/master/images/2026/13565/building_13565__20260323154646_b301d2485f17d1a25a5f2442c9870b46.jpg",
                        "title": "Barbican Center, by iwendysss"
                    },
                    {
                        "archive_url": "https://raw.githubusercontent.com/infrastructureclub/open-house-london-images/master/images/2026/13565/building_13565__20260323154647_2fa40884ba50bed384ba64ca5baa13e5.jpg",
                        "title": "The Lloyds Building, by iwendysss"
                    },
                    {
                        "archive_url": "https://raw.githubusercontent.com/infrastructureclub/open-house-london-images/master/images/2026/13565/building_13565__20260323154642_038bb113084d4a8f05586baca587d1b2.jpg",
                        "title": "The Gherkin, by iwendysss"
                    },
                    {
                        "archive_url": "https://raw.githubusercontent.com/infrastructureclub/open-house-london-images/master/images/2026/13565/building_13565__20260323154639_e8565eb0a45230f71825728e4b8dd17d.jpg",
                        "title": "The Leadenhall Building, by iwendysss"
                    },
                    {
                        "archive_url": "https://raw.githubusercontent.com/infrastructureclub/open-house-london-images/master/images/2026/13565/building_13565__20260323154932_5dc1244429d5b6f2aa9e5ff5897e7442.jpg",
                        "title": "1 London Wall Place, by iwendysss"
                    }
                ],
                "name": "Brutalism & High-Tech Architecture Tour",
                "new_venue_this_year": "Yes",
                "start": "14:00:00",
                "ticketed_events": "Yes",
                "url": "https://programme.openhouse.org.uk/listings/13565"
            },
            "type": "Feature"
        },
        {
            "geometry": {
                "coordinates": [
                    0.07433,
                    51.38914
                ],
                "type": "Point"
            },
            "properties": {
                "balloted": "No",
                "description": "Basil Scruby’s 1920’s-30’s classic Arts and Crafts style garden estate which was inspired by the character of the area’s woodland and rural open spaces. This guided walk of Petts Wood focuses on the contrasting house designs such as Tudor, Elizabethan and Art Deco including Charles Rene McIntosh influenced motifs. Stained glass also features at St Francis  church; a Nickolaus Pevsner listed historical building.",
                "end": "16:00:00",
                "fully_booked": "No",
                "images": [
                    {
                        "archive_url": "https://raw.githubusercontent.com/infrastructureclub/open-house-london-images/master/images/2026/13580/building_13580_woodland-way-petts-wood_2d9dd46239fba18440680d8dc472268d.jpg",
                        "title": "Woodland Way. Petts Wood.  Mel Wright"
                    },
                    {
                        "archive_url": "https://raw.githubusercontent.com/infrastructureclub/open-house-london-images/master/images/2026/13580/building_13580_st-francis-church-2_9596c6340b67f84da563d28e7afe7978.jpg",
                        "title": "St Francis Church\r\nMel Wright"
                    },
                    {
                        "archive_url": "https://raw.githubusercontent.com/infrastructureclub/open-house-london-images/master/images/2026/13580/building_13580_reed-hoads-houses_37ea2110690b2918e145a419ec97dabc.jpg",
                        "title": "Poster 1930's Petts Wood & District Residents Association - fromHistory of Petts Wood. copyright2000"
                    }
                ],
                "name": "Suburban Art and Design in Petts Wood",
                "new_venue_this_year": "Yes",
                "start": "14:00:00",
                "ticketed_events": "Yes",
                "url": "https://programme.openhouse.org.uk/listings/13580"
            },
            "type": "Feature"
        },
        {
            "geometry": {
                "coordinates": [
                    -0.39635,
                    51.43436
                ],
                "type": "Point"
            },
            "properties": {
                "balloted": "No",
                "description": "Our school resides in a Grade II listed building on the edge of Hanworth Air Park. Fortescue House was the rectory for St. George's church on the edge of Hanworth Air Park. Later, it became a school, and now it is the home to the St. Michael Steiner School. We are blessed by beautiful grounds & woodland where the children can play & relax.  We enjoy the unique history and biodiversity of the area.",
                "end": "14:00:00",
                "fully_booked": "",
                "images": [
                    {
                        "archive_url": "https://raw.githubusercontent.com/infrastructureclub/open-house-london-images/master/images/2026/13619/building_13619_photo_fortescuehouse_b0c8769291a0172cdb627656cf3358b3.jpg",
                        "title": "St. Michael Steiner School_Fortescue House"
                    },
                    {
                        "archive_url": "https://raw.githubusercontent.com/infrastructureclub/open-house-london-images/master/images/2026/13619/building_13619_main-school-outdoor-circle_5fab7c68baa73ea5363ee6228f9464a4.jpeg",
                        "title": "St Michael Steiner School - Lower School circle time"
                    },
                    {
                        "archive_url": "https://raw.githubusercontent.com/infrastructureclub/open-house-london-images/master/images/2026/13619/building_13619_photo_children-running_alternativeed_88211df58dc1a6ac873c531daf16d475.jpg",
                        "title": "St MichaelSteiner School_children playing"
                    }
                ],
                "name": "The St Michael Steiner School",
                "new_venue_this_year": "Yes",
                "start": "11:00:00",
                "ticketed_events": "No",
                "url": "https://programme.openhouse.org.uk/listings/13619"
            },
            "type": "Feature"
        },
        {
            "geometry": {
                "coordinates": [
                    -0.09099,
                    51.45121
                ],
                "type": "Point"
            },
            "properties": {
                "balloted": "No",
                "description": "Herne Hill Velodrome, opened in 1891, hosted track cycling events for the 1948 Olympics, is now home to a thriving grassroots cycling facility - hosting everything from Learn to Cycle to local and international racing events. \r\nHHV overcame the threat of closure in the early 2000s, and a new pavilion, designed by Mike Taylor of Hopkins Architects, opened in 2017.",
                "end": "16:00:00",
                "fully_booked": "No",
                "images": [
                    {
                        "archive_url": "https://raw.githubusercontent.com/infrastructureclub/open-house-london-images/master/images/2026/13624/building_13624_dscf0277-1_39904798a85302ed2d81c840d0459093.jpg",
                        "title": "Calum Brookes"
                    },
                    {
                        "archive_url": "https://raw.githubusercontent.com/infrastructureclub/open-house-london-images/master/images/2026/13624/building_13624_hernehillvelodrome_adamscott_28-1_1da44c655c9575f22bac9d947cf287b9.jpg",
                        "title": "Adam Scott"
                    }
                ],
                "name": "Herne Hill Velodrome",
                "new_venue_this_year": "Yes",
                "start": "12:00:00",
                "ticketed_events": "Yes",
                "url": "https://programme.openhouse.org.uk/listings/13624"
            },
            "type": "Feature"
        },
        {
            "geometry": {
                "coordinates": [
                    0.04158,
                    51.56012
                ],
                "type": "Point"
            },
            "properties": {
                "balloted": "No",
                "description": "Eco Punk consists of a generous rear extension plus the remodel of an Edwardian house located in a conservation area. The new layout unlocks the spatial potentials. Besides beautifully crafted lounges, dining and utility areas, there is a kitchen that forms the centre piece. The latter is designed for a professional chef. An elegant, natural material palette ties the scheme together.",
                "end": "17:00:00",
                "fully_booked": "",
                "images": [
                    {
                        "archive_url": "https://raw.githubusercontent.com/infrastructureclub/open-house-london-images/master/images/2026/13635/building_13635_img_2308_c6ffac35bbd2b665f9db0f5263ca176e.jpg",
                        "title": "space group architects"
                    }
                ],
                "name": "Eco Punk",
                "new_venue_this_year": "Yes",
                "start": "10:00:00",
                "ticketed_events": "No",
                "url": "https://programme.openhouse.org.uk/listings/13635"
            },
            "type": "Feature"
        },
        {
            "geometry": {
                "coordinates": [
                    -0.09873,
                    51.52064
                ],
                "type": "Point"
            },
            "properties": {
                "balloted": "No",
                "description": "This walking tour explores the City of London through the lens of nursery rhymes, using both well-known and lesser-known verses as a playful way into its architecture, communities and history. Rhymes such as 'London Bridge is Falling Down' and 'Oranges and Lemons' are rooted in real places and experiences. Along the way we will uncover some of the darker stories that may lie behind these innocent verses.",
                "end": "12:30:00",
                "fully_booked": "No",
                "images": [
                    {
                        "archive_url": "https://raw.githubusercontent.com/infrastructureclub/open-house-london-images/master/images/2026/13638/building_13638_elaine-tour-photo_31baeacb85af77aa116df8e3dd61489a.png",
                        "title": "Outside Charterhouse - Rhymes & Reasons"
                    }
                ],
                "name": "Rhymes and Reasons: Exploring the City of London through nursery rhymes",
                "new_venue_this_year": "Yes",
                "start": "10:30:00",
                "ticketed_events": "Yes",
                "url": "https://programme.openhouse.org.uk/listings/13638"
            },
            "type": "Feature"
        },
        {
            "geometry": {
                "coordinates": [
                    -0.15308,
                    51.51732
                ],
                "type": "Point"
            },
            "properties": {
                "balloted": "No",
                "description": "Built in 1776 for the Duke of Manchester to designs by John Crunden, Hertford House today holds the Wallace Collection. Join us in the Eranda Research Library to explore how an 18th century home developed into a world class museum. Discover our display of architectural drawings and prints, alongside items from the archive.",
                "end": "16:00:00",
                "fully_booked": "",
                "images": [
                    {
                        "archive_url": "https://raw.githubusercontent.com/infrastructureclub/open-house-london-images/master/images/2026/13670/building_13670_library-15_a3912df7131a4174adea9069d5a5778c.jpeg",
                        "title": "The Eranda Research Library (Wallace Collection)"
                    },
                    {
                        "archive_url": "https://raw.githubusercontent.com/infrastructureclub/open-house-london-images/master/images/2026/13670/building_13670_hh-historic-plan-ground-floor-2_100d8da0f3e68c3ef87e1b035d78c4b3.jpg",
                        "title": "Hertford House - Ground Floor Plan c1897 (Wallace Collection)"
                    }
                ],
                "name": "The Wallace Collection - Eranda Research Library",
                "new_venue_this_year": "Yes",
                "start": "10:00:00",
                "ticketed_events": "No",
                "url": "https://programme.openhouse.org.uk/listings/13670"
            },
            "type": "Feature"
        },
        {
            "geometry": {
                "coordinates": [
                    -0.09757,
                    51.37204
                ],
                "type": "Point"
            },
            "properties": {
                "balloted": "No",
                "description": "As part of Open House 2026 in Croydon, visit an exhibition of our summer programme with Creative Quests: Curiosity Rover, and try some creative missions of your own! Part art studio, part community hub and part roaming spacecraft, collect quests to explore Croydon through noticing, movement, nature and imagination.",
                "end": "16:00:00",
                "fully_booked": "",
                "images": [
                    {
                        "archive_url": "https://raw.githubusercontent.com/infrastructureclub/open-house-london-images/master/images/2026/13684/building_13684_dsc_7452_f678479655a9b541b25faeb39f322a46.jpg",
                        "title": "Credit: Chris O'Donovan"
                    },
                    {
                        "archive_url": "https://raw.githubusercontent.com/infrastructureclub/open-house-london-images/master/images/2026/13684/building_13684_dscf9232_26871fcafff4ed66b20148923f034b02.jpg",
                        "title": "Credit: Chris O'Donovan"
                    },
                    {
                        "archive_url": "https://raw.githubusercontent.com/infrastructureclub/open-house-london-images/master/images/2026/13684/building_13684_dscf9287_b40bbf545a8614201b23b77edc64c2e7.jpg",
                        "title": "Credit: Chris O'Donovan"
                    },
                    {
                        "archive_url": "https://raw.githubusercontent.com/infrastructureclub/open-house-london-images/master/images/2026/13684/building_13684_dsc_7574_466ec726fb31bf9151cbea22dd1cad11.jpg",
                        "title": "Credit: Chris O'Donovan"
                    }
                ],
                "name": "Croydon Curiosity Rover",
                "new_venue_this_year": "Yes",
                "start": "12:00:00",
                "ticketed_events": "No",
                "url": "https://programme.openhouse.org.uk/listings/13684"
            },
            "type": "Feature"
        },
        {
            "geometry": {
                "coordinates": [
                    -0.09378,
                    51.5202
                ],
                "type": "Point"
            },
            "properties": {
                "balloted": "No",
                "description": "Join us to explore the architectural history and future of the City of London's iconic glasshouse. Hear from the team behind Barbican Renewal, who will be restoring and revitalising the Conservatory from 2027-2030 with improvements to accessibility, sustainability and a new plant collection. Take part in a plant adoption event, leaving with a cutting from the Conservatory to grow at home.",
                "end": "17:00:00",
                "fully_booked": "No",
                "images": [
                    {
                        "archive_url": "https://raw.githubusercontent.com/infrastructureclub/open-house-london-images/master/images/2026/13685/building_13685_barbican-conservatory-12-credit-photo-by-max-colson-web-res_ffa3bdb5cf601dbbc64567ba42ed4cd5.jpg",
                        "title": "Photo by Max Colson"
                    },
                    {
                        "archive_url": "https://raw.githubusercontent.com/infrastructureclub/open-house-london-images/master/images/2026/13685/building_13685_10-barbican-conservatory-photo-by-max-colson-reduced_ace1b44302cf5091318bc407b1a66df8.jpg",
                        "title": "Photo by Max Colson"
                    },
                    {
                        "archive_url": "https://raw.githubusercontent.com/infrastructureclub/open-house-london-images/master/images/2026/13685/building_13685_349_2_6aad7e6cab9c37e7e463f218c6c1d1c9.jpg",
                        "title": "Archive photo by Peter Bloomfield"
                    },
                    {
                        "archive_url": "https://raw.githubusercontent.com/infrastructureclub/open-house-london-images/master/images/2026/13685/building_13685_349_4_9d8ca0dd201521eabdeae90033b87a59.jpg",
                        "title": "Archive photo by Peter Bloomfield"
                    }
                ],
                "name": "Barbican Conservatory",
                "new_venue_this_year": "Yes",
                "start": "11:30:00",
                "ticketed_events": "Yes",
                "url": "https://programme.openhouse.org.uk/listings/13685"
            },
            "type": "Feature"
        },
        {
            "geometry": {
                "coordinates": [
                    -0.07546,
                    51.59914
                ],
                "type": "Point"
            },
            "properties": {
                "balloted": "No",
                "description": "This guided walking tour explores the social history of Tottenham — centred around Bruce Castle Park, Bruce Grove and Tottenham High Road — through three interconnected themes: drink, respectability and resistance. It examines how everyday spaces such as streets, homes, pubs and civic buildings were shaped by competing ideas about behaviour, morality and control.",
                "end": "13:30:00",
                "fully_booked": "No",
                "images": [
                    {
                        "archive_url": "https://raw.githubusercontent.com/infrastructureclub/open-house-london-images/master/images/2026/13696/building_13696_img_8218_83068cfa8746f5b1f754346217e411d2.jpg",
                        "title": "Henry Jacobs"
                    },
                    {
                        "archive_url": "https://raw.githubusercontent.com/infrastructureclub/open-house-london-images/master/images/2026/13696/building_13696_aaa-9th-birthday_42e7c9c3de3a4a2f8aef156895699ba7.jpg",
                        "title": "Antwerp Arms Association"
                    }
                ],
                "name": "Drink, respectability and resistance",
                "new_venue_this_year": "Yes",
                "start": "11:00:00",
                "ticketed_events": "Yes",
                "url": "https://programme.openhouse.org.uk/listings/13696"
            },
            "type": "Feature"
        },
        {
            "geometry": {
                "coordinates": [
                    -0.02119,
                    51.57916
                ],
                "type": "Point"
            },
            "properties": {
                "balloted": "No",
                "description": "A Luis Barragán inspired design for the interior of a typical late Victorian house in East London. \r\nThe use of bold vivid colour banishes the sterility that can accompany modernism without the loss of its hallmark simplicity and elegant line. This approach can be accommodated within houses whose external architecture has a very different heritage. Its achievement does not require a big budget",
                "end": "16:30:00",
                "fully_booked": "",
                "images": [
                    {
                        "archive_url": "https://raw.githubusercontent.com/infrastructureclub/open-house-london-images/master/images/2026/13700/building_13700_img_5339_dc4a6518adcdde4d7c669761657199c0.jpeg",
                        "title": "Cinthia Abundes"
                    },
                    {
                        "archive_url": "https://raw.githubusercontent.com/infrastructureclub/open-house-london-images/master/images/2026/13700/building_13700_img_5313-3_6330dce5eff11c7e3efa05f9bc39234f.jpeg",
                        "title": "Cinthia Abundes"
                    },
                    {
                        "archive_url": "https://raw.githubusercontent.com/infrastructureclub/open-house-london-images/master/images/2026/13700/building_13700_img_6418_78eb26604b575d8b73236aed768b9306.jpeg",
                        "title": "Cinthia Abundes"
                    },
                    {
                        "archive_url": "https://raw.githubusercontent.com/infrastructureclub/open-house-london-images/master/images/2026/13700/building_13700_img_6234_fce071b3ce4bacc2c994d1a2f6a8e7ce.jpeg",
                        "title": "Cinthia Abundes"
                    },
                    {
                        "archive_url": "https://raw.githubusercontent.com/infrastructureclub/open-house-london-images/master/images/2026/13700/building_13700_292-ablue_a460ed42d4aa29d2e6b65b79de7c3352.png",
                        "title": "Nina Ryner"
                    },
                    {
                        "archive_url": "https://raw.githubusercontent.com/infrastructureclub/open-house-london-images/master/images/2026/13700/building_13700_2929gallery_a91357bf85f9bdeed88852a53480a662.png",
                        "title": "Nina Ryner"
                    },
                    {
                        "archive_url": "https://raw.githubusercontent.com/infrastructureclub/open-house-london-images/master/images/2026/13700/building_13700_img_7310_52d11d5f7171e9477dd308e23af460b6.jpeg",
                        "title": "Cinthia Abundes"
                    },
                    {
                        "archive_url": "https://raw.githubusercontent.com/infrastructureclub/open-house-london-images/master/images/2026/13700/building_13700_img_3718_b2b8d4fbae03d0871375d9507bcc0039.jpeg",
                        "title": "Cinthia Abundes"
                    },
                    {
                        "archive_url": "https://raw.githubusercontent.com/infrastructureclub/open-house-london-images/master/images/2026/13700/building_13700_img_3721_6ae8871a31ac8b9224ac6765f9d379b6.jpeg",
                        "title": "Cinthia Abundes"
                    },
                    {
                        "archive_url": "https://raw.githubusercontent.com/infrastructureclub/open-house-london-images/master/images/2026/13700/building_13700_img_6239_d88ca7dd73736cc57084470b110ace17.jpeg",
                        "title": "Cinthia Abundes"
                    }
                ],
                "name": "2 Belgrave Road: Victorian house with Luis Barragán inspired interior",
                "new_venue_this_year": "Yes",
                "start": "11:00:00",
                "ticketed_events": "No",
                "url": "https://programme.openhouse.org.uk/listings/13700"
            },
            "type": "Feature"
        },
        {
            "geometry": {
                "coordinates": [
                    0.01249,
                    51.48607
                ],
                "type": "Point"
            },
            "properties": {
                "balloted": "No",
                "description": "18 Woolwich Road is a listed building known as the \"Lodge\", and part of the Greenwich Royal Hospital the entrance gatehouse of the third cemetery now a public park the Pleasaunce. The building is now a house occupied by Artist Fran Cottell who has added an extraordinary history using the house for her own work. A glazed roof to the rear addition has been designed by Elden Croy Architect.",
                "end": "18:00:00",
                "fully_booked": "",
                "images": [
                    {
                        "archive_url": "https://raw.githubusercontent.com/infrastructureclub/open-house-london-images/master/images/2026/13701/building_13701_img_8117_b28c456751750c578c6f166bf5ec4646.jpeg",
                        "title": "Open House 18 Woolwich Road"
                    },
                    {
                        "archive_url": "https://raw.githubusercontent.com/infrastructureclub/open-house-london-images/master/images/2026/13701/building_13701_18wrrearglazedroof_49c6c6013c9135be6646c22a0efa8bcd.jpg",
                        "title": "Open House 18 Woolwich Road"
                    },
                    {
                        "archive_url": "https://raw.githubusercontent.com/infrastructureclub/open-house-london-images/master/images/2026/13701/building_13701_18wrfront_90709c7b167c36d69214e495d5d81cee.jpg",
                        "title": "Open House 18 Woolwich Road"
                    }
                ],
                "name": "Open House 18 Woolwich Road",
                "new_venue_this_year": "Yes",
                "start": "11:00:00",
                "ticketed_events": "No",
                "url": "https://programme.openhouse.org.uk/listings/13701"
            },
            "type": "Feature"
        },
        {
            "geometry": {
                "coordinates": [
                    -0.09654,
                    51.36532
                ],
                "type": "Point"
            },
            "properties": {
                "balloted": "No",
                "description": "The South Wing is a design-led Victorian home, location house and creative space in Croydon, shaped by a belief that beauty, atmosphere and thoughtful detail can change how people feel. For Open House, visitors are invited inside a private residential space that explores home as stage, sanctuary and cultural invitation.",
                "end": "16:30:00",
                "fully_booked": "No",
                "images": [
                    {
                        "archive_url": "https://raw.githubusercontent.com/infrastructureclub/open-house-london-images/master/images/2026/13708/building_13708_beth-davis_living-room-1-copy-2_99915166d706653721470542f5f2f3dd.jpeg",
                        "title": "Beth Davis"
                    },
                    {
                        "archive_url": "https://raw.githubusercontent.com/infrastructureclub/open-house-london-images/master/images/2026/13708/building_13708_beth-davis_living-room-4_e9de8e8d74f20164545e2dc69dd78271.jpeg",
                        "title": "Beth Davis"
                    },
                    {
                        "archive_url": "https://raw.githubusercontent.com/infrastructureclub/open-house-london-images/master/images/2026/13708/building_13708_beth-davis_bathroom-6-1_0b1acef32150e12bfc8e9f675d5c7758.jpg",
                        "title": "Beth Davis"
                    },
                    {
                        "archive_url": "https://raw.githubusercontent.com/infrastructureclub/open-house-london-images/master/images/2026/13708/building_13708_beth-davis_bathroom-3_318fdca90b361e865e3a6aa71eccf5c2.jpg",
                        "title": "Beth Davis"
                    },
                    {
                        "archive_url": "https://raw.githubusercontent.com/infrastructureclub/open-house-london-images/master/images/2026/13708/building_13708_beth-davis_bedroom-master-13_aef04d836934a7d282c0684636511495.jpg",
                        "title": "Beth Davis"
                    },
                    {
                        "archive_url": "https://raw.githubusercontent.com/infrastructureclub/open-house-london-images/master/images/2026/13708/building_13708_beth-davis_dining-room-4_3aad65374b503c7f88a0702046c9d2a8.jpg",
                        "title": "Beth Davis"
                    },
                    {
                        "archive_url": "https://raw.githubusercontent.com/infrastructureclub/open-house-london-images/master/images/2026/13708/building_13708_beth-davis_downstairs-powder-room-3_c881fb0fea2fdc721c48ef3a14152148.jpeg",
                        "title": "Beth Davis"
                    },
                    {
                        "archive_url": "https://raw.githubusercontent.com/infrastructureclub/open-house-london-images/master/images/2026/13708/building_13708_beth-davis_dressing-room-2_3658bfdcd09a4b07ea854ee59ef5083b.jpeg",
                        "title": "Beth Davis"
                    },
                    {
                        "archive_url": "https://raw.githubusercontent.com/infrastructureclub/open-house-london-images/master/images/2026/13708/building_13708_beth-davis_hallway-6_7383578a317e5ca6b4d0d0befa6be84a.jpeg",
                        "title": "Beth Davis"
                    },
                    {
                        "archive_url": "https://raw.githubusercontent.com/infrastructureclub/open-house-london-images/master/images/2026/13708/building_13708_beth-davis_kitchen-5_90ba9ea8e6a4592af1391e91425a0cb6.jpeg",
                        "title": "Beth Davis"
                    },
                    {
                        "archive_url": "https://raw.githubusercontent.com/infrastructureclub/open-house-london-images/master/images/2026/13708/building_13708_beth-davis_kitchen-1_58a881023f699b558627169f5e7377dd.jpeg",
                        "title": "Beth Davis"
                    },
                    {
                        "archive_url": "https://raw.githubusercontent.com/infrastructureclub/open-house-london-images/master/images/2026/13708/building_13708_beth-davis_spare-room-2_8243b078e0631d7c32680f1040df3ea8.jpg",
                        "title": "Beth Davis"
                    },
                    {
                        "archive_url": "https://raw.githubusercontent.com/infrastructureclub/open-house-london-images/master/images/2026/13708/building_13708_beth-davis_spare-room-3_16826dc57d7a95a1d7eadbf8a11a2e86.jpg",
                        "title": "Beth Davis"
                    }
                ],
                "name": "The South Wing",
                "new_venue_this_year": "Yes",
                "start": "10:30:00",
                "ticketed_events": "Yes",
                "url": "https://programme.openhouse.org.uk/listings/13708"
            },
            "type": "Feature"
        },
        {
            "geometry": {
                "coordinates": [
                    -0.11714,
                    51.51105
                ],
                "type": "Point"
            },
            "properties": {
                "balloted": "No",
                "description": "This walking tour explores the different ways power and wealth is exemplified in architecture around the Strand. Inspired by the methods of Giovanni Battista Piranesi and his depiction of 'power' in his works, we will be doing sketches throughout the tour, studying different types of architectural components and ornamentation to help us imagine and compose our own impactful landscapes.",
                "end": "13:30:00",
                "fully_booked": "No",
                "images": [
                    {
                        "archive_url": "https://raw.githubusercontent.com/infrastructureclub/open-house-london-images/master/images/2026/13720/building_13720_final-colage_2a1f1694e31d350c075a21f1680ae5cf.jpg",
                        "title": "Collage of Piranesi's prison print and a photo of the Royal Courts of Justice taken by self"
                    },
                    {
                        "archive_url": "https://raw.githubusercontent.com/infrastructureclub/open-house-london-images/master/images/2026/13720/building_13720_img_3487_4e5304d6ad9328618f1c6c5babb81f5f.jpeg",
                        "title": "image by me"
                    },
                    {
                        "archive_url": "https://raw.githubusercontent.com/infrastructureclub/open-house-london-images/master/images/2026/13720/building_13720_img_3473-1_52b37067d664f2314078d2ba3f8f0453.jpeg",
                        "title": "Image by me"
                    }
                ],
                "name": "Power in the eye of the beholder: Strand drawing tour",
                "new_venue_this_year": "Yes",
                "start": "11:00:00",
                "ticketed_events": "Yes",
                "url": "https://programme.openhouse.org.uk/listings/13720"
            },
            "type": "Feature"
        },
        {
            "geometry": {
                "coordinates": [
                    -0.10399,
                    51.60487
                ],
                "type": "Point"
            },
            "properties": {
                "balloted": "No",
                "description": "This is a walking tour of the three acres, three new eco buildings and the eight glass houses on the Wolves Lane Centre site. This walking tour will include visiting the Palm House, with an abundance of exotic flora and fauna including lots of koi carp and terrapins, and the Cacti House which was started 18 years ago.",
                "end": "13:00:00",
                "fully_booked": "No",
                "images": [
                    {
                        "archive_url": "https://raw.githubusercontent.com/infrastructureclub/open-house-london-images/master/images/2026/13730/building_13730_img_20260503_154246_c4152141e3e652f45eea7f1435fdf8fd.jpg",
                        "title": "Overview of the Garden centre. Photographer Allistair Arendse"
                    },
                    {
                        "archive_url": "https://raw.githubusercontent.com/infrastructureclub/open-house-london-images/master/images/2026/13730/building_13730_img_20250928_180452_5d2f1018afafbad1643b9491c2a858fd.jpg",
                        "title": "Allistair Arendse - photographer."
                    }
                ],
                "name": "Wolves Lane Centre",
                "new_venue_this_year": "Yes",
                "start": "11:00:00",
                "ticketed_events": "Yes",
                "url": "https://programme.openhouse.org.uk/listings/13730"
            },
            "type": "Feature"
        },
        {
            "geometry": {
                "coordinates": [
                    -0.11853,
                    51.53469
                ],
                "type": "Point"
            },
            "properties": {
                "balloted": "No",
                "description": "Obra is Sordo Madaleno’s transdisciplinary laboratory, open library, and public living room, turning our London studio into a public-facing space for curiosity, testing, and dialogue. An addition to London's architectural landscape, Obra will host temporary exhibitions, events, and talks fostering exchange between the studio, the environments it works within, and the communities it engages.",
                "end": "15:00:00",
                "fully_booked": "",
                "images": [
                    {
                        "archive_url": "https://raw.githubusercontent.com/infrastructureclub/open-house-london-images/master/images/2026/13733/building_13733_260427_obra_memory_as_material_photo_michelleaarlaht_interior_6_1640a00d764850ad2b00327f69345d52.jpg",
                        "title": "Michelle Aarlaht"
                    },
                    {
                        "archive_url": "https://raw.githubusercontent.com/infrastructureclub/open-house-london-images/master/images/2026/13733/building_13733_01_obra_canal-entrance_-nick-dearden_3f9ff5bf61d77c7fb5ba78da1cca68a2.jpg",
                        "title": "Nick Dearden"
                    }
                ],
                "name": "Obra",
                "new_venue_this_year": "Yes",
                "start": "10:30:00",
                "ticketed_events": "No",
                "url": "https://programme.openhouse.org.uk/listings/13733"
            },
            "type": "Feature"
        },
        {
            "geometry": {
                "coordinates": [
                    -0.15097,
                    51.49427
                ],
                "type": "Point"
            },
            "properties": {
                "balloted": "No",
                "description": "St Michael's Chester Square is a grade 2 listed church in the heart of Victoria, built in the late Decorated Gothic style. The War Memorial Chapel at the north east end of the church was designed by Giles Gilbert Scott and completed in 1920. The stained glass West Window is by Hugh Easton and two windows to the south are by Morris & Co and date to 1882.",
                "end": "14:30:00",
                "fully_booked": "",
                "images": [
                    {
                        "archive_url": "https://raw.githubusercontent.com/infrastructureclub/open-house-london-images/master/images/2026/13739/building_13739_085a8559-enhanced-nr_da80528f188a7b9c9d6505ebb8ed8580.jpg",
                        "title": "Bethlynn Wilson"
                    },
                    {
                        "archive_url": "https://raw.githubusercontent.com/infrastructureclub/open-house-london-images/master/images/2026/13739/building_13739_img_7596_baca4348da817714e66ae97d83e25963.jpg",
                        "title": "Amy Kirk"
                    },
                    {
                        "archive_url": "https://raw.githubusercontent.com/infrastructureclub/open-house-london-images/master/images/2026/13739/building_13739_085a8440-enhanced-nr_72c66bf444efc2d463e4b588541e480f.jpg",
                        "title": "Bethlynn Wilson"
                    },
                    {
                        "archive_url": "https://raw.githubusercontent.com/infrastructureclub/open-house-london-images/master/images/2026/13739/building_13739_085a8426-enhanced-nr_ede19409265450cd146806ed688b16d6.jpg",
                        "title": "Bethlynn Wilson"
                    },
                    {
                        "archive_url": "https://raw.githubusercontent.com/infrastructureclub/open-house-london-images/master/images/2026/13739/building_13739_047a9870_6be1fb1705a7b3670bd38223a1c85c7e.jpg",
                        "title": "Bethlynn Wilson"
                    }
                ],
                "name": "St Michael's Chester Square",
                "new_venue_this_year": "Yes",
                "start": "09:00:00",
                "ticketed_events": "No",
                "url": "https://programme.openhouse.org.uk/listings/13739"
            },
            "type": "Feature"
        },
        {
            "geometry": {
                "coordinates": [
                    -0.16953,
                    51.52556
                ],
                "type": "Point"
            },
            "properties": {
                "balloted": "No",
                "description": "Lisson Grove Studios is a 1088m2 mixed use creative workspace hub providing permanent, affordable workspace for artists, designers, makers and small creative businesses.\r\n\r\nThe complex opened in February 2026 and includes 38 creative enterprise studios, a café, dance & rehearsal studio, 22 desk spaces, a meeting room, two phone booths and an exhibition space, arranged over 5 split level floors.",
                "end": "14:45:00",
                "fully_booked": "No",
                "images": [
                    {
                        "archive_url": "https://raw.githubusercontent.com/infrastructureclub/open-house-london-images/master/images/2026/13744/building_13744_1l5a0417_1d6fb0c6e733660d4a08f1f3c77d77a7.jpg",
                        "title": "Findlay MacDonald"
                    },
                    {
                        "archive_url": "https://raw.githubusercontent.com/infrastructureclub/open-house-london-images/master/images/2026/13744/building_13744_1l5a0239_fb0c3a5c00be776f289dd801da004a87.jpg",
                        "title": "Findlay MacDonald"
                    },
                    {
                        "archive_url": "https://raw.githubusercontent.com/infrastructureclub/open-house-london-images/master/images/2026/13744/building_13744_1l5a0290_0e19cda2003be3bef382c2e5b7c542bd.jpg",
                        "title": "Findlay MacDonald"
                    },
                    {
                        "archive_url": "https://raw.githubusercontent.com/infrastructureclub/open-house-london-images/master/images/2026/13744/building_13744_1l5a0444_ca3bb8258d4e82a7c36a580504779548.jpg",
                        "title": "Findlay MacDonald"
                    },
                    {
                        "archive_url": "https://raw.githubusercontent.com/infrastructureclub/open-house-london-images/master/images/2026/13744/building_13744_1l5a0500_bb9062ef6b6a450ab162754c00e3dc2a.jpg",
                        "title": "Findlay MacDonald"
                    },
                    {
                        "archive_url": "https://raw.githubusercontent.com/infrastructureclub/open-house-london-images/master/images/2026/13744/building_13744_1l5a0629_a3a965fe4254111218370e5e5dacf22e.jpg",
                        "title": "Findlay MacDonald"
                    },
                    {
                        "archive_url": "https://raw.githubusercontent.com/infrastructureclub/open-house-london-images/master/images/2026/13744/building_13744_9s5a9875_800b220293702f2981e59c3f14074ee3.jpg",
                        "title": "Findlay MacDonald"
                    },
                    {
                        "archive_url": "https://raw.githubusercontent.com/infrastructureclub/open-house-london-images/master/images/2026/13744/building_13744_1l5a0645_027dd0726240b7aa81734414d03baadf.jpg",
                        "title": "Findlay MacDonald"
                    },
                    {
                        "archive_url": "https://raw.githubusercontent.com/infrastructureclub/open-house-london-images/master/images/2026/13744/building_13744_lisson-grove-_-brown-urbanism-_-findlay-macdonald-16_5c53a333c1f0db6b7ddd13bdd9ca5069.jpg",
                        "title": "Findlay MacDonald"
                    },
                    {
                        "archive_url": "https://raw.githubusercontent.com/infrastructureclub/open-house-london-images/master/images/2026/13744/building_13744_lisson-grove-_-brown-urbanism-_-findlay-macdonald-4_2a27cf7cc1b807b68badbe05c6344cf2.jpg",
                        "title": "Findlay MacDonald"
                    },
                    {
                        "archive_url": "https://raw.githubusercontent.com/infrastructureclub/open-house-london-images/master/images/2026/13744/building_13744_lisson-grove-_-brown-urbanism-_-findlay-macdonald-5_a320f78a0c37da9a69fe3b4e4ff4e3bf.jpg",
                        "title": "Findlay MacDonald"
                    },
                    {
                        "archive_url": "https://raw.githubusercontent.com/infrastructureclub/open-house-london-images/master/images/2026/13744/building_13744_lisson-grove-_-brown-urbanism-_-findlay-macdonald-21_7a0cdff1725f9bdda585c0f73028710e.jpg",
                        "title": "Findlay MacDonald"
                    },
                    {
                        "archive_url": "https://raw.githubusercontent.com/infrastructureclub/open-house-london-images/master/images/2026/13744/building_13744_lisson-grove-_-brown-urbanism-_-findlay-macdonald-30_4212c193202ddf921c58b8a1b9a664ed.jpg",
                        "title": "Findlay MacDonald"
                    },
                    {
                        "archive_url": "https://raw.githubusercontent.com/infrastructureclub/open-house-london-images/master/images/2026/13744/building_13744_lisson-grove-_-brown-urbanism-_-findlay-macdonald-32_b85ff2eb43993290c34f5c3625d7944f.jpg",
                        "title": "Findlay MacDonald"
                    }
                ],
                "name": "Lisson Grove Studios",
                "new_venue_this_year": "Yes",
                "start": "10:30:00",
                "ticketed_events": "Yes",
                "url": "https://programme.openhouse.org.uk/listings/13744"
            },
            "type": "Feature"
        },
        {
            "geometry": {
                "coordinates": [
                    -0.23711,
                    51.45098
                ],
                "type": "Point"
            },
            "properties": {
                "balloted": "No",
                "description": "Green Lodge is a low-energy family home by Stylus Architects, carefully embedded into the landscape of Putney Heath. Much of the accommodation is concealed below ground, allowing the building to maintain a modest presence whilst bringing natural light into every room through a series of lightwells and rooflights.",
                "end": "16:00:00",
                "fully_booked": "",
                "images": [
                    {
                        "archive_url": "https://raw.githubusercontent.com/infrastructureclub/open-house-london-images/master/images/2026/13757/building_13757_green-lodge-29-2-web-res_60e275ff0450e8fdfcff04360298bbba.jpg",
                        "title": "James Retief - Green Lodge in Wandsworth- Putney Heath - London  by Stylus Architects"
                    },
                    {
                        "archive_url": "https://raw.githubusercontent.com/infrastructureclub/open-house-london-images/master/images/2026/13757/building_13757_stylus-x-cast-roehampton8728_0ff4f26261cf08e0c4260d594387eef3.jpg",
                        "title": "Chris Snook - Green Lodge in Wandsworth- Putney Heath - London  by Stylus Architects"
                    },
                    {
                        "archive_url": "https://raw.githubusercontent.com/infrastructureclub/open-house-london-images/master/images/2026/13757/building_13757_stylus-x-cast-roehampton8689_e9848ce3d556bb6e9b0b690e7c01c07a.jpg",
                        "title": "Chris Snook - Green Lodge in Wandsworth- Putney Heath - London  by Stylus Architects"
                    },
                    {
                        "archive_url": "https://raw.githubusercontent.com/infrastructureclub/open-house-london-images/master/images/2026/13757/building_13757_stylus-x-cast-roehampton8665_1097587eb21869c37c86451e362692ee.jpg",
                        "title": "Chris Snook - Green Lodge in Wandsworth- Putney Heath - London  by Stylus Architects"
                    },
                    {
                        "archive_url": "https://raw.githubusercontent.com/infrastructureclub/open-house-london-images/master/images/2026/13757/building_13757_green-lodge-3-2-web-res_12c6f17fb3a4e33e9101e2df6ac9f5b0.jpg",
                        "title": "James Retief - Green Lodge in Wandsworth- Putney Heath - London  by Stylus Architects"
                    },
                    {
                        "archive_url": "https://raw.githubusercontent.com/infrastructureclub/open-house-london-images/master/images/2026/13757/building_13757_green-lodge-9-2-web-res_49e5d2574c2e66006c6e0e70f01172f8.jpg",
                        "title": "James Retief - Green Lodge in Wandsworth- Putney Heath - London  by Stylus Architects"
                    },
                    {
                        "archive_url": "https://raw.githubusercontent.com/infrastructureclub/open-house-london-images/master/images/2026/13757/building_13757_green-lodge-6-web-res_c48617e8d0f9fbca548c513b67a5470a.jpg",
                        "title": "James Retief - Green Lodge in Wandsworth- Putney Heath - London  by Stylus Architects"
                    },
                    {
                        "archive_url": "https://raw.githubusercontent.com/infrastructureclub/open-house-london-images/master/images/2026/13757/building_13757_green-lodge-24-web-res_8f8e8ffadf0c9231c3713e26ca003056.jpg",
                        "title": "James Retief - Green Lodge in Wandsworth- Putney Heath - London  by Stylus Architects"
                    },
                    {
                        "archive_url": "https://raw.githubusercontent.com/infrastructureclub/open-house-london-images/master/images/2026/13757/building_13757_green-lodge-13-web-res_9867c7d1e720713292c1cc494b6a4c78.jpg",
                        "title": "James Retief - Green Lodge in Wandsworth- Putney Heath - London  by Stylus Architects"
                    },
                    {
                        "archive_url": "https://raw.githubusercontent.com/infrastructureclub/open-house-london-images/master/images/2026/13757/building_13757_green-lodge-2-web-res_5edcc3e715941ca0767e5197515b7fec.jpg",
                        "title": "James Retief - Green Lodge in Wandsworth- Putney Heath - London  by Stylus Architects"
                    },
                    {
                        "archive_url": "https://raw.githubusercontent.com/infrastructureclub/open-house-london-images/master/images/2026/13757/building_13757_green-lodge-7-web-res_a9a520b5cbe2b82e71e941df8ff7017c.jpg",
                        "title": "James Retief - Green Lodge in Wandsworth- Putney Heath - London  by Stylus Architects"
                    },
                    {
                        "archive_url": "https://raw.githubusercontent.com/infrastructureclub/open-house-london-images/master/images/2026/13757/building_13757_green-lodge-1-web-res_70cba5a831fbe4f350c37f1b26075802.jpg",
                        "title": "James Retief - Green Lodge in Wandsworth- Putney Heath - London  by Stylus Architects"
                    },
                    {
                        "archive_url": "https://raw.githubusercontent.com/infrastructureclub/open-house-london-images/master/images/2026/13757/building_13757_green-lodge-4-2-web-res_698f4861e1fb9df4cf3b51fa6f647035.jpg",
                        "title": "James Retief - Green Lodge in Wandsworth- Putney Heath - London  by Stylus Architects"
                    },
                    {
                        "archive_url": "https://raw.githubusercontent.com/infrastructureclub/open-house-london-images/master/images/2026/13757/building_13757_green-lodge-8-web-res_33f9a9e4781b983fde5356beb1bf9e7f.jpg",
                        "title": "James Retief - Green Lodge in Wandsworth- Putney Heath - London  by Stylus Architects"
                    },
                    {
                        "archive_url": "https://raw.githubusercontent.com/infrastructureclub/open-house-london-images/master/images/2026/13757/building_13757_green-lodge-14-2-web-res_eaf0f00ac1a2837c4d71f3f17fec2235.jpg",
                        "title": "James Retief - Green Lodge in Wandsworth- Putney Heath - London  by Stylus Architects"
                    },
                    {
                        "archive_url": "https://raw.githubusercontent.com/infrastructureclub/open-house-london-images/master/images/2026/13757/building_13757_green-lodge-23-web-res_e96250997cd9a3e36c490d144da50151.jpg",
                        "title": "James Retief - Green Lodge in Wandsworth- Putney Heath - London  by Stylus Architects"
                    },
                    {
                        "archive_url": "https://raw.githubusercontent.com/infrastructureclub/open-house-london-images/master/images/2026/13757/building_13757_green-lodge-26-web-res_759f69db36cb0a5ef8f4a08246a9c16e.jpg",
                        "title": "James Retief - Green Lodge in Wandsworth- Putney Heath - London  by Stylus Architects"
                    },
                    {
                        "archive_url": "https://raw.githubusercontent.com/infrastructureclub/open-house-london-images/master/images/2026/13757/building_13757_green-lodge-32-web-res_01fbb903ebb4a563f89386014daf9d49.jpg",
                        "title": "James Retief - Green Lodge in Wandsworth- Putney Heath - London  by Stylus Architects"
                    },
                    {
                        "archive_url": "https://raw.githubusercontent.com/infrastructureclub/open-house-london-images/master/images/2026/13757/building_13757_green-lodge-31-2-web-res_5a9c4d89c08b835a0580e6c460160d91.jpg",
                        "title": "James Retief - Green Lodge in Wandsworth- Putney Heath - London  by Stylus Architects"
                    },
                    {
                        "archive_url": "https://raw.githubusercontent.com/infrastructureclub/open-house-london-images/master/images/2026/13757/building_13757_green-lodge-33-2-web-res_7734e9ae53747bb48f6612a9be23a0a4.jpg",
                        "title": "James Retief - Green Lodge in Wandsworth- Putney Heath - London  by Stylus Architects"
                    },
                    {
                        "archive_url": "https://raw.githubusercontent.com/infrastructureclub/open-house-london-images/master/images/2026/13757/building_13757_green-lodge-35-web-res_b147cf98997a0f1e2fde4c503dd8311c.jpg",
                        "title": "James Retief - Green Lodge in Wandsworth- Putney Heath - London  by Stylus Architects"
                    },
                    {
                        "archive_url": "https://raw.githubusercontent.com/infrastructureclub/open-house-london-images/master/images/2026/13757/building_13757_green-lodge-38-web-res_eee3b80a32f003936adffadb26330e4b.jpg",
                        "title": "James Retief - Green Lodge in Wandsworth- Putney Heath - London  by Stylus Architects"
                    },
                    {
                        "archive_url": "https://raw.githubusercontent.com/infrastructureclub/open-house-london-images/master/images/2026/13757/building_13757_green-lodge-52-web-res_022fc013a5ac229828adaa13fa0cd712.jpg",
                        "title": "James Retief - Green Lodge in Wandsworth- Putney Heath - London  by Stylus Architects"
                    },
                    {
                        "archive_url": "https://raw.githubusercontent.com/infrastructureclub/open-house-london-images/master/images/2026/13757/building_13757_green-lodge-58-web-res_1cb02141f407412e8855e97ea72618ac.jpg",
                        "title": "James Retief - Green Lodge in Wandsworth- Putney Heath - London  by Stylus Architects"
                    },
                    {
                        "archive_url": "https://raw.githubusercontent.com/infrastructureclub/open-house-london-images/master/images/2026/13757/building_13757_green-lodge-42-web-res_d7a3cc31f6e94f6acbb71f7d48753cf3.jpg",
                        "title": "James Retief - Green Lodge in Wandsworth- Putney Heath - London  by Stylus Architects"
                    },
                    {
                        "archive_url": "https://raw.githubusercontent.com/infrastructureclub/open-house-london-images/master/images/2026/13757/building_13757_green-lodge-56-web-res_a59a5582b3c70a9824c09d4923fd7cef.jpg",
                        "title": "James Retief - Green Lodge in Wandsworth- Putney Heath - London  by Stylus Architects"
                    },
                    {
                        "archive_url": "https://raw.githubusercontent.com/infrastructureclub/open-house-london-images/master/images/2026/13757/building_13757_green-lodge-57-web-res_60ec4c7049f0615ee2d0e6f872bc495d.jpg",
                        "title": "James Retief - Green Lodge in Wandsworth- Putney Heath - London  by Stylus Architects"
                    }
                ],
                "name": "Green Lodge",
                "new_venue_this_year": "Yes",
                "start": "10:00:00",
                "ticketed_events": "No",
                "url": "https://programme.openhouse.org.uk/listings/13757"
            },
            "type": "Feature"
        },
        {
            "geometry": {
                "coordinates": [
                    -0.04632,
                    51.56146
                ],
                "type": "Point"
            },
            "properties": {
                "balloted": "No",
                "description": "Paradise works artist studios in the Old Carbonic Works that is thought to be the birthplace of commercial fizzy drinks in the late 18th Century. It features in the Lea Valley and Hackney Conservation area report found online.\r\n\r\n\r\nhttps://hackney.moderngov.co.uk/documents/s68747/240220%20Appendix%20A%20Lea%20Bridge%20Conservation%20Area%20Appraisal.pdf",
                "end": "19:00:00",
                "fully_booked": "",
                "images": [
                    {
                        "archive_url": "https://raw.githubusercontent.com/infrastructureclub/open-house-london-images/master/images/2026/13772/building_13772_img_6371_3c49ffad7c24d4674beb0d048cb005fa.jpeg",
                        "title": "Miki Elson"
                    },
                    {
                        "archive_url": "https://raw.githubusercontent.com/infrastructureclub/open-house-london-images/master/images/2026/13772/building_13772_img_6365_c936a82fbfcc227d79687fe287fb63ce.jpeg",
                        "title": "Miki Elson"
                    },
                    {
                        "archive_url": "https://raw.githubusercontent.com/infrastructureclub/open-house-london-images/master/images/2026/13772/building_13772_img_6369_99cd1ab81b70892ab58d640deba91f6c.jpeg",
                        "title": "Miki elson"
                    },
                    {
                        "archive_url": "https://raw.githubusercontent.com/infrastructureclub/open-house-london-images/master/images/2026/13772/building_13772_img_6377_dc732573d9ac2f8b0b9f2698c9cfd982.jpeg",
                        "title": "Miki"
                    }
                ],
                "name": "Former Carbonic Gas Works, 142 Lea Bridge Road",
                "new_venue_this_year": "Yes",
                "start": "14:00:00",
                "ticketed_events": "No",
                "url": "https://programme.openhouse.org.uk/listings/13772"
            },
            "type": "Feature"
        },
        {
            "geometry": {
                "coordinates": [
                    -0.07946,
                    51.51094
                ],
                "type": "Point"
            },
            "properties": {
                "balloted": "No",
                "description": "A Great Fire Survivor, damaged in the blitz, the post war restoration of this fascinating building began 75 years ago this year.  Described by John Betjeman as a 'country church in the world of Seething Lane' the building uniquely blends medieval fabric with Festival of Britain era motifs. Explore the medieval crypt, 'Pepys' vestry, church tower and ringing room. Bellringing demonstrations.",
                "end": "17:30:00",
                "fully_booked": "No",
                "images": [
                    {
                        "archive_url": "https://raw.githubusercontent.com/infrastructureclub/open-house-london-images/master/images/2026/13791/building_13791_lfa-2026_12cefadb497444fc0d244e5cee654ebf.jpg",
                        "title": "St Olave Hart Street"
                    },
                    {
                        "archive_url": "https://raw.githubusercontent.com/infrastructureclub/open-house-london-images/master/images/2026/13791/building_13791_crypt-chapel-july-29-2025_abf1a92194a6664f799fd0296c235b53.jpg",
                        "title": "St Olave Hart Street"
                    }
                ],
                "name": "St Olave Hart Street",
                "new_venue_this_year": "Yes",
                "start": "12:30:00",
                "ticketed_events": "Yes",
                "url": "https://programme.openhouse.org.uk/listings/13791"
            },
            "type": "Feature"
        },
        {
            "geometry": {
                "coordinates": [
                    -0.41245,
                    51.56877
                ],
                "type": "Point"
            },
            "properties": {
                "balloted": "No",
                "description": "Turning what was once a backland site into a two-storey, two-bedroom detached home, Wade House introduces a modern new-build to the heart of Metroland.",
                "end": "16:00:00",
                "fully_booked": "",
                "images": [
                    {
                        "archive_url": "https://raw.githubusercontent.com/infrastructureclub/open-house-london-images/master/images/2026/13795/building_13795_00_hero_wadhal-wade-house-lz-2026-1_299674015cc6e42aea05c18e77644283.jpg",
                        "title": "Lorenzo Zandri"
                    },
                    {
                        "archive_url": "https://raw.githubusercontent.com/infrastructureclub/open-house-london-images/master/images/2026/13795/building_13795_01_wadhal-wade-house-lz-2026-9_024ea69d2c3b0cbeb50ddfa91092eb82.jpg",
                        "title": "Lorenzo Zandri"
                    },
                    {
                        "archive_url": "https://raw.githubusercontent.com/infrastructureclub/open-house-london-images/master/images/2026/13795/building_13795_02_wadhal-wade-house-lz-2026-19_da0a3d29c931e5a4fe49bdc1a07ceda1.jpg",
                        "title": "Lorenzo Zandri"
                    },
                    {
                        "archive_url": "https://raw.githubusercontent.com/infrastructureclub/open-house-london-images/master/images/2026/13795/building_13795_03_wadhal-wade-house-lz-2026-20_2d45e9cd84cf00c80ce1660ea3dc454a.jpg",
                        "title": "Lorenzo Zandri"
                    },
                    {
                        "archive_url": "https://raw.githubusercontent.com/infrastructureclub/open-house-london-images/master/images/2026/13795/building_13795_04_wadhal-wade-house-lz-2026-23_b7dd9032408524b41696cf17368d088f.jpg",
                        "title": "Lorenzo Zandri"
                    },
                    {
                        "archive_url": "https://raw.githubusercontent.com/infrastructureclub/open-house-london-images/master/images/2026/13795/building_13795_05_wadhal-wade-house-lz-2026-38_e0e03bed2f587ed773857f5ac221ad45.jpg",
                        "title": "Lorenzo Zandri"
                    },
                    {
                        "archive_url": "https://raw.githubusercontent.com/infrastructureclub/open-house-london-images/master/images/2026/13795/building_13795_06_wadhal-wade-house-lz-2026-30_10fac540d60f3a9e692f7a8daf890530.jpg",
                        "title": "Lorenzo Zandri"
                    },
                    {
                        "archive_url": "https://raw.githubusercontent.com/infrastructureclub/open-house-london-images/master/images/2026/13795/building_13795_07_wadhal-wade-house-lz-2026-33_1daecd3e149901853c135ae90fc41d7f.jpg",
                        "title": "Lorenzo Zandri"
                    },
                    {
                        "archive_url": "https://raw.githubusercontent.com/infrastructureclub/open-house-london-images/master/images/2026/13795/building_13795_08_wadhal-wade-house-lz-2026-42_a27591d6a4117483b801b53d52842b6a.jpg",
                        "title": "Lorenzo Zandri"
                    },
                    {
                        "archive_url": "https://raw.githubusercontent.com/infrastructureclub/open-house-london-images/master/images/2026/13795/building_13795_09_wadhal-wade-house-lz-2026-47_957ede73489d75299a88d2adb1561f8e.jpg",
                        "title": "Lorenzo Zandri"
                    },
                    {
                        "archive_url": "https://raw.githubusercontent.com/infrastructureclub/open-house-london-images/master/images/2026/13795/building_13795_10_wadhal-wade-house-lz-2026-50_6d216a6f713ad3bd41bf962b3f7c3995.jpg",
                        "title": "Lorenzo Zandri"
                    }
                ],
                "name": "Wade House",
                "new_venue_this_year": "Yes",
                "start": "12:00:00",
                "ticketed_events": "No",
                "url": "https://programme.openhouse.org.uk/listings/13795"
            },
            "type": "Feature"
        },
        {
            "geometry": {
                "coordinates": [
                    -0.21407,
                    51.47443
                ],
                "type": "Point"
            },
            "properties": {
                "balloted": "No",
                "description": "W House is a fully refurbished and extended house in Fulham. Various interventions have been made to create better visual connections and improve the flow through the house. \r\n\r\nThe new volume at the rear of the house has been inspired by a series of pre-fabricated moulding details found in a historical joinery catalogue from a local craftsman that operated in the area during the Victorian times.",
                "end": "16:00:00",
                "fully_booked": "",
                "images": [
                    {
                        "archive_url": "https://raw.githubusercontent.com/infrastructureclub/open-house-london-images/master/images/2026/13797/building_13797_2407_fulham_palace_rd_gilbert_mccarragher_001_lo_res_2614219a340a1281861d0d8cbfaa7f2f.jpg",
                        "title": "Gilbert McCarragher"
                    }
                ],
                "name": "W House",
                "new_venue_this_year": "Yes",
                "start": "10:00:00",
                "ticketed_events": "No",
                "url": "https://programme.openhouse.org.uk/listings/13797"
            },
            "type": "Feature"
        },
        {
            "geometry": {
                "coordinates": [
                    0.07451,
                    51.44821
                ],
                "type": "Point"
            },
            "properties": {
                "balloted": "No",
                "description": "The Avery Hill Winter Garden is a remarkable Victorian glasshouse set within the historic Avery Hill estate in southeast London. Built in the late 19th century, it was once home to an extensive collection of exotic plants and remains one of London’s largest surviving Victorian winter gardens.",
                "end": "16:00:00",
                "fully_booked": "",
                "images": [
                    {
                        "archive_url": "https://raw.githubusercontent.com/infrastructureclub/open-house-london-images/master/images/2026/13806/building_13806_norfolk-island-pine-winter-garden-1_c3726be4a2ce543c7231c51ea4f31318.jpg",
                        "title": "Winter Garden"
                    },
                    {
                        "archive_url": "https://raw.githubusercontent.com/infrastructureclub/open-house-london-images/master/images/2026/13806/building_13806_avery-hill-park-4_575dd1957db03ac9dfbd77dcecb148b1.jpg",
                        "title": "Winter Garden"
                    },
                    {
                        "archive_url": "https://raw.githubusercontent.com/infrastructureclub/open-house-london-images/master/images/2026/13806/building_13806_towering-roof-higher-than-kew-gardens_5bf9827c9a4172fc2fa5189a5a2f4822.jpg",
                        "title": "Winter Garden"
                    }
                ],
                "name": "Avery Hill Winter Garden",
                "new_venue_this_year": "Yes",
                "start": "10:00:00",
                "ticketed_events": "No",
                "url": "https://programme.openhouse.org.uk/listings/13806"
            },
            "type": "Feature"
        },
        {
            "geometry": {
                "coordinates": [
                    -0.09747,
                    51.37204
                ],
                "type": "Point"
            },
            "properties": {
                "balloted": "No",
                "description": "Right To Play is a celebration and a call to action to fight for our Right To Play. With bamboo den and structure building, Puppetry interaction, a \"Long Table Mud Kitchen\" play and a Run, Jump, Swing sculpture.",
                "end": "17:00:00",
                "fully_booked": "",
                "images": [
                    {
                        "archive_url": "https://raw.githubusercontent.com/infrastructureclub/open-house-london-images/master/images/2026/13808/building_13808_rtp-simondholmes-gb25-7-sml_84e558be4e6e363994a8bdc5ae4d6972.jpeg",
                        "title": "RTP - Credit: Simon D. Holmes"
                    },
                    {
                        "archive_url": "https://raw.githubusercontent.com/infrastructureclub/open-house-london-images/master/images/2026/13808/building_13808_rtp-flags-pborough-sml_36cbc1a1c9905cc0ff561af62a1da14f.jpeg",
                        "title": "RTP - Credit Simon D. Holmes"
                    },
                    {
                        "archive_url": "https://raw.githubusercontent.com/infrastructureclub/open-house-london-images/master/images/2026/13808/building_13808_rtp-simondholmes-gb25-15-sml_38d5a4d1a0cb6b6f958b2b94e358ff88.jpeg",
                        "title": "RTP - Credit Simon D. Holmes"
                    }
                ],
                "name": "Pif-Paf: Right To Play",
                "new_venue_this_year": "Yes",
                "start": "12:00:00",
                "ticketed_events": "No",
                "url": "https://programme.openhouse.org.uk/listings/13808"
            },
            "type": "Feature"
        },
        {
            "geometry": {
                "coordinates": [
                    -0.47577,
                    51.50154
                ],
                "type": "Point"
            },
            "properties": {
                "balloted": "No",
                "description": "Explore Southlands Arts Centre and discover the history and architecture of this Grade II listed Queen Anne-style building. Admire its distinctive red-brick façade, elegant decorative detailing and historic interiors, and learn how this former private residence has evolved into a thriving community arts centre, celebrating Hillingdon's rich architectural and cultural heritage.",
                "end": "16:00:00",
                "fully_booked": "",
                "images": [
                    {
                        "archive_url": "https://raw.githubusercontent.com/infrastructureclub/open-house-london-images/master/images/2026/13809/building_13809_west_drayton_southlands_3_d7911f84a8a0d33e95ea4cb786b7af78.jpg",
                        "title": "Southlands Arts Centre (The front façade of Southlands Art Centre)"
                    }
                ],
                "name": "Southlands Arts Centre",
                "new_venue_this_year": "Yes",
                "start": "10:00:00",
                "ticketed_events": "No",
                "url": "https://programme.openhouse.org.uk/listings/13809"
            },
            "type": "Feature"
        },
        {
            "geometry": {
                "coordinates": [
                    -0.09737,
                    51.37204
                ],
                "type": "Point"
            },
            "properties": {
                "balloted": "No",
                "description": "Be inspired by Croydon's space age buildings and aviation history - from Apollo and Lunar House, to Croydon Airport. Build your own models of familiar buildings redesigned as spacecrafts and transform the town centre into a space station.",
                "end": "17:00:00",
                "fully_booked": "",
                "images": [
                    {
                        "archive_url": "https://raw.githubusercontent.com/infrastructureclub/open-house-london-images/master/images/2026/13810/building_13810_8x1a5101-copy_3a05194c326cc85216fe25935a31ee65.jpg",
                        "title": "Photo credit: In Situ"
                    },
                    {
                        "archive_url": "https://raw.githubusercontent.com/infrastructureclub/open-house-london-images/master/images/2026/13810/building_13810_8x1a5089-copy_5139510f95c8c091d08ad30ad9e8bc16.jpg",
                        "title": "Photo credit: In Situ"
                    },
                    {
                        "archive_url": "https://raw.githubusercontent.com/infrastructureclub/open-house-london-images/master/images/2026/13810/building_13810_in-situ_southend_architecture-workshop_04-copy_ac01207a8ee83b92b53739b5c79c4bbc.jpg",
                        "title": "Photo credit: In Situ"
                    }
                ],
                "name": "In Situ: Croydon Space Station",
                "new_venue_this_year": "Yes",
                "start": "12:00:00",
                "ticketed_events": "No",
                "url": "https://programme.openhouse.org.uk/listings/13810"
            },
            "type": "Feature"
        },
        {
            "geometry": {
                "coordinates": [
                    -0.09727,
                    51.37204
                ],
                "type": "Point"
            },
            "properties": {
                "balloted": "No",
                "description": "As part of the weekend event Build /  Play / Shape Croydon, MATT+FIONA will lead a collaborative cardboard-build activity inspired by landmarks from Croydon's skyline. Visitors of all ages can help create a large scale installation using pre-made silhouette templates and recycled materials, contributing to \"Croydon of the Future, Drawing on the Past\".",
                "end": "17:00:00",
                "fully_booked": "",
                "images": [
                    {
                        "archive_url": "https://raw.githubusercontent.com/infrastructureclub/open-house-london-images/master/images/2026/13811/building_13811_screenshot-2026-07-23-162509_9134cd7ba93b93f468b50efd232af9ff.png",
                        "title": "Luke O'Donovan"
                    }
                ],
                "name": "MATT + FIONA: Croydon Skyline",
                "new_venue_this_year": "Yes",
                "start": "12:00:00",
                "ticketed_events": "No",
                "url": "https://programme.openhouse.org.uk/listings/13811"
            },
            "type": "Feature"
        },
        {
            "geometry": {
                "coordinates": [
                    -0.40786,
                    51.48425
                ],
                "type": "Point"
            },
            "properties": {
                "balloted": "No",
                "description": "Discover the hidden history of Cranford Park at this special open day. Explore the beautifully restored Grade II listed 18th-century stables and the secluded Secret Garden, once the estate's kitchen courtyard. Learn how these surviving buildings reveal life behind the scenes of the lost Cranford House estate and the ongoing conservation of this remarkable historic landscape.",
                "end": "15:00:00",
                "fully_booked": "",
                "images": [
                    {
                        "archive_url": "https://raw.githubusercontent.com/infrastructureclub/open-house-london-images/master/images/2026/13813/building_13813_media_149c0231a093c2481eb811a27f604805.jpg",
                        "title": "Cranford Park - Stables and Secret Garden (Stables)"
                    }
                ],
                "name": "Cranford Park - Stables and Secret Garden",
                "new_venue_this_year": "Yes",
                "start": "11:00:00",
                "ticketed_events": "No",
                "url": "https://programme.openhouse.org.uk/listings/13813"
            },
            "type": "Feature"
        },
        {
            "geometry": {
                "coordinates": [
                    -0.31117,
                    51.5779
                ],
                "type": "Point"
            },
            "properties": {
                "balloted": "No",
                "description": "An architect-designed home exploring modern methods of construction through an exposed cross-laminated timber (CLT) structure. Designed and self-built as a low-energy contemporary home, it showcases how traditional craftsmanship and innovative timber engineering can create sustainable, beautifully crafted living spaces.",
                "end": "15:00:00",
                "fully_booked": "",
                "images": [
                    {
                        "archive_url": "https://raw.githubusercontent.com/infrastructureclub/open-house-london-images/master/images/2026/13817/building_13817_top-floor-studio_d27c4cc44b5dcbc5e1db2224f1f05927.jpeg",
                        "title": "Vaulted Roof"
                    },
                    {
                        "archive_url": "https://raw.githubusercontent.com/infrastructureclub/open-house-london-images/master/images/2026/13817/building_13817_limestone-pre-grouting_971742817582b41f7d34a03d252eb9bb.jpeg",
                        "title": "Limestone"
                    }
                ],
                "name": "Wood House",
                "new_venue_this_year": "Yes",
                "start": "10:00:00",
                "ticketed_events": "No",
                "url": "https://programme.openhouse.org.uk/listings/13817"
            },
            "type": "Feature"
        },
        {
            "geometry": {
                "coordinates": [
                    -0.14195,
                    51.51741
                ],
                "type": "Point"
            },
            "properties": {
                "balloted": "No",
                "description": "Ibraaz is a London-based cultural institution for art, ideas, and dialogue from the Global Majority. Bringing together artists, thinkers, and communities through exhibitions, film, debate, publishing, and multidisciplinary programming, Ibraaz creates a brave space where culture fosters exchange, pluralism, and shared humanity.",
                "end": "12:30:00",
                "fully_booked": "",
                "images": [
                    {
                        "archive_url": "https://raw.githubusercontent.com/infrastructureclub/open-house-london-images/master/images/2026/13822/building_13822_ibraaz-at-93-mortimer-street_2-courtesy-of-ibraaz-photo-vipul-sangoi_3bfed83d3a30711fb8ff567d9584fea1.jpg",
                        "title": "Ibraaz at 93 Mortimer Street_2 (courtesy of Ibraaz; photo Vipul Sangoi)"
                    },
                    {
                        "archive_url": "https://raw.githubusercontent.com/infrastructureclub/open-house-london-images/master/images/2026/13822/building_13822_on_1156d_01_eb703a3414da16f5b1760d66f8947d3b.jpg",
                        "title": "Taring Padi_Rakyat Pasti Menang_Ibraaz (courtesy of the artist and Ibraaz; photo Ollie Hammick)"
                    }
                ],
                "name": "Ibraaz",
                "new_venue_this_year": "Yes",
                "start": "11:30:00",
                "ticketed_events": "No",
                "url": "https://programme.openhouse.org.uk/listings/13822"
            },
            "type": "Feature"
        },
        {
            "geometry": {
                "coordinates": [
                    -0.12245,
                    51.52098
                ],
                "type": "Point"
            },
            "properties": {
                "balloted": "No",
                "description": "Climb a ladder into the roof space above one of London's best-kept secrets and come face to face with Hawksmoor's beautiful ceiling. Explore Teulon's dramatic architecture, uncover tales of radical thinkers, pioneering doctors and inventive writers, and lose yourself in one of the capital's most secret churches. The roof space tour will be bookable on the day and you'll need to sign a disclaimer.",
                "end": "17:00:00",
                "fully_booked": "No",
                "images": [
                    {
                        "archive_url": "https://raw.githubusercontent.com/infrastructureclub/open-house-london-images/master/images/2026/13860/building_13860_church-image-1024x683_e8e0424fb5432632efda6a95b6781b1e.jpg",
                        "title": "SGTM exterior, S Booth"
                    },
                    {
                        "archive_url": "https://raw.githubusercontent.com/infrastructureclub/open-house-london-images/master/images/2026/13860/building_13860_sgtm-ceiling_9e222d54bfb09de7183d70366b2f00e6.jpg",
                        "title": "SGTM ceiling, S Booth"
                    }
                ],
                "name": "Hidden ceilings & 300 years of secrets: SGTM Open Day",
                "new_venue_this_year": "Yes",
                "start": "13:00:00",
                "ticketed_events": "Yes",
                "url": "https://programme.openhouse.org.uk/listings/13860"
            },
            "type": "Feature"
        },
        {
            "geometry": {
                "coordinates": [
                    -0.12729,
                    51.49936
                ],
                "type": "Point"
            },
            "properties": {
                "balloted": "No",
                "description": "Come and enjoy a circular 2-hour walk around Westminster, Whitehall and St James’ and hear about the events of one of the most tumultuous periods in London’s history, spanning the years 1603 (the death of Elizabeth I and arrival of James I), through Civil War, Regicide, Cromwell’s Republic, the Restoration right through to 1714 and the end of the Stuart Dynasty.",
                "end": "13:00:00",
                "fully_booked": "No",
                "images": [
                    {
                        "archive_url": "https://raw.githubusercontent.com/infrastructureclub/open-house-london-images/master/images/2026/13865/building_13865_img_4190_3e0f699305f7dede4f4e7a86be5a69f3.png",
                        "title": "Statue of Oliver Cromwell outside of Westminster Hall - Alastair Mossman"
                    },
                    {
                        "archive_url": "https://raw.githubusercontent.com/infrastructureclub/open-house-london-images/master/images/2026/13865/building_13865_img_2485_b5ce2c35a3a9903ed3d90926226116c7.jpeg",
                        "title": "Head of Charles I. Alastair Mossman"
                    }
                ],
                "name": "Walk through the Stuart Dynasty and Cromwell’s Republic",
                "new_venue_this_year": "Yes",
                "start": "11:00:00",
                "ticketed_events": "Yes",
                "url": "https://programme.openhouse.org.uk/listings/13865"
            },
            "type": "Feature"
        },
        {
            "geometry": {
                "coordinates": [
                    -0.12416,
                    51.513
                ],
                "type": "Point"
            },
            "properties": {
                "balloted": "No",
                "description": "This is a walking tour that delves into the scandalous history of Covent Garden. This tour explores a time when the area served as London’s notorious red-light district, focusing on the lives of those forced into illicit trades or marginalized by the stringent moral laws of the day. The walk will share the stories of those who lived, worked and played in the area in days gone by.",
                "end": "14:30:00",
                "fully_booked": "No",
                "images": [
                    {
                        "archive_url": "https://raw.githubusercontent.com/infrastructureclub/open-house-london-images/master/images/2026/13878/building_13878_img_7979_d8c6330e33fb5ee87fc1d4e01e13111a.jpg",
                        "title": "Covent Garden - the Piazza - one of the stops where we discuss Mother Douglas, Empress of the Bawds"
                    },
                    {
                        "archive_url": "https://raw.githubusercontent.com/infrastructureclub/open-house-london-images/master/images/2026/13878/building_13878_covent-garden_ea893c03d5d3ec7e4e2308f78b134667.jpg",
                        "title": "Photo credited to Nik Cvetovic\r\nCovent Garden"
                    },
                    {
                        "archive_url": "https://raw.githubusercontent.com/infrastructureclub/open-house-london-images/master/images/2026/13878/building_13878_img_7983_7986c4f336acc3439a2e24a531de4b0d.jpg",
                        "title": "St Pauls Church - one of the stops where we discuss Old Tom's Coffee House from the 18th century."
                    },
                    {
                        "archive_url": "https://raw.githubusercontent.com/infrastructureclub/open-house-london-images/master/images/2026/13878/building_13878_img_7996_03401559b9073f0371032839edf2f1b9.jpg",
                        "title": "Bow Street Magistrates Court - court cases\r\nDrury Lane - actresses and scandals incl. Nell Gwynn"
                    },
                    {
                        "archive_url": "https://raw.githubusercontent.com/infrastructureclub/open-house-london-images/master/images/2026/13878/building_13878_img_8016_76a47f23ec1ee616c6db54905db0601d.jpg",
                        "title": "The Savoy Hotel - one of the stops on the walk linked to Oscar Wilde"
                    }
                ],
                "name": "Sex in the City - a tour of Covent Garden's history",
                "new_venue_this_year": "Yes",
                "start": "13:00:00",
                "ticketed_events": "Yes",
                "url": "https://programme.openhouse.org.uk/listings/13878"
            },
            "type": "Feature"
        },
        {
            "geometry": {
                "coordinates": [
                    -0.10031,
                    51.45032
                ],
                "type": "Point"
            },
            "properties": {
                "balloted": "No",
                "description": "Ongéan Ecosystem : \r\nArt Studios, Gallery, Performance Space, Edible Garden & Kitchen. All built and designed with 99% Reclaimed Materials by artist Adam Ge-Saelis.",
                "end": "18:00:00",
                "fully_booked": "",
                "images": [
                    {
                        "archive_url": "https://raw.githubusercontent.com/infrastructureclub/open-house-london-images/master/images/2026/13883/building_13883_img_0955_a4b1cc4fa0bf2cfa67595a38074262c6.jpeg",
                        "title": "Adam Ge-Saelis"
                    },
                    {
                        "archive_url": "https://raw.githubusercontent.com/infrastructureclub/open-house-london-images/master/images/2026/13883/building_13883_img_0958_ea1f11bffe50d35e987b80917e0e7dab.jpeg",
                        "title": "Adam Ge-Saelis"
                    },
                    {
                        "archive_url": "https://raw.githubusercontent.com/infrastructureclub/open-house-london-images/master/images/2026/13883/building_13883_img_0852_545b3a0e1aba532beea6944b5c23913a.jpeg",
                        "title": "Adam Ge-Saelis"
                    }
                ],
                "name": "Ongéan",
                "new_venue_this_year": "Yes",
                "start": "14:00:00",
                "ticketed_events": "No",
                "url": "https://programme.openhouse.org.uk/listings/13883"
            },
            "type": "Feature"
        }
    ],
    "type": "FeatureCollection"
}